OrderID,CustomerID,ProductID,Quantity,OrderDate,PaymentMethod,OrderStatus,TotalAmount,CampaignID
1,10651,276,1,2025-09-09,UPI,Delivered,622.5,24
2,8359,260,5,2024-10-19,Net Banking,Cancelled,2334.7,4
3,173,84,4,2025-05-14,Debit Card,Delivered,28814.4,
4,7616,450,2,2026-01-07,Credit Card,Returned,662.4,
5,13189,415,4,2025-05-20,Credit Card,Cancelled,4392.36,
6,5819,495,4,2026-02-25,Credit Card,Delivered,33529.04,
7,4903,53,3,2025-04-12,Credit Card,Delivered,77047.74,
8,11374,435,4,2026-03-02,Cash on Delivery,Delivered,799.68,9
9,11244,454,4,2024-08-25,Credit Card,Delivered,162076.8,2
10,16550,119,5,2024-12-07,UPI,Delivered,17476.0,10
11,1366,491,2,2026-01-18,Net Banking,Delivered,536.2,
12,13490,450,4,2025-09-09,Debit Card,Delivered,1324.8,24
13,3660,302,2,2026-03-19,Cash on Delivery,Delivered,19055.4,9
14,1865,454,5,2025-11-28,Net Banking,Delivered,202596.0,8
15,10578,113,5,2025-05-29,UPI,Returned,2869.05,
16,2983,78,1,2025-03-10,Cash on Delivery,Returned,10178.68,1
17,17292,240,1,2026-05-17,Net Banking,Delivered,695.52,7
18,11197,392,3,2025-02-08,Debit Card,Delivered,244129.59,25
19,1679,271,4,2026-04-15,Debit Card,Delivered,3619.2,
20,7407,261,4,2025-05-08,UPI,Delivered,5796.4,
21,14638,67,3,2026-02-16,UPI,Delivered,1382.4,
22,19441,235,2,2024-10-19,Credit Card,Delivered,1750.64,4
23,2412,19,4,2026-03-05,Credit Card,Returned,43553.76,9
24,2684,74,4,2026-01-26,Debit Card,Delivered,30417.96,
25,1016,77,1,2024-12-31,Net Banking,Delivered,347.06,
26,16936,3,4,2024-09-23,Net Banking,Delivered,2467.4,
27,2974,431,2,2026-02-23,Cash on Delivery,Delivered,1074.94,
28,988,161,1,2026-07-03,Credit Card,Delivered,4674.52,
29,13929,368,3,2026-04-15,Cash on Delivery,Delivered,2004.0,
30,12941,350,2,2025-03-29,Net Banking,Delivered,74423.6,21
31,18374,231,4,2026-01-13,UPI,Delivered,286035.12,
32,14823,78,5,2024-10-15,Cash on Delivery,Cancelled,50893.4,4
33,15799,420,2,2025-04-09,Cash on Delivery,Delivered,1918.84,
34,8113,154,1,2025-01-06,Cash on Delivery,Delivered,53755.2,
35,4260,394,1,2024-11-26,UPI,Delivered,45165.75,10
36,14209,399,5,2025-04-12,Debit Card,Delivered,611926.05,
37,12716,370,3,2026-06-06,UPI,Delivered,2154.33,13
38,15106,80,4,2024-09-23,Debit Card,Delivered,8766.0,
39,17112,299,5,2024-12-05,Net Banking,Delivered,407684.5,10
40,17947,155,2,2026-04-13,Cash on Delivery,Delivered,19273.98,
41,4209,196,4,2026-05-12,UPI,Cancelled,7559.64,7
42,2890,207,3,2024-10-20,Net Banking,Delivered,1596.3,4
43,12306,57,5,2025-07-01,UPI,Cancelled,23963.85,11
44,16418,308,5,2026-01-04,Credit Card,Delivered,11042.8,
45,16417,200,2,2025-11-09,Cash on Delivery,Delivered,512.4,8
46,6474,472,2,2026-02-14,Credit Card,Cancelled,2967.58,
47,18055,238,2,2025-09-03,Net Banking,Delivered,6998.4,23
48,2244,154,2,2025-03-29,UPI,Delivered,107510.4,21
49,8040,207,4,2024-11-20,Net Banking,Delivered,2128.4,10
50,8515,202,1,2025-11-23,Net Banking,Delivered,3854.76,8
51,1392,124,4,2025-09-20,Net Banking,Delivered,418930.24,12
52,19582,395,1,2026-03-16,Cash on Delivery,Delivered,1201.31,9
53,7663,433,5,2025-11-10,Debit Card,Delivered,3794.4,8
54,4645,10,1,2025-07-30,Cash on Delivery,Delivered,7672.17,
55,7522,321,2,2024-08-15,Debit Card,Delivered,1564.62,18
56,3546,392,5,2024-07-23,Debit Card,Delivered,406882.65,14
57,11583,250,2,2025-07-26,Cash on Delivery,Delivered,1346.8,
58,18651,351,5,2024-10-01,Net Banking,Delivered,3495.8,
59,10927,245,2,2025-03-01,Credit Card,Delivered,3818.38,1
60,1239,282,2,2024-10-05,Debit Card,Delivered,660.0,4
61,19183,447,5,2025-06-05,Credit Card,Delivered,245101.75,
62,11168,491,2,2024-09-04,Net Banking,Delivered,536.2,2
63,16837,405,4,2025-07-05,Credit Card,Delivered,3345.6,3
64,3551,222,3,2024-08-09,Debit Card,Returned,15144.3,18
65,11100,287,2,2025-08-28,UPI,Delivered,131354.6,
66,17180,427,1,2024-12-12,UPI,Delivered,2808.0,
67,13435,96,3,2026-03-25,Debit Card,Returned,4168.26,9
68,8645,464,5,2024-08-23,Net Banking,Delivered,2686.0,2
69,767,112,1,2026-01-20,Cash on Delivery,Delivered,93.98,
70,7655,158,4,2024-08-13,Net Banking,Delivered,2291.04,18
71,10814,341,5,2024-12-27,Net Banking,Cancelled,525803.3,
72,4604,190,3,2026-02-21,Net Banking,Delivered,12629.1,
73,15560,343,5,2024-09-07,UPI,Cancelled,16657.65,2
74,18033,411,2,2024-12-31,Debit Card,Delivered,5698.0,
75,14347,428,4,2025-06-21,UPI,Delivered,170948.96,3
76,4426,443,4,2024-10-09,UPI,Cancelled,114923.4,4
77,5740,370,5,2025-10-24,UPI,Delivered,3590.55,
78,16348,227,3,2025-07-06,Debit Card,Delivered,2198.25,3
79,17470,430,2,2025-11-20,Net Banking,Delivered,21336.82,8
80,912,147,4,2026-03-02,Credit Card,Delivered,1399.08,9
81,19546,483,2,2025-08-30,UPI,Delivered,120346.4,23
82,19886,419,4,2026-01-16,Debit Card,Delivered,136605.44,
83,3194,133,1,2026-02-17,Credit Card,Delivered,2007.92,
84,13546,463,4,2025-11-27,Net Banking,Delivered,2068.56,8
85,12262,367,4,2025-06-21,Cash on Delivery,Delivered,4738.96,3
86,13420,298,4,2025-05-27,Net Banking,Delivered,248048.16,
87,9901,205,5,2026-01-30,UPI,Delivered,163762.2,
88,9639,41,3,2026-03-26,Credit Card,Delivered,10305.36,9
89,1244,449,3,2024-09-28,Net Banking,Cancelled,2470.95,
90,663,292,4,2025-07-25,Credit Card,Delivered,115049.72,
91,4774,496,4,2025-05-02,Cash on Delivery,Delivered,5924.16,
92,10741,322,4,2026-07-11,Credit Card,Cancelled,226397.12,
93,12876,368,5,2025-07-26,Net Banking,Delivered,3340.0,
94,17028,65,2,2026-04-22,UPI,Delivered,988.68,
95,11739,498,3,2026-04-21,Cash on Delivery,Cancelled,2184.48,
96,209,237,4,2025-04-03,Net Banking,Cancelled,692.04,21
97,10302,227,3,2025-08-21,UPI,Delivered,2198.25,20
98,18833,22,5,2025-01-12,Debit Card,Delivered,9176.0,
99,12890,12,4,2025-05-26,Cash on Delivery,Delivered,20592.0,
100,9755,106,3,2024-07-24,UPI,Delivered,17384.82,14
101,2654,148,1,2025-07-29,Debit Card,Delivered,1587.52,
102,4146,268,4,2026-05-20,Debit Card,Delivered,310260.16,7
103,19050,83,5,2026-04-20,Credit Card,Cancelled,5360.5,
104,19940,474,5,2025-08-24,UPI,Delivered,471532.2,20
105,4529,113,4,2026-05-05,Credit Card,Delivered,2295.24,7
106,3603,253,5,2024-11-26,UPI,Delivered,2411.1,10
107,5163,490,4,2024-08-16,Net Banking,Cancelled,3089.36,18
108,12610,411,5,2025-09-12,Credit Card,Delivered,14245.0,24
109,9477,452,5,2025-07-02,Credit Card,Delivered,20592.7,3
110,10021,86,1,2026-04-09,Credit Card,Cancelled,3476.91,
111,18982,21,5,2026-03-07,Net Banking,Delivered,144805.5,9
112,18888,191,4,2024-11-10,Credit Card,Delivered,2347.68,19
113,5617,458,3,2025-07-16,UPI,Delivered,222660.0,3
114,9729,397,3,2025-06-06,UPI,Delivered,4906.98,
115,15424,370,5,2024-11-02,Net Banking,Returned,3590.55,19
116,12673,499,3,2025-11-24,UPI,Delivered,27478.08,8
117,12021,310,1,2025-08-24,Credit Card,Delivered,1162.0,20
118,8822,23,1,2025-08-10,UPI,Delivered,432.16,20
119,10106,186,4,2025-09-14,Net Banking,Cancelled,19398.6,24
120,14609,287,2,2026-03-29,Net Banking,Returned,131354.6,
121,8781,460,3,2025-10-22,Credit Card,Delivered,3256.2,
122,12527,226,4,2026-03-11,Debit Card,Cancelled,8585.44,9
123,8065,171,4,2025-01-30,UPI,Delivered,25147.2,25
124,523,362,3,2025-12-19,Debit Card,Returned,6835.2,
125,4766,488,3,2025-08-11,Cash on Delivery,Cancelled,979.2,20
126,16677,125,2,2025-08-23,Cash on Delivery,Delivered,8870.16,20
127,10812,321,1,2026-01-08,UPI,Returned,782.31,
128,19972,280,1,2025-04-20,UPI,Delivered,681.43,
129,17843,461,3,2024-11-06,Credit Card,Delivered,282404.85,19
130,15043,156,2,2025-12-19,Debit Card,Delivered,59506.8,
131,7257,438,4,2025-04-30,Net Banking,Delivered,1367.84,
132,12500,223,4,2025-11-24,Cash on Delivery,Delivered,297763.68,8
133,17774,389,1,2025-05-22,Cash on Delivery,Returned,2493.96,
134,16604,42,4,2024-12-19,Net Banking,Delivered,291724.2,
135,4636,464,3,2025-02-16,Credit Card,Delivered,1611.6,
136,8517,386,5,2025-04-07,Credit Card,Cancelled,8505.25,
137,18111,189,2,2024-12-29,Credit Card,Delivered,285.6,
138,18838,466,1,2025-07-19,Net Banking,Delivered,335.92,
139,17840,491,4,2025-10-12,Net Banking,Delivered,1072.4,
140,17953,385,2,2026-01-10,UPI,Delivered,1749.8,
141,1614,284,4,2026-06-11,Net Banking,Cancelled,1860.32,13
142,2971,384,2,2026-03-30,Debit Card,Delivered,1345.4,
143,1355,114,2,2024-11-09,Cash on Delivery,Delivered,22607.2,19
144,11162,202,3,2025-05-29,UPI,Delivered,11564.28,
145,17157,490,3,2025-07-04,UPI,Delivered,2317.02,3
146,17721,354,4,2025-06-25,Debit Card,Cancelled,2177.4,3
147,13314,288,5,2025-08-05,Cash on Delivery,Returned,12442.5,20
148,17646,360,1,2025-06-15,Credit Card,Cancelled,1060.76,16
149,6049,302,2,2025-08-11,UPI,Delivered,19055.4,20
150,19597,173,3,2024-09-01,Credit Card,Delivered,371.7,2
151,19291,106,1,2025-10-27,Credit Card,Delivered,5794.94,
152,6944,408,5,2025-05-03,Cash on Delivery,Cancelled,838.35,
153,19194,236,3,2024-07-23,Debit Card,Delivered,8946.0,14
154,16349,231,4,2026-04-11,Net Banking,Delivered,286035.12,
155,13841,75,1,2024-10-28,Debit Card,Cancelled,798.56,
156,4753,394,3,2026-03-17,Cash on Delivery,Cancelled,135497.25,9
157,17314,412,1,2024-08-27,UPI,Delivered,2205.0,2
158,16911,460,5,2024-12-06,UPI,Returned,5427.0,10
159,17925,146,4,2026-02-20,UPI,Delivered,2868.12,
160,11130,140,3,2025-10-18,UPI,Delivered,1558.95,
161,14919,354,4,2025-02-27,Credit Card,Returned,2177.4,1
162,5447,14,4,2026-04-16,UPI,Delivered,4807.6,
163,1619,346,1,2025-11-27,UPI,Returned,582.96,8
164,15585,285,2,2026-04-09,UPI,Delivered,923.0,
165,15784,327,3,2026-01-30,Credit Card,Delivered,19908.72,
166,17255,217,2,2025-07-13,Net Banking,Returned,1449.82,3
167,270,141,1,2025-01-07,UPI,Delivered,382.2,
168,3429,481,4,2026-03-10,UPI,Returned,2457.0,9
169,5033,345,5,2025-12-26,Net Banking,Delivered,21455.5,
170,18068,340,5,2025-09-12,Debit Card,Delivered,418853.6,24
171,534,78,5,2025-07-17,Net Banking,Delivered,50893.4,3
172,11073,181,5,2025-05-15,Debit Card,Delivered,13575.2,
173,18155,140,5,2026-02-13,Debit Card,Delivered,2598.25,
174,10499,183,4,2026-02-28,Debit Card,Delivered,2724.48,9
175,3133,272,5,2025-03-22,UPI,Delivered,7894.95,15
176,13333,439,4,2024-10-28,Cash on Delivery,Delivered,11297.0,
177,14097,69,2,2026-07-17,Credit Card,Delivered,1153.2,
178,9088,196,5,2025-03-03,Credit Card,Delivered,9449.55,1
179,16733,22,4,2024-11-20,Net Banking,Returned,7340.8,10
180,15075,147,3,2026-04-03,Credit Card,Returned,1049.31,
181,17677,79,5,2024-12-11,Credit Card,Delivered,469630.6,
182,5104,49,3,2025-04-13,Net Banking,Delivered,12200.28,
183,4287,345,3,2025-04-24,UPI,Delivered,12873.3,
184,7846,209,1,2025-01-24,Net Banking,Returned,4029.41,
185,14905,157,4,2025-10-19,Credit Card,Delivered,40927.84,
186,22,454,5,2025-09-08,Cash on Delivery,Delivered,202596.0,24
187,3897,489,4,2025-01-21,Cash on Delivery,Delivered,8375.68,
188,17436,213,5,2026-01-27,Cash on Delivery,Delivered,21000.0,
189,12708,487,4,2024-08-23,Cash on Delivery,Cancelled,3789.52,2
190,10289,185,5,2025-10-05,Net Banking,Cancelled,2310.0,12
191,17575,14,2,2025-09-21,Net Banking,Delivered,2403.8,12
192,2523,63,4,2026-05-15,Cash on Delivery,Returned,6153.28,7
193,3672,68,1,2025-09-05,Cash on Delivery,Delivered,561.0,23
194,6782,222,5,2025-05-18,Net Banking,Delivered,25240.5,
195,12112,22,3,2025-03-18,Credit Card,Delivered,5505.6,21
196,9222,138,4,2025-08-01,Credit Card,Delivered,15905.16,
197,10985,482,5,2024-09-19,Net Banking,Returned,208904.5,
198,19204,154,4,2024-09-25,Debit Card,Returned,215020.8,
199,2746,197,1,2024-12-02,UPI,Delivered,3422.5,10
200,889,69,3,2025-11-13,UPI,Delivered,1729.8,8
201,15131,275,5,2025-03-01,Debit Card,Delivered,416147.05,1
202,4560,11,4,2026-04-21,Debit Card,Delivered,484174.8,
203,16516,248,1,2026-07-04,Credit Card,Delivered,890.43,
204,17584,340,1,2025-04-12,Debit Card,Returned,83770.72,
205,1826,65,2,2024-09-29,Debit Card,Delivered,988.68,
206,12043,443,4,2025-04-17,Cash on Delivery,Returned,114923.4,
207,3031,79,1,2025-10-24,Cash on Delivery,Delivered,93926.12,
208,8227,469,3,2026-06-17,Credit Card,Delivered,1529.04,13
209,9000,487,2,2024-08-31,Net Banking,Delivered,1894.76,2
210,17927,79,5,2025-04-29,Credit Card,Cancelled,469630.6,
211,17252,402,4,2024-12-10,UPI,Delivered,4002.0,
212,10795,203,4,2024-11-06,UPI,Delivered,3015.52,19
213,2226,336,2,2024-12-29,Debit Card,Delivered,3398.64,
214,10032,110,5,2026-06-24,UPI,Cancelled,6365.0,17
215,6486,351,5,2026-03-18,Credit Card,Delivered,3495.8,9
216,14125,432,1,2025-02-10,UPI,Returned,1288.98,
217,17202,311,1,2024-12-13,Cash on Delivery,Delivered,234.9,
218,17243,273,4,2025-02-24,UPI,Delivered,47472.0,1
219,14418,175,5,2025-07-19,Cash on Delivery,Delivered,25829.1,
220,18745,336,2,2025-10-09,Credit Card,Delivered,3398.64,12
221,9642,272,2,2025-01-10,Net Banking,Cancelled,3157.98,
222,15519,113,2,2025-04-13,Net Banking,Delivered,1147.62,
223,19487,368,3,2025-07-13,UPI,Delivered,2004.0,3
224,1924,311,5,2025-06-13,Net Banking,Delivered,1174.5,16
225,13896,412,1,2025-03-30,UPI,Delivered,2205.0,21
226,19907,130,2,2025-10-23,UPI,Delivered,1660.0,
227,11442,212,4,2025-01-27,Credit Card,Delivered,1185.6,
228,13941,118,1,2024-11-25,Net Banking,Delivered,6545.76,10
229,13772,399,1,2024-10-28,Net Banking,Delivered,122385.21,
230,16733,182,1,2025-12-21,Cash on Delivery,Delivered,1060.76,
231,5614,462,5,2024-09-09,Cash on Delivery,Delivered,2260.6,2
232,2350,231,4,2025-05-16,Credit Card,Delivered,286035.12,
233,5976,165,3,2024-10-13,UPI,Delivered,801.09,4
234,11711,316,5,2025-07-27,Net Banking,Delivered,56483.7,
235,1107,499,3,2026-02-22,Debit Card,Delivered,27478.08,
236,6596,483,5,2024-11-02,Credit Card,Delivered,300866.0,19
237,5162,442,2,2026-07-04,Net Banking,Delivered,681.36,
238,5069,465,2,2024-12-17,Debit Card,Delivered,691.6,
239,4809,350,5,2026-03-20,Cash on Delivery,Delivered,186059.0,9
240,19419,81,4,2024-09-10,Credit Card,Delivered,1367.28,2
241,2768,401,4,2024-09-17,Debit Card,Delivered,1918.08,
242,18618,262,4,2026-07-07,Net Banking,Delivered,1415.04,
243,7061,37,2,2025-07-27,Cash on Delivery,Delivered,8124.3,
244,1834,479,2,2025-12-21,Credit Card,Returned,17456.4,
245,18071,30,1,2025-10-19,UPI,Delivered,6719.25,
246,6910,434,2,2025-01-06,Net Banking,Delivered,1297.2,
247,16894,497,4,2025-01-04,UPI,Delivered,39666.88,
248,302,144,1,2025-08-16,Debit Card,Delivered,4556.8,20
249,3955,122,4,2025-02-04,Credit Card,Delivered,55560.96,25
250,9767,435,4,2026-04-01,UPI,Delivered,799.68,
251,11810,354,2,2025-03-17,Cash on Delivery,Delivered,1088.7,15
252,11146,346,2,2026-02-20,Cash on Delivery,Delivered,1165.92,
253,1164,226,5,2026-05-01,Cash on Delivery,Delivered,10731.8,7
254,13217,6,3,2024-11-27,Debit Card,Cancelled,15907.5,10
255,4480,194,3,2026-05-02,UPI,Delivered,6631.2,7
256,3041,496,2,2024-10-14,Credit Card,Returned,2962.08,4
257,12917,116,3,2025-05-20,Cash on Delivery,Cancelled,5656.8,
258,8822,8,2,2024-08-05,Debit Card,Delivered,92351.24,14
259,2512,108,4,2026-02-16,Net Banking,Delivered,2400.64,
260,75,158,2,2024-09-12,Credit Card,Delivered,1145.52,2
261,8681,427,2,2025-03-25,Net Banking,Delivered,5616.0,15
262,7147,274,5,2025-03-10,UPI,Delivered,15162.75,1
263,14846,255,1,2025-06-02,Credit Card,Delivered,820.76,
264,18001,457,4,2026-02-08,Debit Card,Delivered,15233.4,
265,18957,305,2,2026-01-26,Cash on Delivery,Delivered,173769.92,
266,12384,29,1,2024-07-17,Debit Card,Delivered,131805.52,
267,4064,335,2,2024-11-20,Cash on Delivery,Delivered,3783.24,10
268,10439,203,5,2026-07-15,Credit Card,Delivered,3769.4,
269,958,311,2,2025-06-28,Net Banking,Delivered,469.8,11
270,16725,338,1,2025-10-13,Cash on Delivery,Delivered,222.74,
271,18874,476,1,2025-04-11,Credit Card,Returned,2629.75,
272,16796,446,1,2024-11-03,Cash on Delivery,Delivered,486.68,19
273,1820,263,5,2025-09-30,Cash on Delivery,Delivered,8433.0,12
274,18981,473,4,2026-06-04,Debit Card,Delivered,148971.72,13
275,3553,479,5,2026-01-19,UPI,Delivered,43641.0,
276,9012,94,1,2025-04-30,UPI,Delivered,524.0,
277,2350,224,4,2025-08-30,Cash on Delivery,Delivered,7427.16,23
278,16775,21,2,2026-01-10,Debit Card,Delivered,57922.2,
279,4637,148,5,2025-12-28,UPI,Delivered,7937.6,
280,11597,75,1,2025-10-21,Net Banking,Delivered,798.56,
281,12963,185,4,2026-05-04,UPI,Delivered,1848.0,7
282,9688,167,1,2026-05-30,Net Banking,Delivered,1711.85,13
283,2082,15,4,2024-10-22,Credit Card,Delivered,3302.88,4
284,5165,228,4,2024-08-09,Credit Card,Delivered,43712.64,14
285,3241,294,3,2026-06-05,UPI,Delivered,1267.92,13
286,8608,286,5,2026-03-14,Cash on Delivery,Cancelled,355799.2,9
287,8447,158,4,2025-01-13,Credit Card,Cancelled,2291.04,
288,9110,456,3,2026-04-16,Credit Card,Returned,2893.38,
289,9736,444,4,2026-07-10,Net Banking,Returned,12093.12,
290,14803,213,5,2024-07-21,Net Banking,Delivered,21000.0,14
291,16865,393,4,2025-10-13,Credit Card,Delivered,1149.12,
292,16508,301,2,2025-11-13,UPI,Returned,3622.3,8
293,12451,393,1,2026-04-04,Cash on Delivery,Delivered,287.28,
294,16534,155,1,2024-08-15,Net Banking,Returned,9636.99,18
295,10470,52,2,2026-01-09,Credit Card,Cancelled,11740.48,
296,1539,421,5,2026-06-12,Cash on Delivery,Delivered,42085.0,13
297,19939,137,2,2025-01-05,Debit Card,Delivered,1409.88,
298,19857,93,1,2025-01-22,Debit Card,Delivered,4250.99,
299,3525,268,4,2024-08-19,Cash on Delivery,Delivered,310260.16,18
300,5541,111,4,2025-11-24,Credit Card,Delivered,274684.64,8
301,6475,334,2,2025-09-01,Net Banking,Cancelled,1489.2,23
302,4409,22,3,2024-10-27,Net Banking,Delivered,5505.6,
303,12031,178,2,2026-06-08,Cash on Delivery,Returned,1536.8,13
304,2746,461,1,2025-03-14,Debit Card,Delivered,94134.95,21
305,19011,72,1,2024-12-23,Credit Card,Delivered,2210.4,
306,5072,89,1,2024-07-25,UPI,Delivered,105695.12,14
307,2167,125,3,2025-06-03,Net Banking,Delivered,13305.24,
308,9029,304,3,2025-04-01,UPI,Delivered,298282.14,21
309,12108,269,1,2026-07-15,UPI,Delivered,166.53,
310,4211,123,1,2026-03-15,UPI,Returned,1530.9,9
311,3345,485,4,2025-10-01,Credit Card,Delivered,1198.4,12
312,6626,59,3,2025-09-04,Net Banking,Delivered,2445.96,23
313,1155,15,4,2026-03-04,UPI,Delivered,3302.88,9
314,17802,138,4,2025-10-11,Debit Card,Delivered,15905.16,
315,12803,275,1,2026-04-23,Debit Card,Delivered,83229.41,
316,12851,399,3,2026-03-31,Debit Card,Delivered,367155.63,
317,18698,166,3,2026-02-05,Net Banking,Delivered,12706.92,
318,3794,223,2,2024-08-05,Cash on Delivery,Cancelled,148881.84,14
319,7046,127,3,2025-02-02,Credit Card,Delivered,336874.86,25
320,14292,222,4,2025-08-19,Debit Card,Delivered,20192.4,20
321,15779,354,3,2025-01-08,Cash on Delivery,Delivered,1633.05,
322,12032,30,5,2025-02-24,Cash on Delivery,Delivered,33596.25,1
323,632,237,5,2024-09-14,Net Banking,Delivered,865.05,
324,16455,427,4,2024-08-28,Debit Card,Delivered,11232.0,2
325,13650,173,5,2025-12-11,Cash on Delivery,Delivered,619.5,22
326,16248,316,4,2025-08-27,Debit Card,Delivered,45186.96,20
327,10088,100,2,2026-02-24,UPI,Delivered,905.28,
328,12067,464,1,2025-12-07,Credit Card,Delivered,537.2,22
329,6498,368,5,2025-07-13,Cash on Delivery,Returned,3340.0,3
330,11209,344,5,2025-03-21,Debit Card,Returned,877.2,15
331,10910,153,5,2025-04-07,Net Banking,Returned,169942.5,
332,13674,249,5,2025-01-06,Debit Card,Delivered,20605.0,
333,11312,163,4,2025-08-01,Credit Card,Delivered,23491.44,
334,12903,278,2,2024-08-27,Debit Card,Delivered,8726.32,2
335,17745,71,5,2026-02-28,Cash on Delivery,Delivered,2490.75,9
336,18725,431,5,2025-05-02,UPI,Returned,2687.35,
337,5824,165,2,2025-06-19,Credit Card,Delivered,534.06,16
338,6796,65,3,2025-08-03,Credit Card,Delivered,1483.02,
339,9587,432,2,2025-11-20,Debit Card,Delivered,2577.96,8
340,8860,448,1,2026-02-08,UPI,Delivered,693.67,
341,377,241,5,2024-07-18,Cash on Delivery,Delivered,3112.5,
342,19624,148,3,2026-01-12,Credit Card,Delivered,4762.56,
343,10719,294,5,2025-07-03,Cash on Delivery,Delivered,2113.2,11
344,310,54,5,2024-08-13,Net Banking,Returned,6375.0,18
345,3208,87,2,2026-03-22,Debit Card,Delivered,23326.26,9
346,12045,131,3,2025-04-01,Net Banking,Cancelled,5484.9,21
347,6502,59,1,2025-06-01,Cash on Delivery,Cancelled,815.32,
348,16962,355,5,2024-07-27,Debit Card,Delivered,1736.0,14
349,3300,139,4,2025-11-06,UPI,Delivered,8690.88,8
350,13312,289,1,2024-11-14,Credit Card,Delivered,1438.3,19
351,10137,308,2,2025-08-09,UPI,Cancelled,4417.12,20
352,15112,418,5,2026-01-07,Cash on Delivery,Returned,64496.25,
353,1386,475,5,2025-09-02,UPI,Delivered,26846.4,23
354,4578,468,2,2025-06-12,Net Banking,Delivered,223509.04,16
355,4562,85,4,2024-08-29,Cash on Delivery,Returned,3906.0,2
356,10466,313,4,2025-03-29,Debit Card,Delivered,222874.0,21
357,3624,327,2,2024-10-03,Credit Card,Delivered,13272.48,
358,19590,12,5,2026-03-05,Debit Card,Delivered,25740.0,9
359,14442,306,3,2026-07-12,Net Banking,Delivered,1234.2,
360,14096,486,1,2024-11-15,Net Banking,Delivered,3742.83,19
361,11165,183,3,2025-01-05,Cash on Delivery,Delivered,2043.36,
362,5014,355,4,2025-02-09,UPI,Delivered,1388.8,25
363,14750,128,4,2024-12-22,UPI,Delivered,2658.24,
364,5441,231,5,2025-11-19,Debit Card,Delivered,357543.9,8
365,4897,201,1,2024-12-03,Debit Card,Delivered,6033.36,10
366,6782,391,4,2026-01-03,UPI,Delivered,596.16,
367,13236,286,3,2025-12-31,UPI,Returned,213479.52,
368,6360,134,2,2026-04-24,UPI,Delivered,5789.52,
369,11087,184,2,2025-01-31,UPI,Returned,5893.8,25
370,9483,121,1,2026-03-29,Net Banking,Cancelled,295.4,
371,2326,218,1,2024-08-16,Debit Card,Delivered,30738.96,18
372,3706,11,3,2024-07-27,Net Banking,Delivered,363131.1,14
373,12587,174,1,2025-10-30,UPI,Cancelled,16485.72,
374,3442,342,2,2026-02-27,Net Banking,Delivered,1214.4,
375,5420,180,4,2026-07-03,Net Banking,Returned,338361.12,
376,13554,378,3,2024-08-13,UPI,Delivered,6854.7,18
377,2697,64,3,2026-03-21,UPI,Delivered,7109.4,9
378,7573,38,3,2024-09-13,UPI,Delivered,278081.58,
379,3495,40,3,2024-10-12,Cash on Delivery,Delivered,4489.2,4
380,11950,92,3,2024-07-23,Debit Card,Delivered,5191.2,14
381,1204,243,2,2025-02-10,Cash on Delivery,Delivered,1452.0,
382,3477,450,4,2024-10-10,Credit Card,Delivered,1324.8,4
383,1291,421,2,2025-11-28,Cash on Delivery,Returned,16834.0,8
384,749,380,1,2024-10-03,UPI,Delivered,4465.8,
385,1231,389,4,2025-09-18,Debit Card,Cancelled,9975.84,12
386,2654,400,2,2025-10-20,Debit Card,Returned,2340.0,
387,9940,278,2,2025-12-04,Credit Card,Delivered,8726.32,22
388,6799,10,5,2024-07-23,Debit Card,Cancelled,38360.85,14
389,3352,146,3,2026-06-28,Cash on Delivery,Delivered,2151.09,17
390,2616,131,5,2026-01-17,UPI,Delivered,9141.5,
391,6565,369,2,2025-02-03,Net Banking,Delivered,3781.2,25
392,3599,153,5,2024-08-13,Cash on Delivery,Delivered,169942.5,18
393,10224,106,2,2026-04-12,Debit Card,Delivered,11589.88,
394,7036,163,5,2025-03-28,Credit Card,Delivered,29364.3,15
395,12926,83,5,2025-09-01,Cash on Delivery,Delivered,5360.5,23
396,7342,447,5,2026-03-17,Net Banking,Delivered,245101.75,9
397,2311,135,4,2025-06-19,Cash on Delivery,Delivered,275463.52,6
398,8753,411,4,2026-07-10,Net Banking,Delivered,11396.0,
399,2032,470,4,2025-09-20,Cash on Delivery,Delivered,10366.4,12
400,16696,403,5,2026-02-10,Credit Card,Delivered,9277.05,
401,10337,261,4,2025-03-09,Net Banking,Returned,5796.4,1
402,11406,69,1,2025-02-06,Net Banking,Delivered,576.6,25
403,866,311,3,2026-03-06,Net Banking,Cancelled,704.7,9
404,7371,46,3,2024-11-13,UPI,Delivered,173770.2,19
405,15387,175,1,2026-04-07,Debit Card,Delivered,5165.82,
406,9112,387,4,2026-04-10,Credit Card,Delivered,28567.32,
407,1828,213,4,2026-06-16,Net Banking,Delivered,16800.0,13
408,15068,461,1,2026-04-28,Credit Card,Delivered,94134.95,
409,10485,54,1,2025-03-29,Net Banking,Delivered,1275.0,21
410,10017,287,5,2025-03-05,Debit Card,Delivered,328386.5,1
411,15672,144,3,2024-10-09,Net Banking,Delivered,13670.4,4
412,9649,101,4,2024-08-03,Credit Card,Delivered,21033.04,14
413,10699,41,3,2025-10-24,Debit Card,Cancelled,10305.36,
414,8904,8,4,2025-05-09,Cash on Delivery,Returned,184702.48,
415,14631,478,4,2025-11-04,Debit Card,Delivered,9477.2,
416,7558,32,1,2024-11-10,Cash on Delivery,Delivered,302.84,19
417,4618,71,5,2025-04-24,Cash on Delivery,Delivered,2490.75,
418,15975,412,2,2024-12-15,Credit Card,Delivered,4410.0,
419,6312,311,2,2025-05-08,Cash on Delivery,Delivered,469.8,
420,245,276,1,2025-10-19,UPI,Delivered,622.5,
421,16588,458,3,2026-03-27,Net Banking,Delivered,222660.0,9
422,15264,77,3,2025-05-03,Cash on Delivery,Cancelled,1041.18,
423,16316,331,4,2025-10-06,UPI,Delivered,107429.76,12
424,11489,142,3,2026-06-28,Debit Card,Delivered,7523.76,17
425,18236,393,5,2024-11-28,Net Banking,Delivered,1436.4,10
426,13904,161,3,2026-04-11,UPI,Cancelled,14023.56,
427,4751,309,4,2025-03-02,Debit Card,Delivered,146136.32,1
428,17036,247,5,2025-06-27,Debit Card,Delivered,2773.8,3
429,15289,465,2,2026-05-26,Net Banking,Delivered,691.6,7
430,14570,112,1,2024-11-11,Debit Card,Delivered,93.98,19
431,13856,150,3,2026-05-23,Credit Card,Delivered,29182.2,7
432,15844,52,2,2024-10-01,Credit Card,Cancelled,11740.48,
433,4246,136,4,2025-11-02,Cash on Delivery,Cancelled,397918.4,
434,15553,429,2,2025-03-21,UPI,Delivered,222569.86,15
435,7088,494,4,2024-12-17,Credit Card,Delivered,260032.96,
436,8414,191,5,2025-07-13,Net Banking,Delivered,2934.6,3
437,6479,473,3,2026-05-24,Credit Card,Delivered,111728.79,7
438,19148,149,4,2025-10-13,UPI,Delivered,12439.44,
439,16351,273,5,2024-10-23,UPI,Cancelled,59340.0,4
440,720,297,3,2025-10-22,Cash on Delivery,Delivered,1077.84,
441,3342,212,5,2025-04-24,Debit Card,Delivered,1482.0,
442,12023,401,2,2024-10-02,Credit Card,Cancelled,959.04,
443,4099,33,5,2026-07-01,UPI,Returned,19288.8,
444,17019,306,1,2025-11-16,Debit Card,Delivered,411.4,8
445,4260,66,3,2025-10-25,Net Banking,Delivered,1922.1,
446,11218,220,1,2024-12-29,Net Banking,Returned,1853.85,
447,14678,134,5,2025-02-03,Net Banking,Delivered,14473.8,25
448,19182,264,1,2025-09-12,Credit Card,Delivered,751.2,24
449,919,448,2,2025-12-02,UPI,Delivered,1387.34,
450,19343,276,4,2025-05-15,Credit Card,Delivered,2490.0,
451,2680,105,4,2024-12-07,Debit Card,Delivered,931.92,10
452,710,240,5,2025-08-26,Net Banking,Delivered,3477.6,20
453,13345,378,2,2025-04-06,Cash on Delivery,Delivered,4569.8,
454,7678,471,4,2025-09-19,UPI,Delivered,1977.36,12
455,16374,366,5,2024-11-09,Cash on Delivery,Delivered,226018.95,19
456,10140,175,4,2024-09-08,Credit Card,Delivered,20663.28,2
457,11913,17,1,2026-05-19,Cash on Delivery,Delivered,32739.3,7
458,6151,360,5,2026-04-07,Net Banking,Delivered,5303.8,
459,13789,434,3,2026-05-13,Debit Card,Delivered,1945.8,5
460,5885,42,4,2025-04-25,Net Banking,Delivered,291724.2,
461,7369,58,5,2024-11-27,Cash on Delivery,Delivered,15983.4,10
462,6156,213,4,2025-07-11,Cash on Delivery,Delivered,16800.0,3
463,16022,327,1,2025-05-18,Debit Card,Delivered,6636.24,
464,15464,197,2,2026-06-27,Cash on Delivery,Delivered,6845.0,13
465,7420,492,2,2025-02-06,Net Banking,Cancelled,3199.6,25
466,15508,290,2,2025-10-28,UPI,Cancelled,2783.3,
467,4523,307,4,2025-06-08,Debit Card,Delivered,9876.6,
468,6469,441,4,2024-12-10,Cash on Delivery,Delivered,18379.52,
469,2917,321,2,2025-10-22,Net Banking,Returned,1564.62,
470,6541,444,5,2024-08-18,Net Banking,Delivered,15116.4,18
471,158,413,3,2025-09-18,Credit Card,Cancelled,1365.12,12
472,13596,349,3,2025-08-15,Cash on Delivery,Delivered,11836.41,20
473,5977,272,3,2024-08-16,UPI,Delivered,4736.97,18
474,4030,163,3,2025-04-25,UPI,Delivered,17618.58,
475,5053,303,5,2026-04-08,UPI,Delivered,38694.6,
476,12603,50,2,2025-04-07,UPI,Delivered,23254.4,
477,13332,462,3,2026-05-30,Net Banking,Delivered,1356.36,13
478,4535,370,3,2026-03-21,Cash on Delivery,Delivered,2154.33,9
479,11994,300,5,2025-02-01,Cash on Delivery,Cancelled,2098.25,25
480,13028,377,3,2026-03-25,Credit Card,Delivered,1039.2,9
481,240,379,1,2025-02-27,Net Banking,Delivered,475.09,1
482,19303,105,2,2025-05-22,Cash on Delivery,Delivered,465.96,
483,8177,106,3,2025-09-22,Net Banking,Returned,17384.82,12
484,11847,445,5,2026-04-23,Cash on Delivery,Delivered,17301.6,
485,18881,384,2,2025-05-09,Credit Card,Returned,1345.4,
486,19222,136,1,2026-06-09,Net Banking,Delivered,99479.6,13
487,7487,211,1,2026-02-03,Cash on Delivery,Delivered,122325.14,
488,18457,361,2,2025-10-16,Cash on Delivery,Delivered,13106.94,
489,19842,38,5,2024-08-01,Debit Card,Delivered,463469.3,14
490,1586,221,2,2024-10-18,Credit Card,Delivered,2839.2,4
491,10067,313,5,2024-09-07,Net Banking,Cancelled,278592.5,2
492,6212,43,3,2024-11-26,Cash on Delivery,Delivered,101697.66,10
493,18543,361,2,2025-11-07,Net Banking,Cancelled,13106.94,8
494,10184,459,5,2026-03-25,Credit Card,Delivered,5564.85,9
495,2408,85,5,2024-10-12,Cash on Delivery,Delivered,4882.5,4
496,10411,306,3,2025-09-27,Debit Card,Delivered,1234.2,12
497,5578,348,5,2025-05-20,Net Banking,Cancelled,292101.25,
498,4720,409,5,2024-08-29,UPI,Delivered,8946.0,2
499,12100,156,5,2024-08-22,Credit Card,Delivered,148767.0,18
500,12162,395,1,2025-06-17,UPI,Delivered,1201.31,16
501,10441,444,4,2024-11-15,Net Banking,Delivered,12093.12,19
502,18503,18,4,2025-06-04,Debit Card,Returned,2191.44,
503,11825,313,2,2025-08-29,Credit Card,Delivered,111437.0,23
504,5229,170,4,2025-11-22,Net Banking,Delivered,2226.0,8
505,7523,141,5,2025-09-25,Cash on Delivery,Delivered,1911.0,12
506,16028,297,5,2025-01-25,Credit Card,Delivered,1796.4,
507,5011,447,4,2026-06-02,UPI,Delivered,196081.4,13
508,14193,302,5,2025-07-11,Net Banking,Cancelled,47638.5,3
509,6122,309,4,2025-03-31,Net Banking,Delivered,146136.32,21
510,18742,93,1,2026-07-14,Cash on Delivery,Delivered,4250.99,
511,5013,170,2,2026-04-26,Cash on Delivery,Returned,1113.0,
512,9736,405,3,2024-12-30,UPI,Cancelled,2509.2,
513,6459,246,4,2025-09-30,UPI,Delivered,178182.48,12
514,7518,483,2,2025-12-12,Net Banking,Returned,120346.4,22
515,16229,444,1,2024-09-30,UPI,Delivered,3023.28,
516,4941,131,4,2025-08-21,Credit Card,Delivered,7313.2,20
517,13076,244,2,2025-05-22,Credit Card,Delivered,7172.64,
518,15298,431,1,2026-06-08,Debit Card,Delivered,537.47,13
519,11382,293,4,2026-07-10,UPI,Delivered,3955.52,
520,4123,123,1,2025-11-15,Debit Card,Delivered,1530.9,8
521,14054,379,2,2026-05-04,Credit Card,Returned,950.18,7
522,13497,352,4,2025-09-21,Net Banking,Delivered,60505.32,12
523,5518,467,1,2025-04-30,Cash on Delivery,Delivered,2015.9,
524,18226,344,1,2024-09-05,Cash on Delivery,Delivered,175.44,2
525,17882,414,5,2025-12-06,Credit Card,Delivered,11555.75,22
526,16595,69,3,2025-07-22,UPI,Delivered,1729.8,
527,12732,312,5,2025-05-26,Debit Card,Returned,11207.35,
528,12164,107,1,2024-10-04,Credit Card,Delivered,478.88,4
529,13215,100,2,2025-05-30,Credit Card,Delivered,905.28,
530,8401,47,3,2026-05-05,Credit Card,Delivered,166846.68,7
531,19831,111,5,2026-02-18,UPI,Delivered,343355.8,
532,7569,17,1,2025-12-07,Credit Card,Delivered,32739.3,22
533,13923,391,5,2026-07-10,Credit Card,Delivered,745.2,
534,9540,389,1,2025-11-12,Cash on Delivery,Delivered,2493.96,8
535,7288,149,2,2026-07-09,Debit Card,Cancelled,6219.72,
536,6939,428,2,2025-04-04,UPI,Returned,85474.48,
537,7977,254,1,2025-10-15,Net Banking,Delivered,200.76,
538,7539,204,4,2026-03-18,Credit Card,Cancelled,7564.32,9
539,2406,151,2,2025-02-27,Cash on Delivery,Delivered,132760.6,1
540,11471,396,1,2024-08-02,Net Banking,Delivered,56546.16,14
541,16212,88,5,2026-04-24,Debit Card,Delivered,1638.3,
542,10348,252,4,2026-01-26,Credit Card,Delivered,13872.0,
543,15266,125,3,2025-03-21,Debit Card,Delivered,13305.24,21
544,9501,228,1,2025-02-16,Debit Card,Delivered,10928.16,
545,18331,86,4,2026-01-02,UPI,Delivered,13907.64,
546,13347,274,3,2026-01-08,Net Banking,Returned,9097.65,
547,5003,7,1,2025-10-11,Debit Card,Delivered,7789.32,
548,9376,42,1,2026-01-06,Cash on Delivery,Returned,72931.05,
549,15079,237,3,2024-10-22,Credit Card,Delivered,519.03,4
550,6643,355,4,2025-07-27,Net Banking,Delivered,1388.8,
551,15615,239,5,2025-09-20,Net Banking,Delivered,19162.65,12
552,2640,114,2,2024-07-22,Cash on Delivery,Delivered,22607.2,14
553,5959,393,2,2024-12-12,Debit Card,Delivered,574.56,
554,1777,244,4,2025-01-09,UPI,Returned,14345.28,
555,18735,241,3,2026-03-02,Debit Card,Delivered,1867.5,9
556,17316,478,1,2025-06-26,Net Banking,Delivered,2369.3,3
557,9186,186,2,2026-07-07,Net Banking,Delivered,9699.3,
558,9423,100,2,2025-09-11,UPI,Cancelled,905.28,24
559,1470,262,4,2024-09-28,Net Banking,Cancelled,1415.04,
560,3584,113,3,2024-08-23,UPI,Delivered,1721.43,2
561,6407,34,1,2026-02-05,Cash on Delivery,Delivered,1220.67,
562,17026,362,4,2025-05-07,Net Banking,Delivered,9113.6,
563,3525,107,5,2025-03-06,Cash on Delivery,Delivered,2394.4,1
564,11896,414,2,2025-01-14,Debit Card,Delivered,4622.3,
565,3770,180,1,2026-04-17,Net Banking,Delivered,84590.28,
566,17335,459,2,2024-12-09,Debit Card,Delivered,2225.94,10
567,8973,447,5,2026-06-23,Debit Card,Cancelled,245101.75,17
568,9778,390,4,2025-06-11,Debit Card,Delivered,4189.68,16
569,4514,397,1,2025-10-06,Debit Card,Delivered,1635.66,12
570,18164,228,2,2024-11-28,Credit Card,Delivered,21856.32,10
571,1022,56,4,2026-02-21,UPI,Returned,2892.24,
572,12131,183,1,2024-12-08,Credit Card,Returned,681.12,10
573,10302,419,5,2025-01-12,UPI,Delivered,170756.8,
574,14869,480,2,2025-12-22,Net Banking,Delivered,143394.3,
575,11565,27,1,2025-11-07,Debit Card,Delivered,5503.08,8
576,1511,340,5,2025-11-08,Credit Card,Delivered,418853.6,8
577,3123,3,1,2024-12-24,Cash on Delivery,Delivered,616.85,
578,1591,419,1,2025-09-10,UPI,Cancelled,34151.36,24
579,4454,255,3,2025-08-16,UPI,Cancelled,2462.28,20
580,527,274,5,2025-03-09,Net Banking,Delivered,15162.75,1
581,15286,8,2,2024-12-22,Credit Card,Delivered,92351.24,
582,17565,209,4,2026-06-11,Cash on Delivery,Delivered,16117.64,13
583,8467,40,4,2025-09-27,Net Banking,Cancelled,5985.6,12
584,3873,173,4,2025-06-09,Debit Card,Returned,495.6,
585,1849,498,1,2025-09-08,Cash on Delivery,Delivered,728.16,24
586,11305,148,1,2024-07-31,UPI,Delivered,1587.52,14
587,3472,428,2,2024-07-23,Net Banking,Returned,85474.48,14
588,12990,393,3,2025-01-04,Credit Card,Delivered,861.84,
589,10303,132,2,2026-04-04,Credit Card,Delivered,2858.52,
590,8152,310,1,2025-08-05,Cash on Delivery,Delivered,1162.0,20
591,3758,67,2,2025-08-21,Debit Card,Delivered,921.6,20
592,16881,349,5,2026-03-01,Net Banking,Delivered,19727.35,9
593,19850,500,4,2025-09-10,Credit Card,Cancelled,35507.4,24
594,14451,2,2,2024-08-19,Cash on Delivery,Cancelled,42564.6,18
595,19553,142,5,2025-10-31,UPI,Returned,12539.6,
596,17712,63,3,2026-05-27,UPI,Delivered,4614.96,7
597,6467,53,4,2025-06-23,Net Banking,Delivered,102730.32,11
598,1227,11,2,2025-08-06,Cash on Delivery,Delivered,242087.4,20
599,1352,79,2,2025-02-10,Net Banking,Cancelled,187852.24,
600,16137,468,1,2025-05-24,Cash on Delivery,Delivered,111754.52,
601,18970,34,4,2025-06-27,UPI,Returned,4882.68,11
602,18334,109,4,2025-12-16,Net Banking,Cancelled,293346.24,
603,142,287,1,2024-09-08,Net Banking,Delivered,65677.3,2
604,5006,444,1,2024-08-08,Cash on Delivery,Delivered,3023.28,18
605,3536,293,3,2025-07-28,Net Banking,Delivered,2966.64,
606,8336,129,3,2025-03-17,Cash on Delivery,Delivered,287293.32,15
607,8323,495,2,2026-01-05,Cash on Delivery,Delivered,16764.52,
608,6976,427,4,2024-10-08,Credit Card,Delivered,11232.0,4
609,2935,363,2,2025-11-12,Cash on Delivery,Delivered,909.42,8
610,8183,340,2,2025-09-24,Cash on Delivery,Cancelled,167541.44,12
611,16817,74,5,2026-01-10,Cash on Delivery,Delivered,38022.45,
612,1736,459,1,2024-10-18,Credit Card,Delivered,1112.97,4
613,15834,393,4,2026-02-03,Credit Card,Delivered,1149.12,
614,7575,380,5,2025-11-02,Net Banking,Cancelled,22329.0,
615,10732,146,2,2024-11-07,Cash on Delivery,Delivered,1434.06,19
616,12550,287,4,2026-07-06,Net Banking,Delivered,262709.2,
617,1691,241,1,2024-10-18,Cash on Delivery,Delivered,622.5,4
618,11012,130,3,2025-07-19,Credit Card,Cancelled,2490.0,
619,18136,202,4,2025-01-27,Net Banking,Delivered,15419.04,
620,17204,278,2,2026-05-25,Cash on Delivery,Delivered,8726.32,7
621,10441,136,4,2026-01-31,Debit Card,Delivered,397918.4,
622,18123,12,3,2025-11-29,Credit Card,Returned,15444.0,8
623,13318,236,2,2026-01-22,Cash on Delivery,Cancelled,5964.0,
624,11555,62,3,2025-07-13,UPI,Delivered,7048.8,3
625,5489,167,2,2024-12-13,UPI,Returned,3423.7,
626,1503,431,2,2025-10-08,Credit Card,Delivered,1074.94,12
627,376,129,1,2025-04-24,UPI,Delivered,95764.44,
628,1855,101,4,2025-11-19,Net Banking,Delivered,21033.04,8
629,10225,498,3,2025-01-30,UPI,Delivered,2184.48,25
630,5081,271,5,2025-12-30,Cash on Delivery,Returned,4524.0,
631,4078,221,5,2026-04-08,Credit Card,Cancelled,7098.0,
632,2320,270,1,2024-08-06,Credit Card,Delivered,367.2,14
633,15867,433,2,2026-01-04,Debit Card,Returned,1517.76,
634,12414,18,5,2025-01-02,UPI,Delivered,2739.3,
635,514,81,4,2024-08-03,UPI,Delivered,1367.28,14
636,3073,422,2,2026-05-17,Net Banking,Delivered,6200.34,7
637,8883,57,3,2024-08-03,Debit Card,Cancelled,14378.31,14
638,2938,491,4,2025-02-19,Net Banking,Delivered,1072.4,
639,1901,458,5,2025-08-15,Debit Card,Delivered,371100.0,20
640,3592,21,5,2026-06-17,UPI,Delivered,144805.5,17
641,6939,400,4,2025-09-17,Debit Card,Returned,4680.0,12
642,757,239,3,2025-12-19,Cash on Delivery,Delivered,11497.59,
643,238,292,4,2025-11-16,Net Banking,Delivered,115049.72,8
644,5167,369,5,2024-10-13,Debit Card,Cancelled,9453.0,4
645,2265,397,5,2025-09-01,Credit Card,Delivered,8178.3,23
646,2872,492,4,2025-03-15,UPI,Delivered,6399.2,1
647,19817,283,5,2024-12-14,Credit Card,Delivered,8786.7,
648,8094,356,4,2025-12-28,Net Banking,Delivered,2133.12,
649,5653,234,5,2025-07-31,Debit Card,Cancelled,3389.85,
650,6629,165,5,2025-01-17,Net Banking,Delivered,1335.15,
651,8652,86,2,2025-08-26,Net Banking,Delivered,6953.82,20
652,5992,146,1,2024-10-02,Cash on Delivery,Delivered,717.03,
653,18222,418,3,2025-02-15,UPI,Cancelled,38697.75,
654,10520,81,1,2024-10-23,Cash on Delivery,Cancelled,341.82,4
655,8640,102,1,2024-08-04,Net Banking,Delivered,2382.1,14
656,4074,477,1,2026-03-30,Cash on Delivery,Delivered,461.02,
657,4101,315,4,2025-05-15,UPI,Delivered,21823.4,
658,3067,64,4,2025-11-08,Net Banking,Delivered,9479.2,8
659,11231,362,2,2026-02-05,Debit Card,Delivered,4556.8,
660,5493,187,3,2024-08-21,Credit Card,Returned,72398.55,2
661,14931,490,1,2025-02-03,Net Banking,Delivered,772.34,25
662,6758,225,3,2024-07-20,Credit Card,Returned,5958.0,14
663,6027,1,3,2025-10-23,Debit Card,Delivered,2534.61,
664,11152,231,3,2025-04-25,Credit Card,Cancelled,214526.34,
665,9211,114,2,2024-08-03,Debit Card,Delivered,22607.2,14
666,19049,430,4,2024-07-27,Debit Card,Delivered,42673.64,14
667,19910,422,5,2024-10-16,Cash on Delivery,Cancelled,15500.85,4
668,14001,432,5,2026-07-05,Credit Card,Delivered,6444.9,
669,2092,478,1,2026-06-16,Debit Card,Returned,2369.3,17
670,7394,158,2,2025-03-05,Cash on Delivery,Delivered,1145.52,1
671,9264,374,2,2025-12-25,Net Banking,Delivered,1253.88,
672,14576,132,3,2025-06-01,Cash on Delivery,Delivered,4287.78,
673,19602,248,5,2025-02-10,Net Banking,Delivered,4452.15,
674,13237,444,1,2026-01-12,Net Banking,Delivered,3023.28,
675,720,327,1,2024-09-20,UPI,Delivered,6636.24,
676,12611,149,4,2025-06-22,Debit Card,Delivered,12439.44,3
677,8160,384,5,2024-12-28,Net Banking,Delivered,3363.5,
678,4027,416,1,2024-09-24,UPI,Delivered,872.32,
679,7678,384,1,2025-12-15,Credit Card,Delivered,672.7,
680,2935,90,3,2025-03-13,Debit Card,Returned,39222.48,1
681,1464,47,1,2025-05-04,Cash on Delivery,Delivered,55615.56,
682,7923,310,1,2026-05-10,Net Banking,Delivered,1162.0,7
683,10666,43,1,2026-06-27,Debit Card,Delivered,33899.22,17
684,2459,208,4,2024-07-19,Net Banking,Delivered,2912.64,
685,16825,238,1,2025-07-01,Credit Card,Delivered,3499.2,11
686,915,390,1,2026-06-12,UPI,Returned,1047.42,13
687,3834,331,3,2025-07-29,Credit Card,Returned,80572.32,
688,5865,443,1,2026-06-20,UPI,Delivered,28730.85,17
689,10484,222,2,2026-07-07,Cash on Delivery,Delivered,10096.2,
690,8858,155,4,2024-12-13,Cash on Delivery,Delivered,38547.96,
691,12729,425,2,2025-02-08,Net Banking,Delivered,498.64,25
692,8256,68,1,2025-04-19,Cash on Delivery,Cancelled,561.0,
693,4295,266,5,2024-12-22,Net Banking,Delivered,17849.65,
694,10667,105,1,2025-11-07,Cash on Delivery,Delivered,232.98,8
695,15582,349,4,2024-12-08,Credit Card,Delivered,15781.88,10
696,6251,460,5,2025-11-17,UPI,Delivered,5427.0,8
697,8242,268,3,2025-04-19,UPI,Delivered,232695.12,
698,19870,205,5,2026-04-18,UPI,Delivered,163762.2,
699,17021,367,3,2025-01-25,Net Banking,Delivered,3554.22,
700,1376,354,1,2025-07-25,Debit Card,Delivered,544.35,
701,5486,171,3,2026-06-19,Net Banking,Delivered,18860.4,13
702,5594,336,1,2026-01-10,Cash on Delivery,Delivered,1699.32,
703,17317,279,3,2025-07-26,Cash on Delivery,Cancelled,172.26,
704,4366,222,1,2025-12-22,Net Banking,Delivered,5048.1,
705,3553,127,2,2025-11-10,UPI,Delivered,224583.24,8
706,17184,80,3,2026-01-03,Debit Card,Delivered,6574.5,
707,10788,344,1,2025-07-26,UPI,Returned,175.44,
708,9355,331,4,2025-07-18,Cash on Delivery,Delivered,107429.76,
709,1815,114,1,2024-10-17,Debit Card,Delivered,11303.6,4
710,13532,65,5,2024-09-08,Cash on Delivery,Delivered,2471.7,2
711,17917,338,2,2025-03-19,Credit Card,Delivered,445.48,15
712,9725,436,3,2025-04-07,Debit Card,Delivered,31484.25,
713,9851,304,2,2025-05-03,Credit Card,Delivered,198854.76,
714,8427,444,5,2025-04-18,Credit Card,Delivered,15116.4,
715,14455,173,2,2024-08-14,UPI,Delivered,247.8,18
716,11102,108,3,2025-03-02,Credit Card,Delivered,1800.48,1
717,17594,99,2,2026-03-08,Debit Card,Returned,5519.12,9
718,1752,153,2,2025-10-07,Credit Card,Delivered,67977.0,12
719,5059,126,2,2025-02-12,Net Banking,Delivered,3984.06,
720,1121,296,2,2024-09-11,Credit Card,Delivered,493.02,2
721,11737,327,4,2025-12-11,Net Banking,Delivered,26544.96,22
722,2838,225,3,2026-07-16,Net Banking,Delivered,5958.0,
723,12129,233,3,2024-12-09,Net Banking,Delivered,111300.18,10
724,18411,317,1,2025-04-07,Cash on Delivery,Returned,3435.52,
725,3546,175,1,2025-07-28,UPI,Delivered,5165.82,
726,9876,264,4,2026-03-20,Cash on Delivery,Delivered,3004.8,9
727,6739,312,5,2025-02-11,Net Banking,Delivered,11207.35,
728,21,193,4,2025-04-19,Net Banking,Returned,170248.0,
729,7950,429,3,2025-06-11,Debit Card,Delivered,333854.79,16
730,8481,42,2,2025-05-02,Debit Card,Delivered,145862.1,
731,6261,48,2,2026-03-17,Debit Card,Cancelled,344.96,9
732,7405,332,5,2025-04-22,Debit Card,Delivered,13027.5,
733,17646,240,4,2025-06-16,UPI,Delivered,2782.08,16
734,12997,366,1,2026-04-16,Cash on Delivery,Delivered,45203.79,
735,12981,332,2,2025-11-14,Credit Card,Delivered,5211.0,8
736,9352,246,1,2026-06-01,Credit Card,Delivered,44545.62,13
737,18984,478,2,2025-12-29,Net Banking,Delivered,4738.6,
738,12853,340,1,2026-05-25,Net Banking,Delivered,83770.72,7
739,15899,401,3,2025-08-06,UPI,Delivered,1438.56,20
740,7695,85,2,2025-03-16,Debit Card,Delivered,1953.0,15
741,13358,57,1,2026-05-10,Net Banking,Delivered,4792.77,7
742,5747,287,4,2025-09-02,Cash on Delivery,Delivered,262709.2,23
743,1642,208,3,2026-01-13,Net Banking,Delivered,2184.48,
744,12990,138,4,2026-05-02,Credit Card,Delivered,15905.16,7
745,14481,99,2,2025-11-16,UPI,Delivered,5519.12,8
746,13829,169,3,2024-12-18,Credit Card,Delivered,7788.48,
747,6557,392,1,2026-05-21,Credit Card,Cancelled,81376.53,7
748,1468,313,2,2024-12-16,Credit Card,Delivered,111437.0,
749,886,302,4,2025-04-15,Cash on Delivery,Delivered,38110.8,
750,18539,402,4,2026-06-15,Credit Card,Returned,4002.0,13
751,16901,58,4,2024-09-19,UPI,Delivered,12786.72,
752,2081,484,2,2025-11-03,Cash on Delivery,Delivered,218277.7,
753,1813,15,1,2026-01-06,UPI,Cancelled,825.72,
754,6006,80,3,2024-08-08,UPI,Delivered,6574.5,14
755,19374,443,1,2024-10-27,Credit Card,Delivered,28730.85,
756,7830,377,5,2024-07-23,Debit Card,Delivered,1732.0,14
757,13626,345,5,2025-01-28,Cash on Delivery,Delivered,21455.5,
758,4599,403,3,2024-11-20,Net Banking,Cancelled,5566.23,10
759,7190,402,5,2026-05-31,Cash on Delivery,Delivered,5002.5,13
760,18351,132,4,2024-11-05,Debit Card,Delivered,5717.04,19
761,8897,141,5,2025-05-19,Cash on Delivery,Delivered,1911.0,
762,18099,159,4,2025-06-04,UPI,Delivered,693.88,
763,19645,293,1,2024-10-12,Credit Card,Delivered,988.88,4
764,14184,457,5,2024-11-25,Credit Card,Returned,19041.75,10
765,10468,32,3,2025-08-11,Debit Card,Delivered,908.52,20
766,1893,125,2,2025-01-01,UPI,Delivered,8870.16,
767,3738,404,5,2026-07-11,Debit Card,Delivered,273023.4,
768,11301,429,2,2024-09-04,Credit Card,Delivered,222569.86,2
769,4023,1,2,2025-09-19,Credit Card,Delivered,1689.74,12
770,7345,240,1,2025-07-05,UPI,Delivered,695.52,3
771,11878,64,2,2024-11-15,Cash on Delivery,Delivered,4739.6,19
772,6607,391,4,2025-07-08,UPI,Delivered,596.16,3
773,12721,349,1,2026-01-02,Credit Card,Delivered,3945.47,
774,1664,54,1,2026-06-11,Cash on Delivery,Delivered,1275.0,13
775,3515,124,5,2024-09-23,Net Banking,Delivered,523662.8,
776,18345,8,1,2025-08-20,Credit Card,Delivered,46175.62,20
777,3311,49,4,2025-01-23,Debit Card,Delivered,16267.04,
778,10067,209,1,2025-11-01,UPI,Delivered,4029.41,
779,5234,399,3,2026-04-23,Debit Card,Delivered,367155.63,
780,14642,79,5,2024-08-14,Credit Card,Delivered,469630.6,18
781,9729,286,5,2024-12-19,Net Banking,Delivered,355799.2,
782,14784,113,4,2025-02-06,Credit Card,Delivered,2295.24,25
783,10769,196,1,2025-03-16,Debit Card,Delivered,1889.91,15
784,6516,133,5,2026-06-29,Net Banking,Delivered,10039.6,
785,18633,112,3,2025-08-07,Credit Card,Cancelled,281.94,20
786,5906,166,2,2024-12-29,UPI,Delivered,8471.28,
787,18925,425,2,2024-09-15,Debit Card,Delivered,498.64,
788,11243,373,2,2025-06-20,Net Banking,Delivered,110702.28,6
789,372,404,2,2025-10-26,UPI,Delivered,109209.36,
790,10875,73,5,2025-11-16,Net Banking,Delivered,174866.7,8
791,11821,301,2,2025-04-18,Credit Card,Delivered,3622.3,
792,10758,276,2,2026-06-27,Net Banking,Delivered,1245.0,17
793,3772,226,5,2026-02-06,Net Banking,Delivered,10731.8,
794,8109,457,4,2026-03-28,Debit Card,Returned,15233.4,9
795,19462,212,5,2025-12-12,UPI,Delivered,1482.0,22
796,8265,333,5,2026-03-22,UPI,Delivered,33888.4,9
797,15813,465,2,2025-02-05,UPI,Delivered,691.6,25
798,16160,121,4,2026-06-17,Debit Card,Delivered,1181.6,13
799,1326,32,5,2026-07-13,Debit Card,Delivered,1514.2,
800,8506,410,3,2025-09-04,Credit Card,Delivered,4857.45,23
801,5767,454,3,2026-02-17,UPI,Delivered,121557.6,
802,6616,338,2,2025-01-25,Cash on Delivery,Returned,445.48,
803,1499,193,5,2025-06-26,Net Banking,Returned,212810.0,3
804,8044,462,3,2026-01-04,Credit Card,Delivered,1356.36,
805,9203,206,2,2024-10-05,Credit Card,Cancelled,4568.72,4
806,7730,332,1,2025-08-24,Cash on Delivery,Delivered,2605.5,20
807,10521,320,2,2025-04-08,Cash on Delivery,Delivered,3402.16,
808,6445,211,1,2025-12-21,Cash on Delivery,Returned,122325.14,
809,3225,321,5,2025-01-30,Debit Card,Delivered,3911.55,25
810,15378,454,2,2025-03-16,Cash on Delivery,Delivered,81038.4,21
811,14006,144,2,2025-02-22,Cash on Delivery,Delivered,9113.6,
812,3597,206,2,2026-05-14,UPI,Delivered,4568.72,7
813,14025,346,1,2025-07-03,UPI,Delivered,582.96,3
814,19443,21,1,2024-09-08,Net Banking,Delivered,28961.1,2
815,8389,245,5,2024-11-01,Debit Card,Delivered,9545.95,19
816,9326,314,3,2026-05-21,Debit Card,Delivered,7487.1,7
817,411,166,3,2025-07-17,Cash on Delivery,Cancelled,12706.92,3
818,17583,412,1,2025-07-15,Credit Card,Delivered,2205.0,3
819,2801,124,1,2026-04-09,Cash on Delivery,Cancelled,104732.56,
820,14696,87,1,2024-08-11,Credit Card,Delivered,11663.13,18
821,10356,374,1,2025-09-26,Cash on Delivery,Returned,626.94,12
822,17389,206,5,2025-01-06,Cash on Delivery,Delivered,11421.8,
823,7818,239,2,2024-07-23,Credit Card,Delivered,7665.06,14
824,7429,38,5,2024-08-09,Debit Card,Delivered,463469.3,14
825,16795,215,2,2024-09-01,UPI,Delivered,8470.28,2
826,16697,457,5,2026-05-14,Cash on Delivery,Delivered,19041.75,7
827,3898,438,4,2024-10-14,Cash on Delivery,Delivered,1367.84,4
828,14545,279,2,2026-01-01,Debit Card,Delivered,114.84,
829,11043,206,2,2025-10-08,Net Banking,Delivered,4568.72,12
830,18593,235,2,2025-03-06,Debit Card,Delivered,1750.64,1
831,4586,266,4,2026-07-12,Credit Card,Delivered,14279.72,
832,19083,98,3,2025-07-05,Debit Card,Delivered,114127.2,3
833,14154,347,1,2024-09-24,Debit Card,Cancelled,1917.3,
834,19337,285,4,2025-05-27,Credit Card,Delivered,1846.0,
835,4025,422,3,2026-04-28,Debit Card,Delivered,9300.51,
836,14692,302,4,2026-02-08,Credit Card,Cancelled,38110.8,
837,13473,355,3,2024-11-26,Cash on Delivery,Delivered,1041.6,10
838,10835,243,4,2024-11-10,Cash on Delivery,Delivered,2904.0,19
839,8986,245,4,2025-01-31,UPI,Delivered,7636.76,25
840,10686,328,5,2026-02-10,Cash on Delivery,Delivered,11420.5,
841,18549,22,3,2024-08-22,Net Banking,Delivered,5505.6,2
842,9725,307,4,2025-12-30,Credit Card,Delivered,9876.6,
843,4637,190,2,2026-03-28,Net Banking,Delivered,8419.4,9
844,11334,86,4,2025-12-10,Cash on Delivery,Delivered,13907.64,22
845,17924,344,3,2024-07-22,Net Banking,Delivered,526.32,14
846,4314,41,4,2026-04-21,Net Banking,Delivered,13740.48,
847,10722,325,1,2026-01-03,Cash on Delivery,Delivered,2993.96,
848,11829,67,2,2025-04-15,Net Banking,Delivered,921.6,
849,3177,415,2,2024-08-27,Cash on Delivery,Cancelled,2196.18,2
850,18206,391,1,2024-12-26,UPI,Cancelled,149.04,
851,7555,355,1,2026-07-13,UPI,Delivered,347.2,
852,13651,284,4,2025-11-07,Debit Card,Returned,1860.32,8
853,7384,458,1,2026-05-16,Credit Card,Delivered,74220.0,7
854,12159,273,2,2026-02-26,Debit Card,Returned,23736.0,
855,15022,478,4,2025-05-12,Cash on Delivery,Returned,9477.2,
856,758,429,1,2025-02-23,UPI,Returned,111284.93,
857,10034,221,5,2024-11-17,UPI,Delivered,7098.0,19
858,6924,491,5,2025-05-08,Debit Card,Returned,1340.5,
859,14431,301,5,2024-08-06,Debit Card,Delivered,9055.75,14
860,2958,11,3,2025-01-07,Debit Card,Delivered,363131.1,
861,288,118,1,2025-05-21,Credit Card,Delivered,6545.76,
862,4976,258,2,2025-12-04,Credit Card,Delivered,2272.64,22
863,15798,105,1,2025-03-30,Net Banking,Delivered,232.98,21
864,6169,221,2,2026-01-10,Cash on Delivery,Delivered,2839.2,
865,11180,365,1,2025-03-25,Net Banking,Delivered,1714.44,21
866,16176,496,5,2026-04-15,Debit Card,Delivered,7405.2,
867,2591,92,1,2026-06-22,Cash on Delivery,Delivered,1730.4,17
868,19377,409,4,2024-09-20,Net Banking,Returned,7156.8,
869,18374,404,2,2026-02-17,Credit Card,Delivered,109209.36,
870,3823,209,4,2026-02-07,Debit Card,Delivered,16117.64,
871,19517,239,4,2026-02-01,Net Banking,Delivered,15330.12,
872,3063,201,5,2025-12-02,Debit Card,Returned,30166.8,
873,5738,67,4,2026-01-17,Credit Card,Cancelled,1843.2,
874,4879,19,5,2024-10-02,Net Banking,Returned,54442.2,
875,6759,332,3,2025-08-05,Debit Card,Cancelled,7816.5,20
876,12135,76,1,2024-11-21,UPI,Returned,1948.32,10
877,16196,46,5,2024-11-07,Net Banking,Delivered,289617.0,19
878,3808,74,3,2025-12-23,Cash on Delivery,Delivered,22813.47,
879,14357,374,5,2026-03-14,Net Banking,Delivered,3134.7,9
880,15609,143,4,2024-09-20,Credit Card,Delivered,563.56,
881,3643,281,4,2026-07-04,Cash on Delivery,Cancelled,5087.76,
882,11536,127,3,2025-06-22,Net Banking,Delivered,336874.86,11
883,17358,112,4,2025-03-12,Net Banking,Delivered,375.92,1
884,5905,317,2,2024-08-12,Net Banking,Returned,6871.04,14
885,9471,482,1,2025-05-18,Credit Card,Delivered,41780.9,
886,6037,413,1,2026-05-23,Debit Card,Delivered,455.04,7
887,17892,94,4,2025-12-18,Debit Card,Delivered,2096.0,
888,11346,391,4,2025-04-17,Net Banking,Delivered,596.16,
889,13241,34,1,2024-11-27,Credit Card,Returned,1220.67,10
890,13085,495,2,2025-06-20,UPI,Cancelled,16764.52,6
891,13680,432,3,2024-08-30,Cash on Delivery,Delivered,3866.94,2
892,14380,350,5,2024-10-17,Net Banking,Delivered,186059.0,4
893,18920,389,3,2025-02-20,UPI,Delivered,7481.88,
894,15153,331,2,2024-11-30,Debit Card,Delivered,53714.88,10
895,18785,246,5,2025-08-19,UPI,Delivered,222728.1,20
896,3508,197,2,2025-06-03,UPI,Delivered,6845.0,
897,9681,98,1,2024-07-26,Debit Card,Delivered,38042.4,14
898,225,264,1,2025-11-02,Debit Card,Returned,751.2,
899,9166,87,2,2024-12-27,Debit Card,Delivered,23326.26,
900,12343,317,3,2025-02-11,UPI,Delivered,10306.56,
901,16447,161,2,2026-04-27,Debit Card,Delivered,9349.04,
902,7176,400,5,2025-09-30,Credit Card,Delivered,5850.0,12
903,19464,32,1,2024-12-23,UPI,Returned,302.84,
904,7676,385,4,2024-08-26,Cash on Delivery,Delivered,3499.6,2
905,10033,252,1,2025-07-14,Debit Card,Delivered,3468.0,3
906,3230,391,1,2024-09-25,Credit Card,Delivered,149.04,
907,14112,291,1,2026-04-07,Debit Card,Delivered,5333.9,
908,3521,431,5,2025-12-16,Credit Card,Returned,2687.35,
909,1557,82,2,2024-09-29,Debit Card,Delivered,7817.58,
910,18733,336,2,2025-09-29,Cash on Delivery,Delivered,3398.64,12
911,7129,161,3,2024-11-05,Credit Card,Cancelled,14023.56,19
912,1949,344,1,2025-05-22,Net Banking,Delivered,175.44,
913,12119,311,4,2024-09-12,Net Banking,Delivered,939.6,2
914,16469,39,3,2025-11-01,Cash on Delivery,Cancelled,2152.08,
915,3397,18,4,2026-04-09,Debit Card,Delivered,2191.44,
916,10738,476,2,2025-08-24,Net Banking,Delivered,5259.5,20
917,15291,95,4,2025-05-31,UPI,Delivered,1846.64,
918,14053,350,2,2025-07-11,Debit Card,Delivered,74423.6,3
919,18803,323,2,2025-01-08,Credit Card,Delivered,1057.9,
920,17739,417,1,2025-06-06,Net Banking,Cancelled,978.75,
921,5692,332,5,2025-09-04,Credit Card,Delivered,13027.5,23
922,561,97,1,2025-10-09,Net Banking,Delivered,992.75,12
923,17728,25,1,2026-05-08,Debit Card,Delivered,156.63,5
924,12367,247,3,2024-12-05,Debit Card,Delivered,1664.28,10
925,964,135,1,2024-11-21,Cash on Delivery,Delivered,68865.88,10
926,17895,211,1,2025-02-01,Credit Card,Cancelled,122325.14,25
927,9081,336,1,2025-08-19,Net Banking,Delivered,1699.32,20
928,15689,295,1,2024-09-11,Cash on Delivery,Returned,8970.64,2
929,17406,40,3,2025-09-20,UPI,Delivered,4489.2,12
930,10488,340,4,2024-10-22,UPI,Delivered,335082.88,4
931,7129,268,2,2025-09-26,UPI,Delivered,155130.08,12
932,18200,248,2,2025-06-29,UPI,Delivered,1780.86,3
933,16673,138,5,2026-07-12,Cash on Delivery,Cancelled,19881.45,
934,12641,229,1,2024-09-04,Net Banking,Returned,435.6,2
935,4657,150,4,2025-02-20,Credit Card,Delivered,38909.6,
936,15826,426,4,2024-07-22,UPI,Delivered,92403.52,14
937,8348,186,4,2026-01-03,Credit Card,Delivered,19398.6,
938,17182,330,5,2024-11-05,Cash on Delivery,Delivered,16320.7,19
939,19939,363,3,2025-02-05,Net Banking,Delivered,1364.13,25
940,4646,6,1,2025-03-28,Debit Card,Delivered,5302.5,15
941,9577,243,4,2026-05-30,Cash on Delivery,Delivered,2904.0,13
942,16809,384,1,2024-10-27,Net Banking,Delivered,672.7,
943,6441,78,5,2024-09-15,Debit Card,Delivered,50893.4,
944,17528,315,4,2026-02-20,Net Banking,Delivered,21823.4,
945,15899,480,5,2025-07-04,Credit Card,Returned,358485.75,3
946,11374,165,1,2025-01-16,Cash on Delivery,Cancelled,267.03,
947,5834,332,1,2024-08-28,UPI,Delivered,2605.5,2
948,16433,31,4,2025-12-27,Credit Card,Delivered,4303.0,
949,11736,176,3,2026-06-29,Credit Card,Delivered,1677.54,
950,12346,108,2,2025-02-27,Credit Card,Delivered,1200.32,1
951,13706,145,1,2026-03-10,Credit Card,Cancelled,4722.34,9
952,13250,474,1,2025-05-28,Net Banking,Delivered,94306.44,
953,1106,473,3,2026-04-20,Debit Card,Cancelled,111728.79,
954,2231,94,5,2025-10-31,Credit Card,Delivered,2620.0,
955,4858,368,3,2024-09-22,Cash on Delivery,Cancelled,2004.0,
956,10633,378,5,2024-08-22,UPI,Delivered,11424.5,18
957,16583,214,2,2025-11-09,UPI,Delivered,2439.5,8
958,15976,427,2,2026-02-04,Net Banking,Delivered,5616.0,
959,18728,128,4,2025-08-16,UPI,Returned,2658.24,20
960,4698,142,3,2024-08-11,UPI,Delivered,7523.76,18
961,13638,11,5,2025-10-05,Net Banking,Delivered,605218.5,12
962,1522,481,4,2026-02-07,UPI,Delivered,2457.0,
963,10832,49,3,2026-04-23,Debit Card,Delivered,12200.28,
964,2376,382,5,2025-08-06,Credit Card,Delivered,25408.35,20
965,14690,387,3,2026-02-21,Net Banking,Cancelled,21425.49,
966,2697,378,4,2026-07-11,UPI,Delivered,9139.6,
967,12744,235,1,2026-07-05,Net Banking,Delivered,875.32,
968,14590,216,4,2025-07-08,UPI,Delivered,5287.36,3
969,5939,338,3,2025-03-07,Debit Card,Delivered,668.22,1
970,2120,494,5,2024-10-26,Net Banking,Delivered,325041.2,
971,13065,408,3,2026-05-21,Net Banking,Delivered,503.01,7
972,16919,303,1,2025-07-16,Cash on Delivery,Returned,7738.92,3
973,11509,145,3,2025-03-16,UPI,Cancelled,14167.02,15
974,5599,354,3,2026-07-03,Debit Card,Delivered,1633.05,
975,506,85,3,2025-12-14,UPI,Delivered,2929.5,
976,5570,174,5,2025-02-18,Cash on Delivery,Delivered,82428.6,
977,14306,241,3,2024-07-19,Cash on Delivery,Delivered,1867.5,
978,17056,480,2,2026-06-29,Debit Card,Delivered,143394.3,
979,19528,89,2,2025-07-30,Net Banking,Delivered,211390.24,
980,17806,469,4,2026-04-18,Credit Card,Delivered,2038.72,
981,18671,422,5,2025-02-05,UPI,Delivered,15500.85,25
982,5938,431,1,2025-05-30,Net Banking,Cancelled,537.47,
983,12865,493,5,2025-04-18,Cash on Delivery,Returned,3405.5,
984,13246,467,5,2026-07-01,UPI,Delivered,10079.5,
985,18152,400,2,2025-10-17,Cash on Delivery,Delivered,2340.0,
986,15944,326,1,2025-01-27,UPI,Delivered,95.4,
987,18071,434,2,2026-06-08,UPI,Delivered,1297.2,13
988,19935,253,3,2025-05-11,Cash on Delivery,Delivered,1446.66,
989,17240,30,1,2026-01-26,Net Banking,Delivered,6719.25,
990,3585,385,1,2025-06-19,Debit Card,Delivered,874.9,16
991,18617,61,3,2025-05-18,Cash on Delivery,Delivered,3904.56,
992,15741,239,5,2025-06-10,Net Banking,Delivered,19162.65,16
993,18504,322,4,2024-08-03,Cash on Delivery,Delivered,226397.12,14
994,7165,171,4,2024-09-14,Credit Card,Delivered,25147.2,
995,5197,36,5,2024-08-24,Credit Card,Delivered,214014.5,18
996,19571,162,1,2024-11-07,Cash on Delivery,Delivered,2593.47,19
997,6471,59,1,2025-04-20,UPI,Delivered,815.32,
998,3516,347,1,2025-07-13,Debit Card,Returned,1917.3,3
999,15147,138,5,2026-01-02,Credit Card,Delivered,19881.45,
1000,3899,304,4,2026-07-06,Cash on Delivery,Delivered,397709.52,
1001,4405,408,1,2025-06-28,Cash on Delivery,Returned,167.67,3
1002,8590,51,5,2026-03-10,Debit Card,Cancelled,2156.7,9
1003,9149,423,5,2024-08-31,Credit Card,Returned,18976.65,2
1004,15393,344,2,2024-09-10,Net Banking,Delivered,350.88,2
1005,7709,250,4,2025-05-28,Cash on Delivery,Delivered,2693.6,
1006,17578,143,4,2024-12-14,UPI,Delivered,563.56,
1007,1991,83,5,2026-06-23,Net Banking,Delivered,5360.5,17
1008,8776,274,2,2026-05-19,Credit Card,Returned,6065.1,7
1009,8723,491,2,2026-01-03,Credit Card,Delivered,536.2,
1010,7128,189,5,2026-06-04,Credit Card,Delivered,714.0,13
1011,13195,194,2,2026-05-17,Debit Card,Delivered,4420.8,7
1012,8030,41,4,2025-05-08,Debit Card,Delivered,13740.48,
1013,126,225,4,2025-07-22,Credit Card,Cancelled,7944.0,
1014,18326,143,1,2025-05-11,Debit Card,Delivered,140.89,
1015,363,65,3,2026-01-26,UPI,Delivered,1483.02,
1016,8565,293,5,2025-11-04,Cash on Delivery,Cancelled,4944.4,
1017,13395,493,2,2025-05-12,UPI,Delivered,1362.2,
1018,404,382,5,2025-06-09,Net Banking,Delivered,25408.35,
1019,17132,458,4,2025-04-29,Net Banking,Delivered,296880.0,
1020,3236,129,4,2025-05-23,Net Banking,Returned,383057.76,
1021,7087,88,5,2025-08-12,Net Banking,Delivered,1638.3,20
1022,16214,489,2,2025-10-24,UPI,Returned,4187.84,
1023,510,321,3,2025-01-10,Cash on Delivery,Delivered,2346.93,
1024,12753,287,5,2025-11-17,Net Banking,Delivered,328386.5,8
1025,1084,472,1,2026-01-08,UPI,Delivered,1483.79,
1026,14165,196,4,2026-03-01,Credit Card,Delivered,7559.64,9
1027,13507,347,5,2026-04-06,Debit Card,Delivered,9586.5,
1028,13630,266,5,2026-05-17,Cash on Delivery,Returned,17849.65,7
1029,14492,247,4,2025-01-25,Debit Card,Cancelled,2219.04,
1030,8106,101,3,2025-01-15,Cash on Delivery,Delivered,15774.78,
1031,7890,64,4,2025-04-25,Net Banking,Delivered,9479.2,
1032,8427,247,4,2025-04-26,UPI,Cancelled,2219.04,
1033,3192,158,3,2025-10-09,UPI,Delivered,1718.28,12
1034,17875,243,2,2025-08-16,Cash on Delivery,Delivered,1452.0,20
1035,7057,335,3,2025-05-23,UPI,Delivered,5674.86,
1036,6153,369,2,2026-05-22,Cash on Delivery,Returned,3781.2,7
1037,5223,447,1,2025-09-26,UPI,Delivered,49020.35,12
1038,18026,336,2,2024-09-23,UPI,Delivered,3398.64,
1039,6671,198,1,2025-10-26,UPI,Delivered,83097.98,
1040,8342,302,5,2025-10-23,Credit Card,Delivered,47638.5,
1041,7659,359,2,2025-08-30,Debit Card,Returned,8166.4,23
1042,19386,436,3,2025-10-27,Cash on Delivery,Delivered,31484.25,
1043,7673,83,2,2025-11-14,Debit Card,Delivered,2144.2,8
1044,17192,298,4,2026-01-11,UPI,Delivered,248048.16,
1045,15740,98,1,2025-06-14,Net Banking,Returned,38042.4,16
1046,17524,489,3,2025-01-18,Credit Card,Cancelled,6281.76,
1047,1700,452,4,2026-04-28,UPI,Delivered,16474.16,
1048,15390,349,5,2024-08-24,Credit Card,Delivered,19727.35,2
1049,4833,29,3,2026-06-18,Net Banking,Returned,395416.56,17
1050,11125,64,1,2025-03-17,Net Banking,Delivered,2369.8,15
1051,11602,361,2,2024-09-17,Debit Card,Delivered,13106.94,
1052,13585,255,3,2025-04-19,Net Banking,Delivered,2462.28,
1053,5512,398,4,2025-02-11,UPI,Delivered,2744.56,
1054,4008,490,2,2025-07-04,Debit Card,Delivered,1544.68,3
1055,2613,95,3,2024-11-28,UPI,Delivered,1384.98,10
1056,19264,303,5,2026-01-10,Credit Card,Delivered,38694.6,
1057,11998,448,5,2025-04-06,Cash on Delivery,Returned,3468.35,
1058,471,357,1,2025-07-30,Cash on Delivery,Delivered,7970.45,
1059,1466,137,2,2026-02-12,Credit Card,Delivered,1409.88,
1060,1693,421,3,2026-04-17,Debit Card,Cancelled,25251.0,
1061,6680,391,3,2025-08-04,Credit Card,Delivered,447.12,
1062,1884,172,2,2026-05-10,Debit Card,Delivered,98193.6,7
1063,5557,212,1,2025-05-25,Credit Card,Delivered,296.4,
1064,2493,35,5,2025-02-08,Net Banking,Delivered,7253.4,25
1065,16799,389,2,2025-06-24,Cash on Delivery,Delivered,4987.92,6
1066,13564,219,5,2025-12-12,Credit Card,Delivered,377485.2,22
1067,8945,405,1,2026-03-11,Net Banking,Delivered,836.4,9
1068,18059,77,5,2024-12-24,Net Banking,Returned,1735.3,
1069,4385,331,3,2025-03-11,Credit Card,Delivered,80572.32,1
1070,15032,47,1,2024-10-14,UPI,Cancelled,55615.56,4
1071,13618,8,2,2025-05-17,Debit Card,Delivered,92351.24,
1072,658,462,1,2025-07-01,Credit Card,Delivered,452.12,3
1073,11197,160,3,2024-08-15,Net Banking,Delivered,283944.51,18
1074,5836,168,3,2025-10-29,Debit Card,Delivered,13763.07,
1075,433,53,3,2025-04-22,Cash on Delivery,Delivered,77047.74,
1076,204,68,2,2025-07-29,Debit Card,Delivered,1122.0,
1077,8741,133,1,2025-10-28,Credit Card,Delivered,2007.92,
1078,14192,14,5,2025-07-20,Debit Card,Returned,6009.5,
1079,15794,388,5,2026-04-15,Cash on Delivery,Delivered,12663.2,
1080,6221,294,3,2025-05-12,Net Banking,Delivered,1267.92,
1081,133,90,5,2024-11-05,Credit Card,Cancelled,65370.8,19
1082,1363,17,3,2026-03-15,Credit Card,Delivered,98217.9,9
1083,19351,282,1,2024-09-25,Cash on Delivery,Delivered,330.0,
1084,10688,262,3,2025-02-11,UPI,Delivered,1061.28,
1085,3424,9,4,2025-11-15,Credit Card,Delivered,25175.04,8
1086,137,318,5,2025-10-27,Cash on Delivery,Delivered,545897.9,
1087,10066,170,3,2025-08-21,Credit Card,Delivered,1669.5,20
1088,880,341,2,2024-08-12,Cash on Delivery,Delivered,210321.32,18
1089,11113,281,5,2025-08-09,Debit Card,Delivered,6359.7,20
1090,18769,133,5,2026-03-26,UPI,Cancelled,10039.6,9
1091,11552,373,2,2025-02-18,UPI,Cancelled,110702.28,
1092,18592,17,1,2025-06-16,Credit Card,Delivered,32739.3,16
1093,1136,495,4,2026-07-05,Cash on Delivery,Returned,33529.04,
1094,17354,341,5,2024-12-11,Cash on Delivery,Delivered,525803.3,
1095,15055,361,4,2026-02-26,Credit Card,Delivered,26213.88,
1096,769,286,2,2025-04-27,UPI,Delivered,142319.68,
1097,4216,314,3,2024-11-16,Credit Card,Cancelled,7487.1,19
1098,14229,114,4,2025-11-03,Credit Card,Cancelled,45214.4,
1099,14194,284,3,2025-07-14,Cash on Delivery,Delivered,1395.24,3
1100,12526,151,1,2025-01-22,Cash on Delivery,Delivered,66380.3,
1101,717,390,3,2025-11-06,Cash on Delivery,Cancelled,3142.26,8
1102,1806,11,5,2026-01-29,Cash on Delivery,Delivered,605218.5,
1103,12663,153,3,2025-04-12,Credit Card,Delivered,101965.5,
1104,9445,124,5,2024-11-12,Debit Card,Delivered,523662.8,19
1105,11360,212,1,2025-10-20,Cash on Delivery,Delivered,296.4,
1106,4090,95,1,2024-08-10,Credit Card,Delivered,461.66,14
1107,12933,69,3,2024-07-18,Cash on Delivery,Cancelled,1729.8,
1108,411,462,5,2025-06-19,Credit Card,Delivered,2260.6,3
1109,6792,42,4,2026-07-11,Credit Card,Delivered,291724.2,
1110,16517,128,2,2024-10-12,UPI,Delivered,1329.12,4
1111,3098,257,2,2024-12-30,UPI,Delivered,7688.08,
1112,18877,154,4,2024-10-02,Credit Card,Delivered,215020.8,
1113,1383,287,3,2025-08-09,UPI,Delivered,197031.9,20
1114,7217,181,2,2026-05-09,Credit Card,Delivered,5430.08,7
1115,4275,102,1,2024-07-31,UPI,Delivered,2382.1,14
1116,5958,335,3,2026-05-09,Net Banking,Returned,5674.86,7
1117,1695,34,3,2026-02-09,UPI,Delivered,3662.01,
1118,16448,211,1,2025-11-19,Cash on Delivery,Delivered,122325.14,8
1119,19635,356,2,2024-10-15,Net Banking,Delivered,1066.56,4
1120,10007,337,5,2026-07-17,Cash on Delivery,Delivered,358033.0,
1121,15498,295,3,2024-08-20,Cash on Delivery,Delivered,26911.92,18
1122,5342,411,1,2025-01-06,UPI,Delivered,2849.0,
1123,5884,473,1,2026-05-19,Debit Card,Delivered,37242.93,7
1124,3737,488,3,2024-08-20,Debit Card,Returned,979.2,2
1125,8736,52,1,2025-06-24,Cash on Delivery,Delivered,5870.24,6
1126,6044,173,2,2025-08-15,Credit Card,Delivered,247.8,20
1127,4691,196,4,2025-03-28,UPI,Delivered,7559.64,21
1128,7759,395,2,2025-06-28,Debit Card,Delivered,2402.62,3
1129,19930,104,1,2025-09-03,Cash on Delivery,Delivered,3314.46,23
1130,2896,172,4,2025-07-06,Net Banking,Returned,196387.2,3
1131,8003,105,4,2026-02-18,Cash on Delivery,Delivered,931.92,
1132,16940,133,1,2026-05-18,Debit Card,Cancelled,2007.92,7
1133,11768,175,1,2025-03-17,UPI,Delivered,5165.82,21
1134,5446,91,2,2025-12-03,Credit Card,Delivered,226231.38,22
1135,14975,68,1,2025-04-15,UPI,Cancelled,561.0,
1136,4239,434,4,2026-05-04,Debit Card,Delivered,2594.4,7
1137,6797,357,4,2025-12-28,Debit Card,Returned,31881.8,
1138,682,182,5,2026-02-16,UPI,Delivered,5303.8,
1139,13294,224,2,2026-05-06,Cash on Delivery,Delivered,3713.58,7
1140,14709,147,4,2025-04-06,UPI,Delivered,1399.08,
1141,3960,398,3,2025-07-25,Net Banking,Delivered,2058.42,
1142,14404,487,4,2026-01-31,UPI,Delivered,3789.52,
1143,3441,377,4,2024-12-21,UPI,Delivered,1385.6,
1144,7486,189,4,2026-04-08,Cash on Delivery,Delivered,571.2,
1145,2415,343,3,2026-03-06,Credit Card,Cancelled,9994.59,9
1146,6978,489,2,2025-10-13,Cash on Delivery,Returned,4187.84,
1147,10761,497,2,2025-10-03,UPI,Delivered,19833.44,12
1148,17182,84,2,2025-08-27,Debit Card,Returned,14407.2,20
1149,10343,390,2,2026-02-09,Credit Card,Delivered,2094.84,
1150,8483,34,5,2025-09-24,Cash on Delivery,Returned,6103.35,12
1151,4657,408,4,2024-11-23,UPI,Delivered,670.68,10
1152,1450,146,4,2026-02-04,Credit Card,Delivered,2868.12,
1153,10075,175,3,2025-11-11,Debit Card,Delivered,15497.46,8
1154,777,64,1,2025-03-22,Net Banking,Delivered,2369.8,15
1155,19574,187,1,2024-12-23,Credit Card,Cancelled,24132.85,
1156,1487,234,1,2026-03-30,Credit Card,Delivered,677.97,
1157,4851,466,1,2024-11-16,Cash on Delivery,Delivered,335.92,19
1158,10178,310,5,2024-12-30,Net Banking,Returned,5810.0,
1159,13146,172,3,2024-12-16,Credit Card,Delivered,147290.4,
1160,11183,81,3,2025-05-02,UPI,Delivered,1025.46,
1161,5376,469,4,2025-06-11,Debit Card,Delivered,2038.72,16
1162,18886,117,5,2024-11-27,Credit Card,Delivered,2697.5,10
1163,2243,249,5,2025-08-11,UPI,Delivered,20605.0,20
1164,16257,140,3,2025-10-06,Debit Card,Delivered,1558.95,12
1165,15306,76,5,2024-12-21,Debit Card,Returned,9741.6,
1166,869,491,1,2025-09-11,Net Banking,Delivered,268.1,24
1167,4511,233,1,2025-03-06,Cash on Delivery,Delivered,37100.06,1
1168,13905,281,2,2024-12-23,Net Banking,Delivered,2543.88,
1169,5795,320,5,2024-12-30,Net Banking,Delivered,8505.4,
1170,18138,154,4,2024-09-30,Credit Card,Delivered,215020.8,
1171,6641,308,1,2024-11-14,Cash on Delivery,Delivered,2208.56,19
1172,16535,33,2,2025-05-13,Credit Card,Delivered,7715.52,
1173,19878,401,2,2025-07-20,UPI,Delivered,959.04,
1174,11668,26,5,2026-01-27,Credit Card,Delivered,546977.2,
1175,5942,302,1,2024-10-28,Debit Card,Delivered,9527.7,
1176,350,398,5,2024-10-22,Debit Card,Delivered,3430.7,4
1177,2849,94,2,2026-03-18,Cash on Delivery,Delivered,1048.0,9
1178,11776,300,2,2025-05-18,Debit Card,Cancelled,839.3,
1179,8326,183,5,2026-02-26,Debit Card,Cancelled,3405.6,
1180,13192,450,3,2026-07-11,Credit Card,Delivered,993.6,
1181,3267,83,2,2025-05-15,Net Banking,Delivered,2144.2,
1182,5070,482,1,2024-11-14,UPI,Delivered,41780.9,19
1183,8159,472,5,2025-04-10,Credit Card,Delivered,7418.95,
1184,13058,85,1,2025-05-20,Cash on Delivery,Delivered,976.5,
1185,3817,138,2,2025-02-05,UPI,Delivered,7952.58,25
1186,648,226,1,2026-04-08,Credit Card,Delivered,2146.36,
1187,17611,204,3,2024-12-03,UPI,Delivered,5673.24,10
1188,18323,444,1,2025-03-08,Cash on Delivery,Delivered,3023.28,1
1189,10695,336,2,2026-03-12,Cash on Delivery,Delivered,3398.64,9
1190,14977,36,2,2026-03-19,Net Banking,Delivered,85605.8,9
1191,610,394,5,2025-02-13,Net Banking,Cancelled,225828.75,
1192,7494,175,1,2026-07-01,Net Banking,Delivered,5165.82,
1193,6136,23,2,2024-08-21,Debit Card,Delivered,864.32,2
1194,16241,294,4,2025-02-16,Credit Card,Delivered,1690.56,
1195,14183,28,3,2024-10-22,Debit Card,Delivered,54112.71,4
1196,1067,211,2,2026-01-27,Net Banking,Delivered,244650.28,
1197,8561,263,2,2025-01-28,UPI,Delivered,3373.2,
1198,220,105,5,2024-07-25,UPI,Delivered,1164.9,14
1199,4244,304,4,2026-05-02,Debit Card,Delivered,397709.52,7
1200,17071,93,1,2025-03-07,Cash on Delivery,Delivered,4250.99,1
1201,13135,468,3,2025-01-04,Debit Card,Delivered,335263.56,
1202,6118,101,5,2024-09-20,UPI,Delivered,26291.3,
1203,1741,366,3,2026-05-24,Debit Card,Cancelled,135611.37,7
1204,5053,387,5,2026-05-14,Credit Card,Delivered,35709.15,7
1205,5390,370,3,2025-11-23,UPI,Returned,2154.33,8
1206,14699,162,5,2025-10-14,Net Banking,Delivered,12967.35,
1207,14411,388,4,2025-10-12,UPI,Delivered,10130.56,
1208,9533,338,5,2025-05-24,Net Banking,Delivered,1113.7,
1209,9634,336,1,2025-10-27,Net Banking,Delivered,1699.32,
1210,9948,475,5,2025-08-18,Cash on Delivery,Delivered,26846.4,20
1211,17754,16,1,2026-05-25,Net Banking,Delivered,1065.8,7
1212,15441,445,5,2025-09-16,UPI,Delivered,17301.6,24
1213,18685,166,1,2026-03-05,Credit Card,Delivered,4235.64,9
1214,5354,297,3,2026-07-09,Debit Card,Delivered,1077.84,
1215,19580,207,4,2024-09-12,Net Banking,Delivered,2128.4,2
1216,15076,271,2,2024-08-10,UPI,Delivered,1809.6,14
1217,9534,159,2,2025-05-28,Debit Card,Delivered,346.94,
1218,19021,16,3,2025-02-12,Debit Card,Delivered,3197.4,
1219,9726,238,3,2026-02-03,UPI,Cancelled,10497.6,
1220,18245,169,4,2026-07-07,Debit Card,Delivered,10384.64,
1221,14936,352,4,2025-04-14,Cash on Delivery,Returned,60505.32,
1222,483,491,5,2025-02-28,UPI,Delivered,1340.5,1
1223,19679,476,3,2025-10-09,Cash on Delivery,Delivered,7889.25,12
1224,13195,466,5,2025-09-12,Cash on Delivery,Cancelled,1679.6,24
1225,8781,369,4,2024-08-22,Debit Card,Delivered,7562.4,2
1226,15245,85,3,2025-10-19,Credit Card,Delivered,2929.5,
1227,10461,484,5,2025-10-09,UPI,Cancelled,545694.25,12
1228,7433,237,3,2024-11-16,Credit Card,Delivered,519.03,19
1229,2815,201,1,2024-11-25,Credit Card,Delivered,6033.36,10
1230,11182,285,2,2024-08-05,Net Banking,Delivered,923.0,14
1231,2431,359,4,2025-03-29,UPI,Delivered,16332.8,21
1232,2704,431,1,2024-12-20,Debit Card,Delivered,537.47,
1233,15704,404,2,2024-07-21,Credit Card,Delivered,109209.36,14
1234,9983,438,2,2024-11-01,Credit Card,Delivered,683.92,19
1235,19550,67,3,2025-02-17,Credit Card,Delivered,1382.4,
1236,12045,427,3,2024-09-26,UPI,Cancelled,8424.0,
1237,15752,81,5,2025-05-29,Credit Card,Delivered,1709.1,
1238,5648,30,2,2026-04-23,Cash on Delivery,Delivered,13438.5,
1239,3560,54,2,2025-09-30,UPI,Cancelled,2550.0,12
1240,17350,381,1,2025-03-11,Cash on Delivery,Delivered,382.32,1
1241,14199,487,4,2025-10-25,Net Banking,Delivered,3789.52,
1242,16710,143,5,2025-09-21,UPI,Delivered,704.45,12
1243,127,131,3,2025-12-20,UPI,Delivered,5484.9,
1244,10835,424,5,2024-12-25,UPI,Delivered,47582.5,
1245,11397,495,2,2025-02-20,Credit Card,Delivered,16764.52,
1246,9027,143,2,2025-01-10,Cash on Delivery,Delivered,281.78,
1247,13617,193,4,2024-10-07,UPI,Delivered,170248.0,4
1248,14637,212,4,2025-03-01,Credit Card,Delivered,1185.6,1
1249,9781,416,4,2025-06-23,Credit Card,Delivered,3489.28,3
1250,19020,162,1,2026-06-15,Debit Card,Delivered,2593.47,13
1251,18106,71,4,2025-12-29,Net Banking,Delivered,1992.6,
1252,7935,208,2,2024-08-06,Cash on Delivery,Delivered,1456.32,14
1253,9880,440,3,2026-03-24,Cash on Delivery,Delivered,32138.94,9
1254,5094,260,4,2026-07-09,Credit Card,Delivered,1867.76,
1255,14276,469,1,2025-11-12,Net Banking,Delivered,509.68,8
1256,19186,176,5,2026-02-10,UPI,Delivered,2795.9,
1257,8432,191,1,2025-09-02,Credit Card,Returned,586.92,23
1258,686,145,4,2025-10-03,Cash on Delivery,Delivered,18889.36,12
1259,3852,322,2,2026-05-25,Net Banking,Delivered,113198.56,7
1260,13172,61,3,2025-05-03,UPI,Delivered,3904.56,
1261,5266,424,3,2025-10-14,Net Banking,Delivered,28549.5,
1262,2249,407,3,2024-10-04,UPI,Delivered,10185.12,4
1263,9428,465,4,2025-04-05,Cash on Delivery,Returned,1383.2,
1264,9582,363,2,2025-08-03,Credit Card,Delivered,909.42,
1265,10310,480,5,2024-08-01,Cash on Delivery,Delivered,358485.75,14
1266,9360,133,5,2026-05-18,UPI,Delivered,10039.6,7
1267,9535,496,5,2026-06-11,UPI,Delivered,7405.2,13
1268,18302,251,5,2024-09-07,UPI,Cancelled,538537.5,2
1269,12031,82,4,2024-08-02,UPI,Delivered,15635.16,14
1270,12432,80,5,2024-09-04,Cash on Delivery,Delivered,10957.5,2
1271,16061,242,4,2025-12-20,Net Banking,Delivered,5557.44,
1272,1407,317,4,2024-12-17,Cash on Delivery,Delivered,13742.08,
1273,17220,154,4,2025-12-31,Net Banking,Returned,215020.8,
1274,6452,57,3,2026-07-06,Cash on Delivery,Cancelled,14378.31,
1275,10481,44,4,2026-05-13,Net Banking,Delivered,4991.44,7
1276,15979,101,2,2025-02-21,UPI,Cancelled,10516.52,
1277,13056,362,4,2026-01-01,Debit Card,Delivered,9113.6,
1278,5172,459,3,2026-04-09,UPI,Delivered,3338.91,
1279,11854,168,4,2025-08-26,Debit Card,Cancelled,18350.76,20
1280,8275,213,3,2025-11-17,Credit Card,Cancelled,12600.0,8
1281,11189,168,3,2025-08-31,Cash on Delivery,Returned,13763.07,23
1282,10386,479,2,2025-07-21,Debit Card,Returned,17456.4,
1283,18384,49,1,2024-10-16,Credit Card,Delivered,4066.76,4
1284,14315,101,5,2026-06-18,UPI,Returned,26291.3,13
1285,3837,483,1,2026-01-19,UPI,Delivered,60173.2,
1286,19628,172,5,2026-05-02,Debit Card,Delivered,245484.0,7
1287,12653,199,5,2025-12-04,Debit Card,Delivered,85714.6,22
1288,5060,27,3,2024-11-29,Net Banking,Delivered,16509.24,10
1289,8506,341,3,2026-06-23,Credit Card,Delivered,315481.98,17
1290,11215,500,3,2025-05-05,UPI,Cancelled,26630.55,
1291,12387,375,1,2026-02-15,Debit Card,Delivered,104.16,
1292,2670,269,2,2025-05-29,UPI,Delivered,333.06,
1293,13030,315,3,2024-11-30,Net Banking,Delivered,16367.55,10
1294,15495,387,2,2026-01-26,Net Banking,Delivered,14283.66,
1295,5407,64,1,2024-08-12,Debit Card,Delivered,2369.8,14
1296,9994,148,4,2024-09-23,Debit Card,Delivered,6350.08,
1297,8064,441,3,2024-11-06,Credit Card,Delivered,13784.64,19
1298,3732,230,2,2026-03-06,Cash on Delivery,Delivered,36353.2,9
1299,12793,482,2,2024-08-12,Cash on Delivery,Delivered,83561.8,18
1300,4276,290,4,2026-02-05,Debit Card,Delivered,5566.6,
1301,18037,102,2,2025-08-21,Cash on Delivery,Delivered,4764.2,20
1302,2401,132,4,2025-04-18,Credit Card,Delivered,5717.04,
1303,3503,241,4,2026-01-18,Credit Card,Delivered,2490.0,
1304,17682,400,4,2024-07-31,UPI,Delivered,4680.0,14
1305,5195,454,5,2025-10-15,Debit Card,Delivered,202596.0,
1306,16151,203,1,2025-02-11,Credit Card,Delivered,753.88,
1307,18530,196,2,2026-02-04,Credit Card,Delivered,3779.82,
1308,15834,202,4,2025-01-06,Net Banking,Delivered,15419.04,
1309,17713,413,3,2026-04-14,Cash on Delivery,Delivered,1365.12,
1310,12762,390,2,2025-07-02,Debit Card,Delivered,2094.84,3
1311,9254,446,1,2026-04-17,Cash on Delivery,Cancelled,486.68,
1312,277,131,3,2026-02-13,Credit Card,Delivered,5484.9,
1313,14076,457,2,2026-06-12,UPI,Returned,7616.7,13
1314,9827,227,3,2025-01-08,Cash on Delivery,Delivered,2198.25,
1315,13143,133,1,2025-08-29,Credit Card,Delivered,2007.92,23
1316,12550,150,5,2026-04-12,Net Banking,Delivered,48637.0,
1317,9992,139,4,2026-04-15,UPI,Delivered,8690.88,
1318,282,433,3,2024-12-12,UPI,Cancelled,2276.64,
1319,17825,79,1,2025-03-29,Cash on Delivery,Delivered,93926.12,21
1320,15667,24,3,2024-11-14,Cash on Delivery,Delivered,8662.68,19
1321,2185,167,3,2026-02-01,Credit Card,Delivered,5135.55,
1322,6702,484,2,2026-04-21,Net Banking,Delivered,218277.7,
1323,19935,446,5,2026-07-06,UPI,Returned,2433.4,
1324,7324,14,4,2026-06-14,Credit Card,Delivered,4807.6,13
1325,2784,355,4,2024-10-28,Cash on Delivery,Delivered,1388.8,
1326,19917,400,2,2025-10-20,Cash on Delivery,Cancelled,2340.0,
1327,7053,488,4,2026-03-26,Debit Card,Delivered,1305.6,9
1328,4920,136,5,2025-10-03,Debit Card,Delivered,497398.0,12
1329,3279,331,5,2025-08-03,Debit Card,Delivered,134287.2,
1330,8925,215,5,2026-05-23,Credit Card,Delivered,21175.7,7
1331,11895,404,1,2025-06-20,Net Banking,Delivered,54604.68,16
1332,8192,143,5,2024-10-19,Net Banking,Delivered,704.45,4
1333,8981,436,4,2025-10-16,Debit Card,Delivered,41979.0,
1334,6533,410,5,2025-03-01,UPI,Delivered,8095.75,1
1335,16817,208,2,2025-02-18,Cash on Delivery,Delivered,1456.32,
1336,6098,75,4,2025-04-29,UPI,Delivered,3194.24,
1337,19208,279,2,2024-09-16,Cash on Delivery,Delivered,114.84,
1338,12366,110,1,2026-05-16,UPI,Delivered,1273.0,7
1339,13953,121,4,2026-04-07,UPI,Delivered,1181.6,
1340,14937,456,1,2026-03-15,Debit Card,Cancelled,964.46,9
1341,553,251,5,2025-02-06,Net Banking,Delivered,538537.5,25
1342,19778,121,4,2026-06-22,Debit Card,Returned,1181.6,17
1343,1997,11,1,2025-10-08,Debit Card,Delivered,121043.7,12
1344,15716,460,1,2025-01-22,Net Banking,Delivered,1085.4,
1345,590,213,2,2026-03-27,UPI,Cancelled,8400.0,9
1346,19184,442,2,2026-06-17,Cash on Delivery,Cancelled,681.36,13
1347,16758,189,1,2025-09-16,UPI,Delivered,142.8,12
1348,8255,98,2,2024-08-26,UPI,Delivered,76084.8,2
1349,8594,349,2,2026-02-01,Cash on Delivery,Delivered,7890.94,
1350,3335,183,5,2024-11-20,UPI,Delivered,3405.6,10
1351,14756,279,4,2026-03-25,Net Banking,Delivered,229.68,9
1352,19666,438,5,2025-06-27,Net Banking,Cancelled,1709.8,11
1353,5420,111,4,2025-11-23,Net Banking,Delivered,274684.64,8
1354,5577,74,1,2024-09-13,Net Banking,Delivered,7604.49,
1355,8890,46,1,2026-06-02,Net Banking,Delivered,57923.4,13
1356,8639,491,5,2024-12-04,Debit Card,Returned,1340.5,10
1357,19185,157,5,2026-05-21,Cash on Delivery,Delivered,51159.8,7
1358,15625,229,3,2025-12-21,Debit Card,Delivered,1306.8,
1359,16398,40,3,2026-01-30,Debit Card,Delivered,4489.2,
1360,4962,409,3,2025-08-05,Cash on Delivery,Returned,5367.6,20
1361,13506,250,5,2024-08-21,Net Banking,Delivered,3367.0,18
1362,7042,123,3,2026-02-19,Credit Card,Returned,4592.7,
1363,5498,259,4,2025-05-03,Cash on Delivery,Delivered,12712.44,
1364,1916,215,3,2025-12-13,UPI,Delivered,12705.42,22
1365,11306,138,4,2025-02-06,Debit Card,Delivered,15905.16,25
1366,19425,263,4,2025-05-18,Net Banking,Delivered,6746.4,
1367,6859,84,4,2025-07-28,Credit Card,Delivered,28814.4,
1368,12504,495,3,2025-04-30,Debit Card,Delivered,25146.78,
1369,1927,201,3,2026-05-13,Debit Card,Delivered,18100.08,7
1370,13367,473,4,2026-01-30,Cash on Delivery,Delivered,148971.72,
1371,2336,94,2,2025-08-15,UPI,Delivered,1048.0,20
1372,9811,231,2,2025-11-14,Net Banking,Returned,143017.56,8
1373,12529,352,1,2025-04-09,Cash on Delivery,Delivered,15126.33,
1374,18336,127,5,2025-10-20,Debit Card,Delivered,561458.1,
1375,3889,472,4,2024-12-08,Credit Card,Delivered,5935.16,10
1376,8443,137,3,2025-09-16,Cash on Delivery,Delivered,2114.82,24
1377,14355,313,4,2024-09-09,Cash on Delivery,Cancelled,222874.0,2
1378,11715,366,4,2024-09-12,UPI,Delivered,180815.16,2
1379,1758,122,3,2025-05-26,Debit Card,Delivered,41670.72,
1380,15873,15,5,2025-08-24,Cash on Delivery,Delivered,4128.6,20
1381,9307,118,4,2025-12-28,Credit Card,Delivered,26183.04,
1382,13965,175,2,2025-06-19,Debit Card,Delivered,10331.64,16
1383,17627,359,2,2025-11-08,Debit Card,Delivered,8166.4,8
1384,17911,373,5,2026-04-05,Cash on Delivery,Cancelled,276755.7,
1385,16359,214,1,2026-07-14,UPI,Delivered,1219.75,
1386,19543,213,2,2025-02-13,Debit Card,Delivered,8400.0,
1387,3134,333,2,2024-07-19,Net Banking,Delivered,13555.36,
1388,12380,235,4,2024-09-04,Credit Card,Delivered,3501.28,2
1389,8165,260,5,2025-08-31,Net Banking,Delivered,2334.7,23
1390,14767,199,5,2025-09-05,Credit Card,Delivered,85714.6,23
1391,6858,439,1,2025-07-29,Debit Card,Delivered,2824.25,
1392,19108,28,5,2026-02-01,Debit Card,Returned,90187.85,
1393,4276,281,4,2025-08-17,Debit Card,Delivered,5087.76,20
1394,1776,257,4,2025-01-23,UPI,Delivered,15376.16,
1395,1904,382,3,2025-01-04,Net Banking,Delivered,15245.01,
1396,16534,307,2,2025-07-13,UPI,Delivered,4938.3,3
1397,10116,274,2,2025-08-30,Net Banking,Delivered,6065.1,23
1398,7334,178,4,2026-07-12,Credit Card,Delivered,3073.6,
1399,6564,207,2,2025-10-28,UPI,Delivered,1064.2,
1400,9790,266,4,2025-02-07,UPI,Delivered,14279.72,25
1401,401,220,5,2025-02-24,Credit Card,Delivered,9269.25,1
1402,16538,104,5,2024-12-10,Cash on Delivery,Delivered,16572.3,
1403,7101,20,2,2026-02-20,Cash on Delivery,Cancelled,6842.88,
1404,5194,155,3,2026-01-17,Cash on Delivery,Delivered,28910.97,
1405,11026,18,2,2024-11-30,Credit Card,Delivered,1095.72,10
1406,15471,316,3,2025-05-20,Credit Card,Delivered,33890.22,
1407,12682,155,3,2024-08-30,Cash on Delivery,Delivered,28910.97,2
1408,11284,279,3,2025-10-19,Cash on Delivery,Delivered,172.26,
1409,12342,282,2,2026-05-08,Cash on Delivery,Delivered,660.0,7
1410,159,497,5,2026-07-12,Debit Card,Delivered,49583.6,
1411,16976,6,1,2026-05-23,Net Banking,Delivered,5302.5,7
1412,18105,496,5,2025-06-20,UPI,Delivered,7405.2,16
1413,8672,32,5,2025-05-14,Cash on Delivery,Delivered,1514.2,
1414,6550,12,3,2026-01-23,Debit Card,Delivered,15444.0,
1415,14878,12,4,2026-05-03,UPI,Delivered,20592.0,7
1416,9463,439,5,2025-01-03,Net Banking,Delivered,14121.25,
1417,591,248,3,2026-03-04,Net Banking,Delivered,2671.29,9
1418,10401,452,1,2026-07-10,UPI,Delivered,4118.54,
1419,3339,311,2,2024-09-12,Debit Card,Delivered,469.8,2
1420,18722,350,3,2025-11-09,Cash on Delivery,Delivered,111635.4,8
1421,6673,205,4,2025-07-07,Debit Card,Returned,131009.76,3
1422,14888,142,5,2025-09-03,Cash on Delivery,Delivered,12539.6,23
1423,15444,89,2,2024-11-18,Credit Card,Delivered,211390.24,19
1424,18398,490,4,2024-08-13,UPI,Cancelled,3089.36,18
1425,14905,405,4,2025-06-06,Cash on Delivery,Delivered,3345.6,
1426,18450,350,2,2025-03-20,Cash on Delivery,Delivered,74423.6,21
1427,12872,106,5,2025-01-30,Cash on Delivery,Delivered,28974.7,25
1428,2218,426,1,2025-06-16,Cash on Delivery,Delivered,23100.88,16
1429,11805,448,4,2025-03-16,Net Banking,Delivered,2774.68,15
1430,448,142,4,2025-04-15,Cash on Delivery,Cancelled,10031.68,
1431,2646,368,2,2026-04-30,Cash on Delivery,Delivered,1336.0,7
1432,11008,290,5,2025-03-04,Credit Card,Cancelled,6958.25,1
1433,3585,261,4,2026-01-06,UPI,Delivered,5796.4,
1434,2714,25,1,2024-07-30,UPI,Delivered,156.63,14
1435,11324,236,4,2025-05-21,Debit Card,Delivered,11928.0,
1436,9701,253,5,2025-07-13,Net Banking,Returned,2411.1,3
1437,815,35,1,2025-08-30,Net Banking,Delivered,1450.68,23
1438,7488,130,4,2025-09-11,UPI,Returned,3320.0,24
1439,11441,268,5,2025-10-29,Debit Card,Cancelled,387825.2,
1440,10815,196,3,2025-03-19,Credit Card,Delivered,5669.73,21
1441,7350,326,3,2025-10-28,Credit Card,Delivered,286.2,
1442,585,174,4,2025-04-08,Debit Card,Delivered,65942.88,
1443,4247,419,1,2025-11-26,UPI,Delivered,34151.36,8
1444,12539,71,5,2024-09-12,UPI,Returned,2490.75,2
1445,15876,499,2,2025-03-28,Cash on Delivery,Delivered,18318.72,15
1446,14508,295,3,2025-04-13,Cash on Delivery,Delivered,26911.92,
1447,828,271,2,2025-01-12,UPI,Delivered,1809.6,
1448,17823,147,2,2025-10-09,UPI,Delivered,699.54,12
1449,4777,193,5,2026-01-21,Debit Card,Delivered,212810.0,
1450,8159,454,2,2025-03-09,Credit Card,Delivered,81038.4,1
1451,17173,325,5,2024-09-24,UPI,Cancelled,14969.8,
1452,18244,66,5,2025-10-31,Cash on Delivery,Delivered,3203.5,
1453,9439,100,2,2025-04-12,Net Banking,Delivered,905.28,
1454,13485,190,5,2026-05-12,UPI,Delivered,21048.5,7
1455,11966,114,4,2025-01-17,Net Banking,Delivered,45214.4,
1456,18486,98,4,2025-06-12,Cash on Delivery,Delivered,152169.6,16
1457,17239,473,3,2025-11-06,Credit Card,Delivered,111728.79,8
1458,13875,61,4,2025-07-24,UPI,Delivered,5206.08,
1459,17764,373,5,2024-09-12,Credit Card,Delivered,276755.7,2
1460,11193,64,2,2025-03-25,Cash on Delivery,Returned,4739.6,15
1461,15264,218,4,2025-03-01,Debit Card,Delivered,122955.84,1
1462,10346,64,3,2024-10-15,Credit Card,Delivered,7109.4,4
1463,9277,487,3,2026-01-18,Net Banking,Delivered,2842.14,
1464,1787,125,5,2024-11-26,Net Banking,Delivered,22175.4,10
1465,12571,187,3,2025-07-13,Debit Card,Delivered,72398.55,3
1466,18548,131,2,2025-07-01,UPI,Delivered,3656.6,11
1467,10327,69,5,2026-03-22,Credit Card,Delivered,2883.0,9
1468,8725,240,4,2024-08-03,UPI,Delivered,2782.08,14
1469,661,207,3,2025-08-28,Cash on Delivery,Delivered,1596.3,
1470,2305,356,1,2026-05-10,Debit Card,Cancelled,533.28,5
1471,11725,425,4,2025-09-16,UPI,Returned,997.28,12
1472,12076,472,2,2025-09-27,UPI,Cancelled,2967.58,12
1473,16355,339,2,2025-04-29,Debit Card,Delivered,125104.56,
1474,17880,233,4,2025-03-23,UPI,Delivered,148400.24,21
1475,6327,357,4,2025-11-05,Cash on Delivery,Cancelled,31881.8,8
1476,16296,165,3,2025-10-31,UPI,Cancelled,801.09,
1477,4093,381,4,2025-05-15,Cash on Delivery,Delivered,1529.28,
1478,2049,223,4,2026-03-24,Debit Card,Delivered,297763.68,9
1479,18860,351,5,2025-10-14,Credit Card,Delivered,3495.8,
1480,19028,187,3,2025-03-01,Cash on Delivery,Delivered,72398.55,1
1481,2907,200,2,2026-03-23,Debit Card,Returned,512.4,9
1482,19693,271,5,2025-03-09,Net Banking,Delivered,4524.0,1
1483,11586,23,3,2025-09-19,Net Banking,Returned,1296.48,12
1484,15218,323,1,2024-11-01,UPI,Delivered,528.95,19
1485,16971,411,2,2025-04-28,UPI,Cancelled,5698.0,
1486,4167,139,4,2024-08-26,Debit Card,Delivered,8690.88,2
1487,3640,333,3,2026-01-19,Credit Card,Delivered,20333.04,
1488,10143,253,4,2026-04-26,Debit Card,Delivered,1928.88,
1489,2199,297,5,2025-12-05,Net Banking,Delivered,1796.4,22
1490,18732,343,4,2025-02-03,Debit Card,Delivered,13326.12,25
1491,11968,340,2,2024-08-02,Credit Card,Delivered,167541.44,14
1492,16808,257,1,2026-03-19,Credit Card,Returned,3844.04,9
1493,5057,173,2,2026-07-16,Debit Card,Delivered,247.8,
1494,7618,217,4,2025-02-25,UPI,Delivered,2899.64,1
1495,17554,83,4,2026-02-12,Debit Card,Delivered,4288.4,
1496,5049,222,4,2025-03-27,Cash on Delivery,Delivered,20192.4,21
1497,15380,210,5,2026-06-15,Debit Card,Cancelled,29729.8,13
1498,19080,273,3,2025-09-18,Credit Card,Delivered,35604.0,12
1499,19280,93,4,2026-02-28,Cash on Delivery,Delivered,17003.96,9
1500,8780,209,2,2024-08-28,Cash on Delivery,Delivered,8058.82,2
1501,5665,307,4,2025-01-16,Cash on Delivery,Delivered,9876.6,
1502,8440,66,2,2024-12-18,Credit Card,Cancelled,1281.4,
1503,17301,280,4,2025-03-21,Net Banking,Delivered,2725.72,15
1504,18672,200,4,2026-04-22,Credit Card,Returned,1024.8,
1505,19936,485,3,2025-08-12,Cash on Delivery,Delivered,898.8,20
1506,15018,265,1,2026-04-18,Net Banking,Delivered,3136.5,
1507,239,494,2,2026-01-25,Debit Card,Delivered,130016.48,
1508,11420,239,2,2024-08-11,Debit Card,Cancelled,7665.06,14
1509,19927,373,3,2025-09-14,Cash on Delivery,Delivered,166053.42,24
1510,15655,149,3,2025-02-22,Credit Card,Delivered,9329.58,
1511,3575,325,3,2025-07-10,Net Banking,Delivered,8981.88,3
1512,2894,472,4,2024-11-06,Credit Card,Returned,5935.16,19
1513,14879,468,1,2025-02-18,Cash on Delivery,Delivered,111754.52,
1514,4372,488,5,2026-02-21,Debit Card,Delivered,1632.0,
1515,4387,128,3,2026-06-23,Credit Card,Delivered,1993.68,17
1516,17061,56,4,2025-09-06,UPI,Delivered,2892.24,
1517,15166,59,5,2026-03-10,Net Banking,Delivered,4076.6,9
1518,8514,190,1,2025-09-06,Net Banking,Returned,4209.7,
1519,18971,465,5,2025-07-26,Debit Card,Delivered,1729.0,
1520,16248,311,3,2024-08-09,UPI,Delivered,704.7,18
1521,7256,442,1,2025-11-19,Net Banking,Cancelled,340.68,8
1522,5975,27,2,2025-07-30,Credit Card,Returned,11006.16,
1523,14423,435,2,2026-05-24,UPI,Cancelled,399.84,7
1524,1777,145,3,2024-12-29,UPI,Delivered,14167.02,
1525,13470,52,2,2026-06-04,Debit Card,Returned,11740.48,13
1526,16841,143,4,2025-01-09,Debit Card,Cancelled,563.56,
1527,5505,494,5,2025-07-11,Net Banking,Returned,325041.2,3
1528,6006,320,1,2025-11-19,UPI,Delivered,1701.08,8
1529,16073,70,2,2025-09-08,UPI,Delivered,2544.48,24
1530,12017,239,2,2025-12-15,Debit Card,Delivered,7665.06,
1531,17300,143,1,2025-03-26,Net Banking,Delivered,140.89,15
1532,14822,458,2,2025-07-23,Cash on Delivery,Delivered,148440.0,
1533,8124,26,3,2024-12-06,Cash on Delivery,Delivered,328186.32,10
1534,3468,22,3,2024-11-12,Credit Card,Delivered,5505.6,19
1535,16226,152,2,2024-12-18,Debit Card,Delivered,58798.5,
1536,10788,29,4,2024-12-11,Debit Card,Delivered,527222.08,
1537,15724,292,1,2025-12-28,Cash on Delivery,Delivered,28762.43,
1538,2779,57,1,2025-09-20,Debit Card,Delivered,4792.77,12
1539,589,166,4,2024-12-15,Cash on Delivery,Delivered,16942.56,
1540,4729,81,3,2025-01-09,UPI,Delivered,1025.46,
1541,175,233,5,2025-08-30,Debit Card,Returned,185500.3,23
1542,901,141,4,2024-10-17,Credit Card,Delivered,1528.8,4
1543,4221,352,1,2025-02-13,Net Banking,Delivered,15126.33,
1544,5156,357,3,2025-04-01,UPI,Delivered,23911.35,21
1545,13518,117,1,2025-10-24,Credit Card,Delivered,539.5,
1546,14776,220,1,2024-09-01,Debit Card,Cancelled,1853.85,2
1547,1073,106,2,2025-10-17,Credit Card,Delivered,11589.88,
1548,4937,61,2,2025-09-27,Credit Card,Cancelled,2603.04,12
1549,18579,123,5,2024-07-25,UPI,Returned,7654.5,14
1550,19195,103,2,2025-07-22,Credit Card,Delivered,3349.5,
1551,1647,378,1,2025-05-05,Net Banking,Cancelled,2284.9,
1552,3068,130,1,2026-03-28,Net Banking,Delivered,830.0,9
1553,10958,109,5,2026-04-07,Cash on Delivery,Delivered,366682.8,
1554,15092,363,5,2025-05-16,UPI,Cancelled,2273.55,
1555,5982,315,3,2025-06-05,Debit Card,Returned,16367.55,
1556,11257,296,1,2026-03-29,Debit Card,Delivered,246.51,
1557,18478,21,2,2024-12-08,Credit Card,Delivered,57922.2,10
1558,1525,433,3,2024-08-05,Credit Card,Delivered,2276.64,14
1559,18237,215,3,2025-10-30,Net Banking,Delivered,12705.42,
1560,12582,30,2,2026-03-11,Credit Card,Delivered,13438.5,9
1561,17626,487,3,2025-08-27,Net Banking,Delivered,2842.14,20
1562,14760,335,4,2025-05-30,Cash on Delivery,Cancelled,7566.48,
1563,4164,123,5,2025-07-17,Credit Card,Cancelled,7654.5,3
1564,9925,248,1,2025-05-06,Cash on Delivery,Delivered,890.43,
1565,2441,160,3,2025-04-23,UPI,Delivered,283944.51,
1566,4280,123,4,2026-02-01,UPI,Delivered,6123.6,
1567,3803,278,3,2026-04-11,Cash on Delivery,Cancelled,13089.48,
1568,16784,67,5,2024-12-23,Net Banking,Returned,2304.0,
1569,1349,377,1,2025-10-04,Cash on Delivery,Cancelled,346.4,12
1570,4684,467,5,2025-07-17,Debit Card,Delivered,10079.5,3
1571,16281,115,4,2026-06-11,Cash on Delivery,Delivered,9385.64,13
1572,17223,57,4,2025-08-14,Cash on Delivery,Delivered,19171.08,20
1573,16739,240,5,2026-01-23,Credit Card,Delivered,3477.6,
1574,7495,8,5,2025-11-13,Credit Card,Delivered,230878.1,8
1575,11781,397,5,2025-07-07,Cash on Delivery,Delivered,8178.3,3
1576,1100,455,4,2025-11-07,Credit Card,Delivered,186.48,8
1577,7119,88,2,2026-03-06,UPI,Delivered,655.32,9
1578,17796,293,3,2024-11-09,Credit Card,Delivered,2966.64,19
1579,5934,325,1,2025-02-19,Debit Card,Returned,2993.96,
1580,4566,395,1,2024-10-07,UPI,Delivered,1201.31,4
1581,14301,151,4,2026-06-04,Cash on Delivery,Delivered,265521.2,13
1582,16790,465,2,2024-11-15,Cash on Delivery,Delivered,691.6,19
1583,13309,207,2,2024-10-25,UPI,Delivered,1064.2,
1584,17506,303,5,2026-04-16,Net Banking,Delivered,38694.6,
1585,6272,288,3,2025-03-17,Cash on Delivery,Delivered,7465.5,15
1586,6832,136,2,2025-02-27,Debit Card,Delivered,198959.2,1
1587,4394,89,3,2025-10-10,Cash on Delivery,Delivered,317085.36,
1588,16610,44,4,2026-01-13,UPI,Delivered,4991.44,
1589,19846,112,3,2025-06-28,UPI,Cancelled,281.94,3
1590,10729,474,4,2025-04-28,Credit Card,Returned,377225.76,
1591,8068,20,3,2025-07-18,UPI,Delivered,10264.32,
1592,13385,21,2,2024-07-19,UPI,Delivered,57922.2,
1593,13507,199,4,2025-01-08,Debit Card,Delivered,68571.68,
1594,19170,140,3,2024-09-12,UPI,Delivered,1558.95,2
1595,15943,206,5,2025-06-25,Net Banking,Delivered,11421.8,3
1596,7064,213,2,2026-07-09,UPI,Delivered,8400.0,
1597,11893,71,5,2025-10-24,Cash on Delivery,Delivered,2490.75,
1598,3123,57,4,2025-01-06,Cash on Delivery,Delivered,19171.08,
1599,11661,40,3,2024-12-09,Credit Card,Returned,4489.2,10
1600,2875,6,5,2025-11-09,UPI,Delivered,26512.5,8
1601,2913,15,3,2025-04-17,Cash on Delivery,Delivered,2477.16,
1602,12535,98,1,2025-03-26,Cash on Delivery,Delivered,38042.4,15
1603,9194,114,2,2026-05-29,UPI,Delivered,22607.2,7
1604,17072,272,2,2024-12-26,Debit Card,Delivered,3157.98,
1605,5832,171,1,2025-03-24,Cash on Delivery,Delivered,6286.8,21
1606,15641,361,1,2025-08-26,UPI,Delivered,6553.47,20
1607,16272,287,4,2026-04-17,Debit Card,Delivered,262709.2,
1608,10564,62,3,2025-09-08,UPI,Delivered,7048.8,24
1609,4020,169,4,2025-05-03,Debit Card,Delivered,10384.64,
1610,2345,105,5,2026-03-19,UPI,Delivered,1164.9,9
1611,17551,199,2,2024-12-01,Debit Card,Delivered,34285.84,10
1612,17825,151,1,2026-01-26,Debit Card,Delivered,66380.3,
1613,4138,351,2,2025-04-27,Cash on Delivery,Delivered,1398.32,
1614,1550,160,1,2025-09-12,Debit Card,Delivered,94648.17,24
1615,9921,204,5,2026-04-06,Credit Card,Returned,9455.4,
1616,15938,164,2,2025-12-28,Credit Card,Delivered,427.68,
1617,14039,497,3,2026-03-27,Cash on Delivery,Delivered,29750.16,9
1618,10134,5,2,2025-08-03,Debit Card,Cancelled,1128.28,
1619,13156,284,2,2025-06-18,Net Banking,Delivered,930.16,16
1620,4423,359,3,2025-10-21,Net Banking,Delivered,12249.6,
1621,9463,218,5,2025-02-02,Credit Card,Delivered,153694.8,25
1622,6677,388,4,2025-06-13,Debit Card,Delivered,10130.56,16
1623,9003,108,4,2025-03-31,Net Banking,Delivered,2400.64,21
1624,4565,392,1,2024-11-14,Cash on Delivery,Cancelled,81376.53,19
1625,19759,78,2,2026-06-06,Debit Card,Delivered,20357.36,13
1626,3232,183,2,2024-07-25,Net Banking,Delivered,1362.24,14
1627,5676,251,5,2025-05-27,UPI,Delivered,538537.5,
1628,14321,203,2,2024-07-18,Debit Card,Delivered,1507.76,
1629,2925,33,1,2025-11-04,Net Banking,Delivered,3857.76,
1630,721,488,4,2025-06-18,Net Banking,Delivered,1305.6,16
1631,16119,403,3,2024-11-06,UPI,Cancelled,5566.23,19
1632,18867,410,2,2025-11-13,Net Banking,Cancelled,3238.3,8
1633,7658,199,3,2026-07-08,Credit Card,Delivered,51428.76,
1634,13429,359,5,2026-01-25,UPI,Delivered,20416.0,
1635,18950,185,2,2026-03-31,Net Banking,Delivered,924.0,
1636,19325,469,3,2025-03-14,Net Banking,Delivered,1529.04,21
1637,907,138,3,2026-07-02,UPI,Delivered,11928.87,
1638,15376,233,5,2025-11-06,Credit Card,Delivered,185500.3,8
1639,2419,84,1,2024-12-15,UPI,Delivered,7203.6,
1640,7845,451,5,2025-09-03,UPI,Delivered,386516.0,23
1641,19254,90,5,2025-05-03,Credit Card,Delivered,65370.8,
1642,9974,63,1,2026-03-01,Credit Card,Delivered,1538.32,9
1643,16768,278,5,2024-11-07,Credit Card,Delivered,21815.8,19
1644,5838,370,5,2025-03-17,Credit Card,Delivered,3590.55,21
1645,14459,275,2,2024-09-08,Net Banking,Delivered,166458.82,2
1646,16461,209,3,2025-05-28,Debit Card,Delivered,12088.23,
1647,2540,154,4,2025-07-28,Credit Card,Delivered,215020.8,
1648,19960,154,5,2025-06-02,UPI,Delivered,268776.0,
1649,12756,159,4,2024-11-29,Cash on Delivery,Delivered,693.88,10
1650,16796,381,5,2025-06-25,UPI,Delivered,1911.6,6
1651,12642,38,5,2025-10-13,Debit Card,Delivered,463469.3,
1652,1373,93,4,2026-06-14,Net Banking,Delivered,17003.96,13
1653,13302,90,3,2024-09-29,Net Banking,Delivered,39222.48,
1654,6834,271,1,2026-05-13,Debit Card,Cancelled,904.8,5
1655,8155,296,1,2025-03-10,Net Banking,Delivered,246.51,1
1656,4372,330,2,2026-01-07,UPI,Delivered,6528.28,
1657,15263,416,2,2024-12-01,Cash on Delivery,Returned,1744.64,10
1658,16896,321,2,2025-03-09,Debit Card,Delivered,1564.62,1
1659,11445,195,5,2024-12-06,Debit Card,Delivered,4365.8,10
1660,8805,436,3,2025-02-24,Debit Card,Delivered,31484.25,1
1661,709,270,4,2025-09-27,Debit Card,Delivered,1468.8,12
1662,7628,464,5,2024-07-21,Cash on Delivery,Delivered,2686.0,14
1663,13796,413,5,2024-09-27,UPI,Delivered,2275.2,
1664,18067,414,4,2025-01-20,Cash on Delivery,Delivered,9244.6,
1665,10354,387,3,2025-01-29,UPI,Delivered,21425.49,25
1666,6892,308,1,2025-02-04,UPI,Delivered,2208.56,25
1667,11298,322,3,2024-09-26,Net Banking,Returned,169797.84,
1668,9062,307,5,2024-10-16,Net Banking,Cancelled,12345.75,4
1669,14197,105,5,2025-07-04,UPI,Delivered,1164.9,3
1670,389,213,4,2025-04-08,Debit Card,Delivered,16800.0,
1671,10132,325,3,2024-11-03,Debit Card,Delivered,8981.88,19
1672,14731,65,2,2025-04-20,UPI,Delivered,988.68,
1673,16721,47,5,2024-07-28,Net Banking,Returned,278077.8,14
1674,5943,377,5,2024-12-13,Credit Card,Returned,1732.0,
1675,9927,76,4,2026-07-01,Cash on Delivery,Cancelled,7793.28,
1676,3972,236,5,2025-02-12,Net Banking,Delivered,14910.0,
1677,16714,444,3,2026-05-31,Cash on Delivery,Delivered,9069.84,13
1678,7008,413,5,2025-08-01,Net Banking,Delivered,2275.2,
1679,8246,112,3,2025-02-17,Net Banking,Delivered,281.94,
1680,14942,307,2,2025-03-21,Credit Card,Delivered,4938.3,21
1681,15131,442,3,2025-06-10,Credit Card,Delivered,1022.04,16
1682,14789,320,1,2025-03-09,Debit Card,Cancelled,1701.08,1
1683,18239,134,5,2025-10-31,Debit Card,Returned,14473.8,
1684,470,251,1,2025-12-24,Debit Card,Cancelled,107707.5,
1685,11362,73,3,2026-04-12,Cash on Delivery,Delivered,104920.02,
1686,11631,305,1,2026-02-08,UPI,Delivered,86884.96,
1687,4124,389,3,2025-05-01,Debit Card,Delivered,7481.88,
1688,13562,386,4,2024-12-30,Debit Card,Delivered,6804.2,
1689,5500,133,2,2025-07-04,Debit Card,Delivered,4015.84,3
1690,12424,268,4,2024-08-25,Credit Card,Cancelled,310260.16,2
1691,3384,4,5,2026-01-06,Cash on Delivery,Delivered,335095.9,
1692,17039,319,5,2026-03-28,UPI,Delivered,3594.9,9
1693,921,497,2,2025-07-22,UPI,Delivered,19833.44,
1694,5332,131,2,2026-07-12,Cash on Delivery,Cancelled,3656.6,
1695,18915,85,1,2026-01-09,Net Banking,Returned,976.5,
1696,6528,79,5,2025-11-30,Net Banking,Delivered,469630.6,8
1697,6231,439,4,2025-01-15,Cash on Delivery,Delivered,11297.0,
1698,2966,162,2,2025-06-20,Credit Card,Delivered,5186.94,3
1699,5089,332,1,2024-08-09,Cash on Delivery,Delivered,2605.5,18
1700,6051,180,3,2026-04-17,Debit Card,Cancelled,253770.84,
1701,19018,237,2,2025-05-09,Credit Card,Delivered,346.02,
1702,12992,243,2,2025-03-30,Credit Card,Delivered,1452.0,21
1703,13952,41,2,2025-12-02,Net Banking,Delivered,6870.24,
1704,13875,489,1,2025-01-28,Net Banking,Delivered,2093.92,
1705,14831,334,3,2026-06-25,Credit Card,Delivered,2233.8,17
1706,6899,298,5,2025-05-29,Cash on Delivery,Returned,310060.2,
1707,12909,484,2,2025-02-25,Credit Card,Delivered,218277.7,1
1708,11730,159,5,2024-10-31,Cash on Delivery,Delivered,867.35,19
1709,15752,230,2,2026-07-09,Debit Card,Delivered,36353.2,
1710,5122,77,2,2025-10-07,Debit Card,Returned,694.12,12
1711,7639,62,2,2024-12-18,Cash on Delivery,Delivered,4699.2,
1712,15570,186,4,2026-01-21,UPI,Returned,19398.6,
1713,9983,390,3,2025-04-13,Debit Card,Delivered,3142.26,
1714,14327,200,4,2026-06-13,Credit Card,Cancelled,1024.8,13
1715,6066,178,5,2025-02-25,Debit Card,Cancelled,3842.0,1
1716,3663,385,2,2025-04-03,UPI,Delivered,1749.8,21
1717,2940,410,2,2026-01-08,Cash on Delivery,Delivered,3238.3,
1718,16701,189,5,2025-04-12,Debit Card,Cancelled,714.0,
1719,14035,306,4,2024-08-29,UPI,Delivered,1645.6,2
1720,5845,235,4,2024-08-16,Net Banking,Delivered,3501.28,18
1721,11697,469,2,2025-08-07,Cash on Delivery,Delivered,1019.36,20
1722,18469,116,5,2025-07-30,Credit Card,Delivered,9428.0,
1723,15796,271,2,2026-07-03,Net Banking,Delivered,1809.6,
1724,3052,382,1,2026-06-18,Cash on Delivery,Delivered,5081.67,17
1725,1860,394,2,2025-04-07,Net Banking,Delivered,90331.5,
1726,2085,431,1,2025-09-06,Credit Card,Delivered,537.47,
1727,3558,27,4,2024-07-28,Cash on Delivery,Delivered,22012.32,14
1728,1668,58,4,2025-07-21,Debit Card,Delivered,12786.72,
1729,4151,100,3,2025-09-13,UPI,Returned,1357.92,24
1730,11378,307,5,2024-07-19,UPI,Delivered,12345.75,
1731,692,11,4,2025-06-18,Net Banking,Delivered,484174.8,16
1732,19898,339,1,2026-04-02,Debit Card,Delivered,62552.28,
1733,19531,52,2,2025-02-01,UPI,Returned,11740.48,25
1734,513,226,4,2025-11-17,Debit Card,Delivered,8585.44,8
1735,17681,92,5,2026-02-23,Cash on Delivery,Delivered,8652.0,
1736,15820,482,1,2025-09-26,Cash on Delivery,Delivered,41780.9,12
1737,19289,459,1,2024-11-09,Debit Card,Delivered,1112.97,19
1738,13500,122,4,2025-01-18,Net Banking,Delivered,55560.96,
1739,18988,286,5,2024-11-07,Net Banking,Delivered,355799.2,19
1740,8668,440,5,2025-09-29,Cash on Delivery,Delivered,53564.9,12
1741,5348,245,5,2024-12-27,Debit Card,Delivered,9545.95,
1742,19810,206,1,2025-03-09,Credit Card,Delivered,2284.36,1
1743,10199,473,2,2025-09-08,Credit Card,Delivered,74485.86,24
1744,12760,445,2,2026-06-01,Debit Card,Delivered,6920.64,13
1745,3301,66,3,2025-02-12,Cash on Delivery,Delivered,1922.1,
1746,12914,106,2,2025-10-10,Cash on Delivery,Cancelled,11589.88,
1747,13250,256,2,2024-10-18,UPI,Delivered,797.28,4
1748,17170,249,4,2025-01-05,UPI,Delivered,16484.0,
1749,3364,114,4,2025-03-04,Debit Card,Delivered,45214.4,1
1750,10284,474,1,2026-03-05,Cash on Delivery,Delivered,94306.44,9
1751,6497,497,2,2024-11-06,Debit Card,Cancelled,19833.44,19
1752,2145,486,2,2025-03-26,Cash on Delivery,Delivered,7485.66,21
1753,6357,208,4,2025-09-18,UPI,Cancelled,2912.64,12
1754,14293,430,1,2024-10-30,UPI,Delivered,10668.41,
1755,7963,429,1,2026-03-02,UPI,Delivered,111284.93,9
1756,3186,366,2,2025-08-29,UPI,Delivered,90407.58,23
1757,15834,183,2,2025-11-26,Credit Card,Delivered,1362.24,8
1758,19703,44,2,2025-09-10,Credit Card,Delivered,2495.72,24
1759,3303,407,3,2025-12-30,Credit Card,Delivered,10185.12,
1760,13504,174,4,2024-12-18,Debit Card,Delivered,65942.88,
1761,11804,282,2,2025-06-09,Net Banking,Delivered,660.0,
1762,10033,378,4,2025-12-09,UPI,Delivered,9139.6,22
1763,4266,2,4,2025-04-19,Net Banking,Delivered,85129.2,
1764,7612,239,1,2026-05-12,Credit Card,Delivered,3832.53,7
1765,16179,264,4,2025-04-05,Credit Card,Returned,3004.8,
1766,13206,431,2,2026-03-01,Debit Card,Delivered,1074.94,9
1767,7936,359,5,2024-09-16,Net Banking,Delivered,20416.0,
1768,5959,236,2,2024-09-13,Credit Card,Cancelled,5964.0,
1769,3122,63,2,2025-09-15,Debit Card,Returned,3076.64,24
1770,5592,473,3,2026-01-08,Credit Card,Delivered,111728.79,
1771,13339,188,1,2026-05-22,Cash on Delivery,Delivered,4102.2,7
1772,4644,299,1,2024-11-30,Net Banking,Delivered,81536.9,10
1773,15811,204,5,2024-11-03,UPI,Delivered,9455.4,19
1774,6533,74,3,2025-11-25,UPI,Delivered,22813.47,8
1775,18437,84,1,2025-11-30,Net Banking,Delivered,7203.6,8
1776,16763,148,1,2024-10-27,Cash on Delivery,Delivered,1587.52,
1777,17548,374,4,2025-01-27,Debit Card,Delivered,2507.76,
1778,18967,235,3,2025-06-29,Cash on Delivery,Returned,2625.96,3
1779,12812,73,3,2024-09-27,UPI,Delivered,104920.02,
1780,2911,236,2,2025-10-28,Credit Card,Delivered,5964.0,
1781,4407,42,5,2025-04-14,Credit Card,Returned,364655.25,
1782,16172,56,2,2025-01-03,Debit Card,Delivered,1446.12,
1783,7672,301,3,2025-01-31,Credit Card,Delivered,5433.45,25
1784,2008,360,5,2024-10-30,Debit Card,Delivered,5303.8,
1785,15455,52,1,2025-01-02,Debit Card,Delivered,5870.24,
1786,5892,352,5,2025-04-23,UPI,Delivered,75631.65,
1787,14268,463,4,2025-05-08,Debit Card,Returned,2068.56,
1788,8683,348,4,2025-04-27,UPI,Delivered,233681.0,
1789,6224,374,4,2025-07-01,Net Banking,Delivered,2507.76,3
1790,10032,384,2,2026-01-13,Debit Card,Delivered,1345.4,
1791,11289,74,5,2025-09-06,Net Banking,Delivered,38022.45,
1792,8181,367,5,2025-08-08,Credit Card,Returned,5923.7,20
1793,13504,429,5,2025-10-18,Net Banking,Delivered,556424.65,
1794,13056,240,5,2024-10-05,Cash on Delivery,Delivered,3477.6,4
1795,3600,230,5,2025-11-30,UPI,Delivered,90883.0,8
1796,11427,171,2,2026-04-22,Net Banking,Delivered,12573.6,
1797,8865,201,5,2025-12-29,Cash on Delivery,Delivered,30166.8,
1798,15065,476,1,2026-06-28,UPI,Delivered,2629.75,17
1799,2476,34,3,2025-04-14,Net Banking,Delivered,3662.01,
1800,19016,188,3,2025-06-05,Credit Card,Delivered,12306.6,
1801,15766,104,5,2024-09-20,Debit Card,Delivered,16572.3,
1802,15245,171,2,2025-08-07,Cash on Delivery,Delivered,12573.6,20
1803,18086,429,5,2025-03-06,UPI,Returned,556424.65,1
1804,15497,17,2,2025-05-27,Credit Card,Delivered,65478.6,
1805,12021,311,3,2025-04-09,UPI,Delivered,704.7,
1806,1725,454,4,2025-02-13,Net Banking,Delivered,162076.8,
1807,2828,71,4,2026-02-01,Cash on Delivery,Delivered,1992.6,
1808,16706,30,4,2025-10-18,Credit Card,Cancelled,26877.0,
1809,8908,403,2,2024-08-29,UPI,Delivered,3710.82,2
1810,12834,151,4,2026-01-01,Cash on Delivery,Delivered,265521.2,
1811,8690,268,5,2025-02-15,Net Banking,Delivered,387825.2,
1812,10009,298,1,2024-12-18,Credit Card,Delivered,62012.04,
1813,8687,177,5,2026-04-19,Net Banking,Delivered,4904.4,
1814,16096,188,1,2025-03-24,Net Banking,Delivered,4102.2,21
1815,2013,172,1,2024-09-05,UPI,Delivered,49096.8,2
1816,18050,3,3,2025-03-22,UPI,Delivered,1850.55,15
1817,4106,378,1,2025-03-11,Credit Card,Delivered,2284.9,1
1818,8113,444,1,2025-02-25,Net Banking,Delivered,3023.28,1
1819,16667,212,1,2025-08-13,Cash on Delivery,Cancelled,296.4,20
1820,12777,142,1,2025-09-26,Credit Card,Cancelled,2507.92,12
1821,12311,18,4,2026-06-11,Net Banking,Delivered,2191.44,13
1822,18607,120,5,2025-04-06,Net Banking,Delivered,3752.75,
1823,2963,256,1,2026-05-05,Debit Card,Cancelled,398.64,7
1824,17787,79,1,2026-05-18,Debit Card,Delivered,93926.12,7
1825,8021,482,1,2025-12-29,Cash on Delivery,Delivered,41780.9,
1826,8938,356,4,2026-06-15,Debit Card,Cancelled,2133.12,13
1827,10616,216,5,2026-01-01,Net Banking,Delivered,6609.2,
1828,18558,300,3,2026-02-24,Cash on Delivery,Delivered,1258.95,
1829,10232,132,2,2025-02-01,UPI,Delivered,2858.52,25
1830,16262,416,2,2026-01-25,Credit Card,Delivered,1744.64,
1831,2490,291,5,2024-08-27,Debit Card,Delivered,26669.5,2
1832,17155,423,3,2026-05-16,Credit Card,Delivered,11385.99,7
1833,1212,173,3,2025-06-17,Credit Card,Delivered,371.7,16
1834,12410,222,5,2025-01-21,Net Banking,Delivered,25240.5,
1835,14556,323,3,2026-03-30,UPI,Returned,1586.85,
1836,16675,75,2,2024-12-21,Credit Card,Delivered,1597.12,
1837,18263,423,4,2025-05-04,Credit Card,Delivered,15181.32,
1838,1703,377,5,2025-07-13,Credit Card,Delivered,1732.0,3
1839,1494,464,2,2026-04-11,Debit Card,Delivered,1074.4,
1840,17606,139,5,2025-04-09,Debit Card,Delivered,10863.6,
1841,18628,99,4,2025-12-06,Debit Card,Delivered,11038.24,22
1842,18939,319,5,2025-09-26,Credit Card,Delivered,3594.9,12
1843,4711,147,1,2025-04-13,Net Banking,Delivered,349.77,
1844,19928,147,2,2026-06-22,Credit Card,Delivered,699.54,13
1845,9093,60,2,2025-11-18,Cash on Delivery,Cancelled,4150.0,8
1846,16710,54,3,2025-10-09,Debit Card,Delivered,3825.0,12
1847,14318,295,2,2025-10-14,Cash on Delivery,Delivered,17941.28,
1848,14804,147,2,2025-06-06,Credit Card,Delivered,699.54,
1849,18079,426,2,2025-10-13,Net Banking,Delivered,46201.76,
1850,3010,422,1,2024-11-15,Credit Card,Delivered,3100.17,19
1851,10541,260,1,2025-08-08,Cash on Delivery,Delivered,466.94,20
1852,1465,428,4,2025-04-05,Debit Card,Returned,170948.96,
1853,5295,48,1,2025-07-24,Net Banking,Delivered,172.48,
1854,15519,488,2,2024-10-31,Cash on Delivery,Delivered,652.8,19
1855,8361,409,3,2025-04-25,UPI,Delivered,5367.6,
1856,4761,448,5,2026-06-15,Cash on Delivery,Returned,3468.35,17
1857,13722,135,4,2026-04-24,Net Banking,Delivered,275463.52,
1858,11946,345,1,2024-09-02,Cash on Delivery,Delivered,4291.1,2
1859,8091,481,3,2024-10-10,Cash on Delivery,Delivered,1842.75,4
1860,10940,190,1,2025-10-22,Cash on Delivery,Cancelled,4209.7,
1861,9459,108,4,2024-11-23,Cash on Delivery,Delivered,2400.64,10
1862,627,341,3,2025-06-19,Net Banking,Delivered,315481.98,3
1863,12875,408,3,2026-06-12,UPI,Cancelled,503.01,13
1864,13331,101,4,2024-10-25,Credit Card,Delivered,21033.04,
1865,11260,229,5,2025-01-27,Cash on Delivery,Delivered,2178.0,
1866,4935,335,5,2026-02-06,Credit Card,Cancelled,9458.1,
1867,2670,221,4,2024-09-11,Debit Card,Delivered,5678.4,2
1868,19684,408,2,2026-07-17,Debit Card,Delivered,335.34,
1869,13252,356,1,2025-04-22,Cash on Delivery,Delivered,533.28,
1870,9656,280,2,2026-02-03,Credit Card,Delivered,1362.86,
1871,13927,219,3,2025-12-03,Credit Card,Delivered,226491.12,22
1872,4270,156,3,2025-09-28,UPI,Delivered,89260.2,12
1873,8290,12,5,2025-03-07,Cash on Delivery,Delivered,25740.0,1
1874,10902,331,3,2024-10-15,Credit Card,Delivered,80572.32,4
1875,19802,212,5,2026-04-09,Cash on Delivery,Delivered,1482.0,
1876,6227,113,2,2025-07-09,Debit Card,Delivered,1147.62,3
1877,5958,58,4,2025-02-22,UPI,Delivered,12786.72,
1878,17566,375,4,2024-12-17,Cash on Delivery,Delivered,416.64,
1879,1755,402,4,2025-12-09,Net Banking,Delivered,4002.0,22
1880,1916,360,3,2026-06-03,Cash on Delivery,Delivered,3182.28,13
1881,1870,246,4,2025-06-03,Net Banking,Returned,178182.48,
1882,7912,35,4,2025-11-04,Cash on Delivery,Delivered,5802.72,
1883,2179,271,4,2025-06-29,Cash on Delivery,Delivered,3619.2,11
1884,16553,102,3,2024-10-08,UPI,Delivered,7146.3,4
1885,3024,262,4,2025-06-05,UPI,Delivered,1415.04,
1886,17181,314,1,2024-07-25,Cash on Delivery,Delivered,2495.7,14
1887,2395,160,4,2026-01-18,UPI,Delivered,378592.68,
1888,10593,474,2,2024-07-30,Net Banking,Delivered,188612.88,14
1889,10614,339,3,2025-09-02,Debit Card,Delivered,187656.84,23
1890,10303,57,3,2025-12-20,Net Banking,Delivered,14378.31,
1891,11668,304,1,2026-01-24,Debit Card,Delivered,99427.38,
1892,3836,59,1,2024-08-29,Debit Card,Delivered,815.32,2
1893,6190,47,2,2024-12-22,Cash on Delivery,Delivered,111231.12,
1894,19244,366,1,2025-07-01,Debit Card,Delivered,45203.79,3
1895,2663,382,1,2026-07-01,Cash on Delivery,Delivered,5081.67,
1896,9462,68,1,2025-03-19,Credit Card,Returned,561.0,21
1897,1019,329,2,2026-03-19,Credit Card,Delivered,5294.38,9
1898,994,190,5,2026-06-22,UPI,Delivered,21048.5,17
1899,19808,444,1,2025-06-14,UPI,Delivered,3023.28,16
1900,13681,300,1,2025-12-02,UPI,Delivered,419.65,
1901,1808,256,3,2024-08-28,UPI,Delivered,1195.92,2
1902,736,232,3,2026-04-15,Credit Card,Returned,165316.74,
1903,4375,384,1,2024-11-16,Net Banking,Delivered,672.7,19
1904,8216,153,3,2026-05-31,Cash on Delivery,Delivered,101965.5,13
1905,8827,61,5,2025-09-18,UPI,Delivered,6507.6,12
1906,15604,228,4,2024-12-07,Credit Card,Delivered,43712.64,10
1907,17656,111,3,2024-08-01,UPI,Cancelled,206013.48,14
1908,19380,311,2,2024-08-07,Net Banking,Delivered,469.8,18
1909,8570,355,3,2026-06-28,Debit Card,Delivered,1041.6,17
1910,2819,116,3,2026-06-17,Net Banking,Delivered,5656.8,13
1911,7190,186,5,2026-06-16,Credit Card,Delivered,24248.25,17
1912,634,405,4,2024-08-15,Net Banking,Returned,3345.6,18
1913,4834,40,2,2025-11-04,Debit Card,Returned,2992.8,
1914,7131,292,3,2026-05-28,Debit Card,Cancelled,86287.29,7
1915,13972,260,2,2026-05-06,Credit Card,Delivered,933.88,7
1916,8838,59,3,2026-01-28,UPI,Delivered,2445.96,
1917,16778,383,1,2026-01-15,Net Banking,Delivered,5554.9,
1918,6156,286,1,2026-06-11,Credit Card,Delivered,71159.84,13
1919,12590,317,5,2025-05-28,Debit Card,Delivered,17177.6,
1920,10886,277,4,2026-06-20,Net Banking,Cancelled,199365.8,17
1921,1781,160,4,2026-03-24,UPI,Delivered,378592.68,9
1922,12727,27,1,2024-08-31,Credit Card,Cancelled,5503.08,2
1923,19295,490,4,2025-03-19,Credit Card,Cancelled,3089.36,15
1924,4945,420,4,2025-01-03,Debit Card,Delivered,3837.68,
1925,17585,18,3,2024-09-20,Net Banking,Delivered,1643.58,
1926,8279,104,2,2025-10-05,UPI,Delivered,6628.92,12
1927,7864,310,4,2026-06-08,Net Banking,Cancelled,4648.0,13
1928,11999,237,1,2025-01-26,UPI,Delivered,173.01,
1929,8225,196,2,2025-04-29,Debit Card,Delivered,3779.82,
1930,13189,358,3,2026-06-15,Credit Card,Delivered,21390.0,13
1931,11942,174,5,2024-09-10,Credit Card,Returned,82428.6,2
1932,10647,99,4,2025-08-15,Credit Card,Delivered,11038.24,20
1933,14493,496,5,2025-05-11,Net Banking,Delivered,7405.2,
1934,6685,159,4,2025-11-07,Debit Card,Delivered,693.88,8
1935,6403,166,4,2025-08-24,Credit Card,Cancelled,16942.56,20
1936,5072,362,3,2025-11-06,UPI,Delivered,6835.2,8
1937,15557,449,1,2024-10-15,Debit Card,Returned,823.65,4
1938,6978,79,4,2025-02-08,Credit Card,Delivered,375704.48,25
1939,1867,324,4,2024-07-31,UPI,Delivered,6642.64,14
1940,15093,304,5,2025-11-07,Cash on Delivery,Delivered,497136.9,8
1941,2859,26,4,2026-02-19,Net Banking,Returned,437581.76,
1942,13364,413,3,2025-06-26,Debit Card,Delivered,1365.12,11
1943,18766,379,4,2024-11-18,Cash on Delivery,Delivered,1900.36,19
1944,15020,418,3,2026-03-17,Credit Card,Delivered,38697.75,9
1945,15424,227,3,2026-05-09,UPI,Delivered,2198.25,5
1946,4706,69,2,2024-07-28,Credit Card,Delivered,1153.2,14
1947,5497,482,3,2026-03-05,Net Banking,Delivered,125342.7,9
1948,11576,156,5,2025-07-12,Debit Card,Delivered,148767.0,3
1949,109,76,4,2025-11-14,Cash on Delivery,Delivered,7793.28,8
1950,13973,470,4,2025-03-18,Credit Card,Delivered,10366.4,21
1951,17210,116,4,2026-04-26,Debit Card,Cancelled,7542.4,
1952,19807,38,3,2025-08-07,UPI,Delivered,278081.58,20
1953,14411,73,3,2025-01-27,UPI,Delivered,104920.02,
1954,13096,333,4,2025-03-20,Debit Card,Delivered,27110.72,15
1955,357,417,1,2024-10-31,Net Banking,Delivered,978.75,19
1956,17220,417,3,2024-08-30,Debit Card,Cancelled,2936.25,2
1957,15446,57,1,2026-04-03,Debit Card,Cancelled,4792.77,
1958,4518,313,5,2024-11-12,Net Banking,Delivered,278592.5,19
1959,10427,362,2,2024-11-04,Credit Card,Cancelled,4556.8,19
1960,10791,142,2,2025-08-10,Cash on Delivery,Cancelled,5015.84,20
1961,4699,413,2,2024-08-14,Debit Card,Cancelled,910.08,18
1962,18288,452,4,2025-07-19,Cash on Delivery,Delivered,16474.16,
1963,472,100,4,2025-01-21,Debit Card,Delivered,1810.56,
1964,960,76,5,2024-09-08,Net Banking,Delivered,9741.6,2
1965,11610,466,2,2026-02-01,Cash on Delivery,Delivered,671.84,
1966,5166,24,5,2025-11-09,Debit Card,Delivered,14437.8,8
1967,13522,300,4,2025-05-02,UPI,Cancelled,1678.6,
1968,2302,363,4,2024-10-16,Debit Card,Delivered,1818.84,4
1969,11000,310,4,2025-08-13,Cash on Delivery,Delivered,4648.0,20
1970,3105,130,4,2024-10-17,Debit Card,Delivered,3320.0,4
1971,6085,233,5,2024-10-27,Cash on Delivery,Delivered,185500.3,
1972,16002,360,1,2026-03-25,Debit Card,Delivered,1060.76,9
1973,2111,134,4,2026-06-05,UPI,Delivered,11579.04,13
1974,16206,81,5,2025-10-18,UPI,Delivered,1709.1,
1975,14499,135,3,2025-12-27,Credit Card,Delivered,206597.64,
1976,1265,473,5,2025-01-16,Credit Card,Delivered,186214.65,
1977,15482,360,1,2024-08-24,UPI,Delivered,1060.76,18
1978,16732,318,4,2024-09-10,Net Banking,Delivered,436718.32,2
1979,9235,138,4,2025-01-23,Net Banking,Delivered,15905.16,
1980,8192,445,2,2025-10-25,Debit Card,Delivered,6920.64,
1981,1589,251,2,2025-03-18,UPI,Delivered,215415.0,15
1982,12467,167,4,2025-01-31,Credit Card,Delivered,6847.4,25
1983,4077,385,1,2025-01-01,Debit Card,Delivered,874.9,
1984,4446,178,4,2025-12-11,Debit Card,Delivered,3073.6,22
1985,18612,213,1,2025-08-31,Credit Card,Returned,4200.0,23
1986,2747,394,1,2025-11-17,Credit Card,Delivered,45165.75,8
1987,13073,488,1,2025-11-18,Cash on Delivery,Delivered,326.4,8
1988,4675,243,2,2025-10-26,Cash on Delivery,Delivered,1452.0,
1989,1669,299,1,2024-09-15,Cash on Delivery,Delivered,81536.9,
1990,13928,39,5,2025-05-19,Net Banking,Delivered,3586.8,
1991,17954,394,2,2025-03-05,Net Banking,Delivered,90331.5,1
1992,8748,498,1,2025-06-19,Credit Card,Delivered,728.16,3
1993,846,166,1,2024-11-07,UPI,Delivered,4235.64,19
1994,14540,314,4,2026-05-22,Net Banking,Delivered,9982.8,7
1995,9254,243,3,2026-05-13,Cash on Delivery,Delivered,2178.0,7
1996,10886,459,1,2025-04-03,Cash on Delivery,Delivered,1112.97,21
1997,17425,493,2,2025-11-05,UPI,Delivered,1362.2,8
1998,10671,25,2,2026-04-05,Debit Card,Returned,313.26,
1999,10718,253,5,2025-03-24,Net Banking,Returned,2411.1,15
2000,9813,321,2,2025-02-27,UPI,Delivered,1564.62,1
2001,10258,409,5,2025-05-11,Credit Card,Delivered,8946.0,
2002,91,454,2,2025-12-17,Net Banking,Delivered,81038.4,
2003,7712,19,3,2024-09-30,Credit Card,Delivered,32665.32,
2004,3718,79,1,2024-11-26,Debit Card,Delivered,93926.12,10
2005,120,86,5,2026-03-11,Debit Card,Returned,17384.55,9
2006,845,387,1,2025-10-25,Credit Card,Delivered,7141.83,
2007,11724,211,2,2026-03-27,Debit Card,Delivered,244650.28,9
2008,187,359,3,2026-03-11,Net Banking,Delivered,12249.6,9
2009,949,48,4,2025-08-03,UPI,Delivered,689.92,
2010,5787,279,3,2025-05-30,Net Banking,Cancelled,172.26,
2011,19966,36,2,2025-09-16,Credit Card,Delivered,85605.8,24
2012,2522,131,3,2024-09-23,Debit Card,Delivered,5484.9,
2013,15277,405,5,2025-08-07,Debit Card,Delivered,4182.0,20
2014,5717,352,4,2025-01-06,UPI,Delivered,60505.32,
2015,9585,377,2,2025-06-10,Cash on Delivery,Delivered,692.8,16
2016,3364,125,3,2025-01-28,UPI,Delivered,13305.24,
2017,16953,100,4,2024-09-17,Credit Card,Delivered,1810.56,
2018,194,352,3,2026-06-03,Net Banking,Delivered,45378.99,13
2019,2989,270,3,2026-05-30,Cash on Delivery,Delivered,1101.6,13
2020,14005,80,5,2026-05-17,Cash on Delivery,Delivered,10957.5,7
2021,14376,354,3,2024-08-26,Net Banking,Delivered,1633.05,2
2022,1527,355,2,2025-03-20,UPI,Delivered,694.4,15
2023,16071,408,5,2025-05-21,Credit Card,Delivered,838.35,
2024,6309,185,5,2025-12-15,Net Banking,Cancelled,2310.0,
2025,14005,89,2,2025-11-24,Net Banking,Delivered,211390.24,8
2026,795,117,2,2024-10-03,UPI,Cancelled,1079.0,
2027,11807,414,4,2026-07-11,UPI,Cancelled,9244.6,
2028,11798,260,3,2025-07-03,Credit Card,Delivered,1400.82,11
2029,14487,486,4,2026-07-03,Debit Card,Delivered,14971.32,
2030,6667,236,4,2026-01-07,Credit Card,Delivered,11928.0,
2031,445,400,3,2025-06-17,Debit Card,Delivered,3510.0,16
2032,17482,406,3,2024-09-27,Debit Card,Returned,340409.52,
2033,5261,81,5,2025-07-31,Debit Card,Delivered,1709.1,
2034,1690,55,1,2025-05-10,Cash on Delivery,Delivered,792.65,
2035,16508,221,5,2025-10-16,Cash on Delivery,Delivered,7098.0,
2036,2237,308,5,2025-10-02,UPI,Delivered,11042.8,12
2037,15989,79,1,2025-01-02,UPI,Delivered,93926.12,
2038,18785,10,4,2025-08-06,Credit Card,Delivered,30688.68,20
2039,2526,357,1,2025-12-28,UPI,Delivered,7970.45,
2040,5460,174,4,2025-05-17,Credit Card,Delivered,65942.88,
2041,4178,63,5,2026-03-04,Cash on Delivery,Delivered,7691.6,9
2042,13606,80,3,2025-01-13,UPI,Delivered,6574.5,
2043,12659,219,5,2025-10-08,UPI,Delivered,377485.2,12
2044,12731,393,1,2025-01-06,Net Banking,Cancelled,287.28,
2045,6592,237,1,2025-03-09,Cash on Delivery,Cancelled,173.01,1
2046,1365,127,2,2024-07-31,Cash on Delivery,Cancelled,224583.24,14
2047,15026,337,1,2025-01-20,Credit Card,Delivered,71606.6,
2048,7263,79,3,2025-08-14,UPI,Delivered,281778.36,20
2049,1567,342,5,2026-07-16,Cash on Delivery,Delivered,3036.0,
2050,1943,16,1,2025-03-05,Credit Card,Delivered,1065.8,1
2051,13345,449,3,2025-02-21,Net Banking,Delivered,2470.95,
2052,11200,322,2,2026-05-27,Cash on Delivery,Cancelled,113198.56,7
2053,5023,433,3,2026-05-01,Credit Card,Delivered,2276.64,7
2054,6720,37,3,2026-03-02,Net Banking,Cancelled,12186.45,9
2055,10699,496,5,2025-03-26,Cash on Delivery,Delivered,7405.2,21
2056,11474,274,1,2024-08-24,Debit Card,Delivered,3032.55,18
2057,2627,381,1,2024-08-19,Debit Card,Delivered,382.32,18
2058,17008,459,2,2025-04-07,Cash on Delivery,Delivered,2225.94,
2059,5691,394,2,2026-07-03,Credit Card,Delivered,90331.5,
2060,18571,147,1,2026-03-31,Credit Card,Delivered,349.77,
2061,14007,115,1,2026-05-25,Cash on Delivery,Delivered,2346.41,7
2062,13082,492,5,2024-12-27,Net Banking,Returned,7999.0,
2063,13315,342,2,2024-09-15,Credit Card,Delivered,1214.4,
2064,4684,82,4,2024-10-15,Credit Card,Delivered,15635.16,4
2065,12437,304,3,2024-10-12,Net Banking,Delivered,298282.14,4
2066,6840,359,1,2025-05-31,Cash on Delivery,Delivered,4083.2,
2067,4473,78,2,2025-03-18,Net Banking,Delivered,20357.36,15
2068,9308,20,3,2025-09-14,Net Banking,Delivered,10264.32,24
2069,9640,184,4,2025-03-20,Credit Card,Cancelled,11787.6,21
2070,15427,88,5,2025-12-10,Cash on Delivery,Delivered,1638.3,22
2071,15813,294,2,2025-11-29,Debit Card,Delivered,845.28,8
2072,7573,339,2,2025-09-19,UPI,Returned,125104.56,12
2073,10856,220,3,2026-02-01,Debit Card,Delivered,5561.55,
2074,12337,334,4,2024-09-07,Cash on Delivery,Delivered,2978.4,2
2075,16889,253,3,2025-03-13,Cash on Delivery,Returned,1446.66,1
2076,18983,327,2,2024-08-07,Debit Card,Delivered,13272.48,14
2077,2900,179,2,2026-06-12,Debit Card,Cancelled,1050.32,13
2078,6965,257,1,2024-07-22,Net Banking,Returned,3844.04,14
2079,6501,241,5,2025-03-17,UPI,Delivered,3112.5,15
2080,13558,56,4,2026-04-15,Net Banking,Delivered,2892.24,
2081,5826,302,1,2026-01-14,Cash on Delivery,Delivered,9527.7,
2082,10686,136,5,2024-09-29,Net Banking,Delivered,497398.0,
2083,14630,498,3,2025-06-30,UPI,Delivered,2184.48,3
2084,2246,302,3,2024-09-03,UPI,Delivered,28583.1,2
2085,13784,307,2,2025-02-23,Credit Card,Delivered,4938.3,
2086,8306,345,4,2024-11-14,Debit Card,Delivered,17164.4,19
2087,2330,110,3,2026-01-19,UPI,Cancelled,3819.0,
2088,4481,432,4,2026-03-30,UPI,Delivered,5155.92,
2089,16542,387,2,2026-03-17,UPI,Delivered,14283.66,9
2090,7675,250,3,2026-03-21,Debit Card,Delivered,2020.2,9
2091,5227,204,3,2025-10-12,UPI,Delivered,5673.24,
2092,10024,387,4,2025-02-06,UPI,Returned,28567.32,25
2093,18689,252,2,2026-06-12,Debit Card,Cancelled,6936.0,13
2094,6863,157,5,2026-03-17,Cash on Delivery,Delivered,51159.8,9
2095,8254,262,2,2025-03-03,Cash on Delivery,Delivered,707.52,1
2096,19204,26,1,2026-01-30,Cash on Delivery,Delivered,109395.44,
2097,19275,476,4,2025-03-01,Net Banking,Returned,10519.0,1
2098,16910,364,3,2024-10-10,Cash on Delivery,Delivered,2965.2,4
2099,5657,325,5,2025-03-13,Cash on Delivery,Delivered,14969.8,21
2100,11641,429,5,2025-07-02,Credit Card,Returned,556424.65,11
2101,17919,158,5,2025-09-23,Credit Card,Delivered,2863.8,12
2102,8837,181,4,2026-02-26,Net Banking,Delivered,10860.16,
2103,3906,325,1,2025-07-04,Credit Card,Returned,2993.96,3
2104,10997,420,2,2026-01-28,Debit Card,Cancelled,1918.84,
2105,696,286,5,2026-03-20,Net Banking,Delivered,355799.2,9
2106,6940,16,4,2025-01-09,Debit Card,Delivered,4263.2,
2107,12425,199,1,2026-02-15,Net Banking,Delivered,17142.92,
2108,13732,460,3,2024-10-17,UPI,Delivered,3256.2,4
2109,6441,410,5,2024-12-04,Net Banking,Delivered,8095.75,10
2110,6658,415,3,2025-04-01,UPI,Delivered,3294.27,21
2111,3271,106,3,2025-12-26,UPI,Delivered,17384.82,
2112,16819,108,4,2025-09-04,Cash on Delivery,Delivered,2400.64,23
2113,19498,323,1,2025-04-23,UPI,Delivered,528.95,
2114,16892,54,1,2025-06-03,Net Banking,Delivered,1275.0,
2115,1587,416,4,2025-07-23,UPI,Delivered,3489.28,
2116,146,314,3,2026-05-30,Net Banking,Delivered,7487.1,13
2117,11526,65,1,2025-09-02,Cash on Delivery,Delivered,494.34,23
2118,17745,189,4,2026-01-08,Credit Card,Cancelled,571.2,
2119,15136,329,3,2025-08-08,Net Banking,Delivered,7941.57,20
2120,5004,218,4,2026-01-27,Credit Card,Delivered,122955.84,
2121,7660,423,3,2025-05-24,UPI,Cancelled,11385.99,
2122,11488,197,3,2025-11-14,Net Banking,Delivered,10267.5,8
2123,6847,239,2,2025-09-06,UPI,Returned,7665.06,
2124,5061,218,5,2026-05-31,Credit Card,Returned,153694.8,13
2125,12627,166,2,2025-06-04,Debit Card,Delivered,8471.28,
2126,4901,353,1,2025-06-29,UPI,Delivered,209.95,11
2127,17676,173,5,2026-01-03,Debit Card,Cancelled,619.5,
2128,2631,66,1,2025-07-08,Net Banking,Delivered,640.7,3
2129,8964,243,5,2025-02-13,Cash on Delivery,Delivered,3630.0,
2130,1631,231,3,2025-11-13,Net Banking,Delivered,214526.34,8
2131,6826,230,1,2024-11-26,UPI,Cancelled,18176.6,10
2132,9783,166,1,2024-08-27,Debit Card,Delivered,4235.64,2
2133,15905,32,1,2024-08-31,Credit Card,Delivered,302.84,2
2134,6463,37,2,2026-03-03,Cash on Delivery,Cancelled,8124.3,9
2135,3837,491,3,2026-04-05,Net Banking,Cancelled,804.3,
2136,665,79,2,2024-11-14,UPI,Delivered,187852.24,19
2137,13753,63,1,2025-05-07,UPI,Cancelled,1538.32,
2138,9684,265,4,2026-02-27,Net Banking,Delivered,12546.0,
2139,5955,261,2,2024-09-01,Net Banking,Delivered,2898.2,2
2140,1234,329,2,2025-01-01,Net Banking,Delivered,5294.38,
2141,12482,314,3,2026-06-21,Debit Card,Delivered,7487.1,13
2142,8726,497,5,2025-05-31,Cash on Delivery,Delivered,49583.6,
2143,18327,422,4,2026-06-24,Cash on Delivery,Delivered,12400.68,13
2144,14584,86,1,2025-12-16,Credit Card,Delivered,3476.91,
2145,11743,269,3,2026-02-17,Cash on Delivery,Delivered,499.59,
2146,2434,254,1,2024-12-09,UPI,Delivered,200.76,10
2147,1794,85,2,2026-02-07,Debit Card,Delivered,1953.0,
2148,191,68,2,2024-09-08,Cash on Delivery,Delivered,1122.0,2
2149,11863,292,1,2025-04-20,Net Banking,Delivered,28762.43,
2150,890,243,2,2026-02-08,Credit Card,Delivered,1452.0,
2151,2798,397,4,2026-07-05,Debit Card,Returned,6542.64,
2152,19631,368,1,2024-12-11,UPI,Delivered,668.0,
2153,9686,196,4,2025-02-20,Cash on Delivery,Delivered,7559.64,
2154,15883,76,2,2025-12-10,Net Banking,Cancelled,3896.64,22
2155,12565,487,5,2024-10-12,Cash on Delivery,Delivered,4736.9,4
2156,4873,98,2,2024-10-23,Net Banking,Delivered,76084.8,4
2157,10841,147,5,2025-09-08,UPI,Delivered,1748.85,24
2158,5792,496,2,2024-09-03,Cash on Delivery,Delivered,2962.08,2
2159,1073,166,5,2025-10-15,Credit Card,Delivered,21178.2,
2160,19541,231,5,2025-08-26,UPI,Cancelled,357543.9,20
2161,18716,21,2,2025-08-10,Cash on Delivery,Cancelled,57922.2,20
2162,18505,53,1,2026-01-10,Credit Card,Delivered,25682.58,
2163,18117,431,1,2024-07-22,Debit Card,Returned,537.47,14
2164,13156,485,2,2026-02-02,Debit Card,Delivered,599.2,
2165,1077,490,5,2025-06-16,Debit Card,Delivered,3861.7,16
2166,76,101,3,2026-05-05,Credit Card,Delivered,15774.78,7
2167,12070,121,1,2025-01-05,Credit Card,Delivered,295.4,
2168,11575,194,5,2024-09-05,Credit Card,Returned,11052.0,2
2169,17755,295,5,2025-09-26,Credit Card,Delivered,44853.2,12
2170,10639,192,3,2025-08-04,Debit Card,Delivered,202541.22,
2171,18378,102,4,2026-01-08,UPI,Delivered,9528.4,
2172,19621,353,3,2026-02-17,Credit Card,Delivered,629.85,
2173,7127,267,2,2026-02-21,UPI,Delivered,8527.2,
2174,16481,135,3,2026-06-30,Cash on Delivery,Delivered,206597.64,
2175,15709,5,3,2025-02-24,Credit Card,Delivered,1692.42,1
2176,8834,312,3,2025-07-25,Debit Card,Delivered,6724.41,
2177,9796,132,5,2025-08-08,Credit Card,Delivered,7146.3,20
2178,13245,280,1,2025-09-02,Net Banking,Returned,681.43,23
2179,14838,140,1,2024-09-03,UPI,Delivered,519.65,2
2180,10772,69,1,2024-12-28,Cash on Delivery,Returned,576.6,
2181,2130,299,5,2026-02-05,Debit Card,Delivered,407684.5,
2182,9273,198,5,2025-06-21,UPI,Delivered,415489.9,6
2183,19663,420,4,2025-08-08,Credit Card,Delivered,3837.68,20
2184,2468,342,2,2025-08-21,Net Banking,Delivered,1214.4,20
2185,16006,267,3,2024-10-25,UPI,Delivered,12790.8,
2186,8573,351,4,2025-12-17,Credit Card,Returned,2796.64,
2187,16504,291,3,2026-01-17,UPI,Delivered,16001.7,
2188,248,156,2,2025-03-03,Debit Card,Delivered,59506.8,1
2189,14714,13,3,2026-04-12,Net Banking,Cancelled,4260.0,
2190,3047,365,5,2024-08-05,Debit Card,Delivered,8572.2,14
2191,12537,139,3,2025-12-05,Debit Card,Delivered,6518.16,22
2192,502,17,5,2026-06-23,Debit Card,Delivered,163696.5,17
2193,4804,488,1,2025-04-04,Net Banking,Delivered,326.4,
2194,4186,18,3,2024-11-12,Debit Card,Delivered,1643.58,19
2195,6215,424,2,2025-12-08,Net Banking,Returned,19033.0,22
2196,449,217,1,2026-04-17,UPI,Returned,724.91,
2197,6079,364,4,2025-09-19,UPI,Delivered,3953.6,12
2198,9005,63,1,2026-06-09,Credit Card,Delivered,1538.32,13
2199,18045,214,1,2025-10-03,Net Banking,Delivered,1219.75,12
2200,13612,17,3,2024-08-26,UPI,Delivered,98217.9,2
2201,12789,316,1,2026-06-25,Credit Card,Delivered,11296.74,17
2202,9533,73,4,2025-02-07,Credit Card,Delivered,139893.36,25
2203,3731,158,4,2026-04-27,UPI,Returned,2291.04,
2204,8027,360,1,2025-09-26,Debit Card,Cancelled,1060.76,12
2205,19166,334,5,2025-09-15,Net Banking,Cancelled,3723.0,24
2206,16882,308,4,2025-05-24,Debit Card,Delivered,8834.24,
2207,3293,14,2,2025-03-01,Net Banking,Returned,2403.8,1
2208,16970,136,5,2025-01-02,Debit Card,Delivered,497398.0,
2209,2778,360,4,2025-01-04,Cash on Delivery,Delivered,4243.04,
2210,17044,249,3,2025-12-03,Net Banking,Delivered,12363.0,22
2211,9352,69,3,2024-11-07,Credit Card,Delivered,1729.8,19
2212,9346,202,1,2025-03-18,Credit Card,Delivered,3854.76,15
2213,11321,288,3,2025-04-22,UPI,Delivered,7465.5,
2214,1303,463,2,2025-12-07,Credit Card,Delivered,1034.28,22
2215,210,247,5,2024-09-22,UPI,Delivered,2773.8,
2216,7420,161,1,2026-01-13,UPI,Delivered,4674.52,
2217,13530,42,3,2025-03-31,Cash on Delivery,Delivered,218793.15,21
2218,1127,150,3,2024-08-29,UPI,Delivered,29182.2,2
2219,6862,273,5,2026-03-06,Credit Card,Delivered,59340.0,9
2220,654,457,1,2026-06-19,Credit Card,Delivered,3808.35,17
2221,19920,323,3,2024-09-23,UPI,Delivered,1586.85,
2222,7066,93,1,2026-05-12,Cash on Delivery,Returned,4250.99,7
2223,3984,228,1,2025-02-28,Cash on Delivery,Returned,10928.16,1
2224,872,393,5,2024-09-07,Debit Card,Delivered,1436.4,2
2225,1938,290,4,2025-12-08,Net Banking,Delivered,5566.6,22
2226,17557,351,5,2025-01-21,Credit Card,Delivered,3495.8,
2227,3182,152,4,2024-08-04,UPI,Delivered,117597.0,14
2228,13325,177,1,2025-11-08,UPI,Returned,980.88,8
2229,5701,487,1,2025-01-26,Debit Card,Delivered,947.38,
2230,8396,236,2,2025-10-22,Cash on Delivery,Delivered,5964.0,
2231,6765,289,1,2026-05-25,Net Banking,Returned,1438.3,7
2232,3801,278,5,2025-10-22,Credit Card,Delivered,21815.8,
2233,19959,101,4,2025-10-21,Debit Card,Delivered,21033.04,
2234,2427,119,4,2024-09-03,UPI,Cancelled,13980.8,2
2235,11022,62,3,2025-02-09,Cash on Delivery,Delivered,7048.8,25
2236,3461,337,2,2025-03-04,Credit Card,Delivered,143213.2,1
2237,16525,220,5,2024-11-17,Cash on Delivery,Delivered,9269.25,19
2238,4756,500,5,2025-08-16,Cash on Delivery,Cancelled,44384.25,20
2239,6138,202,4,2025-05-13,Credit Card,Delivered,15419.04,
2240,11049,447,4,2025-05-22,UPI,Delivered,196081.4,
2241,3483,22,4,2024-12-13,Net Banking,Delivered,7340.8,
2242,14178,318,1,2025-08-26,Net Banking,Delivered,109179.58,20
2243,6436,372,5,2026-02-23,Net Banking,Delivered,368676.0,
2244,383,489,1,2025-12-21,Debit Card,Delivered,2093.92,
2245,18821,457,5,2025-09-10,Debit Card,Delivered,19041.75,24
2246,15168,40,4,2025-02-21,Credit Card,Delivered,5985.6,
2247,954,357,3,2026-05-19,UPI,Delivered,23911.35,7
2248,18194,398,4,2025-02-04,Cash on Delivery,Delivered,2744.56,25
2249,12485,356,2,2025-05-30,UPI,Delivered,1066.56,
2250,13887,471,3,2026-06-13,Debit Card,Delivered,1483.02,13
2251,10401,230,4,2024-12-19,Debit Card,Returned,72706.4,
2252,10150,270,1,2024-12-11,Cash on Delivery,Delivered,367.2,
2253,7538,273,2,2025-03-15,Credit Card,Delivered,23736.0,1
2254,4426,253,2,2025-03-03,Credit Card,Delivered,964.44,1
2255,61,192,1,2026-05-26,Cash on Delivery,Delivered,67513.74,7
2256,3564,419,1,2025-04-01,UPI,Delivered,34151.36,21
2257,15433,111,4,2025-07-07,Debit Card,Returned,274684.64,3
2258,14843,233,1,2026-05-02,Net Banking,Delivered,37100.06,7
2259,3975,489,4,2026-01-31,Cash on Delivery,Returned,8375.68,
2260,18220,20,3,2025-07-15,Credit Card,Delivered,10264.32,3
2261,5366,227,3,2026-02-15,Net Banking,Delivered,2198.25,
2262,14586,47,1,2025-08-09,Debit Card,Delivered,55615.56,20
2263,7105,52,2,2026-07-09,UPI,Cancelled,11740.48,
2264,5151,1,3,2024-12-14,Net Banking,Delivered,2534.61,
2265,9661,499,4,2026-06-23,Credit Card,Returned,36637.44,13
2266,6346,237,2,2024-11-23,Debit Card,Delivered,346.02,10
2267,834,273,5,2024-08-17,UPI,Delivered,59340.0,18
2268,8745,18,5,2025-04-03,Net Banking,Delivered,2739.3,21
2269,17434,60,1,2025-10-12,Cash on Delivery,Cancelled,2075.0,
2270,19395,9,4,2025-11-27,Cash on Delivery,Delivered,25175.04,8
2271,11367,117,2,2025-12-23,Cash on Delivery,Delivered,1079.0,
2272,4032,443,1,2024-07-23,Credit Card,Delivered,28730.85,14
2273,18573,406,5,2025-05-09,Net Banking,Delivered,567349.2,
2274,17375,273,1,2026-06-20,Credit Card,Returned,11868.0,17
2275,5065,132,5,2025-09-13,Cash on Delivery,Delivered,7146.3,24
2276,13493,292,4,2025-05-15,Debit Card,Delivered,115049.72,
2277,3612,336,1,2025-01-08,Credit Card,Delivered,1699.32,
2278,16224,1,5,2025-03-24,UPI,Returned,4224.35,21
2279,7340,368,3,2026-01-30,Net Banking,Returned,2004.0,
2280,13687,3,5,2025-04-07,Credit Card,Delivered,3084.25,
2281,10923,423,5,2026-03-18,Debit Card,Delivered,18976.65,9
2282,15305,339,2,2024-12-01,UPI,Returned,125104.56,10
2283,16840,209,4,2026-01-26,Debit Card,Delivered,16117.64,
2284,10068,197,1,2025-09-27,Net Banking,Cancelled,3422.5,12
2285,3069,370,3,2025-07-31,Cash on Delivery,Delivered,2154.33,
2286,5397,200,1,2026-06-04,Credit Card,Delivered,256.2,13
2287,17902,361,4,2024-08-19,Credit Card,Cancelled,26213.88,18
2288,15845,61,5,2025-04-15,UPI,Delivered,6507.6,
2289,19260,360,4,2024-11-25,Cash on Delivery,Delivered,4243.04,10
2290,4567,411,5,2024-08-21,Net Banking,Delivered,14245.0,18
2291,4945,394,4,2024-12-06,Credit Card,Delivered,180663.0,10
2292,2696,330,5,2025-10-22,Debit Card,Delivered,16320.7,
2293,4339,41,4,2024-07-30,Net Banking,Cancelled,13740.48,14
2294,19897,180,3,2026-01-07,Cash on Delivery,Delivered,253770.84,
2295,10322,474,1,2024-10-23,Cash on Delivery,Delivered,94306.44,4
2296,166,377,2,2025-10-02,Credit Card,Returned,692.8,12
2297,17999,36,4,2024-12-24,UPI,Returned,171211.6,
2298,11162,399,2,2026-06-19,Net Banking,Delivered,244770.42,17
2299,1989,113,4,2025-07-21,UPI,Delivered,2295.24,
2300,8794,177,3,2024-09-13,Net Banking,Delivered,2942.64,
2301,4284,104,5,2025-09-11,Credit Card,Delivered,16572.3,24
2302,5296,488,4,2025-01-01,Credit Card,Returned,1305.6,
2303,17345,396,2,2025-07-19,Debit Card,Delivered,113092.32,
2304,2234,175,5,2025-02-01,Net Banking,Returned,25829.1,25
2305,5081,215,4,2025-05-03,Cash on Delivery,Delivered,16940.56,
2306,5306,376,3,2025-02-25,Credit Card,Returned,6545.25,1
2307,4450,11,5,2026-01-23,Net Banking,Returned,605218.5,
2308,2797,9,5,2024-08-18,Credit Card,Delivered,31468.8,18
2309,1303,265,5,2024-09-08,Cash on Delivery,Delivered,15682.5,2
2310,608,464,4,2025-03-27,Credit Card,Delivered,2148.8,21
2311,14252,371,1,2026-03-04,Cash on Delivery,Delivered,482.12,9
2312,9134,368,3,2026-02-21,UPI,Delivered,2004.0,
2313,2007,220,4,2026-01-18,UPI,Cancelled,7415.4,
2314,17843,108,4,2024-12-07,Credit Card,Delivered,2400.64,10
2315,11140,266,5,2025-08-23,Net Banking,Cancelled,17849.65,20
2316,3941,40,2,2025-10-04,Cash on Delivery,Delivered,2992.8,12
2317,13140,295,3,2025-10-05,Net Banking,Delivered,26911.92,12
2318,4202,311,3,2024-10-10,Debit Card,Delivered,704.7,4
2319,919,235,1,2025-01-28,Debit Card,Delivered,875.32,
2320,1179,500,3,2025-05-09,Cash on Delivery,Returned,26630.55,
2321,12051,65,2,2024-09-03,UPI,Delivered,988.68,2
2322,1196,118,2,2024-12-20,UPI,Delivered,13091.52,
2323,6433,425,2,2025-05-25,Credit Card,Delivered,498.64,
2324,15037,428,5,2025-12-11,Cash on Delivery,Delivered,213686.2,22
2325,9649,237,1,2025-11-06,Debit Card,Delivered,173.01,8
2326,16759,17,1,2025-04-18,Debit Card,Returned,32739.3,
2327,8421,147,4,2025-10-31,Debit Card,Delivered,1399.08,
2328,16255,367,5,2024-11-21,Credit Card,Delivered,5923.7,10
2329,19368,222,5,2025-06-10,Cash on Delivery,Delivered,25240.5,16
2330,7115,431,4,2025-12-09,Net Banking,Delivered,2149.88,22
2331,1143,418,5,2025-12-20,UPI,Cancelled,64496.25,
2332,18199,261,3,2024-08-27,Credit Card,Delivered,4347.3,2
2333,2710,194,1,2025-07-16,Cash on Delivery,Delivered,2210.4,3
2334,15927,457,5,2026-06-14,Net Banking,Delivered,19041.75,13
2335,11758,426,4,2025-05-05,Net Banking,Cancelled,92403.52,
2336,5534,105,1,2026-07-05,Net Banking,Delivered,232.98,
2337,14274,83,2,2026-05-21,Debit Card,Delivered,2144.2,7
2338,14116,498,5,2024-12-21,Net Banking,Delivered,3640.8,
2339,13551,400,5,2026-06-12,Net Banking,Delivered,5850.0,13
2340,4317,102,2,2026-07-13,Cash on Delivery,Delivered,4764.2,
2341,16383,153,3,2025-06-24,Net Banking,Delivered,101965.5,11
2342,1103,199,5,2024-12-29,Debit Card,Delivered,85714.6,
2343,4142,65,1,2024-12-28,Debit Card,Delivered,494.34,
2344,5127,86,1,2024-11-12,Cash on Delivery,Delivered,3476.91,19
2345,6945,471,1,2025-12-31,UPI,Delivered,494.34,
2346,17821,426,1,2026-01-15,Credit Card,Delivered,23100.88,
2347,15957,54,4,2025-02-01,Cash on Delivery,Returned,5100.0,25
2348,15000,192,3,2024-09-20,Credit Card,Delivered,202541.22,
2349,3041,320,2,2026-02-04,Debit Card,Returned,3402.16,
2350,4634,215,4,2025-05-21,UPI,Delivered,16940.56,
2351,6822,235,4,2025-02-09,Debit Card,Returned,3501.28,25
2352,3384,387,5,2025-07-04,Net Banking,Delivered,35709.15,3
2353,13254,438,3,2026-04-14,UPI,Delivered,1025.88,
2354,2469,408,5,2026-04-12,Net Banking,Delivered,838.35,
2355,10178,407,5,2025-01-20,Debit Card,Delivered,16975.2,
2356,1257,369,2,2026-07-08,Net Banking,Delivered,3781.2,
2357,11896,31,4,2024-07-28,Cash on Delivery,Cancelled,4303.0,14
2358,17000,161,1,2025-03-03,Credit Card,Delivered,4674.52,1
2359,8380,78,1,2026-06-22,UPI,Delivered,10178.68,17
2360,6915,214,1,2026-04-21,UPI,Returned,1219.75,
2361,8242,435,2,2026-05-29,Net Banking,Delivered,399.84,13
2362,11822,259,4,2025-09-27,UPI,Delivered,12712.44,12
2363,14708,292,5,2024-11-08,Credit Card,Delivered,143812.15,19
2364,9452,390,4,2025-07-21,Cash on Delivery,Cancelled,4189.68,
2365,11329,216,4,2026-06-15,Debit Card,Delivered,5287.36,17
2366,60,195,4,2025-04-08,UPI,Delivered,3492.64,
2367,9494,20,4,2026-03-28,Debit Card,Delivered,13685.76,9
2368,6905,314,1,2026-06-27,Debit Card,Delivered,2495.7,17
2369,191,327,1,2026-03-07,Cash on Delivery,Delivered,6636.24,9
2370,739,289,1,2025-02-25,UPI,Delivered,1438.3,1
2371,3540,22,5,2024-12-17,Credit Card,Delivered,9176.0,
2372,7094,378,1,2024-10-24,Net Banking,Delivered,2284.9,4
2373,3505,236,1,2025-01-10,UPI,Delivered,2982.0,
2374,9721,330,5,2024-10-14,Cash on Delivery,Delivered,16320.7,4
2375,4463,462,4,2025-02-01,Cash on Delivery,Returned,1808.48,25
2376,9239,341,4,2025-11-27,UPI,Delivered,420642.64,8
2377,12812,229,5,2024-12-16,UPI,Delivered,2178.0,
2378,19910,467,2,2025-02-20,Credit Card,Delivered,4031.8,
2379,19830,356,4,2025-03-31,Net Banking,Delivered,2133.12,21
2380,15244,299,3,2026-04-24,Debit Card,Delivered,244610.7,
2381,6229,195,3,2026-05-02,Debit Card,Delivered,2619.48,7
2382,8971,151,3,2025-06-07,UPI,Cancelled,199140.9,
2383,8986,93,5,2024-09-17,Debit Card,Delivered,21254.95,
2384,16048,487,3,2026-03-14,Cash on Delivery,Delivered,2842.14,9
2385,5698,120,2,2024-12-15,UPI,Delivered,1501.1,
2386,12134,174,1,2025-10-16,Credit Card,Delivered,16485.72,
2387,14324,94,2,2024-11-01,UPI,Cancelled,1048.0,19
2388,15412,62,4,2026-05-05,Debit Card,Delivered,9398.4,7
2389,532,237,3,2025-10-14,Cash on Delivery,Delivered,519.03,
2390,12234,145,2,2024-08-11,Debit Card,Delivered,9444.68,18
2391,16047,469,1,2026-02-04,Cash on Delivery,Delivered,509.68,
2392,10795,395,4,2025-10-31,UPI,Delivered,4805.24,
2393,138,99,3,2026-06-07,Net Banking,Cancelled,8278.68,13
2394,11606,62,3,2025-08-14,Debit Card,Delivered,7048.8,20
2395,3247,141,4,2025-10-14,Net Banking,Delivered,1528.8,
2396,9742,293,1,2026-05-28,Debit Card,Delivered,988.88,7
2397,9969,359,5,2025-12-16,Cash on Delivery,Delivered,20416.0,
2398,19282,250,5,2025-02-25,Debit Card,Cancelled,3367.0,1
2399,194,263,1,2025-09-26,Net Banking,Delivered,1686.6,12
2400,3148,64,4,2025-10-08,UPI,Cancelled,9479.2,12
2401,8950,121,3,2024-11-24,Net Banking,Returned,886.2,10
2402,7498,113,2,2026-01-10,Net Banking,Returned,1147.62,
2403,1321,382,1,2026-06-02,Debit Card,Delivered,5081.67,13
2404,12336,133,3,2026-02-11,Debit Card,Delivered,6023.76,
2405,2267,154,1,2025-10-29,Debit Card,Delivered,53755.2,
2406,13924,355,4,2025-11-29,UPI,Delivered,1388.8,8
2407,7049,187,3,2026-04-22,UPI,Delivered,72398.55,
2408,16587,261,4,2025-03-27,Credit Card,Delivered,5796.4,15
2409,9996,96,4,2024-07-29,Debit Card,Delivered,5557.68,14
2410,8187,436,1,2025-10-27,Credit Card,Returned,10494.75,
2411,1262,492,4,2025-12-13,UPI,Delivered,6399.2,22
2412,17292,427,1,2025-04-21,Cash on Delivery,Returned,2808.0,
2413,551,318,2,2026-06-14,Cash on Delivery,Delivered,218359.16,13
2414,7416,342,3,2025-12-13,Net Banking,Delivered,1821.6,22
2415,6892,425,1,2026-05-06,Net Banking,Delivered,249.32,7
2416,9444,52,1,2024-08-09,Net Banking,Delivered,5870.24,18
2417,1413,390,5,2025-05-18,Cash on Delivery,Delivered,5237.1,
2418,14100,229,5,2024-11-16,Debit Card,Delivered,2178.0,19
2419,4745,207,3,2026-05-24,Credit Card,Delivered,1596.3,7
2420,6724,111,2,2025-08-17,Debit Card,Delivered,137342.32,20
2421,13344,382,4,2025-08-01,UPI,Delivered,20326.68,
2422,11698,404,2,2025-05-28,UPI,Delivered,109209.36,
2423,13624,364,3,2024-12-28,Cash on Delivery,Delivered,2965.2,
2424,13644,240,3,2024-09-20,Debit Card,Delivered,2086.56,
2425,6060,53,5,2024-08-18,UPI,Delivered,128412.9,2
2426,2816,178,5,2026-03-26,Cash on Delivery,Delivered,3842.0,9
2427,201,392,5,2024-10-03,Credit Card,Delivered,406882.65,
2428,17909,447,3,2026-04-02,Debit Card,Delivered,147061.05,
2429,7414,267,2,2026-01-30,UPI,Returned,8527.2,
2430,14234,461,2,2026-06-21,Cash on Delivery,Cancelled,188269.9,17
2431,7072,459,4,2026-03-14,Credit Card,Delivered,4451.88,9
2432,19244,442,1,2024-07-29,Cash on Delivery,Returned,340.68,14
2433,15195,136,2,2025-05-01,Credit Card,Returned,198959.2,
2434,1420,406,5,2026-06-09,Debit Card,Delivered,567349.2,13
2435,291,421,3,2025-10-23,Cash on Delivery,Delivered,25251.0,
2436,3902,10,1,2026-03-20,Credit Card,Delivered,7672.17,9
2437,18561,168,2,2024-10-12,Cash on Delivery,Returned,9175.38,4
2438,1215,237,4,2025-02-28,Debit Card,Delivered,692.04,1
2439,8415,223,3,2025-09-12,Debit Card,Delivered,223322.76,24
2440,7092,84,5,2025-07-18,Cash on Delivery,Cancelled,36018.0,
2441,17161,317,1,2025-10-01,Net Banking,Delivered,3435.52,12
2442,5339,143,3,2026-05-25,Debit Card,Delivered,422.67,7
2443,400,226,2,2026-04-11,Cash on Delivery,Returned,4292.72,
2444,14150,382,2,2024-11-03,Credit Card,Delivered,10163.34,19
2445,4393,187,3,2025-08-28,UPI,Delivered,72398.55,
2446,2824,61,4,2024-08-29,UPI,Returned,5206.08,2
2447,4777,315,5,2025-05-09,Debit Card,Cancelled,27279.25,
2448,6374,76,3,2025-02-22,Credit Card,Returned,5844.96,
2449,10107,183,2,2026-07-04,Net Banking,Cancelled,1362.24,
2450,9276,164,5,2025-11-29,Credit Card,Returned,1069.2,8
2451,13413,473,2,2026-03-22,Net Banking,Delivered,74485.86,9
2452,19457,152,5,2025-03-01,Cash on Delivery,Cancelled,146996.25,1
2453,7077,25,4,2025-11-17,Cash on Delivery,Delivered,626.52,8
2454,17370,87,4,2025-02-24,Cash on Delivery,Returned,46652.52,1
2455,3213,436,1,2026-04-28,UPI,Delivered,10494.75,
2456,1115,393,1,2026-04-07,Credit Card,Delivered,287.28,
2457,9335,262,3,2025-02-09,Net Banking,Delivered,1061.28,25
2458,18049,295,5,2026-01-18,Cash on Delivery,Delivered,44853.2,
2459,8790,278,2,2024-07-21,Cash on Delivery,Delivered,8726.32,14
2460,8691,407,2,2025-06-25,Debit Card,Delivered,6790.08,3
2461,4922,316,5,2026-07-14,Net Banking,Delivered,56483.7,
2462,8891,395,2,2026-05-26,Net Banking,Delivered,2402.62,7
2463,14964,88,4,2026-07-12,Credit Card,Returned,1310.64,
2464,7473,79,3,2024-08-15,Cash on Delivery,Delivered,281778.36,18
2465,9537,37,5,2026-06-27,Cash on Delivery,Delivered,20310.75,13
2466,7772,118,1,2026-02-20,Debit Card,Delivered,6545.76,
2467,10907,497,4,2024-10-26,Debit Card,Returned,39666.88,
2468,1498,457,4,2025-01-31,Credit Card,Returned,15233.4,25
2469,9597,223,4,2024-11-08,Cash on Delivery,Returned,297763.68,19
2470,15341,237,1,2026-04-02,Debit Card,Delivered,173.01,
2471,6364,187,4,2026-02-17,Debit Card,Delivered,96531.4,
2472,752,456,1,2026-05-21,UPI,Delivered,964.46,7
2473,14698,49,2,2025-07-04,Debit Card,Cancelled,8133.52,3
2474,14724,209,1,2026-06-03,Cash on Delivery,Cancelled,4029.41,13
2475,13853,79,1,2026-04-04,UPI,Delivered,93926.12,
2476,16806,89,1,2024-09-03,Credit Card,Delivered,105695.12,2
2477,15763,174,1,2025-09-17,Credit Card,Delivered,16485.72,12
2478,11859,395,2,2026-04-15,Net Banking,Delivered,2402.62,
2479,1096,19,1,2026-02-21,Net Banking,Delivered,10888.44,
2480,12660,152,5,2025-03-17,Net Banking,Delivered,146996.25,21
2481,7147,197,2,2026-02-09,Debit Card,Delivered,6845.0,
2482,7929,301,5,2026-04-18,Net Banking,Returned,9055.75,
2483,16024,125,2,2025-02-19,Net Banking,Delivered,8870.16,
2484,3376,404,1,2024-08-30,Credit Card,Returned,54604.68,2
2485,14694,96,3,2024-10-02,Debit Card,Delivered,4168.26,
2486,19861,85,5,2024-08-01,Credit Card,Returned,4882.5,14
2487,1917,75,1,2025-10-11,Debit Card,Delivered,798.56,
2488,11803,146,1,2025-03-03,Net Banking,Delivered,717.03,1
2489,10039,280,4,2026-05-22,UPI,Delivered,2725.72,7
2490,7188,132,5,2025-06-06,Cash on Delivery,Delivered,7146.3,
2491,17489,330,2,2025-04-13,Cash on Delivery,Returned,6528.28,
2492,12882,206,4,2024-11-17,Credit Card,Delivered,9137.44,19
2493,15879,273,4,2026-05-16,Credit Card,Returned,47472.0,7
2494,3335,135,2,2025-11-20,Net Banking,Delivered,137731.76,8
2495,17039,84,4,2025-06-27,Cash on Delivery,Delivered,28814.4,6
2496,4426,203,4,2025-11-04,Cash on Delivery,Returned,3015.52,
2497,13594,391,3,2026-03-01,Debit Card,Returned,447.12,9
2498,11656,341,4,2025-01-23,Cash on Delivery,Delivered,420642.64,
2499,7249,485,5,2026-03-04,Credit Card,Delivered,1498.0,9
2500,9493,494,4,2025-08-22,Credit Card,Delivered,260032.96,20
2501,2922,478,2,2026-06-06,Credit Card,Delivered,4738.6,13
2502,11581,385,4,2024-12-15,Credit Card,Delivered,3499.6,
2503,10112,233,5,2026-01-22,UPI,Cancelled,185500.3,
2504,15105,391,2,2026-07-15,Net Banking,Delivered,298.08,
2505,177,402,2,2025-11-13,Debit Card,Returned,2001.0,8
2506,13733,452,3,2026-06-22,Net Banking,Delivered,12355.62,17
2507,8607,303,2,2025-10-20,Cash on Delivery,Cancelled,15477.84,
2508,2576,292,3,2025-03-26,Credit Card,Delivered,86287.29,15
2509,1846,328,2,2025-09-15,UPI,Delivered,4568.2,24
2510,18064,468,1,2025-10-26,Credit Card,Delivered,111754.52,
2511,5364,348,1,2025-01-20,Cash on Delivery,Delivered,58420.25,
2512,18925,163,3,2025-10-01,UPI,Returned,17618.58,12
2513,4286,288,2,2025-01-27,Debit Card,Delivered,4977.0,
2514,5984,405,1,2025-07-27,Credit Card,Cancelled,836.4,
2515,18738,142,2,2025-01-07,Debit Card,Delivered,5015.84,
2516,232,118,5,2025-05-04,Credit Card,Delivered,32728.8,
2517,7758,84,5,2025-08-11,Credit Card,Delivered,36018.0,20
2518,7049,198,2,2025-08-30,Net Banking,Delivered,166195.96,23
2519,5842,3,4,2025-06-17,Debit Card,Delivered,2467.4,16
2520,4179,47,3,2025-06-04,Debit Card,Delivered,166846.68,
2521,17816,83,5,2025-02-21,Cash on Delivery,Delivered,5360.5,
2522,1312,456,2,2026-06-07,Cash on Delivery,Cancelled,1928.92,13
2523,17829,487,1,2025-06-14,UPI,Delivered,947.38,16
2524,13149,299,1,2025-08-09,Credit Card,Delivered,81536.9,20
2525,5232,459,1,2025-05-27,Credit Card,Delivered,1112.97,
2526,18146,60,2,2026-07-10,Credit Card,Delivered,4150.0,
2527,1040,146,5,2026-04-02,Cash on Delivery,Cancelled,3585.15,
2528,1321,101,3,2024-10-17,Debit Card,Delivered,15774.78,4
2529,19703,435,1,2026-05-05,Credit Card,Delivered,199.92,7
2530,19976,194,4,2024-08-07,Net Banking,Delivered,8841.6,18
2531,17871,19,4,2025-08-14,Cash on Delivery,Delivered,43553.76,20
2532,16277,21,4,2025-05-04,UPI,Cancelled,115844.4,
2533,11498,374,4,2025-04-23,Debit Card,Delivered,2507.76,
2534,13338,296,2,2025-10-06,UPI,Cancelled,493.02,12
2535,18095,203,1,2025-12-12,Net Banking,Cancelled,753.88,22
2536,11307,194,1,2025-06-28,Credit Card,Delivered,2210.4,3
2537,18774,406,5,2025-08-06,Cash on Delivery,Delivered,567349.2,20
2538,6417,461,2,2025-07-07,Credit Card,Delivered,188269.9,3
2539,15908,230,2,2025-05-09,Cash on Delivery,Returned,36353.2,
2540,4922,342,3,2025-08-08,UPI,Delivered,1821.6,20
2541,1965,466,5,2024-11-06,Net Banking,Delivered,1679.6,19
2542,14114,75,3,2025-11-04,Debit Card,Delivered,2395.68,
2543,8284,210,2,2025-01-27,UPI,Delivered,11891.92,
2544,399,464,2,2024-12-28,Net Banking,Delivered,1074.4,
2545,16467,113,3,2026-03-05,Net Banking,Delivered,1721.43,9
2546,2682,465,5,2025-07-03,Cash on Delivery,Delivered,1729.0,3
2547,5840,476,4,2026-06-14,Net Banking,Cancelled,10519.0,13
2548,6952,266,3,2025-07-22,Net Banking,Delivered,10709.79,
2549,13816,498,3,2025-03-20,UPI,Delivered,2184.48,21
2550,4484,489,4,2024-09-05,Debit Card,Delivered,8375.68,2
2551,7088,74,5,2025-04-07,Debit Card,Delivered,38022.45,
2552,5538,391,3,2024-12-29,Credit Card,Delivered,447.12,
2553,15893,247,3,2026-06-05,Cash on Delivery,Delivered,1664.28,13
2554,18708,136,3,2025-12-01,UPI,Returned,298438.8,
2555,18526,110,3,2026-04-08,UPI,Delivered,3819.0,
2556,18779,76,3,2024-08-06,Debit Card,Delivered,5844.96,14
2557,5770,371,4,2026-02-15,Debit Card,Delivered,1928.48,
2558,7667,428,3,2026-02-13,Net Banking,Delivered,128211.72,
2559,18858,444,2,2026-01-20,Debit Card,Delivered,6046.56,
2560,16583,20,3,2024-10-14,Debit Card,Delivered,10264.32,4
2561,10082,277,2,2024-10-04,Cash on Delivery,Returned,99682.9,4
2562,13428,450,1,2025-12-04,Credit Card,Delivered,331.2,22
2563,3127,469,4,2025-02-10,UPI,Delivered,2038.72,
2564,19617,371,5,2025-11-18,Net Banking,Delivered,2410.6,8
2565,8075,284,5,2024-07-29,UPI,Delivered,2325.4,14
2566,6257,112,4,2024-07-30,Cash on Delivery,Delivered,375.92,14
2567,12924,205,5,2025-11-21,Net Banking,Delivered,163762.2,8
2568,3186,195,2,2025-11-14,Debit Card,Delivered,1746.32,8
2569,7005,456,1,2025-08-22,UPI,Returned,964.46,20
2570,13920,158,5,2024-11-25,Cash on Delivery,Cancelled,2863.8,10
2571,16101,117,4,2025-04-01,UPI,Delivered,2158.0,21
2572,309,55,1,2025-01-13,Cash on Delivery,Cancelled,792.65,
2573,12904,304,4,2025-12-19,Credit Card,Delivered,397709.52,
2574,19645,248,2,2025-09-06,Cash on Delivery,Delivered,1780.86,
2575,1358,399,4,2025-08-12,Debit Card,Delivered,489540.84,20
2576,9248,361,3,2025-10-24,Cash on Delivery,Delivered,19660.41,
2577,15930,391,5,2026-06-03,Cash on Delivery,Returned,745.2,13
2578,2132,166,3,2024-08-17,Net Banking,Delivered,12706.92,18
2579,4502,217,4,2025-04-24,Credit Card,Delivered,2899.64,
2580,4776,117,3,2024-12-26,Cash on Delivery,Delivered,1618.5,
2581,75,268,5,2025-01-29,Cash on Delivery,Delivered,387825.2,25
2582,16268,145,2,2026-04-28,Cash on Delivery,Delivered,9444.68,
2583,6764,274,3,2026-06-16,UPI,Delivered,9097.65,13
2584,11088,333,1,2024-11-09,UPI,Delivered,6777.68,19
2585,19790,77,3,2025-01-07,Net Banking,Delivered,1041.18,
2586,641,208,4,2025-11-13,Credit Card,Delivered,2912.64,8
2587,588,184,5,2025-05-13,Cash on Delivery,Delivered,14734.5,
2588,8580,138,3,2025-07-30,Cash on Delivery,Delivered,11928.87,
2589,14296,141,5,2024-08-29,UPI,Delivered,1911.0,2
2590,8506,22,4,2025-05-21,Credit Card,Cancelled,7340.8,
2591,13715,13,3,2026-03-16,Net Banking,Delivered,4260.0,9
2592,17590,218,1,2026-03-24,UPI,Delivered,30738.96,9
2593,12901,297,1,2025-11-17,Debit Card,Delivered,359.28,8
2594,8981,112,4,2026-01-11,Credit Card,Delivered,375.92,
2595,3706,452,1,2025-04-01,UPI,Returned,4118.54,21
2596,475,118,3,2025-05-02,Cash on Delivery,Delivered,19637.28,
2597,4246,170,3,2026-04-27,Net Banking,Delivered,1669.5,
2598,17180,19,5,2024-08-17,Credit Card,Returned,54442.2,18
2599,9424,301,1,2025-08-05,Credit Card,Delivered,1811.15,20
2600,6296,350,1,2025-03-21,UPI,Delivered,37211.8,15
2601,357,47,4,2025-03-13,Net Banking,Delivered,222462.24,1
2602,19003,476,5,2024-07-30,Net Banking,Delivered,13148.75,14
2603,14966,244,5,2025-07-27,Debit Card,Delivered,17931.6,
2604,9197,379,1,2025-02-10,Debit Card,Delivered,475.09,
2605,7216,329,1,2024-12-04,UPI,Delivered,2647.19,10
2606,3039,144,3,2025-06-24,Credit Card,Cancelled,13670.4,11
2607,8100,104,1,2025-08-27,Net Banking,Delivered,3314.46,20
2608,816,369,1,2024-11-08,Debit Card,Delivered,1890.6,19
2609,10205,198,1,2025-08-07,UPI,Delivered,83097.98,20
2610,4281,212,5,2024-07-27,Net Banking,Delivered,1482.0,14
2611,16476,224,1,2026-05-25,Cash on Delivery,Delivered,1856.79,7
2612,1159,397,1,2025-05-24,UPI,Delivered,1635.66,
2613,13379,456,1,2026-06-08,Net Banking,Delivered,964.46,13
2614,12061,73,3,2025-01-04,Debit Card,Cancelled,104920.02,
2615,15655,72,1,2025-11-24,Net Banking,Cancelled,2210.4,8
2616,6625,397,4,2025-04-19,Credit Card,Delivered,6542.64,
2617,9214,166,4,2025-08-04,Net Banking,Delivered,16942.56,
2618,18998,60,1,2025-02-11,UPI,Delivered,2075.0,
2619,16350,387,2,2026-06-27,Debit Card,Delivered,14283.66,17
2620,10611,156,2,2025-07-15,Debit Card,Delivered,59506.8,3
2621,17012,460,3,2025-11-07,Net Banking,Cancelled,3256.2,8
2622,16780,18,2,2025-06-14,Cash on Delivery,Delivered,1095.72,16
2623,14161,309,5,2026-03-03,Cash on Delivery,Delivered,182670.4,9
2624,14817,6,4,2024-12-02,Credit Card,Delivered,21210.0,10
2625,13067,31,5,2025-12-05,Debit Card,Delivered,5378.75,22
2626,608,249,1,2025-08-08,Net Banking,Returned,4121.0,20
2627,2074,188,5,2025-02-21,Cash on Delivery,Delivered,20511.0,
2628,9700,47,4,2026-06-04,Debit Card,Delivered,222462.24,13
2629,11480,13,1,2026-02-16,Debit Card,Returned,1420.0,
2630,18556,259,1,2024-11-23,UPI,Delivered,3178.11,10
2631,18711,38,4,2025-11-20,UPI,Delivered,370775.44,8
2632,8166,293,4,2026-03-21,Debit Card,Delivered,3955.52,9
2633,14060,36,3,2024-11-24,Net Banking,Delivered,128408.7,10
2634,1184,309,1,2026-06-26,UPI,Delivered,36534.08,17
2635,1237,58,2,2025-05-25,Net Banking,Delivered,6393.36,
2636,19967,99,2,2026-01-30,Net Banking,Delivered,5519.12,
2637,18869,68,3,2025-08-10,Credit Card,Delivered,1683.0,20
2638,6373,417,3,2026-05-04,Net Banking,Cancelled,2936.25,7
2639,16327,45,5,2025-09-26,UPI,Delivered,3645.95,12
2640,15529,371,3,2025-07-11,Credit Card,Delivered,1446.36,3
2641,12410,208,1,2025-10-27,Net Banking,Delivered,728.16,
2642,6126,341,5,2024-09-28,Net Banking,Delivered,525803.3,
2643,4547,128,3,2026-06-16,Cash on Delivery,Returned,1993.68,17
2644,3453,334,2,2026-05-31,Cash on Delivery,Cancelled,1489.2,13
2645,9599,376,5,2025-07-08,Debit Card,Cancelled,10908.75,3
2646,5547,462,5,2024-10-28,UPI,Delivered,2260.6,
2647,15993,56,4,2025-04-15,Debit Card,Delivered,2892.24,
2648,2436,163,3,2026-06-25,Debit Card,Delivered,17618.58,13
2649,7551,304,3,2025-03-04,UPI,Delivered,298282.14,1
2650,12197,405,2,2025-08-16,Credit Card,Delivered,1672.8,20
2651,18375,62,2,2026-05-04,Debit Card,Returned,4699.2,7
2652,2656,161,5,2025-11-10,UPI,Delivered,23372.6,8
2653,13417,199,2,2025-12-07,Net Banking,Delivered,34285.84,22
2654,14348,152,2,2026-03-20,Debit Card,Returned,58798.5,9
2655,5313,248,5,2026-03-06,UPI,Delivered,4452.15,9
2656,975,21,5,2025-07-16,Net Banking,Delivered,144805.5,3
2657,7927,196,3,2026-05-28,Debit Card,Returned,5669.73,7
2658,2336,355,2,2025-05-31,Net Banking,Delivered,694.4,
2659,14210,392,4,2025-01-13,Credit Card,Delivered,325506.12,
2660,7716,390,3,2026-04-25,UPI,Delivered,3142.26,
2661,13270,243,5,2026-04-03,Cash on Delivery,Delivered,3630.0,
2662,6284,38,5,2025-03-09,Debit Card,Delivered,463469.3,1
2663,3694,119,3,2025-03-21,UPI,Returned,10485.6,15
2664,9173,417,3,2024-10-27,UPI,Delivered,2936.25,
2665,3290,440,5,2024-09-18,Cash on Delivery,Delivered,53564.9,
2666,4800,323,1,2025-09-14,Net Banking,Delivered,528.95,24
2667,7100,219,4,2025-08-23,Net Banking,Delivered,301988.16,20
2668,3004,404,5,2025-08-20,Net Banking,Delivered,273023.4,20
2669,3050,28,2,2024-11-03,Debit Card,Delivered,36075.14,19
2670,8630,98,5,2026-01-31,Credit Card,Returned,190212.0,
2671,15833,33,2,2025-12-05,Credit Card,Delivered,7715.52,22
2672,11155,290,1,2024-11-25,Cash on Delivery,Delivered,1391.65,10
2673,16673,272,4,2025-07-23,Credit Card,Delivered,6315.96,
2674,3283,150,5,2026-06-25,Debit Card,Delivered,48637.0,17
2675,12748,471,5,2025-04-24,Cash on Delivery,Delivered,2471.7,
2676,8170,37,3,2025-02-15,Net Banking,Delivered,12186.45,
2677,7834,314,2,2026-05-10,Net Banking,Cancelled,4991.4,5
2678,8821,379,2,2025-06-09,UPI,Returned,950.18,
2679,9147,397,2,2025-10-21,Debit Card,Cancelled,3271.32,
2680,19410,26,1,2025-09-08,Debit Card,Cancelled,109395.44,24
2681,16856,385,4,2025-07-25,Credit Card,Delivered,3499.6,
2682,19872,445,4,2024-10-14,Debit Card,Delivered,13841.28,4
2683,885,256,4,2026-06-09,Credit Card,Cancelled,1594.56,13
2684,3633,230,5,2026-04-17,Net Banking,Delivered,90883.0,
2685,13550,320,2,2026-04-12,Net Banking,Delivered,3402.16,
2686,11579,206,5,2025-05-20,Debit Card,Delivered,11421.8,
2687,12445,46,5,2025-03-10,Net Banking,Returned,289617.0,1
2688,475,303,2,2026-01-13,Credit Card,Returned,15477.84,
2689,10332,425,2,2026-01-25,Credit Card,Delivered,498.64,
2690,3676,86,5,2026-04-23,UPI,Delivered,17384.55,
2691,13524,313,4,2025-12-08,UPI,Cancelled,222874.0,22
2692,3758,439,5,2025-10-27,Credit Card,Delivered,14121.25,
2693,4898,172,1,2025-06-18,Credit Card,Delivered,49096.8,16
2694,1146,113,3,2026-03-08,Net Banking,Delivered,1721.43,9
2695,13197,75,3,2026-02-10,UPI,Delivered,2395.68,
2696,19613,487,5,2026-07-01,Cash on Delivery,Delivered,4736.9,
2697,2299,301,5,2024-08-25,Cash on Delivery,Cancelled,9055.75,2
2698,10604,132,3,2024-08-15,Cash on Delivery,Delivered,4287.78,18
2699,18540,174,5,2025-08-03,Net Banking,Delivered,82428.6,
2700,5946,268,5,2025-04-19,Credit Card,Delivered,387825.2,
2701,8393,117,1,2024-09-30,Cash on Delivery,Delivered,539.5,
2702,7232,100,5,2024-10-09,UPI,Delivered,2263.2,4
2703,13042,308,1,2025-12-10,Debit Card,Cancelled,2208.56,22
2704,19083,496,2,2025-01-14,Credit Card,Delivered,2962.08,
2705,17188,22,5,2025-07-27,Credit Card,Delivered,9176.0,
2706,8078,362,1,2026-04-08,Net Banking,Delivered,2278.4,
2707,2701,382,2,2026-04-06,Cash on Delivery,Cancelled,10163.34,
2708,1441,408,5,2026-06-02,Debit Card,Cancelled,838.35,13
2709,2908,409,2,2026-02-24,UPI,Delivered,3578.4,
2710,19095,399,1,2025-09-09,Cash on Delivery,Returned,122385.21,24
2711,4961,85,2,2026-03-12,UPI,Delivered,1953.0,9
2712,14871,251,5,2024-11-08,UPI,Delivered,538537.5,19
2713,15507,103,1,2025-11-21,UPI,Delivered,1674.75,8
2714,5259,29,2,2025-12-18,Net Banking,Delivered,263611.04,
2715,17492,8,5,2024-07-25,Cash on Delivery,Delivered,230878.1,14
2716,14233,127,4,2025-12-30,UPI,Delivered,449166.48,
2717,1657,27,3,2025-04-25,Cash on Delivery,Delivered,16509.24,
2718,16729,304,4,2024-09-14,UPI,Delivered,397709.52,
2719,11722,433,3,2025-12-30,Credit Card,Delivered,2276.64,
2720,6657,476,2,2025-07-05,UPI,Delivered,5259.5,3
2721,16281,316,4,2025-10-09,Net Banking,Returned,45186.96,12
2722,1683,134,1,2024-08-21,Credit Card,Delivered,2894.76,18
2723,17249,479,4,2025-05-14,Credit Card,Delivered,34912.8,
2724,19981,142,4,2025-11-23,Net Banking,Delivered,10031.68,8
2725,10976,68,5,2026-07-16,UPI,Delivered,2805.0,
2726,6882,22,2,2025-11-11,Net Banking,Delivered,3670.4,8
2727,9189,271,1,2025-06-20,Credit Card,Returned,904.8,3
2728,15635,175,2,2025-03-04,Cash on Delivery,Delivered,10331.64,1
2729,6046,157,4,2025-03-13,Debit Card,Delivered,40927.84,1
2730,3158,165,4,2025-02-27,Credit Card,Delivered,1068.12,1
2731,9387,194,1,2025-03-24,Cash on Delivery,Delivered,2210.4,15
2732,4412,96,2,2025-12-21,UPI,Delivered,2778.84,
2733,1247,411,4,2026-06-23,Credit Card,Delivered,11396.0,13
2734,11530,378,1,2026-03-08,Cash on Delivery,Delivered,2284.9,9
2735,18231,342,3,2025-02-14,Cash on Delivery,Delivered,1821.6,
2736,18243,390,4,2026-01-10,Debit Card,Returned,4189.68,
2737,2738,191,5,2025-11-01,Credit Card,Delivered,2934.6,
2738,18479,13,1,2025-07-19,Cash on Delivery,Delivered,1420.0,
2739,8573,44,2,2024-12-30,Debit Card,Delivered,2495.72,
2740,9909,305,4,2025-11-19,Credit Card,Delivered,347539.84,8
2741,991,204,4,2025-12-14,UPI,Delivered,7564.32,
2742,1626,26,1,2026-02-09,Debit Card,Cancelled,109395.44,
2743,6209,216,2,2025-06-08,Debit Card,Delivered,2643.68,
2744,2112,16,4,2026-02-18,Credit Card,Delivered,4263.2,
2745,17668,276,1,2024-10-20,Cash on Delivery,Delivered,622.5,4
2746,7500,275,5,2025-06-09,UPI,Delivered,416147.05,
2747,13460,92,1,2026-02-10,Debit Card,Delivered,1730.4,
2748,5328,227,4,2026-06-01,Debit Card,Returned,2931.0,13
2749,16188,84,5,2025-08-30,Cash on Delivery,Delivered,36018.0,23
2750,15093,89,2,2025-03-14,Credit Card,Delivered,211390.24,1
2751,16309,252,4,2025-06-10,Cash on Delivery,Delivered,13872.0,16
2752,5090,26,4,2024-12-07,Credit Card,Delivered,437581.76,10
2753,14792,380,3,2024-11-21,Credit Card,Returned,13397.4,10
2754,10597,20,5,2026-06-24,Debit Card,Delivered,17107.2,13
2755,12131,102,3,2026-05-14,Credit Card,Delivered,7146.3,7
2756,5477,195,3,2026-03-27,Cash on Delivery,Returned,2619.48,9
2757,11636,373,2,2025-11-06,UPI,Delivered,110702.28,8
2758,10943,239,5,2025-02-07,UPI,Delivered,19162.65,25
2759,11911,128,4,2026-05-07,Net Banking,Delivered,2658.24,5
2760,11903,30,1,2025-10-25,Debit Card,Delivered,6719.25,
2761,7607,450,4,2025-08-03,Debit Card,Cancelled,1324.8,
2762,17906,305,4,2026-05-31,Credit Card,Delivered,347539.84,13
2763,10778,214,3,2025-10-17,Credit Card,Delivered,3659.25,
2764,15213,216,4,2024-08-23,Net Banking,Delivered,5287.36,2
2765,16936,310,4,2025-07-14,Cash on Delivery,Returned,4648.0,3
2766,16902,483,3,2024-12-20,Net Banking,Delivered,180519.6,
2767,9700,411,1,2025-04-12,Credit Card,Delivered,2849.0,
2768,4331,331,3,2025-03-29,UPI,Delivered,80572.32,21
2769,19266,354,4,2025-07-07,Cash on Delivery,Delivered,2177.4,3
2770,16592,223,1,2025-04-28,Debit Card,Delivered,74440.92,
2771,12129,126,4,2025-07-25,Net Banking,Delivered,7968.12,
2772,4429,288,1,2024-12-12,Cash on Delivery,Delivered,2488.5,
2773,431,100,1,2025-06-03,Credit Card,Delivered,452.64,
2774,9769,477,4,2026-02-23,Debit Card,Returned,1844.08,
2775,1242,123,3,2025-04-15,Net Banking,Delivered,4592.7,
2776,9814,270,5,2025-11-25,Net Banking,Delivered,1836.0,8
2777,3949,87,2,2025-02-24,Credit Card,Delivered,23326.26,1
2778,2094,94,5,2025-10-31,Debit Card,Delivered,2620.0,
2779,17243,217,4,2025-10-07,Net Banking,Delivered,2899.64,12
2780,17423,219,3,2026-05-18,Credit Card,Delivered,226491.12,7
2781,3359,446,5,2025-03-14,Cash on Delivery,Cancelled,2433.4,1
2782,8838,110,1,2025-03-08,Credit Card,Delivered,1273.0,1
2783,4546,204,4,2026-03-13,Credit Card,Delivered,7564.32,9
2784,6761,495,4,2025-04-16,UPI,Delivered,33529.04,
2785,4393,358,4,2025-07-14,Net Banking,Delivered,28520.0,3
2786,7544,468,4,2025-04-16,UPI,Returned,447018.08,
2787,4593,310,4,2026-01-18,Cash on Delivery,Delivered,4648.0,
2788,10226,294,1,2024-09-04,Cash on Delivery,Cancelled,422.64,2
2789,5646,135,1,2026-02-24,Net Banking,Delivered,68865.88,
2790,4986,458,5,2025-04-08,Cash on Delivery,Delivered,371100.0,
2791,6588,180,3,2025-04-06,UPI,Delivered,253770.84,
2792,9564,160,3,2024-11-18,Debit Card,Delivered,283944.51,19
2793,16799,470,4,2024-10-04,Credit Card,Delivered,10366.4,4
2794,18409,91,2,2025-05-06,Net Banking,Delivered,226231.38,
2795,6083,9,2,2024-09-09,UPI,Cancelled,12587.52,2
2796,7970,269,5,2026-01-08,Debit Card,Delivered,832.65,
2797,17238,402,4,2025-03-08,UPI,Cancelled,4002.0,1
2798,16001,493,1,2025-09-29,Credit Card,Cancelled,681.1,12
2799,16677,139,3,2025-04-19,Net Banking,Delivered,6518.16,
2800,9606,408,5,2024-12-20,Net Banking,Cancelled,838.35,
2801,8540,371,1,2025-07-01,Debit Card,Delivered,482.12,3
2802,14794,198,4,2026-03-30,Debit Card,Returned,332391.92,
2803,16878,7,5,2026-06-06,Credit Card,Delivered,38946.6,13
2804,4498,469,1,2026-04-01,Net Banking,Delivered,509.68,
2805,6156,165,5,2024-07-23,UPI,Returned,1335.15,14
2806,465,205,5,2024-12-11,Net Banking,Delivered,163762.2,
2807,3559,341,1,2024-07-23,Credit Card,Delivered,105160.66,14
2808,17699,43,1,2024-11-25,Cash on Delivery,Returned,33899.22,10
2809,641,329,2,2026-04-03,Cash on Delivery,Delivered,5294.38,
2810,3094,226,4,2025-09-10,UPI,Delivered,8585.44,24
2811,11337,273,3,2025-09-15,Credit Card,Delivered,35604.0,24
2812,6748,191,3,2025-11-23,Debit Card,Delivered,1760.76,8
2813,7834,145,1,2024-10-04,UPI,Delivered,4722.34,4
2814,13187,394,2,2026-05-16,UPI,Delivered,90331.5,7
2815,13126,475,2,2026-05-30,Cash on Delivery,Delivered,10738.56,13
2816,10560,462,1,2025-10-26,Net Banking,Delivered,452.12,
2817,13059,341,5,2024-10-05,Credit Card,Delivered,525803.3,4
2818,1867,421,5,2025-06-22,Cash on Delivery,Delivered,42085.0,3
2819,6275,391,4,2025-08-30,UPI,Cancelled,596.16,23
2820,245,471,2,2025-08-18,Net Banking,Delivered,988.68,20
2821,6594,459,2,2026-04-03,Credit Card,Delivered,2225.94,
2822,16606,489,2,2024-09-10,UPI,Delivered,4187.84,2
2823,15117,54,2,2024-10-24,Credit Card,Delivered,2550.0,4
2824,19105,197,5,2025-07-01,Debit Card,Delivered,17112.5,11
2825,6523,185,1,2025-07-02,Credit Card,Delivered,462.0,3
2826,5236,384,1,2026-03-23,UPI,Delivered,672.7,9
2827,8301,482,2,2024-10-16,Credit Card,Delivered,83561.8,4
2828,212,426,1,2024-10-25,Net Banking,Delivered,23100.88,
2829,14056,356,5,2025-06-04,Net Banking,Delivered,2666.4,
2830,11838,405,1,2025-11-11,Net Banking,Delivered,836.4,8
2831,5052,69,5,2025-11-12,Cash on Delivery,Returned,2883.0,8
2832,4067,374,2,2025-01-18,Debit Card,Cancelled,1253.88,
2833,3471,80,4,2025-08-07,Cash on Delivery,Delivered,8766.0,20
2834,9421,187,2,2025-07-23,Cash on Delivery,Delivered,48265.7,
2835,13300,363,2,2026-03-12,Net Banking,Delivered,909.42,9
2836,14406,27,5,2026-05-04,Cash on Delivery,Delivered,27515.4,7
2837,9826,353,3,2024-11-20,Debit Card,Delivered,629.85,10
2838,10034,51,5,2025-06-03,Credit Card,Delivered,2156.7,
2839,15649,373,2,2025-12-02,Net Banking,Delivered,110702.28,
2840,6636,374,4,2024-12-19,Cash on Delivery,Delivered,2507.76,
2841,4330,281,5,2025-01-03,Net Banking,Delivered,6359.7,
2842,240,345,3,2025-09-16,Credit Card,Returned,12873.3,24
2843,11260,282,2,2024-11-30,Net Banking,Delivered,660.0,10
2844,3173,452,3,2026-02-14,Credit Card,Cancelled,12355.62,
2845,7712,416,3,2026-02-03,UPI,Delivered,2616.96,
2846,7185,421,2,2025-11-30,Net Banking,Returned,16834.0,8
2847,10078,402,3,2026-05-24,Cash on Delivery,Delivered,3001.5,7
2848,4889,372,5,2025-06-12,Debit Card,Delivered,368676.0,16
2849,8275,446,3,2025-07-12,Credit Card,Delivered,1460.04,3
2850,18952,73,1,2026-04-04,Net Banking,Delivered,34973.34,
2851,7518,322,5,2025-04-16,Credit Card,Delivered,282996.4,
2852,797,268,2,2024-08-13,Debit Card,Returned,155130.08,18
2853,8231,467,2,2025-05-17,Cash on Delivery,Delivered,4031.8,
2854,2589,417,4,2024-11-19,Cash on Delivery,Delivered,3915.0,10
2855,12687,238,4,2026-06-11,Debit Card,Delivered,13996.8,13
2856,11024,12,3,2025-01-30,Net Banking,Delivered,15444.0,25
2857,13231,245,3,2025-02-10,Cash on Delivery,Delivered,5727.57,
2858,4864,485,3,2025-03-02,UPI,Delivered,898.8,1
2859,9980,493,2,2024-12-10,Credit Card,Delivered,1362.2,
2860,1046,409,4,2025-08-15,UPI,Delivered,7156.8,20
2861,11831,354,2,2025-02-13,Debit Card,Delivered,1088.7,
2862,10797,315,2,2026-03-06,UPI,Returned,10911.7,9
2863,18498,43,1,2025-01-09,Cash on Delivery,Cancelled,33899.22,
2864,16070,314,2,2025-09-22,Credit Card,Delivered,4991.4,12
2865,3925,254,5,2026-01-16,Debit Card,Delivered,1003.8,
2866,1704,228,2,2025-06-02,UPI,Delivered,21856.32,
2867,4308,280,3,2025-05-24,Credit Card,Delivered,2044.29,
2868,10659,252,2,2026-03-07,UPI,Delivered,6936.0,9
2869,16709,115,2,2026-02-03,Net Banking,Cancelled,4692.82,
2870,2993,74,2,2025-06-08,Cash on Delivery,Returned,15208.98,
2871,14488,68,5,2025-09-03,UPI,Cancelled,2805.0,23
2872,10922,29,4,2026-05-08,UPI,Delivered,527222.08,5
2873,8857,118,1,2026-06-30,Cash on Delivery,Cancelled,6545.76,
2874,13817,361,4,2026-05-08,Credit Card,Delivered,26213.88,7
2875,13779,153,3,2026-04-19,UPI,Delivered,101965.5,
2876,2203,454,2,2025-09-09,Credit Card,Delivered,81038.4,24
2877,4302,95,2,2024-11-13,Net Banking,Cancelled,923.32,19
2878,1142,410,5,2025-12-05,Cash on Delivery,Delivered,8095.75,22
2879,9464,319,5,2025-01-24,Debit Card,Delivered,3594.9,
2880,5475,37,2,2026-06-14,Net Banking,Delivered,8124.3,13
2881,5615,280,3,2026-06-19,Net Banking,Delivered,2044.29,13
2882,6572,123,2,2024-10-31,Net Banking,Delivered,3061.8,19
2883,17029,290,1,2026-06-01,Credit Card,Returned,1391.65,13
2884,8379,95,2,2025-01-22,UPI,Delivered,923.32,
2885,9406,318,1,2025-05-23,UPI,Delivered,109179.58,
2886,18330,450,5,2025-06-05,UPI,Delivered,1656.0,
2887,6979,293,1,2024-11-15,UPI,Returned,988.88,19
2888,19516,141,1,2025-02-22,UPI,Delivered,382.2,
2889,16758,459,5,2025-10-23,Credit Card,Delivered,5564.85,
2890,19819,140,1,2025-03-06,Credit Card,Returned,519.65,1
2891,18080,319,5,2026-03-11,Net Banking,Returned,3594.9,9
2892,7699,92,1,2024-09-28,Debit Card,Delivered,1730.4,
2893,11732,332,3,2026-01-10,UPI,Cancelled,7816.5,
2894,12863,422,5,2025-05-08,Cash on Delivery,Delivered,15500.85,
2895,7620,401,4,2026-06-28,Debit Card,Delivered,1918.08,17
2896,4500,399,1,2024-10-17,UPI,Delivered,122385.21,4
2897,17140,218,2,2025-09-02,Debit Card,Delivered,61477.92,23
2898,16015,82,5,2026-07-16,Debit Card,Delivered,19543.95,
2899,1912,74,3,2026-04-02,Credit Card,Returned,22813.47,
2900,12857,346,4,2025-12-22,UPI,Cancelled,2331.84,
2901,218,143,5,2025-08-13,UPI,Delivered,704.45,20
2902,4870,496,3,2026-05-16,Credit Card,Delivered,4443.12,7
2903,7688,278,1,2026-06-28,Debit Card,Returned,4363.16,17
2904,11809,40,2,2025-07-17,Credit Card,Returned,2992.8,3
2905,19159,415,2,2025-02-10,Net Banking,Delivered,2196.18,
2906,3937,339,3,2026-03-07,Cash on Delivery,Cancelled,187656.84,9
2907,12296,452,3,2025-10-08,Debit Card,Delivered,12355.62,12
2908,7681,42,5,2024-11-10,Net Banking,Delivered,364655.25,19
2909,1789,57,2,2024-10-30,Debit Card,Delivered,9585.54,
2910,18600,20,3,2025-08-17,Net Banking,Delivered,10264.32,20
2911,1173,438,1,2025-07-27,Debit Card,Cancelled,341.96,
2912,10353,262,2,2024-12-24,Cash on Delivery,Delivered,707.52,
2913,16564,294,5,2025-09-21,Debit Card,Delivered,2113.2,12
2914,3737,36,2,2025-03-26,UPI,Delivered,85605.8,21
2915,14627,393,1,2024-10-15,UPI,Delivered,287.28,4
2916,7157,360,2,2026-04-06,UPI,Delivered,2121.52,
2917,18566,24,1,2024-07-30,Net Banking,Delivered,2887.56,14
2918,5566,11,5,2025-01-04,Net Banking,Delivered,605218.5,
2919,14709,233,4,2025-02-19,Net Banking,Delivered,148400.24,
2920,15350,423,3,2025-09-15,Credit Card,Delivered,11385.99,24
2921,16353,429,2,2025-03-15,Debit Card,Delivered,222569.86,15
2922,4086,160,5,2025-10-23,Credit Card,Delivered,473240.85,
2923,17744,316,1,2025-06-02,Cash on Delivery,Delivered,11296.74,
2924,2968,431,3,2026-07-06,Debit Card,Delivered,1612.41,
2925,9374,262,2,2025-03-14,Credit Card,Delivered,707.52,1
2926,16389,481,4,2024-10-31,Debit Card,Delivered,2457.0,19
2927,14102,346,3,2026-01-14,UPI,Returned,1748.88,
2928,19269,114,1,2024-11-12,Credit Card,Delivered,11303.6,19
2929,669,469,2,2026-07-09,Cash on Delivery,Returned,1019.36,
2930,40,237,1,2024-07-22,Debit Card,Delivered,173.01,14
2931,10710,11,3,2024-10-05,Net Banking,Delivered,363131.1,4
2932,5432,319,5,2025-03-09,Cash on Delivery,Delivered,3594.9,1
2933,1285,387,3,2026-01-15,Credit Card,Cancelled,21425.49,
2934,9026,82,5,2025-08-11,Cash on Delivery,Delivered,19543.95,20
2935,13389,96,3,2025-04-20,Debit Card,Cancelled,4168.26,
2936,8342,327,2,2025-07-11,Cash on Delivery,Cancelled,13272.48,3
2937,17218,63,4,2025-02-10,Cash on Delivery,Delivered,6153.28,
2938,3678,57,1,2025-02-10,Cash on Delivery,Delivered,4792.77,
2939,18234,456,4,2026-03-26,Credit Card,Returned,3857.84,9
2940,14051,320,2,2026-04-23,Net Banking,Delivered,3402.16,
2941,14410,71,2,2024-11-25,Net Banking,Delivered,996.3,10
2942,13913,248,3,2024-10-23,Credit Card,Delivered,2671.29,4
2943,12616,315,1,2026-06-16,Cash on Delivery,Delivered,5455.85,17
2944,10965,74,4,2026-04-09,Credit Card,Delivered,30417.96,
2945,6380,112,5,2025-10-10,Credit Card,Delivered,469.9,
2946,11193,265,5,2024-09-17,Debit Card,Delivered,15682.5,
2947,6871,88,3,2025-05-12,UPI,Delivered,982.98,
2948,15097,336,3,2026-03-17,Debit Card,Delivered,5097.96,9
2949,11081,63,2,2025-08-31,Credit Card,Delivered,3076.64,23
2950,17239,252,5,2025-05-07,Credit Card,Cancelled,17340.0,
2951,18280,446,1,2025-01-15,UPI,Delivered,486.68,
2952,11923,319,2,2025-04-13,Net Banking,Returned,1437.96,
2953,13642,280,4,2025-09-03,UPI,Delivered,2725.72,23
2954,12068,208,5,2026-06-25,Debit Card,Delivered,3640.8,17
2955,18173,439,4,2024-10-30,Net Banking,Delivered,11297.0,
2956,8462,497,4,2025-08-05,Net Banking,Returned,39666.88,20
2957,3414,453,5,2026-02-22,Cash on Delivery,Delivered,10436.4,
2958,7868,202,2,2024-08-15,Cash on Delivery,Delivered,7709.52,18
2959,19124,265,4,2025-07-18,Debit Card,Delivered,12546.0,
2960,2280,73,2,2025-07-11,Credit Card,Returned,69946.68,3
2961,417,170,5,2024-08-09,Cash on Delivery,Delivered,2782.5,18
2962,13263,481,2,2025-02-02,Debit Card,Returned,1228.5,25
2963,16430,400,5,2025-04-20,UPI,Delivered,5850.0,
2964,3067,145,5,2024-10-10,Net Banking,Delivered,23611.7,4
2965,9820,325,3,2024-07-27,Credit Card,Delivered,8981.88,14
2966,8169,125,3,2024-09-14,Cash on Delivery,Delivered,13305.24,
2967,13983,159,2,2026-01-01,UPI,Delivered,346.94,
2968,15558,445,2,2026-06-27,Cash on Delivery,Delivered,6920.64,17
2969,13519,260,2,2025-09-12,UPI,Delivered,933.88,24
2970,14001,129,1,2025-11-29,Credit Card,Delivered,95764.44,8
2971,6181,375,2,2025-11-15,UPI,Delivered,208.32,8
2972,12724,341,5,2026-03-07,Debit Card,Cancelled,525803.3,9
2973,16360,251,3,2025-06-08,UPI,Cancelled,323122.5,
2974,8551,346,3,2025-11-12,Credit Card,Delivered,1748.88,8
2975,18148,1,5,2026-03-04,Credit Card,Delivered,4224.35,9
2976,17730,59,2,2025-06-25,UPI,Cancelled,1630.64,11
2977,1849,333,2,2024-08-16,UPI,Delivered,13555.36,18
2978,8006,287,3,2025-06-15,Net Banking,Delivered,197031.9,16
2979,19498,44,4,2025-06-09,Debit Card,Delivered,4991.44,
2980,15680,52,2,2026-05-03,Debit Card,Returned,11740.48,7
2981,17619,128,4,2025-11-29,Net Banking,Delivered,2658.24,8
2982,4510,34,1,2025-03-19,Cash on Delivery,Delivered,1220.67,21
2983,18642,492,4,2026-01-23,UPI,Delivered,6399.2,
2984,2517,26,4,2025-11-28,UPI,Returned,437581.76,8
2985,17068,488,1,2024-08-25,UPI,Cancelled,326.4,2
2986,15967,453,3,2026-06-05,Debit Card,Delivered,6261.84,13
2987,5403,348,3,2025-04-01,Debit Card,Returned,175260.75,21
2988,8694,32,4,2025-03-10,UPI,Delivered,1211.36,1
2989,14122,1,1,2026-05-30,Cash on Delivery,Delivered,844.87,13
2990,13967,392,3,2025-07-13,UPI,Delivered,244129.59,3
2991,509,133,1,2026-06-12,Cash on Delivery,Delivered,2007.92,13
2992,19138,17,2,2024-12-01,UPI,Delivered,65478.6,10
2993,15154,159,1,2026-03-24,Debit Card,Delivered,173.47,9
2994,8287,91,4,2026-01-19,UPI,Delivered,452462.76,
2995,12516,136,3,2025-10-30,Net Banking,Returned,298438.8,
2996,19781,89,4,2025-01-08,UPI,Delivered,422780.48,
2997,17967,342,4,2025-05-14,UPI,Delivered,2428.8,
2998,17546,96,1,2025-02-24,UPI,Delivered,1389.42,1
2999,12221,493,2,2025-06-12,Net Banking,Delivered,1362.2,16
3000,10361,390,1,2025-01-07,UPI,Delivered,1047.42,
3001,1500,284,4,2025-10-29,Net Banking,Delivered,1860.32,
3002,12778,280,1,2025-10-01,Net Banking,Delivered,681.43,12
3003,16485,156,2,2024-12-16,Cash on Delivery,Cancelled,59506.8,
3004,7237,394,5,2025-06-14,Cash on Delivery,Returned,225828.75,16
3005,5321,333,1,2025-10-05,Debit Card,Delivered,6777.68,12
3006,11379,334,3,2025-09-30,Net Banking,Delivered,2233.8,12
3007,12878,214,4,2025-03-27,Cash on Delivery,Delivered,4879.0,21
3008,5166,169,3,2024-12-07,Cash on Delivery,Delivered,7788.48,10
3009,15633,146,3,2024-11-14,Credit Card,Delivered,2151.09,19
3010,632,282,2,2024-12-25,Net Banking,Delivered,660.0,
3011,3816,149,1,2024-10-16,Cash on Delivery,Delivered,3109.86,4
3012,7311,311,1,2024-09-20,Net Banking,Delivered,234.9,
3013,10110,77,3,2026-05-13,Credit Card,Delivered,1041.18,5
3014,17517,110,3,2025-08-22,Debit Card,Delivered,3819.0,20
3015,4972,257,1,2024-08-22,Net Banking,Delivered,3844.04,18
3016,12577,241,2,2024-09-28,UPI,Delivered,1245.0,
3017,447,288,2,2025-04-29,UPI,Delivered,4977.0,
3018,4958,97,3,2025-07-11,Debit Card,Delivered,2978.25,3
3019,11853,444,1,2025-03-02,Cash on Delivery,Delivered,3023.28,1
3020,3051,471,2,2025-10-22,Debit Card,Delivered,988.68,
3021,5407,100,5,2024-08-29,Net Banking,Returned,2263.2,2
3022,6561,289,5,2024-12-28,Cash on Delivery,Returned,7191.5,
3023,9555,494,2,2025-02-26,UPI,Delivered,130016.48,1
3024,15221,439,3,2025-06-23,Cash on Delivery,Delivered,8472.75,3
3025,3054,474,2,2025-04-18,Cash on Delivery,Delivered,188612.88,
3026,7384,199,4,2024-11-19,Net Banking,Returned,68571.68,10
3027,18583,451,3,2024-07-31,Debit Card,Delivered,231909.6,14
3028,6661,76,1,2025-05-27,Credit Card,Delivered,1948.32,
3029,9447,317,5,2025-04-26,UPI,Cancelled,17177.6,
3030,3263,72,1,2025-07-26,Net Banking,Delivered,2210.4,
3031,1041,402,2,2026-04-28,UPI,Cancelled,2001.0,
3032,1665,462,5,2024-12-15,Cash on Delivery,Delivered,2260.6,
3033,15033,178,2,2025-09-10,Net Banking,Delivered,1536.8,24
3034,12171,128,2,2024-12-29,Credit Card,Delivered,1329.12,
3035,5692,457,1,2025-04-19,Credit Card,Delivered,3808.35,
3036,7978,440,2,2026-03-27,Cash on Delivery,Delivered,21425.96,9
3037,10687,113,3,2025-12-06,Debit Card,Delivered,1721.43,22
3038,9166,188,3,2025-01-04,Cash on Delivery,Delivered,12306.6,
3039,9309,72,2,2025-10-11,Cash on Delivery,Delivered,4420.8,
3040,6516,271,5,2025-12-02,Cash on Delivery,Delivered,4524.0,
3041,8071,246,1,2025-01-10,Credit Card,Delivered,44545.62,
3042,15436,352,1,2025-02-16,Debit Card,Cancelled,15126.33,
3043,12124,66,1,2024-10-27,UPI,Delivered,640.7,
3044,6042,473,3,2025-11-23,Debit Card,Delivered,111728.79,8
3045,1516,210,2,2025-03-14,Net Banking,Delivered,11891.92,1
3046,6252,460,2,2026-01-28,Debit Card,Delivered,2170.8,
3047,18787,68,4,2026-03-19,Credit Card,Delivered,2244.0,9
3048,19194,433,2,2025-07-28,Cash on Delivery,Delivered,1517.76,
3049,3043,204,4,2024-09-23,UPI,Delivered,7564.32,
3050,3530,180,2,2025-09-10,Credit Card,Delivered,169180.56,24
3051,14414,447,5,2024-09-27,Debit Card,Delivered,245101.75,
3052,3367,254,3,2025-04-26,UPI,Delivered,602.28,
3053,3990,371,3,2025-07-10,Credit Card,Delivered,1446.36,3
3054,14934,422,5,2024-07-21,Cash on Delivery,Delivered,15500.85,14
3055,6735,406,5,2025-01-28,UPI,Delivered,567349.2,
3056,10111,95,5,2025-04-20,UPI,Delivered,2308.3,
3057,1872,52,1,2024-11-17,Net Banking,Delivered,5870.24,19
3058,10772,294,3,2025-05-01,Net Banking,Delivered,1267.92,
3059,2909,16,1,2025-07-13,UPI,Delivered,1065.8,3
3060,7166,468,2,2025-07-08,Cash on Delivery,Cancelled,223509.04,3
3061,13735,79,3,2026-02-14,Debit Card,Delivered,281778.36,
3062,3964,336,4,2026-05-12,Net Banking,Delivered,6797.28,7
3063,2920,405,2,2025-11-01,Debit Card,Delivered,1672.8,
3064,2231,333,5,2025-05-31,Credit Card,Delivered,33888.4,
3065,9502,232,2,2025-09-26,Debit Card,Delivered,110211.16,12
3066,14941,441,2,2025-08-08,UPI,Delivered,9189.76,20
3067,16255,391,4,2025-07-05,UPI,Delivered,596.16,3
3068,1280,174,2,2024-09-01,Net Banking,Delivered,32971.44,2
3069,4150,447,1,2024-08-28,Debit Card,Delivered,49020.35,2
3070,3278,415,2,2024-09-22,Cash on Delivery,Delivered,2196.18,
3071,2510,234,3,2024-08-17,UPI,Delivered,2033.91,18
3072,13163,171,5,2025-07-03,UPI,Delivered,31434.0,3
3073,13111,232,1,2025-12-18,UPI,Delivered,55105.58,
3074,17876,324,2,2025-01-22,Cash on Delivery,Delivered,3321.32,
3075,9784,227,2,2025-01-14,Debit Card,Delivered,1465.5,
3076,5452,124,1,2025-10-10,Cash on Delivery,Delivered,104732.56,
3077,2690,308,2,2025-08-28,Credit Card,Delivered,4417.12,
3078,19810,201,4,2025-09-25,Cash on Delivery,Delivered,24133.44,12
3079,15480,436,2,2026-01-24,Debit Card,Delivered,20989.5,
3080,11787,446,2,2026-05-09,Net Banking,Cancelled,973.36,5
3081,10609,62,2,2026-07-01,Net Banking,Delivered,4699.2,
3082,4861,309,5,2025-06-01,UPI,Delivered,182670.4,
3083,9144,53,3,2026-01-22,Debit Card,Delivered,77047.74,
3084,15632,307,5,2025-03-13,Debit Card,Returned,12345.75,1
3085,9667,190,2,2024-09-04,UPI,Delivered,8419.4,2
3086,18025,307,2,2024-10-27,Debit Card,Delivered,4938.3,
3087,8833,118,4,2024-11-09,Cash on Delivery,Delivered,26183.04,19
3088,19347,400,2,2024-07-31,UPI,Cancelled,2340.0,14
3089,278,257,3,2026-03-02,Cash on Delivery,Returned,11532.12,9
3090,1206,298,2,2026-06-10,UPI,Cancelled,124024.08,13
3091,12203,229,4,2024-11-03,Cash on Delivery,Delivered,1742.4,19
3092,2273,293,2,2025-03-05,Net Banking,Returned,1977.76,1
3093,15839,210,5,2025-07-18,Cash on Delivery,Delivered,29729.8,
3094,3061,172,1,2025-06-29,Credit Card,Delivered,49096.8,3
3095,7040,126,4,2025-03-11,Cash on Delivery,Delivered,7968.12,1
3096,10638,493,1,2026-02-12,Cash on Delivery,Delivered,681.1,
3097,12363,93,4,2024-12-19,Credit Card,Delivered,17003.96,
3098,7858,169,3,2025-07-22,Credit Card,Delivered,7788.48,
3099,14588,432,3,2025-02-13,Credit Card,Delivered,3866.94,
3100,4747,151,2,2024-12-24,UPI,Delivered,132760.6,
3101,14088,269,3,2025-11-14,Net Banking,Delivered,499.59,8
3102,5419,290,2,2026-01-28,Cash on Delivery,Cancelled,2783.3,
3103,17577,121,3,2025-09-11,Credit Card,Delivered,886.2,24
3104,627,247,3,2025-08-28,Cash on Delivery,Delivered,1664.28,
3105,3171,344,5,2025-11-11,UPI,Delivered,877.2,8
3106,12803,59,2,2026-06-29,Net Banking,Delivered,1630.64,
3107,3651,152,3,2024-08-25,Cash on Delivery,Delivered,88197.75,2
3108,3473,66,4,2025-09-15,Debit Card,Delivered,2562.8,24
3109,17935,153,1,2025-07-15,Debit Card,Delivered,33988.5,3
3110,12524,426,3,2025-03-26,Debit Card,Returned,69302.64,21
3111,11270,265,2,2025-05-29,Net Banking,Delivered,6273.0,
3112,1283,30,5,2026-07-08,Cash on Delivery,Returned,33596.25,
3113,4943,164,1,2024-12-13,Debit Card,Delivered,213.84,
3114,7911,188,4,2025-04-17,Net Banking,Delivered,16408.8,
3115,10573,126,2,2026-04-01,Cash on Delivery,Delivered,3984.06,
3116,4376,197,2,2025-12-29,Debit Card,Returned,6845.0,
3117,5269,317,3,2025-11-07,Net Banking,Delivered,10306.56,8
3118,15958,35,4,2025-07-13,Credit Card,Delivered,5802.72,3
3119,7554,277,4,2024-11-07,Net Banking,Delivered,199365.8,19
3120,16223,136,5,2026-03-07,UPI,Delivered,497398.0,9
3121,3729,72,2,2025-12-09,UPI,Delivered,4420.8,22
3122,6767,357,3,2025-04-21,Credit Card,Delivered,23911.35,
3123,14550,463,5,2025-06-16,Net Banking,Delivered,2585.7,16
3124,14661,442,1,2024-11-27,Net Banking,Delivered,340.68,10
3125,45,447,5,2025-05-08,Debit Card,Delivered,245101.75,
3126,10442,2,4,2026-01-16,UPI,Delivered,85129.2,
3127,7463,435,5,2025-11-20,Net Banking,Delivered,999.6,8
3128,11749,236,1,2025-08-24,Net Banking,Delivered,2982.0,20
3129,4971,188,2,2026-02-20,Cash on Delivery,Cancelled,8204.4,
3130,16105,78,2,2025-09-13,Debit Card,Delivered,20357.36,24
3131,7193,476,1,2025-07-06,Cash on Delivery,Delivered,2629.75,3
3132,1521,146,5,2026-04-12,Credit Card,Delivered,3585.15,
3133,2979,300,1,2025-11-22,Cash on Delivery,Delivered,419.65,8
3134,10897,63,5,2025-04-12,Credit Card,Returned,7691.6,
3135,1867,160,3,2025-01-27,Cash on Delivery,Delivered,283944.51,
3136,15867,244,3,2026-02-07,Net Banking,Delivered,10758.96,
3137,1594,292,4,2024-10-19,Net Banking,Delivered,115049.72,4
3138,4538,326,2,2026-01-28,Cash on Delivery,Delivered,190.8,
3139,3433,333,5,2025-08-25,Cash on Delivery,Delivered,33888.4,20
3140,305,99,1,2025-08-20,Cash on Delivery,Delivered,2759.56,20
3141,6567,86,5,2026-07-08,UPI,Cancelled,17384.55,
3142,11591,149,2,2025-02-05,Credit Card,Delivered,6219.72,25
3143,8490,404,5,2024-11-06,Cash on Delivery,Delivered,273023.4,19
3144,13174,255,1,2024-11-10,Debit Card,Delivered,820.76,19
3145,1563,475,5,2026-01-03,Net Banking,Delivered,26846.4,
3146,5466,261,3,2025-07-10,Cash on Delivery,Delivered,4347.3,3
3147,9843,423,1,2025-06-10,Net Banking,Delivered,3795.33,16
3148,5430,292,4,2026-02-05,Net Banking,Delivered,115049.72,
3149,3587,293,3,2026-05-08,Debit Card,Delivered,2966.64,5
3150,18183,97,4,2026-05-30,Debit Card,Delivered,3971.0,13
3151,12420,285,5,2025-05-05,Net Banking,Returned,2307.5,
3152,8958,99,1,2025-03-04,Debit Card,Cancelled,2759.56,1
3153,11305,417,4,2026-04-30,Cash on Delivery,Delivered,3915.0,7
3154,5854,330,1,2025-03-22,UPI,Delivered,3264.14,15
3155,17083,157,5,2025-05-25,Cash on Delivery,Delivered,51159.8,
3156,6112,49,5,2025-06-16,Net Banking,Returned,20333.8,16
3157,9220,281,4,2026-07-14,UPI,Delivered,5087.76,
3158,17109,52,2,2026-07-17,Cash on Delivery,Delivered,11740.48,
3159,8316,146,1,2025-04-04,UPI,Cancelled,717.03,
3160,1210,300,1,2025-01-26,Debit Card,Delivered,419.65,
3161,17764,406,4,2026-01-07,Net Banking,Delivered,453879.36,
3162,5712,215,1,2024-08-05,Debit Card,Cancelled,4235.14,14
3163,19388,291,5,2025-05-21,Net Banking,Delivered,26669.5,
3164,12489,73,5,2024-11-18,Cash on Delivery,Delivered,174866.7,19
3165,9993,122,4,2025-12-08,Cash on Delivery,Delivered,55560.96,22
3166,94,453,5,2025-12-03,UPI,Delivered,10436.4,22
3167,19367,194,2,2026-05-18,Debit Card,Delivered,4420.8,7
3168,12588,309,5,2026-04-19,Debit Card,Delivered,182670.4,
3169,3634,282,1,2025-12-14,UPI,Delivered,330.0,
3170,15028,231,3,2026-03-17,Debit Card,Delivered,214526.34,9
3171,9474,213,1,2024-08-24,Debit Card,Delivered,4200.0,2
3172,11681,345,1,2026-01-19,Debit Card,Delivered,4291.1,
3173,10179,171,1,2024-08-06,Net Banking,Delivered,6286.8,14
3174,15029,36,3,2025-02-28,UPI,Returned,128408.7,1
3175,18890,477,5,2025-04-08,Cash on Delivery,Delivered,2305.1,
3176,478,377,1,2025-04-02,Credit Card,Delivered,346.4,21
3177,14244,165,3,2025-06-02,UPI,Delivered,801.09,
3178,652,82,5,2024-07-24,Cash on Delivery,Delivered,19543.95,14
3179,14780,418,4,2025-09-04,Cash on Delivery,Cancelled,51597.0,23
3180,11881,474,5,2025-06-13,Credit Card,Delivered,471532.2,16
3181,13385,324,2,2025-02-08,Net Banking,Delivered,3321.32,25
3182,13065,242,1,2026-02-01,UPI,Delivered,1389.36,
3183,12451,38,2,2024-11-02,Cash on Delivery,Delivered,185387.72,19
3184,7427,368,5,2025-10-10,Cash on Delivery,Delivered,3340.0,
3185,2920,211,4,2024-12-21,Credit Card,Delivered,489300.56,
3186,3919,305,3,2025-06-19,Debit Card,Delivered,260654.88,16
3187,10347,44,3,2025-04-27,Credit Card,Delivered,3743.58,
3188,6436,147,5,2025-01-31,Cash on Delivery,Delivered,1748.85,25
3189,1904,257,4,2024-08-30,Credit Card,Delivered,15376.16,2
3190,13658,9,1,2026-03-02,Cash on Delivery,Delivered,6293.76,9
3191,2808,119,4,2026-01-04,Credit Card,Delivered,13980.8,
3192,18737,167,1,2025-05-01,Net Banking,Delivered,1711.85,
3193,447,169,1,2025-05-15,Credit Card,Delivered,2596.16,
3194,9324,277,2,2026-03-09,UPI,Delivered,99682.9,9
3195,15772,116,3,2024-08-22,UPI,Delivered,5656.8,18
3196,1712,20,4,2026-03-01,Cash on Delivery,Delivered,13685.76,9
3197,8727,196,1,2025-12-06,Net Banking,Delivered,1889.91,22
3198,18424,287,4,2026-06-03,Cash on Delivery,Delivered,262709.2,13
3199,5804,383,5,2026-03-22,Cash on Delivery,Delivered,27774.5,9
3200,18003,157,1,2026-01-08,UPI,Returned,10231.96,
3201,7021,229,5,2026-04-26,Cash on Delivery,Delivered,2178.0,
3202,3432,71,4,2025-07-16,Net Banking,Delivered,1992.6,3
3203,10570,77,5,2024-11-07,Credit Card,Delivered,1735.3,19
3204,19886,51,4,2026-06-29,Debit Card,Delivered,1725.36,
3205,1451,303,5,2025-01-09,Net Banking,Delivered,38694.6,
3206,14458,271,4,2024-08-08,UPI,Delivered,3619.2,14
3207,6348,246,2,2026-03-28,Credit Card,Delivered,89091.24,9
3208,10421,1,4,2024-09-09,UPI,Delivered,3379.48,2
3209,4968,155,3,2025-04-05,Cash on Delivery,Delivered,28910.97,
3210,17320,289,3,2026-03-27,Debit Card,Delivered,4314.9,9
3211,10099,109,3,2025-04-30,UPI,Cancelled,220009.68,
3212,13130,351,4,2025-03-31,UPI,Cancelled,2796.64,21
3213,964,325,5,2026-04-27,Cash on Delivery,Cancelled,14969.8,
3214,13991,31,4,2026-05-20,Net Banking,Delivered,4303.0,7
3215,18446,130,4,2025-09-30,Cash on Delivery,Delivered,3320.0,12
3216,17975,118,5,2024-12-04,Debit Card,Delivered,32728.8,10
3217,9523,12,1,2025-03-01,Cash on Delivery,Returned,5148.0,1
3218,12957,32,3,2026-02-18,Net Banking,Delivered,908.52,
3219,58,238,3,2024-09-29,Net Banking,Cancelled,10497.6,
3220,9544,335,4,2025-09-09,Debit Card,Delivered,7566.48,24
3221,1154,408,3,2024-12-31,Debit Card,Delivered,503.01,
3222,10839,427,2,2025-02-05,Credit Card,Delivered,5616.0,25
3223,13238,373,3,2025-03-22,UPI,Delivered,166053.42,21
3224,124,197,1,2024-10-19,Credit Card,Returned,3422.5,4
3225,684,463,1,2025-02-10,Credit Card,Delivered,517.14,
3226,6245,336,3,2024-12-29,Credit Card,Delivered,5097.96,
3227,5888,165,2,2025-10-18,UPI,Cancelled,534.06,
3228,6599,462,3,2025-04-25,Cash on Delivery,Delivered,1356.36,
3229,9886,155,1,2025-04-19,Debit Card,Delivered,9636.99,
3230,637,47,5,2026-03-03,Net Banking,Delivered,278077.8,9
3231,1587,150,1,2026-04-19,Debit Card,Delivered,9727.4,
3232,11889,57,3,2026-03-23,Credit Card,Delivered,14378.31,9
3233,2820,283,4,2025-06-09,UPI,Delivered,7029.36,
3234,15202,199,4,2025-12-01,Cash on Delivery,Delivered,68571.68,
3235,3346,378,4,2024-12-05,Debit Card,Delivered,9139.6,10
3236,18883,120,1,2025-12-21,Cash on Delivery,Delivered,750.55,
3237,1738,228,4,2024-11-24,UPI,Returned,43712.64,10
3238,13393,43,2,2026-03-31,Credit Card,Returned,67798.44,
3239,7578,141,5,2025-09-08,Cash on Delivery,Delivered,1911.0,24
3240,4571,462,4,2024-10-06,Cash on Delivery,Cancelled,1808.48,4
3241,6511,190,2,2026-06-26,Credit Card,Returned,8419.4,13
3242,6897,369,2,2026-03-12,Cash on Delivery,Cancelled,3781.2,9
3243,10234,345,5,2025-07-05,Cash on Delivery,Delivered,21455.5,3
3244,6645,423,4,2025-06-08,Credit Card,Delivered,15181.32,
3245,5467,284,3,2024-12-21,Credit Card,Returned,1395.24,
3246,4335,32,5,2025-02-22,UPI,Delivered,1514.2,
3247,13325,99,1,2024-07-30,Credit Card,Delivered,2759.56,14
3248,15508,54,5,2026-04-25,Cash on Delivery,Delivered,6375.0,
3249,18617,368,5,2025-03-15,Net Banking,Delivered,3340.0,21
3250,7778,1,1,2026-07-07,UPI,Delivered,844.87,
3251,9963,484,2,2026-07-12,Cash on Delivery,Cancelled,218277.7,
3252,792,98,4,2025-06-18,UPI,Delivered,152169.6,16
3253,17976,263,2,2024-11-29,UPI,Delivered,3373.2,10
3254,9000,6,3,2024-07-26,Debit Card,Delivered,15907.5,14
3255,9015,449,1,2024-08-21,Net Banking,Delivered,823.65,18
3256,15154,218,5,2025-09-17,Cash on Delivery,Returned,153694.8,12
3257,3137,377,2,2025-12-29,Credit Card,Returned,692.8,
3258,17384,271,5,2025-03-19,Cash on Delivery,Cancelled,4524.0,15
3259,4942,107,1,2025-04-26,UPI,Delivered,478.88,
3260,14099,155,4,2024-11-22,Debit Card,Delivered,38547.96,10
3261,16164,272,5,2024-10-31,Cash on Delivery,Delivered,7894.95,19
3262,18381,500,1,2025-06-03,UPI,Returned,8876.85,
3263,17289,422,1,2025-03-29,Cash on Delivery,Returned,3100.17,21
3264,10966,37,1,2025-09-20,Net Banking,Delivered,4062.15,12
3265,15250,437,1,2024-08-13,Cash on Delivery,Returned,728.8,18
3266,3021,369,5,2024-10-18,UPI,Delivered,9453.0,4
3267,14500,349,2,2025-09-19,Cash on Delivery,Delivered,7890.94,12
3268,16477,307,3,2026-03-15,Net Banking,Delivered,7407.45,9
3269,16559,176,3,2025-04-12,Credit Card,Returned,1677.54,
3270,10161,350,3,2025-01-20,UPI,Delivered,111635.4,
3271,19477,81,1,2024-09-10,Debit Card,Delivered,341.82,2
3272,5704,429,1,2025-04-19,Credit Card,Delivered,111284.93,
3273,5675,413,3,2025-11-19,Cash on Delivery,Delivered,1365.12,8
3274,6513,444,5,2026-03-24,UPI,Delivered,15116.4,9
3275,10992,290,4,2025-06-22,UPI,Delivered,5566.6,11
3276,16804,20,3,2025-06-12,Credit Card,Delivered,10264.32,16
3277,5543,449,5,2026-06-23,Net Banking,Delivered,4118.25,13
3278,19605,19,4,2025-01-31,Net Banking,Delivered,43553.76,25
3279,11988,393,5,2026-02-12,Net Banking,Returned,1436.4,
3280,10625,269,4,2025-10-31,Cash on Delivery,Delivered,666.12,
3281,9490,411,1,2025-02-07,UPI,Cancelled,2849.0,25
3282,123,89,4,2026-04-20,Net Banking,Delivered,422780.48,
3283,7663,144,4,2025-09-05,UPI,Delivered,18227.2,23
3284,14287,243,5,2025-10-05,Credit Card,Cancelled,3630.0,12
3285,4773,479,3,2024-11-10,Debit Card,Delivered,26184.6,19
3286,3916,135,4,2025-07-20,Cash on Delivery,Delivered,275463.52,
3287,3176,34,4,2025-01-10,Cash on Delivery,Delivered,4882.68,
3288,7889,173,5,2025-07-19,Credit Card,Delivered,619.5,
3289,11620,314,1,2024-12-31,Net Banking,Delivered,2495.7,
3290,766,52,5,2025-05-23,UPI,Delivered,29351.2,
3291,19387,218,1,2026-07-04,Net Banking,Delivered,30738.96,
3292,1779,53,5,2025-05-30,Cash on Delivery,Delivered,128412.9,
3293,1149,309,1,2025-06-14,Credit Card,Delivered,36534.08,16
3294,18282,122,3,2025-02-16,UPI,Delivered,41670.72,
3295,7904,280,2,2025-11-23,Net Banking,Delivered,1362.86,8
3296,15899,220,4,2025-05-13,UPI,Delivered,7415.4,
3297,14737,212,2,2025-05-27,Cash on Delivery,Delivered,592.8,
3298,793,458,3,2025-01-02,UPI,Delivered,222660.0,
3299,6426,45,5,2024-11-19,Debit Card,Cancelled,3645.95,10
3300,5391,276,1,2024-07-22,UPI,Delivered,622.5,14
3301,5554,400,5,2026-07-17,Cash on Delivery,Cancelled,5850.0,
3302,18872,380,2,2025-06-07,UPI,Cancelled,8931.6,
3303,5019,164,2,2024-11-05,Net Banking,Cancelled,427.68,19
3304,11567,384,2,2026-04-08,Credit Card,Delivered,1345.4,
3305,345,281,1,2025-11-24,UPI,Delivered,1271.94,8
3306,17480,331,5,2025-10-26,Debit Card,Delivered,134287.2,
3307,4178,474,5,2025-10-22,Net Banking,Delivered,471532.2,
3308,10989,470,1,2026-01-20,Credit Card,Delivered,2591.6,
3309,2914,36,1,2026-04-24,Credit Card,Delivered,42802.9,
3310,11847,220,4,2025-11-26,Credit Card,Delivered,7415.4,8
3311,8526,166,5,2025-01-11,UPI,Delivered,21178.2,
3312,17049,228,2,2025-08-30,Debit Card,Returned,21856.32,23
3313,3893,403,1,2025-06-02,UPI,Delivered,1855.41,
3314,4699,190,3,2025-08-15,UPI,Delivered,12629.1,20
3315,15824,203,4,2025-10-14,Credit Card,Delivered,3015.52,
3316,15816,498,4,2026-03-12,Net Banking,Delivered,2912.64,9
3317,6885,27,4,2026-04-02,UPI,Delivered,22012.32,
3318,13918,456,5,2026-01-31,Debit Card,Delivered,4822.3,
3319,7362,20,4,2025-01-13,UPI,Delivered,13685.76,
3320,10473,382,4,2025-06-26,Credit Card,Delivered,20326.68,11
3321,15870,254,5,2025-04-22,Debit Card,Returned,1003.8,
3322,19048,165,2,2025-04-27,Debit Card,Delivered,534.06,
3323,17602,453,3,2024-09-01,Cash on Delivery,Delivered,6261.84,2
3324,3560,346,2,2026-03-19,Cash on Delivery,Delivered,1165.92,9
3325,8504,336,5,2024-11-28,Debit Card,Cancelled,8496.6,10
3326,19323,1,4,2026-05-25,Credit Card,Delivered,3379.48,7
3327,15034,232,4,2025-05-01,Credit Card,Delivered,220422.32,
3328,15582,86,5,2025-04-06,UPI,Delivered,17384.55,
3329,8522,424,1,2025-03-12,Credit Card,Delivered,9516.5,21
3330,1057,448,1,2025-08-05,Credit Card,Delivered,693.67,20
3331,8021,305,5,2025-06-09,Debit Card,Delivered,434424.8,
3332,9036,9,2,2025-01-18,Debit Card,Delivered,12587.52,
3333,656,469,5,2024-12-05,Net Banking,Delivered,2548.4,10
3334,2268,348,5,2025-08-27,Cash on Delivery,Delivered,292101.25,20
3335,15202,422,4,2024-08-30,Credit Card,Delivered,12400.68,2
3336,3605,353,4,2025-11-15,Credit Card,Returned,839.8,8
3337,572,130,5,2025-11-01,Cash on Delivery,Delivered,4150.0,
3338,10724,283,1,2025-10-05,Debit Card,Delivered,1757.34,12
3339,11207,324,1,2025-03-15,Credit Card,Cancelled,1660.66,1
3340,11822,349,2,2025-02-15,Cash on Delivery,Delivered,7890.94,
3341,17674,130,5,2024-09-26,UPI,Delivered,4150.0,
3342,16981,409,4,2024-12-02,UPI,Delivered,7156.8,10
3343,11794,487,3,2026-05-02,Credit Card,Delivered,2842.14,7
3344,3140,17,4,2025-12-30,Cash on Delivery,Delivered,130957.2,
3345,470,382,5,2024-07-26,UPI,Delivered,25408.35,14
3346,8222,37,4,2025-06-24,Cash on Delivery,Delivered,16248.6,6
3347,17455,348,1,2025-01-07,UPI,Delivered,58420.25,
3348,5333,386,1,2025-12-11,Credit Card,Delivered,1701.05,22
3349,9388,206,1,2025-02-05,Credit Card,Delivered,2284.36,25
3350,18485,424,1,2026-06-26,Credit Card,Delivered,9516.5,13
3351,12630,292,5,2025-08-04,Debit Card,Cancelled,143812.15,
3352,2781,474,2,2026-03-03,Credit Card,Returned,188612.88,9
3353,1228,382,4,2026-05-03,Debit Card,Returned,20326.68,7
3354,7641,295,3,2026-07-09,Cash on Delivery,Delivered,26911.92,
3355,15438,288,4,2026-05-30,Cash on Delivery,Returned,9954.0,13
3356,16251,441,1,2025-10-02,Credit Card,Delivered,4594.88,12
3357,8753,226,3,2024-10-21,UPI,Delivered,6439.08,4
3358,16573,380,2,2025-07-24,Debit Card,Cancelled,8931.6,
3359,15577,223,5,2024-09-17,UPI,Delivered,372204.6,
3360,19933,227,4,2026-02-16,Debit Card,Delivered,2931.0,
3361,15414,118,1,2026-06-13,Debit Card,Delivered,6545.76,13
3362,8536,457,3,2025-12-02,Net Banking,Delivered,11425.05,
3363,13994,60,5,2025-01-17,Cash on Delivery,Delivered,10375.0,
3364,10838,283,2,2025-03-22,UPI,Delivered,3514.68,15
3365,6681,345,3,2026-01-18,Net Banking,Delivered,12873.3,
3366,4738,149,3,2025-12-19,Cash on Delivery,Returned,9329.58,
3367,5364,419,5,2025-02-01,Cash on Delivery,Delivered,170756.8,25
3368,13334,173,4,2025-07-10,UPI,Delivered,495.6,3
3369,18486,299,1,2025-06-07,Debit Card,Delivered,81536.9,
3370,2539,169,4,2025-01-15,Net Banking,Delivered,10384.64,
3371,3920,389,3,2025-09-24,Cash on Delivery,Delivered,7481.88,12
3372,18346,156,2,2024-12-03,Debit Card,Delivered,59506.8,10
3373,2062,87,3,2025-01-03,UPI,Delivered,34989.39,
3374,14792,414,2,2026-01-03,Net Banking,Returned,4622.3,
3375,577,355,1,2024-07-19,Cash on Delivery,Delivered,347.2,
3376,12374,304,3,2025-12-24,Net Banking,Delivered,298282.14,
3377,16277,328,3,2026-03-15,Debit Card,Delivered,6852.3,9
3378,3827,121,2,2025-12-08,Debit Card,Delivered,590.8,22
3379,1938,398,5,2026-06-14,Cash on Delivery,Cancelled,3430.7,13
3380,14279,224,2,2026-02-27,Cash on Delivery,Delivered,3713.58,
3381,10913,303,3,2025-03-05,UPI,Delivered,23216.76,1
3382,9889,313,3,2026-05-25,Credit Card,Delivered,167155.5,7
3383,5523,29,1,2026-05-04,UPI,Delivered,131805.52,7
3384,10771,288,5,2026-06-28,Net Banking,Delivered,12442.5,17
3385,14589,293,3,2025-12-04,Debit Card,Delivered,2966.64,22
3386,6179,278,5,2024-12-22,Cash on Delivery,Delivered,21815.8,
3387,19670,467,2,2025-11-25,Cash on Delivery,Delivered,4031.8,8
3388,19089,205,3,2025-01-16,Net Banking,Delivered,98257.32,
3389,9506,468,2,2026-04-29,Cash on Delivery,Cancelled,223509.04,7
3390,5867,268,2,2025-04-02,Debit Card,Delivered,155130.08,21
3391,13707,315,5,2026-01-04,Credit Card,Delivered,27279.25,
3392,9943,500,3,2025-03-26,Debit Card,Delivered,26630.55,15
3393,1969,100,4,2026-05-21,Credit Card,Delivered,1810.56,7
3394,7667,37,2,2026-05-16,Debit Card,Returned,8124.3,7
3395,18584,424,3,2025-10-18,Debit Card,Delivered,28549.5,
3396,16961,213,1,2025-02-23,Credit Card,Delivered,4200.0,
3397,5596,342,1,2026-04-15,Cash on Delivery,Cancelled,607.2,
3398,16910,264,2,2026-04-01,Cash on Delivery,Delivered,1502.4,
3399,16931,62,4,2025-02-08,Cash on Delivery,Delivered,9398.4,25
3400,8152,122,5,2024-09-08,Net Banking,Delivered,69451.2,2
3401,14135,142,1,2025-12-27,Cash on Delivery,Returned,2507.92,
3402,9408,69,2,2024-07-18,Cash on Delivery,Delivered,1153.2,
3403,9058,450,5,2024-12-20,UPI,Delivered,1656.0,
3404,3509,482,1,2026-05-14,Net Banking,Delivered,41780.9,7
3405,10688,379,1,2025-03-31,Cash on Delivery,Delivered,475.09,21
3406,8910,146,2,2025-06-04,Debit Card,Delivered,1434.06,
3407,16134,476,1,2025-06-14,Credit Card,Delivered,2629.75,16
3408,4322,76,1,2026-03-18,UPI,Delivered,1948.32,9
3409,6696,344,1,2026-06-27,UPI,Delivered,175.44,17
3410,4699,459,2,2024-11-05,Credit Card,Delivered,2225.94,19
3411,588,310,2,2025-09-05,Credit Card,Returned,2324.0,23
3412,11093,131,5,2025-07-27,Net Banking,Returned,9141.5,
3413,9950,267,3,2026-05-05,Cash on Delivery,Delivered,12790.8,7
3414,17312,361,4,2024-10-01,Net Banking,Returned,26213.88,
3415,5399,315,4,2024-10-11,Net Banking,Delivered,21823.4,4
3416,14253,429,3,2025-06-22,Cash on Delivery,Delivered,333854.79,6
3417,5780,326,3,2024-09-28,Credit Card,Delivered,286.2,
3418,5057,201,2,2025-12-28,Credit Card,Delivered,12066.72,
3419,17247,59,5,2026-04-05,UPI,Delivered,4076.6,
3420,11616,322,2,2024-11-28,Net Banking,Delivered,113198.56,10
3421,9517,76,3,2026-06-04,Net Banking,Delivered,5844.96,13
3422,689,2,3,2024-11-09,Credit Card,Delivered,63846.9,19
3423,1718,309,3,2024-10-16,Debit Card,Delivered,109602.24,4
3424,9338,478,4,2026-02-28,Cash on Delivery,Delivered,9477.2,9
3425,18523,151,3,2025-05-14,Credit Card,Delivered,199140.9,
3426,9000,41,1,2024-07-23,UPI,Delivered,3435.12,14
3427,12013,321,4,2025-01-26,UPI,Delivered,3129.24,
3428,56,143,3,2025-07-28,Credit Card,Delivered,422.67,
3429,5324,493,2,2025-06-15,Credit Card,Delivered,1362.2,16
3430,17778,209,1,2025-02-08,Debit Card,Delivered,4029.41,25
3431,1625,390,5,2025-09-28,Net Banking,Delivered,5237.1,12
3432,9152,26,1,2026-07-02,Debit Card,Delivered,109395.44,
3433,18232,130,3,2025-09-29,Debit Card,Delivered,2490.0,12
3434,12539,481,3,2026-04-29,Net Banking,Delivered,1842.75,7
3435,16121,294,5,2025-04-24,Cash on Delivery,Returned,2113.2,
3436,7172,308,5,2026-07-01,Credit Card,Delivered,11042.8,
3437,9698,397,5,2026-07-16,Debit Card,Delivered,8178.3,
3438,8879,419,1,2024-07-18,Debit Card,Delivered,34151.36,
3439,14097,472,5,2026-02-09,Net Banking,Delivered,7418.95,
3440,14511,344,3,2025-12-04,Net Banking,Delivered,526.32,22
3441,13877,193,3,2025-01-22,Cash on Delivery,Delivered,127686.0,
3442,14762,255,3,2025-12-27,Debit Card,Delivered,2462.28,
3443,6020,150,4,2025-06-30,Credit Card,Delivered,38909.6,11
3444,1978,67,5,2026-05-01,Cash on Delivery,Delivered,2304.0,7
3445,4539,333,4,2025-07-22,Debit Card,Delivered,27110.72,
3446,16656,439,1,2026-03-06,Net Banking,Delivered,2824.25,9
3447,1913,252,1,2025-05-10,Debit Card,Delivered,3468.0,
3448,12377,279,5,2025-09-17,UPI,Delivered,287.1,12
3449,14961,472,3,2026-02-22,UPI,Delivered,4451.37,
3450,13410,415,4,2025-07-11,Debit Card,Returned,4392.36,3
3451,12216,351,1,2024-09-09,Net Banking,Returned,699.16,2
3452,16058,335,5,2024-10-28,UPI,Delivered,9458.1,
3453,8424,21,2,2025-02-08,UPI,Delivered,57922.2,25
3454,19468,491,5,2024-11-12,Credit Card,Cancelled,1340.5,19
3455,1525,461,3,2024-08-25,Cash on Delivery,Delivered,282404.85,2
3456,9132,303,2,2026-02-07,UPI,Delivered,15477.84,
3457,2209,487,2,2026-07-03,UPI,Cancelled,1894.76,
3458,17454,266,1,2025-09-09,Cash on Delivery,Delivered,3569.93,24
3459,19022,87,3,2026-05-12,Cash on Delivery,Delivered,34989.39,5
3460,6851,250,4,2025-05-05,UPI,Returned,2693.6,
3461,2480,138,1,2025-12-09,Credit Card,Delivered,3976.29,22
3462,6071,126,1,2026-06-15,UPI,Delivered,1992.03,13
3463,11009,365,5,2024-12-19,UPI,Delivered,8572.2,
3464,19605,324,1,2026-01-26,Net Banking,Delivered,1660.66,
3465,13504,410,5,2026-03-24,Debit Card,Delivered,8095.75,9
3466,13232,323,4,2024-08-01,UPI,Delivered,2115.8,14
3467,1540,425,4,2025-03-07,Net Banking,Delivered,997.28,1
3468,18274,188,4,2025-05-24,Net Banking,Delivered,16408.8,
3469,11684,175,4,2025-10-30,UPI,Delivered,20663.28,
3470,5082,81,3,2024-08-17,Cash on Delivery,Delivered,1025.46,18
3471,7843,280,2,2024-11-14,Net Banking,Delivered,1362.86,19
3472,12882,68,4,2026-04-14,Net Banking,Delivered,2244.0,
3473,13136,164,2,2026-06-03,Net Banking,Returned,427.68,13
3474,8881,354,3,2025-06-05,Net Banking,Returned,1633.05,
3475,8000,493,1,2026-01-08,UPI,Delivered,681.1,
3476,1945,141,2,2025-06-20,Cash on Delivery,Delivered,764.4,3
3477,18610,79,1,2025-05-16,Net Banking,Returned,93926.12,
3478,18017,80,4,2026-02-18,Credit Card,Delivered,8766.0,
3479,557,400,5,2025-03-04,Debit Card,Delivered,5850.0,1
3480,9693,489,2,2026-04-14,Debit Card,Delivered,4187.84,
3481,2728,341,4,2025-11-13,Net Banking,Cancelled,420642.64,8
3482,12559,464,5,2025-09-08,Net Banking,Delivered,2686.0,24
3483,18909,352,3,2025-08-31,Debit Card,Delivered,45378.99,23
3484,14042,460,1,2025-01-02,Net Banking,Delivered,1085.4,
3485,2486,406,5,2025-11-18,UPI,Delivered,567349.2,8
3486,18860,317,3,2025-11-15,Credit Card,Delivered,10306.56,8
3487,18740,76,1,2025-02-07,Debit Card,Delivered,1948.32,25
3488,10314,458,3,2025-02-15,Credit Card,Delivered,222660.0,
3489,18891,233,5,2026-05-02,Cash on Delivery,Delivered,185500.3,7
3490,9917,311,5,2024-07-27,Net Banking,Cancelled,1174.5,14
3491,16257,325,4,2026-03-22,Cash on Delivery,Delivered,11975.84,9
3492,9551,437,5,2025-03-21,Cash on Delivery,Delivered,3644.0,21
3493,3968,320,1,2025-10-24,Net Banking,Returned,1701.08,
3494,1985,420,2,2025-01-06,Cash on Delivery,Delivered,1918.84,
3495,13039,402,4,2024-11-20,UPI,Delivered,4002.0,10
3496,17343,308,1,2026-03-14,Credit Card,Cancelled,2208.56,9
3497,11984,373,5,2025-05-25,Net Banking,Delivered,276755.7,
3498,7549,194,1,2025-07-25,Debit Card,Cancelled,2210.4,
3499,2804,266,1,2024-10-13,Credit Card,Returned,3569.93,4
3500,4714,481,2,2024-11-04,Debit Card,Delivered,1228.5,19
3501,19944,407,1,2025-06-02,Credit Card,Delivered,3395.04,
3502,113,81,1,2026-06-12,UPI,Delivered,341.82,13
3503,1851,163,3,2025-06-19,Net Banking,Cancelled,17618.58,16
3504,6644,228,1,2025-01-11,UPI,Returned,10928.16,
3505,14623,89,2,2025-04-22,UPI,Cancelled,211390.24,
3506,14681,461,5,2024-08-21,Debit Card,Delivered,470674.75,2
3507,10482,53,5,2025-06-26,Credit Card,Delivered,128412.9,6
3508,18720,154,3,2026-02-05,Net Banking,Delivered,161265.6,
3509,17697,389,5,2025-04-13,Debit Card,Delivered,12469.8,
3510,10230,260,2,2026-01-04,UPI,Delivered,933.88,
3511,8692,88,2,2024-10-26,UPI,Delivered,655.32,
3512,7133,343,2,2025-03-11,Credit Card,Delivered,6663.06,1
3513,18604,399,3,2025-01-11,Debit Card,Delivered,367155.63,
3514,16560,4,2,2025-05-15,Debit Card,Cancelled,134038.36,
3515,13756,253,1,2026-07-12,Credit Card,Delivered,482.22,
3516,4958,456,5,2026-04-30,Debit Card,Delivered,4822.3,7
3517,5023,122,4,2025-09-14,Credit Card,Cancelled,55560.96,24
3518,11815,305,5,2024-08-26,UPI,Delivered,434424.8,2
3519,7888,320,1,2026-03-11,Cash on Delivery,Delivered,1701.08,9
3520,4203,351,3,2026-06-20,Net Banking,Delivered,2097.48,17
3521,6156,205,3,2026-05-18,UPI,Delivered,98257.32,7
3522,17889,273,3,2024-08-06,Cash on Delivery,Delivered,35604.0,14
3523,382,451,1,2026-06-22,Net Banking,Delivered,77303.2,13
3524,5683,339,1,2026-03-09,Net Banking,Delivered,62552.28,9
3525,9687,319,4,2025-05-07,Debit Card,Cancelled,2875.92,
3526,18852,133,1,2026-02-18,Credit Card,Delivered,2007.92,
3527,9869,355,2,2026-02-08,Debit Card,Delivered,694.4,
3528,16401,262,5,2025-05-01,Credit Card,Delivered,1768.8,
3529,10446,264,5,2025-12-05,Debit Card,Delivered,3756.0,22
3530,8699,14,5,2025-09-23,Net Banking,Delivered,6009.5,12
3531,17698,79,1,2025-11-10,Debit Card,Cancelled,93926.12,8
3532,11556,429,5,2025-05-20,Cash on Delivery,Delivered,556424.65,
3533,2655,84,1,2024-07-25,Debit Card,Returned,7203.6,14
3534,18835,463,2,2024-08-09,Credit Card,Delivered,1034.28,18
3535,11341,339,5,2025-11-08,Net Banking,Delivered,312761.4,8
3536,3654,10,4,2025-08-21,UPI,Delivered,30688.68,20
3537,5555,472,2,2025-10-30,UPI,Delivered,2967.58,
3538,829,450,4,2025-02-14,Cash on Delivery,Returned,1324.8,
3539,14165,132,2,2026-06-06,UPI,Delivered,2858.52,13
3540,4767,133,5,2024-12-03,Debit Card,Delivered,10039.6,10
3541,12581,174,4,2025-06-19,Cash on Delivery,Delivered,65942.88,16
3542,8707,328,2,2025-01-11,Credit Card,Returned,4568.2,
3543,3326,33,3,2025-11-21,Cash on Delivery,Delivered,11573.28,8
3544,2404,196,5,2025-05-24,Credit Card,Delivered,9449.55,
3545,4362,198,3,2026-01-25,UPI,Delivered,249293.94,
3546,1273,486,4,2026-03-14,UPI,Delivered,14971.32,9
3547,9267,349,4,2024-10-07,Debit Card,Delivered,15781.88,4
3548,17604,177,3,2025-07-05,UPI,Delivered,2942.64,3
3549,6316,313,5,2025-11-06,Credit Card,Delivered,278592.5,8
3550,13100,377,2,2025-07-04,Net Banking,Delivered,692.8,3
3551,15446,359,5,2024-12-14,Credit Card,Delivered,20416.0,
3552,8779,423,3,2025-09-09,Cash on Delivery,Returned,11385.99,24
3553,11763,339,2,2025-06-01,Debit Card,Delivered,125104.56,
3554,8253,326,1,2024-08-11,Debit Card,Delivered,95.4,14
3555,13716,205,1,2025-02-06,Debit Card,Returned,32752.44,25
3556,1711,165,5,2024-10-28,Credit Card,Delivered,1335.15,
3557,3104,11,2,2024-08-13,Net Banking,Cancelled,242087.4,18
3558,13152,159,5,2025-06-10,UPI,Delivered,867.35,16
3559,16934,383,5,2025-03-01,Cash on Delivery,Delivered,27774.5,1
3560,5541,169,1,2026-03-02,Debit Card,Returned,2596.16,9
3561,8227,72,4,2024-12-26,Cash on Delivery,Delivered,8841.6,
3562,15442,199,1,2026-07-02,Cash on Delivery,Delivered,17142.92,
3563,12749,495,5,2024-10-13,Net Banking,Delivered,41911.3,4
3564,11356,259,5,2024-09-30,Cash on Delivery,Delivered,15890.55,
3565,2687,473,5,2024-11-23,Cash on Delivery,Delivered,186214.65,10
3566,502,478,4,2025-04-09,Cash on Delivery,Delivered,9477.2,
3567,18694,14,4,2025-11-27,Net Banking,Delivered,4807.6,8
3568,8331,163,1,2025-01-10,Debit Card,Delivered,5872.86,
3569,18248,386,3,2024-12-05,Cash on Delivery,Delivered,5103.15,10
3570,17372,307,4,2025-02-13,UPI,Returned,9876.6,
3571,5726,374,4,2026-06-02,UPI,Delivered,2507.76,13
3572,19705,292,1,2025-11-16,Credit Card,Delivered,28762.43,8
3573,3182,95,3,2025-08-30,UPI,Delivered,1384.98,23
3574,17331,441,2,2025-07-17,UPI,Delivered,9189.76,3
3575,3576,499,4,2025-03-19,Credit Card,Delivered,36637.44,21
3576,5213,193,4,2025-02-18,Net Banking,Delivered,170248.0,
3577,3224,209,2,2026-02-23,Net Banking,Delivered,8058.82,
3578,18650,482,4,2024-12-24,Credit Card,Delivered,167123.6,
3579,1035,258,5,2026-02-12,Cash on Delivery,Delivered,5681.6,
3580,7470,162,4,2026-04-26,Cash on Delivery,Delivered,10373.88,
3581,17915,393,2,2026-04-19,UPI,Delivered,574.56,
3582,11996,56,2,2025-07-05,Cash on Delivery,Returned,1446.12,3
3583,7580,47,3,2024-07-26,Credit Card,Delivered,166846.68,14
3584,4418,396,3,2025-04-19,UPI,Delivered,169638.48,
3585,2315,210,2,2024-11-05,UPI,Delivered,11891.92,19
3586,16328,198,5,2025-02-18,Debit Card,Delivered,415489.9,
3587,13354,294,4,2025-08-27,Net Banking,Delivered,1690.56,20
3588,5918,11,4,2024-10-24,Credit Card,Delivered,484174.8,4
3589,19406,260,3,2025-08-11,UPI,Delivered,1400.82,20
3590,6176,346,2,2026-04-01,UPI,Delivered,1165.92,
3591,12969,255,3,2025-09-22,Credit Card,Delivered,2462.28,12
3592,18585,101,5,2026-07-02,UPI,Delivered,26291.3,
3593,16099,319,3,2025-09-01,Credit Card,Delivered,2156.94,23
3594,7015,55,1,2024-10-23,UPI,Delivered,792.65,4
3595,1143,49,3,2025-09-03,Cash on Delivery,Delivered,12200.28,23
3596,7121,23,3,2024-11-30,Net Banking,Delivered,1296.48,10
3597,10447,38,3,2025-12-30,Net Banking,Delivered,278081.58,
3598,10904,203,5,2024-08-23,UPI,Cancelled,3769.4,2
3599,1220,385,1,2025-04-12,Credit Card,Delivered,874.9,
3600,17783,276,5,2025-12-19,Debit Card,Delivered,3112.5,
3601,14098,213,5,2026-06-30,Debit Card,Delivered,21000.0,
3602,14758,452,5,2025-08-10,UPI,Cancelled,20592.7,20
3603,778,154,2,2025-07-28,Cash on Delivery,Delivered,107510.4,
3604,5453,208,4,2025-12-12,UPI,Delivered,2912.64,22
3605,1237,213,4,2024-11-03,UPI,Delivered,16800.0,19
3606,16332,464,4,2024-09-27,Credit Card,Delivered,2148.8,
3607,15028,474,1,2025-03-01,Cash on Delivery,Returned,94306.44,1
3608,2895,7,4,2024-10-15,Cash on Delivery,Delivered,31157.28,4
3609,12568,37,2,2025-07-13,Credit Card,Delivered,8124.3,3
3610,2402,418,1,2025-11-20,Net Banking,Delivered,12899.25,8
3611,10157,414,3,2026-04-28,Cash on Delivery,Cancelled,6933.45,
3612,6930,254,4,2024-11-21,UPI,Delivered,803.04,10
3613,4123,3,3,2026-03-02,Debit Card,Delivered,1850.55,9
3614,3812,46,2,2025-05-03,UPI,Delivered,115846.8,
3615,3102,214,2,2025-02-05,Net Banking,Delivered,2439.5,25
3616,5018,369,1,2026-01-24,Net Banking,Cancelled,1890.6,
3617,11833,247,1,2024-08-25,UPI,Delivered,554.76,2
3618,4011,468,2,2024-11-23,Cash on Delivery,Delivered,223509.04,10
3619,13629,81,5,2024-11-03,Debit Card,Delivered,1709.1,19
3620,5188,481,1,2026-01-31,Net Banking,Delivered,614.25,
3621,12249,412,5,2025-08-04,Debit Card,Returned,11025.0,
3622,5125,325,5,2026-05-17,Cash on Delivery,Returned,14969.8,7
3623,19366,380,2,2024-09-03,Credit Card,Delivered,8931.6,2
3624,4954,498,1,2025-06-04,Cash on Delivery,Returned,728.16,
3625,3211,52,5,2025-11-30,Net Banking,Returned,29351.2,8
3626,16248,140,2,2026-06-12,Debit Card,Delivered,1039.3,13
3627,5809,463,1,2026-02-25,Debit Card,Delivered,517.14,
3628,7752,282,3,2026-02-20,Net Banking,Delivered,990.0,
3629,9624,225,1,2026-06-03,Net Banking,Delivered,1986.0,13
3630,6549,57,3,2026-03-20,Net Banking,Delivered,14378.31,9
3631,12056,254,2,2025-04-06,Credit Card,Delivered,401.52,
3632,11656,458,1,2026-04-11,Cash on Delivery,Returned,74220.0,
3633,10323,470,5,2025-05-07,Debit Card,Delivered,12958.0,
3634,8721,247,5,2024-08-02,UPI,Delivered,2773.8,14
3635,1145,409,4,2026-02-13,Credit Card,Cancelled,7156.8,
3636,10625,378,3,2024-09-09,UPI,Delivered,6854.7,2
3637,2803,475,2,2026-01-02,Net Banking,Delivered,10738.56,
3638,18944,118,2,2026-05-26,Cash on Delivery,Returned,13091.52,7
3639,3592,300,2,2025-08-07,Credit Card,Delivered,839.3,20
3640,7217,114,1,2024-10-22,Debit Card,Delivered,11303.6,4
3641,2768,406,5,2024-12-11,Net Banking,Delivered,567349.2,
3642,3279,277,2,2025-01-14,UPI,Delivered,99682.9,
3643,447,482,2,2024-11-22,Debit Card,Returned,83561.8,10
3644,18359,295,3,2025-05-23,Cash on Delivery,Delivered,26911.92,
3645,5942,173,2,2025-04-15,UPI,Delivered,247.8,
3646,10373,213,1,2025-11-09,Cash on Delivery,Delivered,4200.0,8
3647,16486,321,3,2025-03-20,Debit Card,Delivered,2346.93,21
3648,17225,391,2,2026-06-20,UPI,Delivered,298.08,13
3649,4497,108,2,2025-07-26,Debit Card,Delivered,1200.32,
3650,19566,486,4,2026-01-23,Cash on Delivery,Cancelled,14971.32,
3651,14416,106,2,2026-07-02,Net Banking,Delivered,11589.88,
3652,3649,468,1,2025-04-23,Credit Card,Delivered,111754.52,
3653,10136,419,1,2024-10-01,UPI,Returned,34151.36,
3654,15320,34,1,2024-11-12,Cash on Delivery,Delivered,1220.67,19
3655,11082,185,5,2024-12-02,Credit Card,Returned,2310.0,10
3656,14523,146,1,2024-11-10,Net Banking,Delivered,717.03,19
3657,9423,406,2,2026-04-24,Cash on Delivery,Delivered,226939.68,
3658,17714,330,4,2024-07-31,Credit Card,Delivered,13056.56,14
3659,2498,385,2,2026-05-06,Credit Card,Delivered,1749.8,5
3660,14509,31,4,2025-08-30,Debit Card,Delivered,4303.0,23
3661,969,77,3,2025-02-11,Debit Card,Delivered,1041.18,
3662,18132,489,4,2026-02-03,Credit Card,Delivered,8375.68,
3663,13204,408,4,2025-01-20,Net Banking,Delivered,670.68,
3664,15482,189,1,2025-03-28,Net Banking,Delivered,142.8,15
3665,15995,373,4,2026-02-05,Net Banking,Returned,221404.56,
3666,13022,74,4,2026-06-22,Net Banking,Delivered,30417.96,17
3667,19462,416,5,2025-09-29,Net Banking,Delivered,4361.6,12
3668,9172,412,2,2024-12-14,Debit Card,Delivered,4410.0,
3669,11782,320,1,2024-09-04,Debit Card,Cancelled,1701.08,2
3670,19561,484,1,2026-01-08,Debit Card,Delivered,109138.85,
3671,18778,78,2,2026-06-13,UPI,Delivered,20357.36,13
3672,10097,55,5,2024-11-05,Credit Card,Delivered,3963.25,19
3673,12587,495,1,2024-12-26,Debit Card,Returned,8382.26,
3674,19279,60,2,2025-03-10,Net Banking,Returned,4150.0,1
3675,2792,206,2,2024-07-24,Debit Card,Delivered,4568.72,14
3676,6000,366,4,2025-09-29,UPI,Delivered,180815.16,12
3677,18396,70,3,2024-10-06,Debit Card,Delivered,3816.72,4
3678,17897,205,2,2024-10-19,Net Banking,Cancelled,65504.88,4
3679,3897,283,3,2026-07-10,Net Banking,Delivered,5272.02,
3680,3390,113,3,2025-05-05,Debit Card,Delivered,1721.43,
3681,15795,229,2,2025-03-01,Credit Card,Delivered,871.2,1
3682,10578,81,5,2026-01-29,Credit Card,Cancelled,1709.1,
3683,1704,34,2,2026-02-13,UPI,Delivered,2441.34,
3684,15175,227,1,2025-03-03,Credit Card,Cancelled,732.75,1
3685,3244,353,2,2026-05-19,Credit Card,Delivered,419.9,7
3686,8977,155,1,2024-12-05,Debit Card,Delivered,9636.99,10
3687,8512,351,5,2025-01-24,Debit Card,Delivered,3495.8,
3688,6379,292,1,2024-07-26,UPI,Delivered,28762.43,14
3689,1662,182,3,2024-08-03,Credit Card,Delivered,3182.28,14
3690,11359,5,3,2025-02-22,Debit Card,Delivered,1692.42,
3691,16355,60,2,2025-04-28,Credit Card,Cancelled,4150.0,
3692,4356,69,5,2026-05-12,Credit Card,Returned,2883.0,7
3693,10275,313,1,2024-10-10,Net Banking,Delivered,55718.5,4
3694,4716,488,4,2024-10-10,Credit Card,Delivered,1305.6,4
3695,10473,266,2,2026-06-05,Credit Card,Delivered,7139.86,13
3696,19464,158,4,2024-12-21,Net Banking,Delivered,2291.04,
3697,18400,314,1,2026-01-04,Debit Card,Returned,2495.7,
3698,7951,401,3,2026-06-10,Debit Card,Delivered,1438.56,13
3699,14480,427,4,2025-05-20,Net Banking,Delivered,11232.0,
3700,9286,255,5,2024-08-06,Credit Card,Delivered,4103.8,14
3701,4932,140,3,2026-05-30,Cash on Delivery,Delivered,1558.95,13
3702,4796,198,5,2025-06-26,Debit Card,Returned,415489.9,6
3703,875,486,2,2025-07-26,Net Banking,Delivered,7485.66,
3704,3409,227,5,2026-01-29,Net Banking,Delivered,3663.75,
3705,13981,145,3,2024-11-21,Cash on Delivery,Returned,14167.02,10
3706,13471,15,4,2024-07-24,Net Banking,Delivered,3302.88,14
3707,8076,390,1,2026-03-23,Credit Card,Delivered,1047.42,9
3708,10368,310,1,2025-05-10,Cash on Delivery,Cancelled,1162.0,
3709,793,336,1,2024-11-08,UPI,Delivered,1699.32,19
3710,7680,377,2,2025-05-31,Credit Card,Delivered,692.8,
3711,11444,71,5,2025-06-21,UPI,Delivered,2490.75,3
3712,18027,78,5,2026-05-21,Credit Card,Delivered,50893.4,7
3713,4131,397,5,2024-09-09,Credit Card,Delivered,8178.3,2
3714,11000,338,3,2025-01-13,Net Banking,Delivered,668.22,
3715,3890,247,5,2024-07-24,Debit Card,Delivered,2773.8,14
3716,18690,146,4,2025-09-15,Debit Card,Delivered,2868.12,24
3717,11894,226,4,2026-01-19,UPI,Delivered,8585.44,
3718,16721,487,1,2026-05-05,Net Banking,Delivered,947.38,7
3719,18732,400,2,2024-08-22,Debit Card,Delivered,2340.0,18
3720,11742,46,1,2024-11-09,Credit Card,Delivered,57923.4,19
3721,11242,215,5,2025-03-19,Net Banking,Delivered,21175.7,15
3722,845,179,2,2025-12-04,Net Banking,Delivered,1050.32,22
3723,11808,183,3,2026-06-03,Cash on Delivery,Delivered,2043.36,13
3724,4619,198,4,2024-10-05,Cash on Delivery,Delivered,332391.92,4
3725,12297,487,5,2025-02-06,Debit Card,Delivered,4736.9,25
3726,8772,458,5,2025-03-19,Debit Card,Delivered,371100.0,21
3727,18965,423,2,2026-06-13,Net Banking,Delivered,7590.66,13
3728,5516,293,3,2026-04-16,Cash on Delivery,Delivered,2966.64,
3729,8888,175,2,2025-11-01,Net Banking,Delivered,10331.64,
3730,14781,333,3,2026-04-25,Net Banking,Delivered,20333.04,
3731,15139,51,3,2026-01-20,Cash on Delivery,Delivered,1294.02,
3732,19501,180,1,2026-05-21,Debit Card,Returned,84590.28,7
3733,17548,51,4,2024-10-30,Debit Card,Delivered,1725.36,
3734,19110,335,5,2024-11-12,UPI,Delivered,9458.1,19
3735,557,492,1,2024-08-31,Credit Card,Delivered,1599.8,2
3736,7063,181,2,2025-06-17,Cash on Delivery,Delivered,5430.08,16
3737,11833,292,1,2024-12-16,Cash on Delivery,Delivered,28762.43,
3738,17823,209,5,2025-02-22,Cash on Delivery,Cancelled,20147.05,
3739,12827,262,4,2024-12-22,Cash on Delivery,Delivered,1415.04,
3740,17566,344,1,2025-11-28,Net Banking,Delivered,175.44,8
3741,19669,288,3,2025-12-03,UPI,Returned,7465.5,22
3742,17696,176,5,2024-11-07,UPI,Delivered,2795.9,19
3743,19379,462,5,2025-12-22,UPI,Returned,2260.6,
3744,4077,272,4,2026-01-05,Net Banking,Delivered,6315.96,
3745,13664,123,3,2024-08-04,Net Banking,Delivered,4592.7,14
3746,11857,18,5,2026-04-04,UPI,Delivered,2739.3,
3747,631,109,3,2024-08-04,Cash on Delivery,Delivered,220009.68,14
3748,7232,83,5,2026-01-27,UPI,Returned,5360.5,
3749,16486,494,1,2026-04-23,Credit Card,Delivered,65008.24,
3750,82,257,4,2026-04-07,Cash on Delivery,Delivered,15376.16,
3751,15,414,2,2024-10-04,Debit Card,Delivered,4622.3,4
3752,8569,142,5,2025-12-17,Credit Card,Delivered,12539.6,
3753,14306,30,2,2026-03-22,Net Banking,Delivered,13438.5,9
3754,9717,427,5,2025-08-08,Net Banking,Returned,14040.0,20
3755,15111,15,3,2025-01-30,Net Banking,Delivered,2477.16,25
3756,15481,369,2,2026-01-24,Credit Card,Returned,3781.2,
3757,3521,480,1,2024-11-26,Debit Card,Delivered,71697.15,10
3758,4608,116,1,2026-04-01,Debit Card,Delivered,1885.6,
3759,17560,193,2,2025-11-26,Debit Card,Delivered,85124.0,8
3760,5336,89,4,2025-06-16,Credit Card,Delivered,422780.48,16
3761,13970,123,2,2026-03-31,UPI,Delivered,3061.8,
3762,6588,21,2,2026-06-27,UPI,Delivered,57922.2,13
3763,16508,140,4,2025-10-20,UPI,Delivered,2078.6,
3764,4389,332,2,2024-08-17,Net Banking,Delivered,5211.0,18
3765,16247,292,4,2026-01-18,Debit Card,Cancelled,115049.72,
3766,10497,225,2,2024-10-07,Cash on Delivery,Returned,3972.0,4
3767,6665,29,3,2025-09-05,Net Banking,Returned,395416.56,23
3768,6396,339,3,2026-03-27,Cash on Delivery,Delivered,187656.84,9
3769,16411,78,4,2025-02-14,Net Banking,Delivered,40714.72,
3770,5070,70,3,2024-09-09,UPI,Delivered,3816.72,2
3771,15366,252,4,2026-07-13,Debit Card,Cancelled,13872.0,
3772,7770,4,3,2024-08-12,Credit Card,Delivered,201057.54,14
3773,14458,370,5,2024-12-13,UPI,Returned,3590.55,
3774,16699,326,5,2025-03-12,UPI,Delivered,477.0,1
3775,1531,175,1,2025-10-21,Debit Card,Delivered,5165.82,
3776,2281,251,5,2026-02-27,Debit Card,Delivered,538537.5,
3777,14888,99,3,2025-09-11,Credit Card,Delivered,8278.68,24
3778,4225,229,5,2024-08-25,Cash on Delivery,Delivered,2178.0,2
3779,16111,111,3,2025-08-21,Cash on Delivery,Delivered,206013.48,20
3780,16434,144,3,2025-10-13,Cash on Delivery,Delivered,13670.4,
3781,15524,283,1,2025-06-30,Net Banking,Delivered,1757.34,11
3782,9913,28,5,2026-03-21,Credit Card,Delivered,90187.85,9
3783,9384,252,3,2025-11-23,Debit Card,Delivered,10404.0,8
3784,1133,464,4,2026-04-20,UPI,Delivered,2148.8,
3785,453,484,3,2025-10-18,Debit Card,Delivered,327416.55,
3786,9662,100,1,2024-11-24,UPI,Cancelled,452.64,10
3787,8104,126,2,2025-07-20,Cash on Delivery,Delivered,3984.06,
3788,144,47,5,2025-09-05,Net Banking,Delivered,278077.8,23
3789,17426,273,4,2024-07-29,Debit Card,Delivered,47472.0,14
3790,10450,227,4,2024-11-17,Cash on Delivery,Delivered,2931.0,19
3791,5042,252,5,2025-08-13,Debit Card,Delivered,17340.0,20
3792,13037,420,4,2026-06-26,UPI,Delivered,3837.68,13
3793,10089,446,2,2025-12-09,Debit Card,Delivered,973.36,22
3794,8734,190,2,2024-11-14,Credit Card,Delivered,8419.4,19
3795,11815,198,3,2024-10-12,UPI,Delivered,249293.94,4
3796,4214,131,3,2025-03-17,UPI,Delivered,5484.9,21
3797,11693,404,4,2024-09-03,UPI,Delivered,218418.72,2
3798,4480,41,4,2025-08-18,Credit Card,Delivered,13740.48,20
3799,8536,341,5,2025-04-16,UPI,Delivered,525803.3,
3800,17672,11,1,2024-07-17,UPI,Delivered,121043.7,
3801,12568,487,1,2026-06-26,Debit Card,Delivered,947.38,13
3802,2660,49,2,2025-09-26,Debit Card,Returned,8133.52,12
3803,4582,4,5,2024-08-29,Net Banking,Delivered,335095.9,2
3804,6324,6,3,2025-12-08,Cash on Delivery,Delivered,15907.5,22
3805,15976,41,1,2025-07-09,Credit Card,Delivered,3435.12,3
3806,18008,343,3,2025-05-23,UPI,Delivered,9994.59,
3807,5110,492,1,2025-11-10,UPI,Delivered,1599.8,8
3808,10037,412,5,2024-12-21,Cash on Delivery,Returned,11025.0,
3809,2188,88,3,2025-11-30,Debit Card,Delivered,982.98,8
3810,15552,142,4,2024-07-21,UPI,Cancelled,10031.68,14
3811,4982,290,2,2025-07-14,Cash on Delivery,Delivered,2783.3,3
3812,17870,440,4,2025-12-01,UPI,Delivered,42851.92,
3813,15532,131,4,2026-06-16,UPI,Delivered,7313.2,17
3814,7071,214,3,2025-07-17,Cash on Delivery,Delivered,3659.25,3
3815,4465,416,4,2026-07-14,Cash on Delivery,Cancelled,3489.28,
3816,15462,204,4,2024-10-19,UPI,Delivered,7564.32,4
3817,5408,18,1,2025-01-24,Credit Card,Cancelled,547.86,
3818,6798,301,1,2024-12-17,Cash on Delivery,Delivered,1811.15,
3819,582,110,1,2025-03-28,UPI,Delivered,1273.0,21
3820,11028,323,1,2025-03-12,Cash on Delivery,Delivered,528.95,1
3821,9375,284,5,2025-04-03,Debit Card,Delivered,2325.4,21
3822,14481,101,3,2025-06-28,Debit Card,Delivered,15774.78,3
3823,5080,368,1,2024-11-14,Credit Card,Delivered,668.0,19
3824,6899,318,1,2024-11-01,Cash on Delivery,Returned,109179.58,19
3825,16479,355,5,2024-08-04,Credit Card,Delivered,1736.0,14
3826,14882,120,3,2026-06-01,Net Banking,Delivered,2251.65,13
3827,4423,183,3,2025-04-18,Cash on Delivery,Delivered,2043.36,
3828,6291,335,4,2025-05-01,Cash on Delivery,Cancelled,7566.48,
3829,14370,50,5,2025-12-13,Credit Card,Delivered,58136.0,22
3830,2011,499,5,2025-02-19,UPI,Delivered,45796.8,
3831,14394,293,4,2026-06-16,UPI,Delivered,3955.52,17
3832,18249,490,3,2025-08-16,Net Banking,Delivered,2317.02,20
3833,17065,415,4,2025-03-19,Credit Card,Delivered,4392.36,21
3834,3037,47,4,2024-08-17,Net Banking,Delivered,222462.24,18
3835,12891,500,1,2024-07-17,Cash on Delivery,Returned,8876.85,
3836,16571,210,2,2025-01-14,Cash on Delivery,Cancelled,11891.92,
3837,19682,56,5,2025-09-26,Net Banking,Delivered,3615.3,12
3838,16076,254,5,2025-01-10,Credit Card,Delivered,1003.8,
3839,17343,421,3,2026-05-19,Cash on Delivery,Delivered,25251.0,7
3840,13867,343,5,2024-08-28,Debit Card,Delivered,16657.65,2
3841,16061,388,4,2025-08-16,Net Banking,Delivered,10130.56,20
3842,4814,349,4,2024-11-23,Credit Card,Delivered,15781.88,10
3843,3109,122,4,2026-06-05,Debit Card,Delivered,55560.96,13
3844,17212,113,5,2026-01-21,Debit Card,Delivered,2869.05,
3845,14616,229,2,2026-01-07,Debit Card,Delivered,871.2,
3846,16150,258,3,2026-01-16,Debit Card,Delivered,3408.96,
3847,5741,213,4,2025-08-14,Cash on Delivery,Delivered,16800.0,20
3848,11238,467,2,2025-04-17,UPI,Delivered,4031.8,
3849,14477,344,2,2024-07-21,UPI,Delivered,350.88,14
3850,19826,421,4,2024-09-20,Credit Card,Delivered,33668.0,
3851,8277,102,5,2026-01-08,UPI,Delivered,11910.5,
3852,3323,261,2,2026-01-24,Net Banking,Delivered,2898.2,
3853,3083,54,3,2025-05-23,Debit Card,Delivered,3825.0,
3854,17600,96,3,2026-03-30,UPI,Delivered,4168.26,
3855,13523,236,4,2026-04-08,Debit Card,Delivered,11928.0,
3856,8836,317,2,2024-09-14,Debit Card,Delivered,6871.04,
3857,12500,342,2,2026-04-03,UPI,Delivered,1214.4,
3858,6525,3,5,2026-04-30,Cash on Delivery,Delivered,3084.25,7
3859,2631,201,1,2025-11-26,Net Banking,Delivered,6033.36,8
3860,4101,358,3,2025-08-06,Credit Card,Delivered,21390.0,20
3861,10136,385,4,2026-06-05,UPI,Delivered,3499.6,13
3862,3403,61,4,2025-04-05,Net Banking,Delivered,5206.08,
3863,1777,229,2,2024-11-11,Debit Card,Returned,871.2,19
3864,13214,496,3,2024-12-01,Credit Card,Returned,4443.12,10
3865,9367,484,3,2024-11-08,Credit Card,Delivered,327416.55,19
3866,11829,431,5,2025-03-16,UPI,Delivered,2687.35,21
3867,6566,232,1,2025-02-26,Credit Card,Delivered,55105.58,1
3868,13545,72,1,2025-11-01,Credit Card,Delivered,2210.4,
3869,10916,456,4,2025-02-27,Cash on Delivery,Delivered,3857.84,1
3870,2504,498,5,2025-06-21,Debit Card,Delivered,3640.8,6
3871,13923,162,5,2025-06-02,Net Banking,Delivered,12967.35,
3872,12028,214,2,2025-04-09,UPI,Delivered,2439.5,
3873,16800,430,4,2026-06-11,Net Banking,Returned,42673.64,13
3874,16650,103,1,2026-06-19,UPI,Delivered,1674.75,13
3875,19721,467,5,2025-03-02,UPI,Delivered,10079.5,1
3876,1883,465,3,2026-01-15,Cash on Delivery,Delivered,1037.4,
3877,16241,67,5,2026-01-16,UPI,Delivered,2304.0,
3878,819,404,1,2026-05-13,Net Banking,Delivered,54604.68,5
3879,7102,435,1,2025-06-20,Net Banking,Cancelled,199.92,16
3880,2026,61,1,2025-03-19,Credit Card,Delivered,1301.52,15
3881,9747,401,3,2026-02-11,Cash on Delivery,Delivered,1438.56,
3882,19325,155,5,2025-08-26,UPI,Cancelled,48184.95,20
3883,8717,374,5,2026-03-21,Credit Card,Delivered,3134.7,9
3884,14472,37,1,2025-04-07,UPI,Delivered,4062.15,
3885,16267,256,4,2026-04-06,Net Banking,Delivered,1594.56,
3886,17833,96,3,2026-06-23,UPI,Delivered,4168.26,13
3887,13144,490,1,2026-01-05,UPI,Returned,772.34,
3888,6105,426,3,2026-05-13,Cash on Delivery,Delivered,69302.64,7
3889,15990,62,1,2025-01-04,Net Banking,Delivered,2349.6,
3890,17649,97,5,2026-01-20,Debit Card,Delivered,4963.75,
3891,16883,231,5,2025-01-26,Credit Card,Delivered,357543.9,
3892,9550,305,2,2024-07-28,Debit Card,Delivered,173769.92,14
3893,12134,423,5,2024-10-24,Debit Card,Delivered,18976.65,4
3894,9722,199,1,2025-07-23,Cash on Delivery,Cancelled,17142.92,
3895,5369,238,2,2025-07-21,Net Banking,Delivered,6998.4,
3896,4106,189,2,2024-11-24,Cash on Delivery,Delivered,285.6,10
3897,7083,449,2,2026-07-07,UPI,Cancelled,1647.3,
3898,13564,150,3,2025-05-10,Net Banking,Delivered,29182.2,
3899,18579,204,2,2024-10-26,Net Banking,Delivered,3782.16,
3900,1206,75,1,2026-03-16,UPI,Delivered,798.56,9
3901,5482,269,5,2025-04-15,Net Banking,Delivered,832.65,
3902,901,257,3,2026-06-04,Debit Card,Delivered,11532.12,13
3903,13778,107,4,2025-11-04,Cash on Delivery,Delivered,1915.52,
3904,12635,18,5,2026-06-24,Cash on Delivery,Delivered,2739.3,13
3905,9408,421,3,2025-12-25,Net Banking,Delivered,25251.0,
3906,19398,334,2,2024-09-22,Debit Card,Delivered,1489.2,
3907,6589,437,4,2026-01-22,Credit Card,Delivered,2915.2,
3908,17399,374,2,2026-06-15,UPI,Delivered,1253.88,17
3909,10567,247,3,2026-05-13,UPI,Delivered,1664.28,7
3910,12984,283,2,2025-07-27,Net Banking,Delivered,3514.68,
3911,10914,393,5,2025-03-10,Credit Card,Delivered,1436.4,1
3912,14500,133,3,2024-07-25,Debit Card,Cancelled,6023.76,14
3913,10186,89,3,2024-08-25,UPI,Delivered,317085.36,2
3914,18074,36,5,2025-11-07,Cash on Delivery,Delivered,214014.5,8
3915,7286,467,1,2024-10-15,Credit Card,Cancelled,2015.9,4
3916,8055,450,4,2024-09-08,Cash on Delivery,Delivered,1324.8,2
3917,11677,29,3,2026-04-28,Debit Card,Delivered,395416.56,
3918,3087,327,3,2025-10-13,Credit Card,Delivered,19908.72,
3919,2592,426,4,2025-11-04,UPI,Delivered,92403.52,
3920,2869,473,4,2026-06-10,Net Banking,Cancelled,148971.72,13
3921,4635,253,2,2025-11-13,UPI,Cancelled,964.44,8
3922,3916,136,5,2025-05-26,Cash on Delivery,Cancelled,497398.0,
3923,15592,105,2,2026-04-18,Cash on Delivery,Cancelled,465.96,
3924,14769,115,5,2025-05-07,Credit Card,Delivered,11732.05,
3925,17824,218,3,2025-07-10,UPI,Delivered,92216.88,3
3926,2389,264,2,2025-11-28,UPI,Delivered,1502.4,8
3927,6049,196,2,2025-03-17,Debit Card,Delivered,3779.82,15
3928,1494,472,5,2025-03-08,Credit Card,Delivered,7418.95,1
3929,15346,497,4,2026-04-14,Credit Card,Delivered,39666.88,
3930,11880,153,2,2025-10-14,Cash on Delivery,Delivered,67977.0,
3931,17889,225,4,2025-07-12,UPI,Returned,7944.0,3
3932,6288,499,2,2025-11-01,Credit Card,Delivered,18318.72,
3933,3955,396,5,2026-06-06,Debit Card,Delivered,282730.8,13
3934,19201,435,1,2025-01-29,Credit Card,Delivered,199.92,25
3935,13257,96,3,2026-03-23,Debit Card,Delivered,4168.26,9
3936,7671,166,2,2025-02-20,Credit Card,Delivered,8471.28,
3937,5051,344,5,2024-09-01,Credit Card,Delivered,877.2,2
3938,12819,425,3,2025-07-07,Cash on Delivery,Delivered,747.96,3
3939,5678,103,1,2024-11-04,Debit Card,Delivered,1674.75,19
3940,18601,250,5,2026-06-08,Debit Card,Delivered,3367.0,13
3941,10139,392,4,2025-03-01,Cash on Delivery,Cancelled,325506.12,1
3942,10755,295,2,2024-09-19,Credit Card,Returned,17941.28,
3943,15774,85,1,2026-01-08,UPI,Returned,976.5,
3944,14518,183,5,2025-11-14,UPI,Returned,3405.6,8
3945,13091,428,5,2025-03-23,Net Banking,Delivered,213686.2,15
3946,18110,309,5,2024-10-24,Cash on Delivery,Returned,182670.4,4
3947,3864,64,3,2024-11-17,UPI,Delivered,7109.4,19
3948,12376,492,1,2024-09-12,Credit Card,Returned,1599.8,2
3949,9806,314,5,2025-01-01,Cash on Delivery,Delivered,12478.5,
3950,9686,328,1,2025-06-09,Credit Card,Delivered,2284.1,
3951,16413,206,1,2026-06-03,Credit Card,Delivered,2284.36,13
3952,5117,407,1,2025-03-24,Cash on Delivery,Delivered,3395.04,15
3953,14497,253,1,2025-01-17,Credit Card,Delivered,482.22,
3954,13977,221,4,2025-09-27,Debit Card,Delivered,5678.4,12
3955,16009,368,1,2026-07-16,Credit Card,Delivered,668.0,
3956,7782,463,5,2024-08-08,UPI,Cancelled,2585.7,18
3957,593,446,2,2024-08-27,Cash on Delivery,Delivered,973.36,2
3958,3036,439,4,2026-02-28,Cash on Delivery,Delivered,11297.0,9
3959,10023,469,3,2024-09-13,Debit Card,Delivered,1529.04,
3960,11250,23,5,2024-08-18,Net Banking,Delivered,2160.8,2
3961,16138,308,5,2025-04-07,UPI,Delivered,11042.8,
3962,12561,222,2,2026-04-23,Credit Card,Delivered,10096.2,
3963,16533,371,5,2025-06-28,Credit Card,Cancelled,2410.6,11
3964,17871,237,5,2026-04-07,Cash on Delivery,Delivered,865.05,
3965,7684,362,3,2025-01-09,Debit Card,Delivered,6835.2,
3966,18244,248,1,2026-01-28,UPI,Cancelled,890.43,
3967,12586,316,5,2025-11-11,UPI,Delivered,56483.7,8
3968,3238,208,5,2025-04-03,Credit Card,Delivered,3640.8,21
3969,12887,451,3,2025-05-22,Cash on Delivery,Delivered,231909.6,
3970,13768,78,1,2024-11-05,Credit Card,Cancelled,10178.68,19
3971,185,325,2,2026-01-21,UPI,Delivered,5987.92,
3972,4310,6,5,2026-07-01,Cash on Delivery,Cancelled,26512.5,
3973,9239,348,5,2025-05-24,UPI,Delivered,292101.25,
3974,1963,267,3,2024-10-29,UPI,Delivered,12790.8,
3975,1583,101,3,2026-06-16,Debit Card,Delivered,15774.78,17
3976,15062,76,1,2025-06-06,UPI,Delivered,1948.32,
3977,9512,214,1,2024-07-20,Net Banking,Cancelled,1219.75,14
3978,16593,75,1,2026-06-21,Debit Card,Delivered,798.56,17
3979,8377,329,2,2025-01-09,UPI,Delivered,5294.38,
3980,14872,186,4,2026-03-21,Debit Card,Delivered,19398.6,9
3981,18557,235,3,2026-04-18,Credit Card,Delivered,2625.96,
3982,19038,141,3,2025-07-26,Credit Card,Delivered,1146.6,
3983,1033,107,4,2025-06-23,Debit Card,Delivered,1915.52,3
3984,3784,23,4,2025-04-01,Debit Card,Delivered,1728.64,21
3985,5400,220,5,2024-09-07,Debit Card,Delivered,9269.25,2
3986,3007,132,2,2025-09-23,Cash on Delivery,Delivered,2858.52,12
3987,7885,292,4,2024-10-21,Debit Card,Delivered,115049.72,4
3988,13407,348,3,2024-12-31,Cash on Delivery,Delivered,175260.75,
3989,7526,82,3,2025-12-19,Cash on Delivery,Delivered,11726.37,
3990,13289,71,5,2024-07-26,Net Banking,Delivered,2490.75,14
3991,11439,389,5,2024-09-17,Cash on Delivery,Delivered,12469.8,
3992,12869,157,4,2024-10-15,Debit Card,Returned,40927.84,4
3993,12687,17,3,2026-03-01,Debit Card,Cancelled,98217.9,9
3994,18207,278,2,2024-11-07,Cash on Delivery,Returned,8726.32,19
3995,14936,320,5,2025-09-16,Credit Card,Delivered,8505.4,12
3996,1075,452,1,2026-07-07,Net Banking,Delivered,4118.54,
3997,6913,138,2,2026-06-15,Net Banking,Delivered,7952.58,13
3998,11959,446,3,2024-12-21,Credit Card,Delivered,1460.04,
3999,14032,198,2,2025-05-04,Cash on Delivery,Delivered,166195.96,
4000,18590,6,1,2026-05-13,Debit Card,Delivered,5302.5,7
4001,17316,225,4,2026-06-16,UPI,Delivered,7944.0,17
4002,8865,5,5,2025-07-27,Cash on Delivery,Delivered,2820.7,
4003,19073,148,2,2025-03-18,Credit Card,Delivered,3175.04,21
4004,19892,335,4,2024-11-10,UPI,Delivered,7566.48,19
4005,19085,1,3,2024-08-28,Net Banking,Cancelled,2534.61,2
4006,1462,20,3,2025-05-14,Credit Card,Delivered,10264.32,
4007,12227,447,1,2025-09-21,Debit Card,Cancelled,49020.35,12
4008,8926,418,1,2024-12-05,Debit Card,Delivered,12899.25,10
4009,7857,136,4,2025-09-14,UPI,Delivered,397918.4,24
4010,11282,411,3,2025-02-03,Credit Card,Delivered,8547.0,25
4011,7126,162,2,2025-05-06,Net Banking,Delivered,5186.94,
4012,3421,116,4,2025-07-16,Cash on Delivery,Delivered,7542.4,3
4013,495,76,5,2025-08-10,Credit Card,Delivered,9741.6,20
4014,18237,307,3,2025-04-30,UPI,Delivered,7407.45,
4015,14501,496,2,2025-12-20,Cash on Delivery,Delivered,2962.08,
4016,2453,350,2,2026-06-23,Debit Card,Delivered,74423.6,17
4017,18213,353,1,2025-10-26,UPI,Delivered,209.95,
4018,234,430,3,2024-10-06,UPI,Delivered,32005.23,4
4019,19501,154,5,2026-03-06,Debit Card,Delivered,268776.0,9
4020,15551,181,5,2024-07-20,Net Banking,Delivered,13575.2,14
4021,15966,371,4,2024-08-09,Net Banking,Delivered,1928.48,14
4022,11202,269,2,2025-05-09,Net Banking,Delivered,333.06,
4023,16040,246,2,2025-08-01,Credit Card,Delivered,89091.24,
4024,932,388,2,2025-12-05,Credit Card,Delivered,5065.28,22
4025,10562,460,4,2026-06-30,Credit Card,Delivered,4341.6,
4026,19127,282,2,2025-01-29,Net Banking,Delivered,660.0,25
4027,5400,280,1,2026-03-28,Debit Card,Delivered,681.43,9
4028,17035,229,3,2026-06-20,Debit Card,Delivered,1306.8,17
4029,19513,241,4,2025-05-19,Credit Card,Cancelled,2490.0,
4030,19779,36,4,2026-02-15,Credit Card,Delivered,171211.6,
4031,3521,114,4,2025-11-14,UPI,Delivered,45214.4,8
4032,13174,3,5,2025-11-15,Credit Card,Delivered,3084.25,8
4033,13730,288,5,2026-06-17,Net Banking,Delivered,12442.5,17
4034,7117,327,4,2026-04-19,Debit Card,Delivered,26544.96,
4035,17919,277,3,2026-03-02,Cash on Delivery,Cancelled,149524.35,9
4036,3203,335,5,2026-05-07,Credit Card,Delivered,9458.1,5
4037,1240,240,4,2024-11-07,Cash on Delivery,Delivered,2782.08,19
4038,4107,204,2,2026-05-19,UPI,Cancelled,3782.16,7
4039,10912,169,3,2026-03-06,Net Banking,Delivered,7788.48,9
4040,12057,28,3,2025-01-18,Net Banking,Delivered,54112.71,
4041,18232,202,5,2026-02-25,Credit Card,Cancelled,19273.8,
4042,16492,220,1,2025-12-14,Debit Card,Delivered,1853.85,
4043,6676,288,1,2025-11-11,Credit Card,Cancelled,2488.5,8
4044,17202,399,4,2025-11-11,Credit Card,Delivered,489540.84,8
4045,6169,136,4,2025-04-22,Debit Card,Returned,397918.4,
4046,5705,450,1,2026-05-01,Net Banking,Cancelled,331.2,7
4047,4954,425,3,2025-04-29,Credit Card,Delivered,747.96,
4048,18721,248,2,2026-02-28,UPI,Returned,1780.86,9
4049,12291,212,2,2025-11-06,Net Banking,Delivered,592.8,8
4050,10736,26,3,2025-03-08,Cash on Delivery,Delivered,328186.32,1
4051,19325,213,4,2025-05-13,Credit Card,Delivered,16800.0,
4052,8948,307,4,2024-08-08,Debit Card,Delivered,9876.6,14
4053,12476,253,1,2026-02-12,Net Banking,Returned,482.22,
4054,7804,478,3,2025-12-09,UPI,Delivered,7107.9,22
4055,15571,254,3,2024-11-28,Net Banking,Delivered,602.28,10
4056,4883,494,4,2025-06-02,UPI,Delivered,260032.96,
4057,10831,475,3,2025-02-18,Net Banking,Delivered,16107.84,
4058,8042,207,3,2025-09-22,UPI,Delivered,1596.3,12
4059,13733,373,4,2024-12-31,Cash on Delivery,Delivered,221404.56,
4060,6869,421,1,2025-01-23,Debit Card,Delivered,8417.0,
4061,6585,378,5,2024-09-25,Credit Card,Delivered,11424.5,
4062,2936,85,3,2026-04-20,Credit Card,Returned,2929.5,
4063,8247,250,2,2025-07-05,UPI,Cancelled,1346.8,3
4064,7245,452,5,2025-10-15,Cash on Delivery,Delivered,20592.7,
4065,19920,459,2,2025-10-29,Credit Card,Delivered,2225.94,
4066,13143,268,3,2026-05-01,Credit Card,Delivered,232695.12,7
4067,10373,177,2,2025-06-01,Credit Card,Delivered,1961.76,
4068,19279,272,2,2025-06-16,Credit Card,Returned,3157.98,16
4069,6483,476,4,2024-08-07,Cash on Delivery,Cancelled,10519.0,14
4070,6060,479,5,2025-07-14,Net Banking,Delivered,43641.0,3
4071,1222,179,2,2025-11-06,Debit Card,Returned,1050.32,8
4072,8022,308,5,2025-02-01,Net Banking,Delivered,11042.8,25
4073,14612,319,5,2026-03-15,Cash on Delivery,Delivered,3594.9,9
4074,6707,118,5,2025-10-31,Debit Card,Cancelled,32728.8,
4075,18530,446,3,2025-12-21,Cash on Delivery,Delivered,1460.04,
4076,13477,235,5,2026-01-11,Cash on Delivery,Delivered,4376.6,
4077,6573,121,3,2025-08-13,Debit Card,Delivered,886.2,20
4078,7903,184,2,2024-11-05,Cash on Delivery,Delivered,5893.8,19
4079,6839,322,1,2024-08-22,Cash on Delivery,Delivered,56599.28,18
4080,3115,240,1,2026-01-03,Cash on Delivery,Delivered,695.52,
4081,13822,63,3,2024-12-05,UPI,Cancelled,4614.96,10
4082,15619,298,4,2025-10-31,Cash on Delivery,Delivered,248048.16,
4083,15679,119,1,2025-03-11,Net Banking,Delivered,3495.2,1
4084,219,45,3,2025-12-09,Debit Card,Returned,2187.57,22
4085,843,59,5,2025-05-23,Debit Card,Delivered,4076.6,
4086,11004,471,1,2025-03-03,Debit Card,Delivered,494.34,1
4087,12612,36,4,2026-03-05,Credit Card,Delivered,171211.6,9
4088,8425,52,4,2024-08-23,UPI,Cancelled,23480.96,2
4089,2538,235,4,2026-01-10,Cash on Delivery,Delivered,3501.28,
4090,4498,429,4,2026-02-01,Credit Card,Cancelled,445139.72,
4091,16771,309,3,2025-06-27,UPI,Delivered,109602.24,11
4092,11394,315,5,2025-08-14,Debit Card,Delivered,27279.25,20
4093,11709,181,3,2025-09-21,Net Banking,Delivered,8145.12,12
4094,19406,108,2,2025-12-06,UPI,Delivered,1200.32,22
4095,2105,322,4,2024-12-27,Credit Card,Delivered,226397.12,
4096,186,300,5,2024-11-14,Cash on Delivery,Delivered,2098.25,19
4097,1853,463,4,2025-10-12,Net Banking,Delivered,2068.56,
4098,1222,425,3,2024-12-25,Net Banking,Delivered,747.96,
4099,12462,276,2,2024-10-27,Cash on Delivery,Returned,1245.0,
4100,11681,156,5,2026-07-10,Cash on Delivery,Cancelled,148767.0,
4101,16790,100,5,2025-02-01,Credit Card,Delivered,2263.2,25
4102,18011,321,4,2026-01-23,UPI,Delivered,3129.24,
4103,5349,80,3,2026-01-19,Net Banking,Delivered,6574.5,
4104,6409,377,4,2026-05-24,UPI,Delivered,1385.6,7
4105,17186,267,2,2025-12-26,Credit Card,Delivered,8527.2,
4106,15107,8,1,2025-02-24,Credit Card,Delivered,46175.62,1
4107,431,203,4,2025-02-17,UPI,Delivered,3015.52,
4108,12158,135,1,2026-06-20,Debit Card,Delivered,68865.88,13
4109,15842,200,1,2025-03-13,Net Banking,Delivered,256.2,1
4110,1705,158,1,2024-11-06,Cash on Delivery,Delivered,572.76,19
4111,1295,422,5,2024-07-24,UPI,Cancelled,15500.85,14
4112,7504,183,1,2025-07-07,Net Banking,Delivered,681.12,3
4113,203,444,5,2025-03-02,Credit Card,Delivered,15116.4,1
4114,18191,493,3,2026-04-09,Cash on Delivery,Delivered,2043.3,
4115,2619,415,1,2025-04-01,Credit Card,Delivered,1098.09,21
4116,16220,61,1,2024-12-25,Debit Card,Delivered,1301.52,
4117,3399,78,5,2026-01-03,UPI,Delivered,50893.4,
4118,17024,23,3,2025-05-07,Cash on Delivery,Delivered,1296.48,
4119,2950,232,4,2025-07-04,Net Banking,Delivered,220422.32,3
4120,2910,179,5,2026-07-07,Credit Card,Delivered,2625.8,
4121,10919,334,5,2024-10-14,Cash on Delivery,Cancelled,3723.0,4
4122,15131,202,1,2025-04-27,Debit Card,Returned,3854.76,
4123,18098,224,2,2026-06-07,Debit Card,Delivered,3713.58,13
4124,491,471,2,2026-03-22,Credit Card,Cancelled,988.68,9
4125,17466,65,4,2026-01-24,UPI,Delivered,1977.36,
4126,16857,60,4,2025-07-14,UPI,Delivered,8300.0,3
4127,13863,363,2,2026-07-14,Cash on Delivery,Returned,909.42,
4128,624,284,4,2026-03-26,Debit Card,Delivered,1860.32,9
4129,12463,228,3,2025-02-13,Net Banking,Delivered,32784.48,
4130,3457,224,5,2025-06-13,Net Banking,Delivered,9283.95,16
4131,6891,191,2,2024-12-28,Net Banking,Delivered,1173.84,
4132,573,156,2,2026-06-26,Net Banking,Cancelled,59506.8,17
4133,13265,15,5,2025-12-10,Net Banking,Delivered,4128.6,22
4134,14703,56,2,2025-05-27,Debit Card,Delivered,1446.12,
4135,4378,163,2,2024-08-04,UPI,Cancelled,11745.72,14
4136,1991,110,1,2025-10-13,Cash on Delivery,Delivered,1273.0,
4137,7182,398,4,2024-12-14,Cash on Delivery,Delivered,2744.56,
4138,18927,141,5,2025-09-17,Debit Card,Returned,1911.0,12
4139,10312,350,2,2025-04-27,Net Banking,Delivered,74423.6,
4140,15542,113,3,2025-12-24,Cash on Delivery,Delivered,1721.43,
4141,2044,210,3,2026-05-11,Cash on Delivery,Delivered,17837.88,5
4142,7744,62,3,2024-07-30,Credit Card,Cancelled,7048.8,14
4143,19532,360,3,2024-11-05,Debit Card,Delivered,3182.28,19
4144,9641,394,3,2025-09-01,Cash on Delivery,Delivered,135497.25,23
4145,12246,57,1,2024-10-09,UPI,Delivered,4792.77,4
4146,5014,105,1,2025-01-18,UPI,Delivered,232.98,
4147,18554,102,1,2025-01-12,Cash on Delivery,Returned,2382.1,
4148,13684,436,4,2025-01-11,Credit Card,Delivered,41979.0,
4149,19013,206,5,2025-07-21,UPI,Delivered,11421.8,
4150,14025,252,5,2026-05-22,Debit Card,Cancelled,17340.0,7
4151,2133,223,1,2024-10-04,Credit Card,Cancelled,74440.92,4
4152,1203,396,2,2026-04-20,Cash on Delivery,Delivered,113092.32,
4153,6011,386,4,2025-05-30,Net Banking,Delivered,6804.2,
4154,5224,273,5,2024-12-17,Debit Card,Returned,59340.0,
4155,4332,299,1,2024-12-16,Cash on Delivery,Delivered,81536.9,
4156,4949,394,4,2025-12-24,UPI,Delivered,180663.0,
4157,4181,53,5,2026-04-06,Debit Card,Cancelled,128412.9,
4158,2690,66,2,2024-09-13,UPI,Delivered,1281.4,
4159,12321,195,3,2024-09-07,Debit Card,Cancelled,2619.48,2
4160,5464,273,1,2026-05-07,Net Banking,Delivered,11868.0,7
4161,15327,45,1,2024-07-20,Debit Card,Cancelled,729.19,14
4162,2964,324,4,2025-03-30,Net Banking,Delivered,6642.64,21
4163,11978,44,1,2024-11-08,UPI,Delivered,1247.86,19
4164,6962,10,5,2025-09-23,Net Banking,Cancelled,38360.85,12
4165,12428,394,3,2025-05-02,UPI,Delivered,135497.25,
4166,4879,354,1,2025-02-27,Net Banking,Delivered,544.35,1
4167,14676,344,1,2025-02-02,Cash on Delivery,Returned,175.44,25
4168,12650,494,3,2026-03-11,UPI,Delivered,195024.72,9
4169,1335,81,4,2026-02-19,Cash on Delivery,Returned,1367.28,
4170,13201,157,2,2024-08-10,Debit Card,Delivered,20463.92,14
4171,15156,3,4,2026-05-10,Net Banking,Delivered,2467.4,5
4172,7723,289,2,2025-03-18,Cash on Delivery,Delivered,2876.6,15
4173,1976,70,3,2026-04-26,UPI,Returned,3816.72,
4174,19927,288,2,2024-11-03,Cash on Delivery,Cancelled,4977.0,19
4175,14206,445,2,2026-02-26,Net Banking,Delivered,6920.64,
4176,11264,475,1,2025-07-06,Net Banking,Delivered,5369.28,3
4177,13105,47,4,2025-07-31,UPI,Returned,222462.24,
4178,17963,165,5,2026-04-17,Net Banking,Delivered,1335.15,
4179,14785,282,3,2026-04-22,Debit Card,Delivered,990.0,
4180,8017,451,4,2026-06-07,UPI,Cancelled,309212.8,13
4181,5476,93,2,2026-03-14,UPI,Delivered,8501.98,9
4182,2206,19,4,2025-03-23,Debit Card,Returned,43553.76,15
4183,5112,401,4,2025-05-04,Cash on Delivery,Delivered,1918.08,
4184,19915,86,2,2024-11-03,Credit Card,Delivered,6953.82,19
4185,9465,85,3,2026-04-21,UPI,Delivered,2929.5,
4186,86,286,1,2025-01-18,Cash on Delivery,Delivered,71159.84,
4187,6015,210,2,2025-01-25,Net Banking,Delivered,11891.92,
4188,8113,478,5,2026-06-06,Net Banking,Delivered,11846.5,13
4189,12861,381,4,2026-05-26,Debit Card,Delivered,1529.28,7
4190,10011,365,3,2025-04-03,Debit Card,Delivered,5143.32,21
4191,556,214,2,2025-10-04,Credit Card,Delivered,2439.5,12
4192,7237,218,4,2026-04-15,UPI,Delivered,122955.84,
4193,10099,42,5,2024-09-30,Debit Card,Delivered,364655.25,
4194,11614,386,3,2026-01-01,Net Banking,Delivered,5103.15,
4195,1850,270,5,2026-07-05,Net Banking,Delivered,1836.0,
4196,14590,142,2,2025-06-03,UPI,Delivered,5015.84,
4197,8801,26,2,2024-09-21,Cash on Delivery,Delivered,218790.88,
4198,2120,280,5,2025-06-26,Net Banking,Delivered,3407.15,3
4199,7832,231,4,2025-07-06,UPI,Returned,286035.12,3
4200,12448,421,5,2024-11-13,Debit Card,Delivered,42085.0,19
4201,2528,309,5,2026-02-21,UPI,Returned,182670.4,
4202,9725,460,5,2024-09-09,Credit Card,Delivered,5427.0,2
4203,1603,162,3,2024-09-19,Cash on Delivery,Delivered,7780.41,
4204,3805,170,5,2025-07-14,Debit Card,Delivered,2782.5,3
4205,11321,110,2,2025-05-29,Debit Card,Delivered,2546.0,
4206,16606,267,4,2024-07-20,Credit Card,Delivered,17054.4,14
4207,19536,48,4,2025-02-03,Credit Card,Delivered,689.92,25
4208,275,192,1,2025-12-03,Credit Card,Delivered,67513.74,22
4209,12590,194,3,2026-05-20,Cash on Delivery,Delivered,6631.2,7
4210,5142,164,1,2024-12-16,Cash on Delivery,Delivered,213.84,
4211,1848,375,2,2025-07-11,UPI,Returned,208.32,3
4212,370,496,5,2025-06-20,Debit Card,Delivered,7405.2,16
4213,19317,113,4,2025-10-08,Net Banking,Delivered,2295.24,12
4214,12038,329,3,2026-05-17,Net Banking,Delivered,7941.57,7
4215,2412,189,3,2024-11-01,Debit Card,Cancelled,428.4,19
4216,17370,279,1,2025-10-04,Cash on Delivery,Delivered,57.42,12
4217,10533,50,1,2024-10-30,Credit Card,Delivered,11627.2,
4218,15581,148,4,2024-11-28,Cash on Delivery,Delivered,6350.08,10
4219,5688,90,4,2024-10-18,UPI,Cancelled,52296.64,4
4220,18087,98,1,2024-10-13,Credit Card,Delivered,38042.4,4
4221,19458,168,5,2024-11-06,UPI,Delivered,22938.45,19
4222,11185,149,5,2025-07-23,Net Banking,Returned,15549.3,
4223,2469,146,3,2026-03-04,Credit Card,Cancelled,2151.09,9
4224,17672,1,2,2025-05-30,Debit Card,Delivered,1689.74,
4225,3389,207,1,2025-07-02,Net Banking,Delivered,532.1,11
4226,147,470,2,2025-09-17,Debit Card,Delivered,5183.2,12
4227,4057,292,4,2026-07-11,UPI,Cancelled,115049.72,
4228,6777,14,1,2026-03-23,UPI,Returned,1201.9,9
4229,11571,428,5,2025-09-25,Credit Card,Delivered,213686.2,12
4230,17530,433,1,2025-05-22,Credit Card,Delivered,758.88,
4231,9832,252,4,2025-02-26,Credit Card,Delivered,13872.0,1
4232,6809,10,4,2025-10-07,UPI,Delivered,30688.68,12
4233,2860,81,2,2026-01-18,Cash on Delivery,Delivered,683.64,
4234,13312,471,1,2025-10-24,UPI,Delivered,494.34,
4235,4926,151,5,2025-11-09,Debit Card,Delivered,331901.5,8
4236,2707,344,1,2026-04-01,Cash on Delivery,Cancelled,175.44,
4237,15056,41,3,2026-07-13,Cash on Delivery,Delivered,10305.36,
4238,11936,203,1,2026-02-20,Credit Card,Delivered,753.88,
4239,539,158,3,2025-02-07,Net Banking,Cancelled,1718.28,25
4240,3632,450,1,2026-02-14,Debit Card,Cancelled,331.2,
4241,4485,500,4,2025-09-25,Credit Card,Delivered,35507.4,12
4242,2743,310,3,2026-03-05,UPI,Delivered,3486.0,9
4243,18960,216,1,2026-06-25,Credit Card,Delivered,1321.84,13
4244,14847,433,4,2025-07-12,Cash on Delivery,Delivered,3035.52,3
4245,7288,334,4,2025-01-01,Credit Card,Delivered,2978.4,
4246,10032,116,5,2024-10-06,Debit Card,Returned,9428.0,4
4247,15766,353,3,2024-12-18,Net Banking,Delivered,629.85,
4248,8507,46,5,2025-09-15,UPI,Delivered,289617.0,24
4249,17581,169,5,2025-12-09,Cash on Delivery,Delivered,12980.8,22
4250,7220,369,2,2026-04-18,Cash on Delivery,Returned,3781.2,
4251,9660,273,5,2024-12-30,Debit Card,Delivered,59340.0,
4252,16606,1,4,2025-12-30,Net Banking,Delivered,3379.48,
4253,2706,459,1,2024-09-02,UPI,Returned,1112.97,2
4254,9610,72,2,2024-12-03,UPI,Returned,4420.8,10
4255,2405,246,3,2026-04-03,UPI,Cancelled,133636.86,
4256,3369,24,3,2026-03-13,Credit Card,Delivered,8662.68,9
4257,11339,282,5,2025-10-21,Net Banking,Delivered,1650.0,
4258,10495,212,1,2025-10-27,Debit Card,Returned,296.4,
4259,5776,500,4,2025-11-16,Cash on Delivery,Delivered,35507.4,8
4260,12399,258,5,2025-03-13,Credit Card,Delivered,5681.6,21
4261,19911,304,3,2025-04-17,UPI,Delivered,298282.14,
4262,16488,94,5,2024-12-02,Credit Card,Delivered,2620.0,10
4263,16919,397,1,2026-04-08,Net Banking,Returned,1635.66,
4264,3617,465,2,2026-02-15,Credit Card,Delivered,691.6,
4265,18305,264,3,2026-05-11,Debit Card,Delivered,2253.6,7
4266,3481,103,4,2026-06-02,Cash on Delivery,Delivered,6699.0,13
4267,11510,11,2,2025-05-18,UPI,Delivered,242087.4,
4268,19290,275,4,2025-02-10,Cash on Delivery,Cancelled,332917.64,
4269,1618,478,1,2024-09-04,Debit Card,Delivered,2369.3,2
4270,8052,317,1,2024-12-11,Debit Card,Delivered,3435.52,
4271,11723,483,4,2025-09-12,Net Banking,Delivered,240692.8,24
4272,7418,274,3,2025-06-25,Credit Card,Delivered,9097.65,11
4273,6381,100,1,2026-05-11,Cash on Delivery,Delivered,452.64,7
4274,9845,336,1,2024-10-30,Credit Card,Delivered,1699.32,
4275,16670,139,4,2026-04-01,Debit Card,Returned,8690.88,
4276,5672,48,5,2026-04-19,UPI,Cancelled,862.4,
4277,18572,37,5,2026-03-05,Cash on Delivery,Delivered,20310.75,9
4278,11844,180,4,2025-04-27,UPI,Cancelled,338361.12,
4279,5641,349,4,2025-01-19,Credit Card,Delivered,15781.88,
4280,2762,103,5,2026-06-01,Cash on Delivery,Delivered,8373.75,13
4281,1452,398,5,2024-12-03,Credit Card,Delivered,3430.7,10
4282,5604,71,2,2025-04-26,Cash on Delivery,Delivered,996.3,
4283,5206,10,1,2026-06-21,UPI,Delivered,7672.17,13
4284,6307,136,1,2025-11-09,Debit Card,Delivered,99479.6,8
4285,18249,67,2,2024-11-02,Debit Card,Returned,921.6,19
4286,14710,312,3,2025-06-30,UPI,Cancelled,6724.41,3
4287,7796,207,1,2024-10-18,Cash on Delivery,Delivered,532.1,4
4288,1723,250,2,2025-11-15,Credit Card,Delivered,1346.8,8
4289,15036,287,4,2025-01-23,UPI,Cancelled,262709.2,
4290,14036,58,4,2025-03-15,Cash on Delivery,Delivered,12786.72,15
4291,9266,402,5,2025-09-05,Debit Card,Delivered,5002.5,23
4292,1455,288,4,2024-11-20,Debit Card,Delivered,9954.0,10
4293,4215,99,5,2025-08-30,Net Banking,Cancelled,13797.8,23
4294,11542,325,2,2025-04-10,Credit Card,Delivered,5987.92,
4295,6527,32,2,2025-08-18,Net Banking,Delivered,605.68,20
4296,2200,334,4,2024-09-30,UPI,Delivered,2978.4,
4297,10597,135,5,2025-05-16,Cash on Delivery,Cancelled,344329.4,
4298,7514,404,1,2025-07-11,Credit Card,Cancelled,54604.68,3
4299,18661,331,5,2025-10-05,Debit Card,Delivered,134287.2,12
4300,2829,340,3,2026-02-16,Net Banking,Delivered,251312.16,
4301,19736,80,4,2026-05-21,Net Banking,Delivered,8766.0,7
4302,8252,244,1,2025-07-25,Debit Card,Delivered,3586.32,
4303,5035,467,2,2026-03-30,UPI,Delivered,4031.8,
4304,13072,427,5,2025-01-16,Cash on Delivery,Delivered,14040.0,
4305,8431,49,2,2025-05-30,Credit Card,Delivered,8133.52,
4306,9662,441,5,2025-05-16,Debit Card,Cancelled,22974.4,
4307,1071,138,5,2024-07-27,UPI,Delivered,19881.45,14
4308,3645,185,1,2025-09-02,Debit Card,Delivered,462.0,23
4309,2248,115,4,2026-03-27,Net Banking,Delivered,9385.64,9
4310,19742,53,3,2024-07-30,Net Banking,Delivered,77047.74,14
4311,12834,126,2,2026-01-18,Net Banking,Returned,3984.06,
4312,656,268,3,2024-12-21,Net Banking,Returned,232695.12,
4313,841,152,5,2025-09-03,UPI,Delivered,146996.25,23
4314,3134,312,1,2024-10-30,Cash on Delivery,Cancelled,2241.47,
4315,5752,358,2,2025-05-26,Debit Card,Returned,14260.0,
4316,92,482,2,2025-02-11,Cash on Delivery,Delivered,83561.8,
4317,18288,257,3,2024-10-23,Debit Card,Delivered,11532.12,4
4318,13393,6,3,2024-11-30,Net Banking,Delivered,15907.5,10
4319,11569,295,2,2026-06-22,Net Banking,Delivered,17941.28,13
4320,1454,61,2,2026-07-04,UPI,Delivered,2603.04,
4321,5746,500,4,2026-01-09,Credit Card,Delivered,35507.4,
4322,1868,102,5,2024-08-06,Net Banking,Delivered,11910.5,14
4323,975,429,2,2025-06-13,Credit Card,Cancelled,222569.86,16
4324,15061,132,1,2025-04-21,Cash on Delivery,Delivered,1429.26,
4325,9129,7,3,2025-09-04,Debit Card,Delivered,23367.96,23
4326,500,8,5,2024-10-02,Cash on Delivery,Delivered,230878.1,
4327,19258,30,3,2026-06-05,Cash on Delivery,Delivered,20157.75,13
4328,12299,93,1,2025-02-23,Net Banking,Delivered,4250.99,
4329,9422,170,3,2025-09-15,Cash on Delivery,Delivered,1669.5,24
4330,3423,335,1,2024-10-03,Cash on Delivery,Delivered,1891.62,
4331,8941,268,2,2026-02-16,Credit Card,Delivered,155130.08,
4332,19977,489,4,2025-08-03,Net Banking,Delivered,8375.68,
4333,10534,305,4,2026-01-30,Credit Card,Delivered,347539.84,
4334,1528,9,5,2026-05-06,Net Banking,Delivered,31468.8,5
4335,1612,82,1,2025-01-01,Debit Card,Delivered,3908.79,
4336,10838,362,2,2025-04-15,Credit Card,Returned,4556.8,
4337,10049,195,2,2026-01-27,Debit Card,Returned,1746.32,
4338,19044,261,3,2026-06-19,Cash on Delivery,Delivered,4347.3,13
4339,7706,337,2,2025-07-11,Debit Card,Cancelled,143213.2,3
4340,14889,237,4,2025-09-03,Cash on Delivery,Returned,692.04,23
4341,1963,289,3,2025-03-31,Cash on Delivery,Delivered,4314.9,21
4342,10813,206,5,2026-01-31,Net Banking,Delivered,11421.8,
4343,6532,476,3,2024-09-20,UPI,Delivered,7889.25,
4344,11566,24,5,2025-03-28,Cash on Delivery,Delivered,14437.8,15
4345,15720,4,4,2025-09-14,Debit Card,Delivered,268076.72,24
4346,1674,408,4,2026-02-18,Credit Card,Returned,670.68,
4347,19773,84,5,2026-01-14,Debit Card,Delivered,36018.0,
4348,8301,46,1,2025-11-06,Cash on Delivery,Delivered,57923.4,8
4349,11798,375,3,2026-06-25,Credit Card,Delivered,312.48,17
4350,14622,84,3,2025-01-30,Credit Card,Delivered,21610.8,25
4351,16847,54,3,2026-04-10,Credit Card,Delivered,3825.0,
4352,16487,81,5,2026-03-17,Debit Card,Delivered,1709.1,9
4353,18033,147,1,2025-01-21,Debit Card,Delivered,349.77,
4354,13563,428,1,2024-09-09,UPI,Delivered,42737.24,2
4355,8546,89,1,2025-01-11,Debit Card,Delivered,105695.12,
4356,14473,7,5,2024-11-24,Net Banking,Delivered,38946.6,10
4357,19292,471,2,2025-08-01,Credit Card,Delivered,988.68,
4358,7146,21,3,2025-02-04,UPI,Delivered,86883.3,25
4359,19107,355,2,2026-07-07,Debit Card,Delivered,694.4,
4360,17129,19,4,2025-02-23,Credit Card,Returned,43553.76,
4361,17576,357,5,2025-03-14,Cash on Delivery,Delivered,39852.25,1
4362,19252,374,4,2024-10-24,Debit Card,Delivered,2507.76,4
4363,6953,475,5,2024-09-12,Debit Card,Delivered,26846.4,2
4364,19571,19,3,2025-06-24,Debit Card,Delivered,32665.32,11
4365,13587,166,4,2025-06-07,UPI,Delivered,16942.56,
4366,2702,474,3,2025-04-14,Net Banking,Delivered,282919.32,
4367,8886,339,1,2025-05-26,Cash on Delivery,Cancelled,62552.28,
4368,3453,74,2,2025-01-17,Cash on Delivery,Delivered,15208.98,
4369,12994,340,3,2024-09-09,UPI,Cancelled,251312.16,2
4370,2838,88,4,2025-05-22,Debit Card,Cancelled,1310.64,
4371,8133,225,1,2025-07-03,Net Banking,Cancelled,1986.0,3
4372,15645,489,5,2025-09-20,Debit Card,Delivered,10469.6,12
4373,3242,7,2,2025-02-27,UPI,Delivered,15578.64,1
4374,13552,131,2,2026-02-26,Credit Card,Delivered,3656.6,
4375,10517,174,5,2025-12-09,Net Banking,Delivered,82428.6,22
4376,13009,90,2,2025-01-30,Net Banking,Delivered,26148.32,25
4377,8180,423,2,2025-02-07,UPI,Delivered,7590.66,25
4378,11685,446,5,2026-06-30,Cash on Delivery,Cancelled,2433.4,
4379,3548,428,1,2024-08-08,Cash on Delivery,Delivered,42737.24,18
4380,15448,311,2,2025-02-19,Net Banking,Delivered,469.8,
4381,1223,74,4,2025-10-02,UPI,Cancelled,30417.96,12
4382,9636,352,2,2025-03-30,Cash on Delivery,Delivered,30252.66,21
4383,10152,439,2,2026-02-12,Credit Card,Cancelled,5648.5,
4384,11928,375,5,2025-09-23,Net Banking,Delivered,520.8,12
4385,10182,346,2,2025-12-29,UPI,Delivered,1165.92,
4386,6846,378,4,2025-10-04,UPI,Delivered,9139.6,12
4387,1902,91,1,2025-11-26,Credit Card,Delivered,113115.69,8
4388,14673,217,2,2025-05-18,Net Banking,Delivered,1449.82,
4389,6728,384,1,2025-11-13,Cash on Delivery,Cancelled,672.7,8
4390,13575,415,2,2025-07-10,Net Banking,Delivered,2196.18,3
4391,10279,47,4,2024-08-28,Net Banking,Delivered,222462.24,2
4392,14182,218,4,2025-02-12,Debit Card,Delivered,122955.84,
4393,915,311,1,2026-02-17,Cash on Delivery,Delivered,234.9,
4394,16756,446,1,2025-11-08,UPI,Delivered,486.68,8
4395,12776,14,1,2026-05-14,Cash on Delivery,Delivered,1201.9,7
4396,4333,11,2,2024-08-07,Debit Card,Delivered,242087.4,18
4397,2140,218,4,2025-05-11,Debit Card,Delivered,122955.84,
4398,6791,301,4,2026-06-21,Cash on Delivery,Delivered,7244.6,13
4399,706,288,5,2026-06-08,Cash on Delivery,Delivered,12442.5,13
4400,8488,428,3,2025-01-25,Cash on Delivery,Delivered,128211.72,
4401,14968,296,2,2026-05-03,Credit Card,Delivered,493.02,7
4402,16598,411,4,2025-01-07,Debit Card,Returned,11396.0,
4403,19985,199,3,2024-08-04,Cash on Delivery,Cancelled,51428.76,14
4404,12413,124,3,2025-02-10,UPI,Delivered,314197.68,
4405,14107,373,2,2025-03-20,UPI,Delivered,110702.28,21
4406,3607,359,1,2025-08-13,Debit Card,Cancelled,4083.2,20
4407,18912,254,3,2024-10-10,Debit Card,Returned,602.28,4
4408,7527,406,5,2025-02-25,UPI,Delivered,567349.2,1
4409,6699,155,1,2025-10-28,Net Banking,Delivered,9636.99,
4410,2428,297,4,2025-10-05,Credit Card,Returned,1437.12,12
4411,193,253,2,2026-04-30,Net Banking,Delivered,964.44,7
4412,5395,227,5,2024-08-24,Debit Card,Cancelled,3663.75,2
4413,19784,238,1,2026-03-21,Cash on Delivery,Delivered,3499.2,9
4414,17595,315,3,2025-07-31,Debit Card,Returned,16367.55,
4415,12605,139,3,2026-03-10,Net Banking,Delivered,6518.16,9
4416,14430,149,4,2025-01-27,Credit Card,Delivered,12439.44,
4417,4028,214,3,2025-12-26,Credit Card,Delivered,3659.25,
4418,5210,281,3,2025-04-08,Debit Card,Delivered,3815.82,
4419,6443,260,4,2024-09-04,UPI,Delivered,1867.76,2
4420,10354,285,5,2026-07-08,Credit Card,Delivered,2307.5,
4421,18222,51,2,2025-10-30,Cash on Delivery,Delivered,862.68,
4422,16529,303,3,2026-02-27,UPI,Delivered,23216.76,
4423,9346,153,5,2026-05-14,UPI,Delivered,169942.5,7
4424,47,124,1,2024-11-21,Net Banking,Returned,104732.56,10
4425,5748,393,2,2026-03-13,UPI,Delivered,574.56,9
4426,8260,374,5,2025-03-02,Credit Card,Returned,3134.7,1
4427,17620,24,3,2026-05-22,UPI,Delivered,8662.68,7
4428,897,39,3,2026-06-12,UPI,Delivered,2152.08,13
4429,9167,36,3,2026-03-15,Cash on Delivery,Delivered,128408.7,9
4430,11853,59,4,2026-02-01,UPI,Delivered,3261.28,
4431,17462,127,4,2025-10-09,UPI,Delivered,449166.48,12
4432,9621,3,1,2025-10-15,Debit Card,Delivered,616.85,
4433,11140,36,3,2025-06-01,Cash on Delivery,Delivered,128408.7,
4434,1607,59,2,2024-08-31,UPI,Cancelled,1630.64,2
4435,15064,274,1,2024-12-05,UPI,Returned,3032.55,10
4436,6010,430,4,2026-05-27,Cash on Delivery,Delivered,42673.64,7
4437,3522,400,2,2025-03-04,Credit Card,Delivered,2340.0,1
4438,496,342,1,2025-09-20,UPI,Delivered,607.2,12
4439,14293,178,5,2024-12-29,Credit Card,Cancelled,3842.0,
4440,18651,122,5,2025-11-22,Cash on Delivery,Delivered,69451.2,8
4441,5620,438,1,2026-02-01,Debit Card,Returned,341.96,
4442,12099,95,2,2026-06-08,Net Banking,Delivered,923.32,13
4443,18117,396,3,2025-02-20,Debit Card,Returned,169638.48,
4444,17379,450,4,2026-01-12,Debit Card,Returned,1324.8,
4445,3137,276,5,2026-02-19,Cash on Delivery,Delivered,3112.5,
4446,9687,146,1,2025-01-11,Cash on Delivery,Delivered,717.03,
4447,11812,154,5,2025-08-15,Credit Card,Delivered,268776.0,20
4448,19344,191,3,2024-11-27,Debit Card,Delivered,1760.76,10
4449,17946,428,2,2024-07-31,UPI,Delivered,85474.48,14
4450,14810,133,2,2025-12-25,UPI,Cancelled,4015.84,
4451,15069,477,2,2025-10-27,Credit Card,Delivered,922.04,
4452,16185,187,5,2026-04-02,Cash on Delivery,Returned,120664.25,
4453,4884,409,3,2026-03-13,Net Banking,Delivered,5367.6,9
4454,13626,305,1,2026-01-31,Credit Card,Delivered,86884.96,
4455,16590,173,3,2026-05-01,Credit Card,Cancelled,371.7,7
4456,11698,492,4,2024-10-29,Cash on Delivery,Returned,6399.2,
4457,1895,143,3,2024-08-29,Cash on Delivery,Delivered,422.67,2
4458,17170,461,5,2026-04-28,Credit Card,Delivered,470674.75,
4459,3746,108,1,2025-05-03,UPI,Delivered,600.16,
4460,10470,399,2,2025-07-23,UPI,Cancelled,244770.42,
4461,9114,13,1,2025-09-02,UPI,Delivered,1420.0,23
4462,898,334,3,2025-11-09,Net Banking,Delivered,2233.8,8
4463,9559,319,2,2025-05-10,Cash on Delivery,Delivered,1437.96,
4464,4691,306,5,2025-08-18,UPI,Cancelled,2057.0,20
4465,7276,216,3,2024-09-14,Net Banking,Delivered,3965.52,
4466,4892,170,3,2025-03-27,Debit Card,Delivered,1669.5,21
4467,881,169,2,2025-03-27,Credit Card,Delivered,5192.32,21
4468,2754,178,2,2026-02-02,UPI,Cancelled,1536.8,
4469,15591,473,3,2025-04-02,Credit Card,Delivered,111728.79,21
4470,5691,71,2,2024-12-26,Cash on Delivery,Delivered,996.3,
4471,19378,132,1,2025-04-18,UPI,Delivered,1429.26,
4472,9985,7,5,2026-01-27,Cash on Delivery,Returned,38946.6,
4473,11577,425,1,2025-12-27,Net Banking,Delivered,249.32,
4474,10676,402,3,2026-04-26,UPI,Delivered,3001.5,
4475,4606,100,2,2025-09-17,Net Banking,Delivered,905.28,12
4476,6722,71,1,2024-12-04,Credit Card,Delivered,498.15,10
4477,348,22,4,2024-12-16,UPI,Delivered,7340.8,
4478,16783,318,5,2025-08-04,Credit Card,Returned,545897.9,
4479,2462,180,2,2026-04-28,Credit Card,Delivered,169180.56,
4480,17203,83,5,2025-10-11,Net Banking,Delivered,5360.5,
4481,6581,326,5,2025-03-23,Credit Card,Delivered,477.0,21
4482,16939,40,4,2025-02-06,Cash on Delivery,Cancelled,5985.6,25
4483,7787,58,1,2025-01-10,Net Banking,Delivered,3196.68,
4484,6478,110,4,2025-10-01,Debit Card,Delivered,5092.0,12
4485,11354,350,3,2026-04-01,UPI,Delivered,111635.4,
4486,17712,295,2,2026-06-23,UPI,Returned,17941.28,17
4487,5016,234,1,2025-04-02,Debit Card,Delivered,677.97,21
4488,5611,255,1,2026-06-20,Credit Card,Delivered,820.76,17
4489,15405,103,1,2026-03-07,UPI,Delivered,1674.75,9
4490,18827,17,3,2025-11-10,Cash on Delivery,Delivered,98217.9,8
4491,16924,6,1,2025-11-13,Debit Card,Delivered,5302.5,8
4492,4560,374,2,2026-07-05,Debit Card,Delivered,1253.88,
4493,1753,280,3,2026-06-03,Cash on Delivery,Delivered,2044.29,13
4494,10964,376,1,2025-10-14,Debit Card,Delivered,2181.75,
4495,5835,379,1,2025-09-06,Credit Card,Delivered,475.09,
4496,7932,445,3,2026-02-28,Net Banking,Delivered,10380.96,9
4497,18169,433,2,2025-03-07,Cash on Delivery,Delivered,1517.76,1
4498,13374,466,4,2025-03-26,Credit Card,Returned,1343.68,21
4499,12846,297,4,2026-06-09,Debit Card,Delivered,1437.12,13
4500,4613,415,3,2025-04-14,Net Banking,Delivered,3294.27,
4501,4509,286,5,2025-05-22,UPI,Delivered,355799.2,
4502,5984,340,2,2025-08-03,Cash on Delivery,Delivered,167541.44,
4503,5400,315,5,2025-07-26,UPI,Delivered,27279.25,
4504,5087,480,1,2024-10-10,UPI,Delivered,71697.15,4
4505,10025,69,4,2025-01-30,Credit Card,Delivered,2306.4,25
4506,2236,259,1,2026-04-03,Cash on Delivery,Cancelled,3178.11,
4507,5284,108,3,2026-02-11,UPI,Delivered,1800.48,
4508,13258,263,5,2024-08-09,Cash on Delivery,Cancelled,8433.0,18
4509,5894,27,2,2025-03-26,Credit Card,Returned,11006.16,21
4510,17661,226,1,2026-04-03,Net Banking,Delivered,2146.36,
4511,704,382,3,2025-11-19,Debit Card,Returned,15245.01,8
4512,17257,428,3,2025-10-26,Net Banking,Delivered,128211.72,
4513,18968,79,4,2025-11-17,Debit Card,Cancelled,375704.48,8
4514,13255,89,4,2026-06-30,Net Banking,Cancelled,422780.48,
4515,7511,282,5,2024-08-28,Credit Card,Delivered,1650.0,2
4516,6098,444,1,2025-06-20,Cash on Delivery,Delivered,3023.28,6
4517,3957,412,4,2025-12-23,Credit Card,Delivered,8820.0,
4518,10806,38,4,2026-06-15,Credit Card,Delivered,370775.44,13
4519,8779,221,3,2024-09-26,Net Banking,Returned,4258.8,
4520,14746,169,2,2025-02-24,Net Banking,Delivered,5192.32,1
4521,16545,499,1,2026-04-01,UPI,Delivered,9159.36,
4522,16880,151,3,2025-07-11,UPI,Delivered,199140.9,3
4523,15731,290,3,2024-08-07,Debit Card,Delivered,4174.95,14
4524,1166,123,3,2026-01-01,UPI,Cancelled,4592.7,
4525,5222,253,5,2025-02-16,Credit Card,Cancelled,2411.1,
4526,18171,232,2,2026-06-20,Credit Card,Delivered,110211.16,13
4527,14114,242,1,2024-11-29,Credit Card,Delivered,1389.36,10
4528,18917,242,3,2025-10-15,Credit Card,Delivered,4168.08,
4529,14561,185,4,2024-09-20,Credit Card,Delivered,1848.0,
4530,15435,378,5,2024-11-11,Cash on Delivery,Returned,11424.5,19
4531,2015,227,5,2024-08-05,Cash on Delivery,Delivered,3663.75,14
4532,9764,373,2,2025-10-21,Net Banking,Delivered,110702.28,
4533,8512,435,2,2026-07-01,Debit Card,Delivered,399.84,
4534,16856,343,5,2026-07-08,Credit Card,Delivered,16657.65,
4535,16562,132,3,2025-11-22,Debit Card,Delivered,4287.78,8
4536,14141,240,5,2026-02-12,UPI,Cancelled,3477.6,
4537,3551,235,1,2025-02-17,Credit Card,Delivered,875.32,
4538,14063,353,2,2025-10-22,UPI,Delivered,419.9,
4539,10172,271,3,2025-06-02,Credit Card,Delivered,2714.4,
4540,10485,220,1,2025-11-06,Net Banking,Delivered,1853.85,8
4541,11380,29,2,2025-12-27,Credit Card,Delivered,263611.04,
4542,6773,180,5,2025-06-14,Debit Card,Delivered,422951.4,16
4543,2326,111,3,2026-05-27,Debit Card,Delivered,206013.48,7
4544,10251,266,3,2025-10-29,UPI,Delivered,10709.79,
4545,2699,14,4,2024-10-16,Debit Card,Returned,4807.6,4
4546,16785,99,5,2025-05-04,Net Banking,Delivered,13797.8,
4547,3328,305,3,2026-05-12,Debit Card,Delivered,260654.88,7
4548,16687,268,5,2025-05-16,UPI,Delivered,387825.2,
4549,4279,59,3,2024-09-14,Net Banking,Delivered,2445.96,
4550,12062,135,3,2024-12-18,Credit Card,Delivered,206597.64,
4551,5635,243,3,2026-04-25,Cash on Delivery,Delivered,2178.0,
4552,10580,186,1,2025-01-29,Cash on Delivery,Returned,4849.65,25
4553,16081,322,2,2025-10-21,Credit Card,Delivered,113198.56,
4554,1169,324,2,2025-05-06,UPI,Delivered,3321.32,
4555,4454,443,2,2026-05-08,Credit Card,Returned,57461.7,7
4556,7522,213,2,2024-10-25,Credit Card,Delivered,8400.0,
4557,18144,296,2,2025-11-28,UPI,Delivered,493.02,8
4558,7157,435,5,2025-12-05,Net Banking,Delivered,999.6,22
4559,118,61,4,2025-02-21,Credit Card,Delivered,5206.08,
4560,13558,444,3,2026-05-26,Debit Card,Delivered,9069.84,7
4561,464,73,1,2024-07-19,Cash on Delivery,Returned,34973.34,
4562,2410,372,1,2024-09-29,Net Banking,Returned,73735.2,
4563,14977,413,4,2024-12-27,Credit Card,Delivered,1820.16,
4564,2154,417,1,2025-01-14,Credit Card,Returned,978.75,
4565,4763,41,3,2025-04-12,Net Banking,Delivered,10305.36,
4566,2857,428,3,2025-08-11,UPI,Delivered,128211.72,20
4567,17710,344,2,2024-11-01,Net Banking,Delivered,350.88,19
4568,12320,172,5,2026-07-10,Credit Card,Delivered,245484.0,
4569,6962,390,1,2024-10-17,Credit Card,Returned,1047.42,4
4570,325,56,2,2024-11-26,Cash on Delivery,Delivered,1446.12,10
4571,17493,404,3,2024-07-28,Credit Card,Delivered,163814.04,14
4572,12816,382,2,2025-07-12,UPI,Delivered,10163.34,3
4573,6929,181,4,2026-06-12,Credit Card,Cancelled,10860.16,13
4574,12096,252,1,2025-11-02,Credit Card,Returned,3468.0,
4575,11189,340,5,2026-01-26,Debit Card,Cancelled,418853.6,
4576,390,182,4,2025-08-01,Credit Card,Delivered,4243.04,
4577,6986,29,1,2024-11-10,Credit Card,Delivered,131805.52,19
4578,17814,299,2,2025-09-17,Net Banking,Delivered,163073.8,12
4579,7294,457,4,2025-11-13,Credit Card,Delivered,15233.4,8
4580,5816,323,5,2025-10-21,Cash on Delivery,Delivered,2644.75,
4581,9702,257,4,2025-04-20,Net Banking,Delivered,15376.16,
4582,18363,488,2,2024-09-18,Credit Card,Delivered,652.8,
4583,16167,284,4,2025-12-22,Debit Card,Delivered,1860.32,
4584,18518,58,5,2025-06-12,UPI,Delivered,15983.4,16
4585,12568,256,3,2025-06-15,Credit Card,Delivered,1195.92,16
4586,12454,386,2,2025-04-08,UPI,Delivered,3402.1,
4587,11280,2,2,2025-07-17,Credit Card,Delivered,42564.6,3
4588,11194,234,3,2026-05-14,Credit Card,Delivered,2033.91,7
4589,306,342,1,2026-03-17,UPI,Returned,607.2,9
4590,13516,443,4,2025-03-31,Debit Card,Delivered,114923.4,21
4591,7377,349,4,2026-06-29,UPI,Delivered,15781.88,
4592,2661,99,2,2025-01-21,Debit Card,Delivered,5519.12,
4593,3040,328,5,2026-05-08,UPI,Delivered,11420.5,7
4594,1538,209,5,2025-07-08,UPI,Delivered,20147.05,3
4595,6342,425,5,2025-12-21,Net Banking,Delivered,1246.6,
4596,14009,448,4,2025-08-18,Credit Card,Delivered,2774.68,20
4597,1295,195,2,2026-03-19,Net Banking,Delivered,1746.32,9
4598,7151,397,2,2026-01-19,Cash on Delivery,Delivered,3271.32,
4599,5676,168,5,2024-09-05,Debit Card,Returned,22938.45,2
4600,9115,439,4,2024-08-12,Cash on Delivery,Delivered,11297.0,18
4601,2473,431,4,2025-08-16,Net Banking,Cancelled,2149.88,20
4602,3596,490,1,2025-11-01,UPI,Delivered,772.34,
4603,18223,284,5,2025-08-20,UPI,Delivered,2325.4,20
4604,1479,297,2,2024-08-09,Credit Card,Delivered,718.56,18
4605,19988,102,4,2024-07-31,Net Banking,Delivered,9528.4,14
4606,18683,86,3,2024-10-27,Net Banking,Delivered,10430.73,
4607,8191,93,1,2024-09-24,Net Banking,Delivered,4250.99,
4608,19275,154,4,2026-05-05,Credit Card,Returned,215020.8,7
4609,18568,469,3,2025-01-09,Cash on Delivery,Delivered,1529.04,
4610,16302,33,4,2025-12-01,Cash on Delivery,Delivered,15431.04,
4611,13828,439,3,2026-06-21,Cash on Delivery,Delivered,8472.75,13
4612,10710,334,1,2024-09-06,Cash on Delivery,Delivered,744.6,2
4613,14203,448,1,2026-01-06,UPI,Delivered,693.67,
4614,6497,194,4,2025-04-03,Net Banking,Cancelled,8841.6,21
4615,13096,304,3,2024-09-03,Cash on Delivery,Delivered,298282.14,2
4616,6523,411,5,2026-01-09,Credit Card,Cancelled,14245.0,
4617,108,87,2,2024-11-16,Credit Card,Cancelled,23326.26,19
4618,10087,54,4,2025-12-06,Cash on Delivery,Cancelled,5100.0,22
4619,16317,169,5,2025-03-20,Credit Card,Delivered,12980.8,15
4620,5001,273,3,2025-06-11,Cash on Delivery,Delivered,35604.0,16
4621,4571,257,4,2025-12-03,Debit Card,Cancelled,15376.16,22
4622,13270,400,3,2024-10-23,Cash on Delivery,Delivered,3510.0,4
4623,11911,14,5,2025-11-29,Net Banking,Returned,6009.5,8
4624,5056,281,3,2025-06-07,Cash on Delivery,Cancelled,3815.82,
4625,16851,329,2,2025-08-31,Credit Card,Delivered,5294.38,23
4626,16811,336,4,2026-07-08,Debit Card,Delivered,6797.28,
4627,11892,441,2,2024-08-01,Credit Card,Returned,9189.76,14
4628,18858,451,4,2024-07-29,Credit Card,Delivered,309212.8,14
4629,5823,283,3,2024-07-22,UPI,Delivered,5272.02,14
4630,10535,334,2,2025-07-18,Cash on Delivery,Delivered,1489.2,
4631,12464,422,5,2025-10-12,Cash on Delivery,Delivered,15500.85,
4632,7259,499,1,2026-03-14,Cash on Delivery,Delivered,9159.36,9
4633,10155,179,5,2025-10-12,Net Banking,Delivered,2625.8,
4634,817,19,1,2025-09-13,UPI,Delivered,10888.44,24
4635,12404,447,4,2024-09-11,Debit Card,Delivered,196081.4,2
4636,7783,416,3,2024-10-15,Cash on Delivery,Returned,2616.96,4
4637,12545,39,4,2025-03-24,Credit Card,Delivered,2869.44,21
4638,11571,68,4,2025-05-22,Net Banking,Cancelled,2244.0,
4639,19039,295,2,2025-05-06,Credit Card,Returned,17941.28,
4640,17743,139,3,2025-08-15,Credit Card,Returned,6518.16,20
4641,9447,466,1,2024-10-02,Cash on Delivery,Delivered,335.92,
4642,7413,140,4,2026-01-12,Cash on Delivery,Delivered,2078.6,
4643,6665,226,3,2026-05-06,Cash on Delivery,Delivered,6439.08,5
4644,19296,69,1,2024-11-10,UPI,Delivered,576.6,19
4645,18107,131,2,2025-01-20,Cash on Delivery,Delivered,3656.6,
4646,2652,205,1,2026-03-27,Credit Card,Delivered,32752.44,9
4647,1057,343,5,2026-07-15,Credit Card,Delivered,16657.65,
4648,8389,443,3,2025-01-23,Net Banking,Delivered,86192.55,
4649,14264,92,2,2025-01-19,UPI,Delivered,3460.8,
4650,10848,171,5,2025-08-20,Net Banking,Delivered,31434.0,20
4651,3286,251,5,2025-11-13,Cash on Delivery,Delivered,538537.5,8
4652,8768,59,5,2024-12-26,Cash on Delivery,Delivered,4076.6,
4653,11714,174,4,2026-03-06,Debit Card,Delivered,65942.88,9
4654,19614,14,2,2026-05-14,Credit Card,Delivered,2403.8,7
4655,1949,491,1,2026-06-17,Credit Card,Delivered,268.1,13
4656,16695,434,5,2025-12-12,Credit Card,Delivered,3243.0,22
4657,11622,443,4,2025-09-03,Cash on Delivery,Delivered,114923.4,23
4658,7120,385,1,2026-03-10,UPI,Delivered,874.9,9
4659,8480,375,1,2025-12-20,Debit Card,Delivered,104.16,
4660,15382,438,2,2026-06-07,Cash on Delivery,Delivered,683.92,13
4661,19876,21,3,2024-11-10,UPI,Delivered,86883.3,19
4662,14709,19,1,2025-05-08,Credit Card,Delivered,10888.44,
4663,8027,214,5,2024-10-28,Credit Card,Delivered,6098.75,
4664,11264,395,1,2025-08-25,Credit Card,Delivered,1201.31,20
4665,2578,277,1,2025-11-06,Credit Card,Delivered,49841.45,8
4666,10757,376,2,2025-01-14,Credit Card,Returned,4363.5,
4667,15506,56,5,2024-08-19,Cash on Delivery,Delivered,3615.3,2
4668,16985,178,1,2026-06-17,Cash on Delivery,Delivered,768.4,17
4669,19807,326,3,2026-03-24,Credit Card,Delivered,286.2,9
4670,6812,22,3,2026-04-25,Net Banking,Delivered,5505.6,
4671,17479,226,1,2025-10-03,Cash on Delivery,Delivered,2146.36,12
4672,9932,162,5,2026-02-25,Debit Card,Delivered,12967.35,
4673,1084,96,3,2026-05-22,Debit Card,Delivered,4168.26,7
4674,6458,56,4,2026-02-26,Cash on Delivery,Delivered,2892.24,
4675,12217,238,2,2024-10-26,Credit Card,Delivered,6998.4,
4676,14306,183,3,2025-02-26,Debit Card,Delivered,2043.36,1
4677,3595,389,2,2025-08-17,UPI,Delivered,4987.92,20
4678,2349,196,4,2026-04-04,Debit Card,Delivered,7559.64,
4679,10235,48,3,2024-10-19,Net Banking,Cancelled,517.44,4
4680,13184,467,3,2024-12-19,Net Banking,Delivered,6047.7,
4681,12465,9,2,2025-07-19,Credit Card,Cancelled,12587.52,
4682,11167,434,2,2024-09-12,Credit Card,Delivered,1297.2,2
4683,15006,249,5,2025-01-27,Cash on Delivery,Delivered,20605.0,
4684,6517,206,1,2026-04-04,Debit Card,Delivered,2284.36,
4685,10368,136,2,2026-06-28,UPI,Delivered,198959.2,17
4686,10128,194,1,2025-10-19,UPI,Delivered,2210.4,
4687,12672,109,1,2024-12-04,Net Banking,Delivered,73336.56,10
4688,1866,345,3,2024-10-02,Credit Card,Cancelled,12873.3,
4689,5146,296,5,2026-02-23,Net Banking,Delivered,1232.55,
4690,6150,201,1,2024-12-17,Cash on Delivery,Delivered,6033.36,
4691,10242,309,2,2026-03-22,Credit Card,Cancelled,73068.16,9
4692,10694,235,2,2025-01-01,Debit Card,Delivered,1750.64,
4693,14480,362,4,2024-11-11,Debit Card,Delivered,9113.6,19
4694,7729,495,5,2024-08-23,Net Banking,Returned,41911.3,2
4695,19349,4,2,2026-01-17,Net Banking,Delivered,134038.36,
4696,6758,183,5,2024-11-07,Cash on Delivery,Delivered,3405.6,19
4697,12509,170,4,2025-02-18,UPI,Delivered,2226.0,
4698,4280,500,3,2026-03-16,Credit Card,Delivered,26630.55,9
4699,10061,397,4,2024-12-26,Debit Card,Delivered,6542.64,
4700,18544,376,4,2024-08-15,Debit Card,Delivered,8727.0,18
4701,5929,455,4,2025-01-26,Net Banking,Cancelled,186.48,
4702,15403,113,5,2024-08-12,Debit Card,Delivered,2869.05,14
4703,2020,113,3,2025-05-16,UPI,Delivered,1721.43,
4704,14396,176,5,2025-10-22,UPI,Delivered,2795.9,
4705,16961,237,3,2026-03-19,Cash on Delivery,Returned,519.03,9
4706,9258,23,4,2025-06-10,Cash on Delivery,Cancelled,1728.64,16
4707,15200,257,1,2025-04-21,UPI,Delivered,3844.04,
4708,11792,349,4,2026-06-14,Debit Card,Cancelled,15781.88,13
4709,334,396,4,2025-12-25,Debit Card,Delivered,226184.64,
4710,9481,386,1,2026-04-08,Net Banking,Delivered,1701.05,
4711,15831,420,4,2026-06-16,Cash on Delivery,Cancelled,3837.68,13
4712,18652,346,1,2024-09-24,Net Banking,Delivered,582.96,
4713,11990,199,5,2026-02-05,Cash on Delivery,Delivered,85714.6,
4714,19254,6,3,2026-01-27,UPI,Delivered,15907.5,
4715,8203,196,3,2026-03-16,UPI,Delivered,5669.73,9
4716,18473,438,2,2024-10-14,Cash on Delivery,Delivered,683.92,4
4717,18458,225,4,2025-03-29,Credit Card,Delivered,7944.0,21
4718,875,104,4,2024-11-03,Debit Card,Delivered,13257.84,19
4719,17305,349,4,2025-04-15,Net Banking,Delivered,15781.88,
4720,14440,279,5,2024-07-18,UPI,Delivered,287.1,
4721,2824,341,5,2026-06-21,Cash on Delivery,Delivered,525803.3,17
4722,16980,256,4,2024-07-27,UPI,Delivered,1594.56,14
4723,5964,117,3,2026-01-06,Debit Card,Delivered,1618.5,
4724,1943,497,3,2026-05-11,UPI,Delivered,29750.16,7
4725,3268,189,4,2025-03-14,Debit Card,Delivered,571.2,21
4726,12516,37,5,2024-11-01,Debit Card,Returned,20310.75,19
4727,6892,13,2,2024-12-13,Cash on Delivery,Returned,2840.0,
4728,18266,210,2,2025-07-16,UPI,Delivered,11891.92,3
4729,5296,459,4,2025-05-18,UPI,Delivered,4451.88,
4730,3892,6,4,2026-02-18,Debit Card,Delivered,21210.0,
4731,4569,159,2,2026-06-08,Cash on Delivery,Delivered,346.94,13
4732,14010,403,4,2024-08-02,Net Banking,Delivered,7421.64,14
4733,12461,191,2,2025-04-12,UPI,Returned,1173.84,
4734,12917,141,3,2025-06-11,Debit Card,Delivered,1146.6,16
4735,2976,345,3,2024-09-20,Credit Card,Delivered,12873.3,
4736,17806,167,3,2025-12-13,Debit Card,Delivered,5135.55,22
4737,13518,83,4,2025-01-13,Debit Card,Cancelled,4288.4,
4738,8178,337,5,2025-08-17,UPI,Returned,358033.0,20
4739,8563,242,5,2024-11-23,Net Banking,Delivered,6946.8,10
4740,10668,430,5,2025-11-12,Cash on Delivery,Delivered,53342.05,8
4741,3051,162,5,2025-11-15,Debit Card,Delivered,12967.35,8
4742,4711,289,4,2025-08-17,Cash on Delivery,Cancelled,5753.2,20
4743,6038,347,1,2026-03-17,Debit Card,Cancelled,1917.3,9
4744,4201,258,4,2025-01-21,Credit Card,Returned,4545.28,
4745,4865,280,5,2025-12-02,Debit Card,Returned,3407.15,
4746,7972,390,1,2026-01-09,Net Banking,Delivered,1047.42,
4747,6139,68,2,2026-06-21,Debit Card,Delivered,1122.0,17
4748,4425,102,5,2025-08-20,Net Banking,Delivered,11910.5,20
4749,19484,295,4,2026-01-19,Debit Card,Cancelled,35882.56,
4750,3083,8,4,2025-01-18,Cash on Delivery,Returned,184702.48,
4751,17527,25,1,2024-11-25,Cash on Delivery,Delivered,156.63,10
4752,19517,422,4,2026-02-05,Net Banking,Delivered,12400.68,
4753,3396,34,4,2025-11-11,UPI,Cancelled,4882.68,8
4754,13729,29,4,2025-09-29,Credit Card,Delivered,527222.08,12
4755,8645,184,1,2026-02-08,Credit Card,Delivered,2946.9,
4756,13823,309,1,2025-10-23,Cash on Delivery,Delivered,36534.08,
4757,3968,361,5,2026-05-16,UPI,Delivered,32767.35,7
4758,19146,153,1,2024-08-30,UPI,Delivered,33988.5,2
4759,3703,279,3,2026-06-26,Debit Card,Delivered,172.26,17
4760,7356,237,1,2024-10-16,Net Banking,Delivered,173.01,4
4761,8902,75,3,2024-09-02,Debit Card,Delivered,2395.68,2
4762,14802,173,1,2024-10-11,UPI,Delivered,123.9,4
4763,3721,153,2,2026-07-12,Net Banking,Delivered,67977.0,
4764,1204,155,2,2025-04-13,Debit Card,Cancelled,19273.98,
4765,15360,148,2,2025-01-17,Debit Card,Delivered,3175.04,
4766,5413,286,3,2026-06-28,Credit Card,Delivered,213479.52,17
4767,5979,187,3,2026-03-31,Net Banking,Delivered,72398.55,
4768,16456,68,1,2026-03-22,Debit Card,Returned,561.0,9
4769,2471,465,1,2025-07-28,Cash on Delivery,Delivered,345.8,
4770,2138,346,2,2025-02-26,UPI,Delivered,1165.92,1
4771,11616,81,4,2026-04-19,Net Banking,Delivered,1367.28,
4772,5166,284,5,2025-02-20,Debit Card,Delivered,2325.4,
4773,10550,463,2,2024-08-22,Cash on Delivery,Delivered,1034.28,2
4774,19837,475,3,2025-05-17,Debit Card,Delivered,16107.84,
4775,16640,251,3,2026-01-25,Credit Card,Delivered,323122.5,
4776,15555,408,4,2025-06-08,UPI,Returned,670.68,
4777,9125,409,1,2024-11-25,Net Banking,Delivered,1789.2,10
4778,6405,247,5,2025-06-13,Net Banking,Delivered,2773.8,16
4779,18467,442,1,2024-08-03,UPI,Delivered,340.68,14
4780,17128,160,5,2025-09-30,UPI,Delivered,473240.85,12
4781,7168,261,4,2025-02-24,Cash on Delivery,Delivered,5796.4,1
4782,13050,209,5,2025-05-26,UPI,Delivered,20147.05,
4783,15263,384,1,2026-06-17,Debit Card,Returned,672.7,13
4784,6427,91,3,2026-06-27,Cash on Delivery,Returned,339347.07,13
4785,18015,365,5,2024-09-18,Credit Card,Delivered,8572.2,
4786,13310,230,5,2024-10-19,UPI,Delivered,90883.0,4
4787,15840,131,1,2025-05-05,Credit Card,Cancelled,1828.3,
4788,3125,487,2,2024-12-27,Debit Card,Returned,1894.76,
4789,9613,138,1,2026-03-23,UPI,Delivered,3976.29,9
4790,1024,460,1,2026-02-13,Net Banking,Returned,1085.4,
4791,15580,236,5,2026-01-10,Debit Card,Delivered,14910.0,
4792,9255,421,4,2026-05-29,Debit Card,Cancelled,33668.0,13
4793,2281,258,2,2025-04-21,UPI,Delivered,2272.64,
4794,3308,256,2,2025-11-14,Cash on Delivery,Delivered,797.28,8
4795,16513,126,1,2025-09-18,Debit Card,Delivered,1992.03,12
4796,2905,389,2,2024-11-22,Cash on Delivery,Cancelled,4987.92,10
4797,9574,53,3,2025-01-19,Credit Card,Returned,77047.74,
4798,5864,10,4,2025-10-18,Net Banking,Cancelled,30688.68,
4799,5559,444,4,2024-08-26,UPI,Delivered,12093.12,2
4800,11399,8,2,2026-04-26,Credit Card,Delivered,92351.24,
4801,17539,295,4,2025-06-11,Cash on Delivery,Delivered,35882.56,16
4802,13314,35,5,2025-02-18,Net Banking,Returned,7253.4,
4803,2976,102,1,2025-01-22,Cash on Delivery,Cancelled,2382.1,
4804,19340,104,1,2026-04-07,Net Banking,Delivered,3314.46,
4805,7722,332,4,2026-06-12,Credit Card,Delivered,10422.0,13
4806,6367,495,3,2025-10-12,Credit Card,Delivered,25146.78,
4807,19908,291,4,2026-07-07,Net Banking,Delivered,21335.6,
4808,2735,455,1,2026-05-09,Cash on Delivery,Delivered,46.62,5
4809,12711,425,2,2024-12-18,Cash on Delivery,Delivered,498.64,
4810,4049,418,4,2025-03-09,Net Banking,Delivered,51597.0,1
4811,18318,276,5,2024-12-23,Cash on Delivery,Delivered,3112.5,
4812,8912,195,2,2025-07-01,UPI,Delivered,1746.32,3
4813,15965,171,2,2025-04-23,Debit Card,Delivered,12573.6,
4814,15143,22,5,2024-11-23,Cash on Delivery,Delivered,9176.0,10
4815,13146,470,1,2025-11-17,Debit Card,Delivered,2591.6,8
4816,3116,18,4,2026-02-08,Net Banking,Returned,2191.44,
4817,17123,289,5,2025-01-16,Cash on Delivery,Delivered,7191.5,
4818,12305,445,4,2026-05-23,UPI,Delivered,13841.28,7
4819,1203,75,1,2024-12-26,UPI,Returned,798.56,
4820,9178,335,3,2025-10-15,Credit Card,Delivered,5674.86,
4821,9507,315,4,2026-03-08,Debit Card,Delivered,21823.4,9
4822,19981,499,2,2024-08-05,UPI,Delivered,18318.72,14
4823,14632,76,3,2024-11-11,Credit Card,Delivered,5844.96,19
4824,13384,65,5,2026-07-04,Net Banking,Delivered,2471.7,
4825,7703,474,3,2024-09-15,Net Banking,Delivered,282919.32,
4826,9986,88,1,2025-03-11,Cash on Delivery,Cancelled,327.66,1
4827,18975,270,3,2025-04-23,Cash on Delivery,Returned,1101.6,
4828,15616,258,4,2026-06-25,UPI,Cancelled,4545.28,17
4829,19596,383,5,2025-04-02,Net Banking,Delivered,27774.5,21
4830,4857,441,5,2025-03-23,UPI,Delivered,22974.4,15
4831,7007,273,3,2025-02-17,UPI,Delivered,35604.0,
4832,16645,199,4,2024-07-17,Cash on Delivery,Delivered,68571.68,
4833,1979,361,4,2026-02-06,Cash on Delivery,Delivered,26213.88,
4834,13018,298,3,2025-08-28,Cash on Delivery,Delivered,186036.12,
4835,1820,290,4,2024-11-01,Debit Card,Delivered,5566.6,19
4836,16895,303,4,2026-02-28,UPI,Delivered,30955.68,9
4837,18358,82,1,2025-02-10,Debit Card,Delivered,3908.79,
4838,13555,205,2,2026-06-16,Debit Card,Delivered,65504.88,13
4839,18339,46,5,2026-01-28,Debit Card,Cancelled,289617.0,
4840,1364,374,2,2026-06-10,UPI,Delivered,1253.88,13
4841,1990,484,5,2025-10-27,Net Banking,Delivered,545694.25,
4842,7742,316,4,2026-04-08,Debit Card,Delivered,45186.96,
4843,8399,416,3,2024-11-07,Cash on Delivery,Delivered,2616.96,19
4844,10751,385,3,2024-08-06,Cash on Delivery,Delivered,2624.7,14
4845,17422,122,1,2025-01-16,UPI,Delivered,13890.24,
4846,13914,315,3,2026-05-08,UPI,Delivered,16367.55,7
4847,6204,431,3,2026-05-21,Debit Card,Delivered,1612.41,7
4848,11713,426,2,2024-08-02,Debit Card,Delivered,46201.76,14
4849,19677,344,4,2026-05-31,Cash on Delivery,Delivered,701.76,13
4850,11565,435,3,2025-04-26,UPI,Delivered,599.76,
4851,9408,355,2,2025-09-09,Cash on Delivery,Delivered,694.4,24
4852,10438,382,5,2025-09-08,Cash on Delivery,Delivered,25408.35,24
4853,3202,243,3,2024-12-24,Net Banking,Returned,2178.0,
4854,4069,195,3,2026-02-23,Cash on Delivery,Delivered,2619.48,
4855,2553,293,5,2025-11-23,Debit Card,Delivered,4944.4,8
4856,2626,458,2,2026-01-26,Cash on Delivery,Delivered,148440.0,
4857,8020,404,3,2025-09-09,Cash on Delivery,Cancelled,163814.04,24
4858,4265,123,3,2025-08-11,Credit Card,Delivered,4592.7,20
4859,19284,53,2,2025-10-05,Net Banking,Delivered,51365.16,12
4860,6633,145,5,2026-02-14,Cash on Delivery,Delivered,23611.7,
4861,11788,36,3,2025-12-11,Cash on Delivery,Delivered,128408.7,22
4862,4831,448,3,2025-03-29,UPI,Delivered,2081.01,21
4863,19570,216,3,2025-11-11,UPI,Delivered,3965.52,8
4864,6847,105,5,2024-11-10,Debit Card,Delivered,1164.9,19
4865,1634,175,1,2026-05-08,UPI,Delivered,5165.82,7
4866,10408,324,4,2025-03-24,Cash on Delivery,Delivered,6642.64,21
4867,18640,202,4,2026-02-07,UPI,Delivered,15419.04,
4868,6830,241,2,2025-10-27,UPI,Delivered,1245.0,
4869,3553,454,1,2024-08-07,UPI,Delivered,40519.2,18
4870,2315,339,2,2025-01-24,Cash on Delivery,Delivered,125104.56,
4871,8469,305,1,2026-06-13,Debit Card,Delivered,86884.96,13
4872,10394,421,4,2026-02-21,Debit Card,Delivered,33668.0,
4873,9500,337,5,2025-08-25,Cash on Delivery,Delivered,358033.0,20
4874,10133,176,2,2024-08-06,Cash on Delivery,Cancelled,1118.36,14
4875,381,405,1,2025-03-26,Cash on Delivery,Cancelled,836.4,21
4876,7957,495,1,2025-09-29,Debit Card,Delivered,8382.26,12
4877,17135,150,2,2025-10-01,UPI,Delivered,19454.8,12
4878,14483,256,3,2025-10-12,Net Banking,Delivered,1195.92,
4879,15254,329,2,2024-07-21,UPI,Cancelled,5294.38,14
4880,14670,90,3,2025-12-11,Credit Card,Delivered,39222.48,22
4881,18925,115,3,2026-04-08,Net Banking,Delivered,7039.23,
4882,13750,9,4,2025-09-14,Cash on Delivery,Returned,25175.04,24
4883,11129,69,2,2025-04-25,Debit Card,Delivered,1153.2,
4884,2005,389,3,2025-10-29,Net Banking,Delivered,7481.88,
4885,5122,264,3,2025-10-17,UPI,Delivered,2253.6,
4886,4811,379,1,2026-07-02,Credit Card,Delivered,475.09,
4887,4789,437,5,2025-02-06,Net Banking,Delivered,3644.0,25
4888,16777,109,3,2025-12-07,UPI,Delivered,220009.68,22
4889,390,263,4,2025-03-01,UPI,Delivered,6746.4,1
4890,13724,302,5,2025-02-02,Debit Card,Delivered,47638.5,25
4891,18247,274,1,2026-07-05,Debit Card,Returned,3032.55,
4892,3915,82,3,2024-12-15,Net Banking,Delivered,11726.37,
4893,7929,328,4,2025-04-25,Credit Card,Delivered,9136.4,
4894,10612,341,3,2024-12-19,UPI,Delivered,315481.98,
4895,10518,95,1,2025-01-04,Credit Card,Delivered,461.66,
4896,11686,122,1,2024-10-02,Credit Card,Delivered,13890.24,
4897,2252,443,1,2025-09-09,Credit Card,Delivered,28730.85,24
4898,11621,458,1,2025-12-28,UPI,Delivered,74220.0,
4899,18695,291,4,2024-08-29,Cash on Delivery,Delivered,21335.6,2
4900,14443,418,4,2025-08-03,UPI,Delivered,51597.0,
4901,13447,232,4,2025-02-11,Net Banking,Delivered,220422.32,
4902,15828,483,2,2026-06-11,Debit Card,Delivered,120346.4,13
4903,9381,90,2,2025-09-15,Net Banking,Delivered,26148.32,24
4904,17203,146,3,2026-02-09,Net Banking,Returned,2151.09,
4905,5096,222,5,2026-05-29,Net Banking,Delivered,25240.5,13
4906,5847,304,3,2024-12-14,Credit Card,Delivered,298282.14,
4907,8207,442,1,2024-09-08,UPI,Delivered,340.68,2
4908,9400,152,2,2025-05-21,Cash on Delivery,Delivered,58798.5,
4909,7611,480,4,2026-03-04,Cash on Delivery,Delivered,286788.6,9
4910,18837,70,4,2026-06-13,UPI,Returned,5088.96,13
4911,10548,274,2,2026-02-28,Credit Card,Delivered,6065.1,9
4912,9839,240,5,2025-04-30,Net Banking,Returned,3477.6,
4913,13192,198,2,2025-11-13,Debit Card,Delivered,166195.96,8
4914,6369,392,5,2025-03-12,Credit Card,Delivered,406882.65,21
4915,9891,321,1,2025-07-14,UPI,Delivered,782.31,3
4916,7837,391,4,2025-03-20,UPI,Delivered,596.16,15
4917,11306,431,4,2025-05-01,Net Banking,Delivered,2149.88,
4918,2142,219,1,2024-09-21,UPI,Delivered,75497.04,
4919,10868,422,5,2025-09-08,UPI,Delivered,15500.85,24
4920,223,10,1,2024-10-11,Net Banking,Delivered,7672.17,4
4921,12707,485,2,2024-07-28,Credit Card,Delivered,599.2,14
4922,6022,137,1,2025-04-06,Credit Card,Delivered,704.94,
4923,12671,349,3,2025-04-22,Credit Card,Delivered,11836.41,
4924,9320,349,4,2025-03-13,Debit Card,Delivered,15781.88,1
4925,7509,473,4,2025-09-07,Cash on Delivery,Returned,148971.72,24
4926,3366,419,5,2026-03-06,Net Banking,Returned,170756.8,9
4927,3032,320,2,2024-10-08,Net Banking,Delivered,3402.16,4
4928,3032,396,3,2026-01-28,Net Banking,Delivered,169638.48,
4929,16499,452,4,2025-03-21,Credit Card,Delivered,16474.16,15
4930,5022,311,4,2025-04-28,Credit Card,Delivered,939.6,
4931,3508,48,5,2025-06-11,Cash on Delivery,Cancelled,862.4,16
4932,19765,476,5,2024-11-28,Cash on Delivery,Delivered,13148.75,10
4933,3050,256,5,2025-07-14,Net Banking,Delivered,1993.2,3
4934,5772,274,1,2026-03-02,Debit Card,Delivered,3032.55,9
4935,6177,390,1,2024-09-04,Net Banking,Cancelled,1047.42,2
4936,2940,76,2,2024-09-25,Cash on Delivery,Delivered,3896.64,
4937,7906,244,2,2025-05-06,Net Banking,Delivered,7172.64,
4938,17809,461,5,2025-10-21,Credit Card,Delivered,470674.75,
4939,3564,24,2,2024-09-18,Credit Card,Delivered,5775.12,
4940,181,121,5,2026-04-21,UPI,Returned,1477.0,
4941,2175,95,4,2025-03-01,Credit Card,Cancelled,1846.64,1
4942,7877,77,4,2025-01-26,UPI,Delivered,1388.24,
4943,137,425,5,2026-05-15,Net Banking,Delivered,1246.6,7
4944,18831,129,5,2024-12-15,Cash on Delivery,Delivered,478822.2,
4945,3559,242,5,2025-01-09,Credit Card,Delivered,6946.8,
4946,1438,234,1,2026-06-28,Credit Card,Delivered,677.97,17
4947,9161,228,5,2026-03-05,Net Banking,Delivered,54640.8,9
4948,4580,145,2,2025-11-14,Credit Card,Delivered,9444.68,8
4949,6541,127,4,2026-01-14,Debit Card,Delivered,449166.48,
4950,1120,162,2,2024-11-08,Credit Card,Delivered,5186.94,19
4951,2348,75,1,2024-10-19,Net Banking,Delivered,798.56,4
4952,8099,73,5,2026-03-27,Net Banking,Delivered,174866.7,9
4953,11073,57,4,2025-04-18,Cash on Delivery,Delivered,19171.08,
4954,16592,104,4,2025-04-14,Net Banking,Delivered,13257.84,
4955,6618,23,5,2025-01-29,Debit Card,Cancelled,2160.8,25
4956,15476,321,1,2024-09-17,Debit Card,Delivered,782.31,
4957,3570,302,5,2026-07-10,Debit Card,Delivered,47638.5,
4958,6241,167,4,2024-08-01,UPI,Cancelled,6847.4,14
4959,12656,87,2,2025-04-21,Debit Card,Delivered,23326.26,
4960,3643,429,3,2024-09-16,Credit Card,Delivered,333854.79,
4961,11845,33,4,2025-12-26,Net Banking,Delivered,15431.04,
4962,4836,371,2,2025-10-04,UPI,Delivered,964.24,12
4963,9249,404,2,2024-12-11,Credit Card,Delivered,109209.36,
4964,12380,351,1,2025-11-21,Debit Card,Delivered,699.16,8
4965,17616,244,3,2025-10-17,Debit Card,Delivered,10758.96,
4966,9477,86,3,2025-03-21,Cash on Delivery,Delivered,10430.73,21
4967,18808,103,4,2024-08-14,UPI,Delivered,6699.0,18
4968,12608,491,3,2026-03-16,Credit Card,Delivered,804.3,9
4969,16307,469,4,2026-07-16,Credit Card,Delivered,2038.72,
4970,15773,54,2,2024-07-24,Credit Card,Delivered,2550.0,14
4971,118,444,1,2025-02-15,Net Banking,Delivered,3023.28,
4972,126,292,3,2025-11-08,Net Banking,Delivered,86287.29,8
4973,8131,379,5,2026-03-03,UPI,Cancelled,2375.45,9
4974,2400,202,1,2026-02-24,Cash on Delivery,Delivered,3854.76,
4975,17611,465,1,2026-06-19,UPI,Delivered,345.8,13
4976,5571,486,2,2026-05-28,Net Banking,Delivered,7485.66,7
4977,15885,6,3,2025-11-19,Credit Card,Delivered,15907.5,8
4978,13657,468,2,2025-03-02,Debit Card,Delivered,223509.04,1
4979,11745,412,1,2026-01-23,Debit Card,Cancelled,2205.0,
4980,14177,449,1,2024-09-16,UPI,Delivered,823.65,
4981,944,234,4,2026-02-02,Credit Card,Delivered,2711.88,
4982,869,410,3,2026-07-03,Cash on Delivery,Delivered,4857.45,
4983,14377,210,5,2024-09-21,Debit Card,Delivered,29729.8,
4984,5748,242,4,2026-07-06,UPI,Delivered,5557.44,
4985,2320,142,5,2024-12-30,Net Banking,Delivered,12539.6,
4986,16496,21,5,2024-09-06,Cash on Delivery,Delivered,144805.5,2
4987,8034,195,3,2025-01-08,Cash on Delivery,Returned,2619.48,
4988,13484,102,2,2025-10-19,Debit Card,Delivered,4764.2,
4989,6965,322,3,2026-04-26,Net Banking,Delivered,169797.84,
4990,1992,460,4,2025-11-22,UPI,Cancelled,4341.6,8
4991,13232,79,1,2025-07-23,Credit Card,Delivered,93926.12,
4992,4985,355,4,2025-08-30,UPI,Delivered,1388.8,23
4993,16621,175,4,2025-02-01,UPI,Delivered,20663.28,25
4994,13197,347,5,2025-02-19,Debit Card,Delivered,9586.5,
4995,11760,187,2,2025-10-15,UPI,Delivered,48265.7,
4996,13138,339,5,2025-10-20,UPI,Delivered,312761.4,
4997,4481,299,4,2025-03-06,UPI,Delivered,326147.6,1
4998,4813,236,1,2025-11-04,Credit Card,Delivered,2982.0,
4999,7336,455,2,2025-10-17,Cash on Delivery,Returned,93.24,
5000,17384,203,5,2026-05-10,Net Banking,Delivered,3769.4,5
5001,14713,221,4,2025-02-14,Net Banking,Returned,5678.4,
5002,18314,403,2,2025-05-01,Debit Card,Delivered,3710.82,
5003,8215,431,4,2026-06-26,UPI,Delivered,2149.88,13
5004,13947,269,2,2026-01-01,Debit Card,Delivered,333.06,
5005,11230,128,1,2025-10-15,UPI,Delivered,664.56,
5006,17607,225,4,2024-11-23,Credit Card,Delivered,7944.0,10
5007,2631,418,5,2024-08-18,Credit Card,Delivered,64496.25,2
5008,19292,265,5,2025-01-14,UPI,Delivered,15682.5,
5009,17543,418,3,2026-03-29,Cash on Delivery,Delivered,38697.75,
5010,957,31,2,2024-09-05,Cash on Delivery,Delivered,2151.5,2
5011,12150,268,1,2025-02-15,UPI,Delivered,77565.04,
5012,9117,477,4,2024-11-21,Credit Card,Delivered,1844.08,10
5013,19952,331,5,2025-06-28,UPI,Returned,134287.2,3
5014,17233,375,4,2025-09-10,Cash on Delivery,Delivered,416.64,24
5015,18563,344,3,2024-10-15,Cash on Delivery,Delivered,526.32,4
5016,2068,15,1,2025-05-09,Net Banking,Returned,825.72,
5017,12423,183,5,2026-01-13,UPI,Delivered,3405.6,
5018,14051,114,5,2025-01-03,UPI,Returned,56518.0,
5019,6513,2,5,2024-11-21,Cash on Delivery,Delivered,106411.5,10
5020,9891,193,1,2025-04-03,Credit Card,Delivered,42562.0,21
5021,11930,3,2,2025-11-15,UPI,Returned,1233.7,8
5022,17175,9,2,2024-09-25,Net Banking,Delivered,12587.52,
5023,17405,393,4,2025-12-05,Credit Card,Delivered,1149.12,22
5024,5488,84,3,2026-05-10,Net Banking,Cancelled,21610.8,5
5025,16925,19,3,2024-10-14,Net Banking,Delivered,32665.32,4
5026,2403,275,3,2025-03-14,Debit Card,Delivered,249688.23,1
5027,16929,105,1,2025-09-13,Cash on Delivery,Delivered,232.98,24
5028,8104,217,5,2024-11-24,Credit Card,Delivered,3624.55,10
5029,7117,390,4,2026-03-30,Debit Card,Delivered,4189.68,
5030,7029,73,3,2025-05-03,Debit Card,Delivered,104920.02,
5031,8343,397,3,2025-06-26,Net Banking,Cancelled,4906.98,11
5032,6588,218,1,2025-04-19,UPI,Delivered,30738.96,
5033,12299,496,2,2024-09-16,Cash on Delivery,Returned,2962.08,
5034,8511,370,5,2025-12-11,Debit Card,Returned,3590.55,22
5035,13506,425,3,2025-11-22,Cash on Delivery,Delivered,747.96,8
5036,15241,333,4,2026-04-11,Debit Card,Returned,27110.72,
5037,7352,89,3,2026-05-07,Cash on Delivery,Delivered,317085.36,5
5038,4578,148,3,2024-12-15,Debit Card,Delivered,4762.56,
5039,19555,354,4,2025-06-09,Cash on Delivery,Delivered,2177.4,
5040,9141,334,1,2025-05-02,Debit Card,Delivered,744.6,
5041,4711,448,3,2025-05-21,Net Banking,Delivered,2081.01,
5042,14458,11,3,2024-10-02,Cash on Delivery,Returned,363131.1,
5043,5570,201,3,2025-08-09,UPI,Delivered,18100.08,20
5044,14548,110,1,2026-06-26,Cash on Delivery,Delivered,1273.0,13
5045,18287,116,5,2025-02-19,Cash on Delivery,Delivered,9428.0,
5046,17047,171,3,2026-01-16,Debit Card,Delivered,18860.4,
5047,13861,328,1,2026-06-05,Cash on Delivery,Delivered,2284.1,13
5048,11201,315,3,2025-08-09,Debit Card,Delivered,16367.55,20
5049,130,448,2,2024-12-15,UPI,Returned,1387.34,
5050,15241,442,3,2025-03-25,Credit Card,Delivered,1022.04,15
5051,18188,138,2,2026-02-20,UPI,Cancelled,7952.58,
5052,12140,196,3,2024-08-31,Cash on Delivery,Cancelled,5669.73,2
5053,15607,327,3,2025-10-02,Debit Card,Delivered,19908.72,12
5054,11253,266,3,2026-06-06,UPI,Delivered,10709.79,13
5055,8365,381,1,2025-06-10,Net Banking,Delivered,382.32,16
5056,13323,152,5,2025-07-05,UPI,Delivered,146996.25,3
5057,10583,384,3,2026-04-06,Net Banking,Delivered,2018.1,
5058,10396,402,3,2024-10-15,Cash on Delivery,Cancelled,3001.5,4
5059,2870,187,2,2025-05-07,Cash on Delivery,Delivered,48265.7,
5060,14763,486,3,2026-01-05,Net Banking,Delivered,11228.49,
5061,12981,294,4,2024-07-24,Debit Card,Delivered,1690.56,14
5062,11743,15,3,2026-07-06,Cash on Delivery,Delivered,2477.16,
5063,2590,232,2,2024-11-24,Debit Card,Delivered,110211.16,10
5064,17752,411,4,2025-04-17,Debit Card,Returned,11396.0,
5065,11279,131,4,2024-10-20,Debit Card,Delivered,7313.2,4
5066,14214,119,4,2024-10-14,UPI,Delivered,13980.8,4
5067,2696,104,5,2025-09-08,Cash on Delivery,Cancelled,16572.3,24
5068,9943,437,2,2025-01-25,Credit Card,Returned,1457.6,
5069,16468,376,3,2025-07-27,Cash on Delivery,Cancelled,6545.25,
5070,14109,192,5,2026-05-10,Cash on Delivery,Delivered,337568.7,5
5071,1133,314,4,2025-04-13,Net Banking,Delivered,9982.8,
5072,13307,247,3,2024-07-19,Debit Card,Delivered,1664.28,
5073,8861,120,3,2026-06-13,Cash on Delivery,Returned,2251.65,13
5074,8270,418,3,2024-07-17,Credit Card,Delivered,38697.75,
5075,2264,431,2,2025-05-20,Debit Card,Delivered,1074.94,
5076,468,2,5,2024-08-22,Net Banking,Cancelled,106411.5,2
5077,13159,350,2,2025-06-04,UPI,Delivered,74423.6,
5078,7494,449,1,2026-02-09,UPI,Delivered,823.65,
5079,16030,96,5,2025-05-22,Debit Card,Delivered,6947.1,
5080,675,389,4,2024-12-18,Debit Card,Delivered,9975.84,
5081,9488,222,4,2026-06-10,Credit Card,Cancelled,20192.4,13
5082,6175,489,2,2024-09-03,Cash on Delivery,Delivered,4187.84,2
5083,19393,10,4,2026-03-21,Cash on Delivery,Cancelled,30688.68,9
5084,5700,318,4,2025-11-23,UPI,Delivered,436718.32,8
5085,15424,9,5,2024-09-11,Cash on Delivery,Delivered,31468.8,2
5086,14993,193,3,2024-12-04,UPI,Delivered,127686.0,10
5087,11591,63,2,2026-02-24,Debit Card,Delivered,3076.64,
5088,15160,9,2,2025-04-23,Net Banking,Delivered,12587.52,
5089,3683,370,2,2025-09-01,Cash on Delivery,Delivered,1436.22,23
5090,12299,25,5,2025-09-02,UPI,Returned,783.15,23
5091,19593,283,5,2026-01-29,Net Banking,Cancelled,8786.7,
5092,3701,62,3,2025-11-24,Net Banking,Returned,7048.8,8
5093,8771,144,4,2025-10-12,Credit Card,Delivered,18227.2,
5094,11850,52,5,2026-01-30,Debit Card,Delivered,29351.2,
5095,6089,223,4,2026-06-04,Credit Card,Delivered,297763.68,13
5096,18260,39,2,2026-01-01,Cash on Delivery,Delivered,1434.72,
5097,16990,91,2,2025-01-01,Debit Card,Cancelled,226231.38,
5098,6152,469,3,2025-06-21,Net Banking,Delivered,1529.04,3
5099,16663,114,1,2026-07-15,Net Banking,Delivered,11303.6,
5100,19402,366,3,2024-08-02,Credit Card,Cancelled,135611.37,14
5101,9478,134,2,2025-10-19,Debit Card,Delivered,5789.52,
5102,12709,158,3,2024-07-19,Debit Card,Delivered,1718.28,
5103,12328,102,5,2024-07-26,Cash on Delivery,Returned,11910.5,14
5104,15082,233,1,2024-11-18,UPI,Delivered,37100.06,19
5105,10144,497,4,2025-03-14,Net Banking,Delivered,39666.88,21
5106,17206,496,4,2026-01-09,Net Banking,Cancelled,5924.16,
5107,4903,412,1,2026-03-09,Debit Card,Delivered,2205.0,9
5108,1818,423,2,2026-01-21,UPI,Cancelled,7590.66,
5109,1752,139,3,2025-05-10,Cash on Delivery,Delivered,6518.16,
5110,8229,28,3,2025-03-07,Net Banking,Cancelled,54112.71,1
5111,510,14,4,2026-05-04,Net Banking,Delivered,4807.6,7
5112,8296,166,5,2026-04-17,UPI,Delivered,21178.2,
5113,15557,6,1,2024-09-27,Credit Card,Cancelled,5302.5,
5114,213,130,2,2025-08-21,UPI,Delivered,1660.0,20
5115,8976,239,4,2024-12-01,Credit Card,Delivered,15330.12,10
5116,17530,265,3,2025-01-05,UPI,Delivered,9409.5,
5117,14596,478,3,2025-02-03,Debit Card,Returned,7107.9,25
5118,8472,312,3,2026-04-02,Net Banking,Delivered,6724.41,
5119,9224,54,3,2025-12-09,Credit Card,Delivered,3825.0,22
5120,17902,490,3,2025-04-30,UPI,Delivered,2317.02,
5121,15235,231,1,2026-01-10,UPI,Delivered,71508.78,
5122,9449,401,4,2024-08-08,Debit Card,Delivered,1918.08,14
5123,18715,339,4,2024-11-02,Cash on Delivery,Cancelled,250209.12,19
5124,12036,426,4,2025-05-20,Cash on Delivery,Delivered,92403.52,
5125,184,79,3,2025-03-29,Net Banking,Cancelled,281778.36,21
5126,12667,57,3,2026-01-25,Cash on Delivery,Delivered,14378.31,
5127,17658,44,1,2026-02-15,Debit Card,Delivered,1247.86,
5128,3088,62,2,2026-01-15,UPI,Returned,4699.2,
5129,19934,27,2,2024-09-09,Net Banking,Delivered,11006.16,2
5130,4416,444,4,2024-09-14,Cash on Delivery,Delivered,12093.12,
5131,15447,263,1,2026-03-22,Cash on Delivery,Delivered,1686.6,9
5132,10738,420,4,2025-04-01,Net Banking,Cancelled,3837.68,21
5133,2023,261,1,2025-07-25,UPI,Returned,1449.1,
5134,18507,45,4,2026-07-04,Net Banking,Delivered,2916.76,
5135,8198,28,4,2024-09-13,Cash on Delivery,Delivered,72150.28,
5136,19554,159,5,2026-03-20,UPI,Delivered,867.35,9
5137,2306,73,5,2026-05-22,Credit Card,Delivered,174866.7,7
5138,8301,279,4,2025-05-30,Cash on Delivery,Delivered,229.68,
5139,14269,270,4,2025-12-13,Cash on Delivery,Delivered,1468.8,22
5140,4282,134,2,2026-03-22,Net Banking,Returned,5789.52,9
5141,3521,39,4,2026-04-03,Cash on Delivery,Delivered,2869.44,
5142,17390,500,2,2025-09-22,UPI,Delivered,17753.7,12
5143,13699,307,3,2025-12-11,Debit Card,Delivered,7407.45,22
5144,15780,351,2,2025-03-25,Cash on Delivery,Cancelled,1398.32,15
5145,8436,307,5,2026-04-14,Cash on Delivery,Delivered,12345.75,
5146,3833,176,4,2024-08-15,Net Banking,Delivered,2236.72,18
5147,6410,271,4,2025-02-23,UPI,Delivered,3619.2,
5148,15671,243,4,2025-08-03,UPI,Delivered,2904.0,
5149,17050,255,5,2025-04-07,UPI,Delivered,4103.8,
5150,19914,100,1,2026-06-24,Net Banking,Delivered,452.64,17
5151,10386,172,3,2025-07-27,Debit Card,Delivered,147290.4,
5152,1020,403,4,2025-09-18,Cash on Delivery,Delivered,7421.64,12
5153,18715,181,3,2024-09-12,UPI,Delivered,8145.12,2
5154,6370,495,4,2025-11-21,UPI,Delivered,33529.04,8
5155,229,198,3,2024-12-31,Credit Card,Returned,249293.94,
5156,1708,363,5,2025-04-09,Credit Card,Delivered,2273.55,
5157,4650,335,5,2026-03-21,Cash on Delivery,Cancelled,9458.1,9
5158,1998,57,4,2024-12-04,Cash on Delivery,Delivered,19171.08,10
5159,9933,496,1,2025-07-24,Debit Card,Delivered,1481.04,
5160,4723,258,4,2025-08-30,Cash on Delivery,Cancelled,4545.28,23
5161,16355,225,5,2025-07-26,UPI,Returned,9930.0,
5162,5399,409,4,2025-01-29,Cash on Delivery,Delivered,7156.8,25
5163,15773,181,4,2024-12-15,Net Banking,Delivered,10860.16,
5164,19491,440,3,2024-10-30,Cash on Delivery,Delivered,32138.94,
5165,6192,278,4,2025-05-11,Credit Card,Delivered,17452.64,
5166,6452,127,2,2026-05-18,Debit Card,Delivered,224583.24,7
5167,8355,445,1,2024-07-19,Net Banking,Returned,3460.32,
5168,16438,150,5,2026-04-23,UPI,Cancelled,48637.0,
5169,18133,195,4,2024-08-16,UPI,Delivered,3492.64,18
5170,5867,141,2,2026-06-03,UPI,Delivered,764.4,13
5171,4297,494,4,2026-04-20,Cash on Delivery,Delivered,260032.96,
5172,13550,116,3,2026-06-07,UPI,Delivered,5656.8,13
5173,2154,89,5,2026-01-18,Cash on Delivery,Delivered,528475.6,
5174,10903,233,4,2025-11-23,Debit Card,Cancelled,148400.24,8
5175,15342,188,1,2025-03-01,Net Banking,Delivered,4102.2,1
5176,5594,432,5,2026-02-07,Cash on Delivery,Delivered,6444.9,
5177,14672,283,5,2025-04-11,Debit Card,Returned,8786.7,
5178,15881,471,4,2024-12-31,Cash on Delivery,Delivered,1977.36,
5179,666,371,2,2026-07-08,Cash on Delivery,Delivered,964.24,
5180,4784,308,3,2024-10-09,Net Banking,Returned,6625.68,4
5181,18618,341,4,2025-11-01,UPI,Delivered,420642.64,
5182,8743,290,5,2025-04-20,Debit Card,Delivered,6958.25,
5183,3530,35,1,2026-03-02,Credit Card,Delivered,1450.68,9
5184,3995,166,2,2025-09-26,Net Banking,Cancelled,8471.28,12
5185,144,255,2,2025-05-31,UPI,Delivered,1641.52,
5186,19716,327,2,2025-11-02,Cash on Delivery,Delivered,13272.48,
5187,18278,260,3,2025-03-24,Cash on Delivery,Delivered,1400.82,15
5188,6410,181,3,2024-10-08,Credit Card,Delivered,8145.12,4
5189,10971,476,1,2025-04-20,Credit Card,Delivered,2629.75,
5190,16186,487,3,2024-09-12,UPI,Delivered,2842.14,2
5191,12241,107,2,2025-07-06,Cash on Delivery,Delivered,957.76,3
5192,1234,458,3,2025-09-13,UPI,Delivered,222660.0,24
5193,15080,135,5,2026-02-11,Debit Card,Returned,344329.4,
5194,16423,328,5,2026-04-21,UPI,Delivered,11420.5,
5195,8354,61,1,2024-10-13,Cash on Delivery,Returned,1301.52,4
5196,18512,349,1,2026-01-22,Net Banking,Delivered,3945.47,
5197,17875,446,1,2025-05-23,Debit Card,Returned,486.68,
5198,8804,9,4,2025-12-07,Credit Card,Delivered,25175.04,22
5199,2786,144,5,2025-01-26,Credit Card,Delivered,22784.0,
5200,10296,104,2,2025-03-11,UPI,Delivered,6628.92,1
5201,4901,133,4,2025-04-16,Debit Card,Delivered,8031.68,
5202,187,327,4,2026-05-19,Net Banking,Delivered,26544.96,7
5203,4423,228,2,2026-04-18,Credit Card,Returned,21856.32,
5204,15790,20,5,2026-06-13,Cash on Delivery,Delivered,17107.2,13
5205,19567,152,2,2025-11-14,Cash on Delivery,Cancelled,58798.5,8
5206,17703,279,5,2026-06-23,Net Banking,Returned,287.1,13
5207,17313,295,5,2025-09-16,Net Banking,Returned,44853.2,12
5208,15782,255,5,2026-04-30,Cash on Delivery,Cancelled,4103.8,7
5209,14474,423,2,2025-11-04,Debit Card,Delivered,7590.66,
5210,7503,358,4,2024-08-13,Credit Card,Delivered,28520.0,18
5211,5652,280,2,2024-08-24,Net Banking,Cancelled,1362.86,2
5212,6172,465,3,2025-09-28,Credit Card,Delivered,1037.4,12
5213,14988,145,3,2026-04-06,Net Banking,Delivered,14167.02,
5214,18849,40,4,2025-09-11,UPI,Delivered,5985.6,24
5215,13104,457,5,2025-01-04,Cash on Delivery,Cancelled,19041.75,
5216,5094,47,2,2026-06-01,Credit Card,Delivered,111231.12,13
5217,6209,354,4,2026-01-27,UPI,Delivered,2177.4,
5218,9188,73,1,2024-08-24,Cash on Delivery,Delivered,34973.34,18
5219,10156,255,2,2025-03-05,Debit Card,Cancelled,1641.52,1
5220,8220,464,1,2025-06-10,Cash on Delivery,Delivered,537.2,16
5221,11684,147,2,2025-04-08,Debit Card,Delivered,699.54,
5222,17953,432,1,2024-11-07,Net Banking,Cancelled,1288.98,19
5223,13550,178,2,2025-04-22,UPI,Returned,1536.8,
5224,6537,274,4,2025-08-23,UPI,Delivered,12130.2,20
5225,16601,173,2,2025-09-26,Debit Card,Delivered,247.8,12
5226,9686,314,4,2026-03-23,Cash on Delivery,Delivered,9982.8,9
5227,8717,53,5,2025-01-27,Credit Card,Cancelled,128412.9,
5228,14832,444,3,2026-02-11,UPI,Delivered,9069.84,
5229,9228,182,3,2025-01-18,Credit Card,Delivered,3182.28,
5230,4250,373,2,2026-04-14,Credit Card,Delivered,110702.28,
5231,15724,133,4,2026-06-06,Cash on Delivery,Delivered,8031.68,13
5232,19356,317,5,2025-05-27,Net Banking,Returned,17177.6,
5233,5705,208,2,2024-12-15,Net Banking,Delivered,1456.32,
5234,8092,153,1,2025-05-16,Credit Card,Delivered,33988.5,
5235,3946,208,4,2025-11-11,UPI,Delivered,2912.64,8
5236,6685,419,1,2024-10-03,UPI,Delivered,34151.36,
5237,8764,186,5,2025-04-03,Credit Card,Delivered,24248.25,21
5238,10359,262,2,2026-01-23,UPI,Delivered,707.52,
5239,17673,91,2,2026-04-20,Cash on Delivery,Cancelled,226231.38,
5240,16693,303,5,2024-12-13,Net Banking,Delivered,38694.6,
5241,16012,214,3,2026-06-14,Debit Card,Delivered,3659.25,13
5242,11155,121,4,2026-06-13,Net Banking,Delivered,1181.6,13
5243,7224,257,4,2025-09-18,Credit Card,Delivered,15376.16,12
5244,9899,31,2,2025-09-26,Cash on Delivery,Delivered,2151.5,12
5245,13164,438,2,2024-10-03,Net Banking,Delivered,683.92,
5246,19824,96,4,2026-02-26,Credit Card,Cancelled,5557.68,
5247,623,333,5,2025-08-17,Cash on Delivery,Delivered,33888.4,20
5248,1083,98,1,2024-11-04,Credit Card,Delivered,38042.4,19
5249,3998,428,4,2025-03-09,Net Banking,Cancelled,170948.96,1
5250,7855,58,1,2025-01-16,Credit Card,Delivered,3196.68,
5251,6387,287,4,2026-07-08,Cash on Delivery,Delivered,262709.2,
5252,15162,438,5,2025-02-24,Cash on Delivery,Delivered,1709.8,1
5253,7766,387,2,2025-12-23,Credit Card,Returned,14283.66,
5254,19564,40,2,2026-02-06,Net Banking,Delivered,2992.8,
5255,19789,433,3,2025-05-28,Debit Card,Returned,2276.64,
5256,13402,374,2,2026-03-27,Net Banking,Delivered,1253.88,9
5257,8495,248,5,2025-10-04,Debit Card,Delivered,4452.15,12
5258,385,384,5,2025-10-09,UPI,Delivered,3363.5,12
5259,4862,490,4,2025-07-15,UPI,Delivered,3089.36,3
5260,1442,401,5,2026-02-18,Cash on Delivery,Cancelled,2397.6,
5261,14786,137,1,2025-07-17,UPI,Returned,704.94,3
5262,16645,7,2,2025-03-29,Cash on Delivery,Delivered,15578.64,21
5263,4172,306,5,2026-05-12,Credit Card,Delivered,2057.0,5
5264,3804,481,3,2025-08-12,Debit Card,Delivered,1842.75,20
5265,4623,428,5,2025-07-08,Debit Card,Cancelled,213686.2,3
5266,4066,36,2,2024-08-28,UPI,Delivered,85605.8,2
5267,12627,330,3,2024-11-15,Net Banking,Delivered,9792.42,19
5268,8941,91,2,2024-12-02,Debit Card,Delivered,226231.38,10
5269,7804,474,3,2025-05-02,Cash on Delivery,Returned,282919.32,
5270,420,366,5,2025-06-17,Debit Card,Returned,226018.95,16
5271,5600,226,2,2026-07-15,UPI,Delivered,4292.72,
5272,10673,135,3,2026-01-26,UPI,Delivered,206597.64,
5273,98,220,2,2024-08-17,Cash on Delivery,Delivered,3707.7,18
5274,13592,148,3,2025-05-02,UPI,Delivered,4762.56,
5275,14465,128,5,2026-02-25,UPI,Returned,3322.8,
5276,7370,239,4,2024-11-01,Credit Card,Delivered,15330.12,19
5277,4190,225,2,2025-07-26,Credit Card,Delivered,3972.0,
5278,11631,349,2,2025-09-28,Debit Card,Delivered,7890.94,12
5279,2656,400,5,2025-03-01,UPI,Delivered,5850.0,1
5280,19637,134,2,2024-11-27,Debit Card,Returned,5789.52,10
5281,18150,98,5,2025-08-28,Credit Card,Delivered,190212.0,
5282,6307,121,3,2025-08-23,Cash on Delivery,Delivered,886.2,20
5283,16770,51,3,2024-10-29,Debit Card,Cancelled,1294.02,
5284,5401,225,1,2024-11-09,UPI,Cancelled,1986.0,19
5285,5016,215,2,2025-11-10,Net Banking,Returned,8470.28,8
5286,12224,83,3,2026-01-18,Credit Card,Returned,3216.3,
5287,1887,478,4,2024-07-21,Debit Card,Delivered,9477.2,14
5288,2155,204,4,2026-06-09,Credit Card,Delivered,7564.32,13
5289,11031,437,3,2026-01-23,UPI,Delivered,2186.4,
5290,13820,461,5,2025-11-17,Credit Card,Returned,470674.75,8
5291,4084,155,4,2025-03-08,Debit Card,Delivered,38547.96,1
5292,3144,30,1,2025-07-27,Cash on Delivery,Delivered,6719.25,
5293,14305,419,1,2026-01-16,UPI,Delivered,34151.36,
5294,16311,428,5,2025-08-19,UPI,Delivered,213686.2,20
5295,3072,254,2,2024-07-28,UPI,Delivered,401.52,14
5296,1196,16,4,2025-06-11,Cash on Delivery,Delivered,4263.2,16
5297,4981,142,2,2025-01-29,Net Banking,Delivered,5015.84,25
5298,11370,467,5,2025-09-09,UPI,Delivered,10079.5,24
5299,16603,173,1,2025-03-21,Debit Card,Delivered,123.9,15
5300,16011,103,1,2025-05-06,Cash on Delivery,Delivered,1674.75,
5301,17908,181,2,2026-02-22,Cash on Delivery,Delivered,5430.08,
5302,9052,205,1,2024-11-02,Credit Card,Delivered,32752.44,19
5303,7151,298,2,2025-03-04,Cash on Delivery,Delivered,124024.08,1
5304,7790,5,3,2024-12-14,Credit Card,Delivered,1692.42,
5305,1732,456,2,2024-07-28,Cash on Delivery,Returned,1928.92,14
5306,13320,5,1,2025-08-04,Credit Card,Delivered,564.14,
5307,3228,419,2,2024-10-16,Cash on Delivery,Delivered,68302.72,4
5308,11570,105,2,2026-03-07,Cash on Delivery,Returned,465.96,9
5309,17405,12,2,2025-07-30,Cash on Delivery,Delivered,10296.0,
5310,5428,61,3,2024-08-07,Net Banking,Returned,3904.56,14
5311,13313,447,4,2025-07-13,Net Banking,Delivered,196081.4,3
5312,11328,206,2,2025-12-17,UPI,Delivered,4568.72,
5313,16216,134,2,2025-12-13,Debit Card,Returned,5789.52,22
5314,2573,404,5,2025-05-08,Net Banking,Delivered,273023.4,
5315,8361,467,1,2024-11-19,UPI,Delivered,2015.9,10
5316,17166,311,1,2024-12-03,Debit Card,Delivered,234.9,10
5317,5872,340,5,2025-06-29,Credit Card,Delivered,418853.6,3
5318,13857,323,2,2025-12-02,Debit Card,Delivered,1057.9,
5319,18816,1,3,2024-07-27,UPI,Cancelled,2534.61,14
5320,11836,154,4,2025-11-13,Debit Card,Delivered,215020.8,8
5321,14185,493,2,2026-07-15,Credit Card,Delivered,1362.2,
5322,17572,75,4,2025-06-02,UPI,Delivered,3194.24,
5323,13913,365,5,2026-04-13,UPI,Delivered,8572.2,
5324,13889,167,3,2025-05-07,UPI,Delivered,5135.55,
5325,5277,335,5,2025-06-01,Cash on Delivery,Delivered,9458.1,
5326,415,421,4,2026-05-25,Debit Card,Delivered,33668.0,7
5327,3087,460,3,2024-11-20,Credit Card,Cancelled,3256.2,10
5328,6672,286,1,2025-10-20,UPI,Delivered,71159.84,
5329,4294,361,4,2026-03-17,Debit Card,Delivered,26213.88,9
5330,8780,47,1,2025-05-12,Credit Card,Delivered,55615.56,
5331,14515,7,4,2024-09-24,Net Banking,Delivered,31157.28,
5332,9704,150,2,2025-11-17,Debit Card,Delivered,19454.8,8
5333,18832,199,3,2024-09-08,Net Banking,Delivered,51428.76,2
5334,6902,338,4,2024-09-13,UPI,Delivered,890.96,
5335,10813,76,2,2026-03-25,Debit Card,Cancelled,3896.64,9
5336,3836,486,5,2026-05-08,Credit Card,Delivered,18714.15,7
5337,17443,258,1,2026-05-04,Credit Card,Delivered,1136.32,7
5338,4813,274,3,2025-08-17,Cash on Delivery,Returned,9097.65,20
5339,1118,37,1,2024-10-30,Net Banking,Delivered,4062.15,
5340,1990,283,1,2025-07-13,Credit Card,Delivered,1757.34,3
5341,16285,380,4,2026-02-08,UPI,Delivered,17863.2,
5342,17956,298,3,2024-08-26,Credit Card,Delivered,186036.12,2
5343,8239,48,4,2025-05-14,UPI,Delivered,689.92,
5344,9736,274,1,2025-04-10,UPI,Delivered,3032.55,
5345,10938,463,2,2026-02-24,Net Banking,Delivered,1034.28,
5346,17288,65,5,2025-04-24,UPI,Delivered,2471.7,
5347,16940,108,5,2025-06-23,UPI,Delivered,3000.8,6
5348,11330,23,2,2025-02-14,Cash on Delivery,Returned,864.32,
5349,11116,177,2,2025-11-04,Debit Card,Returned,1961.76,
5350,3910,139,4,2025-12-19,Debit Card,Cancelled,8690.88,
5351,16710,14,3,2025-05-21,Debit Card,Delivered,3605.7,
5352,10955,24,2,2024-09-27,Debit Card,Delivered,5775.12,
5353,17379,303,3,2025-02-05,Credit Card,Returned,23216.76,25
5354,16830,48,3,2025-09-22,Credit Card,Returned,517.44,12
5355,17415,47,5,2025-03-30,Credit Card,Delivered,278077.8,21
5356,1679,335,3,2024-09-17,UPI,Delivered,5674.86,
5357,4168,287,3,2025-12-23,Cash on Delivery,Delivered,197031.9,
5358,12958,91,4,2025-04-20,UPI,Delivered,452462.76,
5359,6236,236,3,2025-07-10,Debit Card,Delivered,8946.0,3
5360,9087,52,5,2025-04-23,Debit Card,Delivered,29351.2,
5361,12262,145,2,2025-05-22,Debit Card,Delivered,9444.68,
5362,3959,396,4,2025-02-04,Credit Card,Delivered,226184.64,25
5363,19502,427,2,2025-10-30,UPI,Delivered,5616.0,
5364,12436,43,1,2026-04-15,Cash on Delivery,Delivered,33899.22,
5365,12062,417,4,2026-05-07,UPI,Delivered,3915.0,7
5366,12711,94,1,2025-10-29,Net Banking,Delivered,524.0,
5367,3779,309,2,2025-02-20,Cash on Delivery,Delivered,73068.16,
5368,17433,168,2,2025-04-11,UPI,Delivered,9175.38,
5369,19169,114,1,2024-10-09,UPI,Cancelled,11303.6,4
5370,17970,436,4,2024-08-25,Credit Card,Delivered,41979.0,2
5371,14354,387,4,2024-12-11,Cash on Delivery,Delivered,28567.32,
5372,6083,476,3,2026-02-08,Net Banking,Cancelled,7889.25,
5373,3706,469,1,2025-10-04,Credit Card,Delivered,509.68,12
5374,7260,390,1,2026-05-21,UPI,Delivered,1047.42,7
5375,19435,354,4,2026-06-04,Debit Card,Delivered,2177.4,13
5376,7666,340,1,2025-05-10,Credit Card,Delivered,83770.72,
5377,7883,372,2,2026-04-14,UPI,Delivered,147470.4,
5378,395,349,4,2025-11-11,Credit Card,Delivered,15781.88,8
5379,6962,486,4,2026-05-28,Net Banking,Delivered,14971.32,7
5380,318,377,5,2025-01-10,Debit Card,Returned,1732.0,
5381,9606,43,5,2025-09-17,Debit Card,Returned,169496.1,12
5382,1964,72,2,2026-04-20,Credit Card,Returned,4420.8,
5383,5328,116,4,2025-06-23,Debit Card,Delivered,7542.4,6
5384,13004,187,3,2025-01-11,UPI,Delivered,72398.55,
5385,11552,323,4,2024-08-28,Net Banking,Delivered,2115.8,2
5386,12250,418,1,2026-04-04,Debit Card,Delivered,12899.25,
5387,12340,295,5,2024-07-20,Credit Card,Delivered,44853.2,14
5388,1350,308,5,2026-07-13,Credit Card,Delivered,11042.8,
5389,16549,347,2,2026-05-30,UPI,Cancelled,3834.6,13
5390,17865,382,4,2025-10-28,Net Banking,Delivered,20326.68,
5391,19250,355,4,2025-01-23,Debit Card,Delivered,1388.8,
5392,12487,345,2,2026-01-17,Debit Card,Delivered,8582.2,
5393,9762,436,4,2024-11-24,Cash on Delivery,Delivered,41979.0,10
5394,17967,499,4,2025-04-30,Debit Card,Delivered,36637.44,
5395,6140,87,4,2025-06-25,Cash on Delivery,Delivered,46652.52,11
5396,10337,6,5,2024-11-03,Net Banking,Returned,26512.5,19
5397,8209,185,1,2025-08-24,Net Banking,Delivered,462.0,20
5398,10776,238,5,2026-06-27,Net Banking,Delivered,17496.0,13
5399,7900,139,1,2025-08-05,Cash on Delivery,Delivered,2172.72,20
5400,11440,496,5,2026-05-11,Debit Card,Delivered,7405.2,5
5401,12367,263,4,2024-07-20,Debit Card,Delivered,6746.4,14
5402,10818,290,4,2024-10-10,Credit Card,Returned,5566.6,4
5403,7201,257,4,2026-05-23,Credit Card,Delivered,15376.16,7
5404,14493,327,2,2025-02-28,Cash on Delivery,Returned,13272.48,1
5405,13769,467,3,2025-10-18,UPI,Delivered,6047.7,
5406,19740,489,1,2025-10-14,Net Banking,Delivered,2093.92,
5407,139,2,5,2025-06-20,UPI,Delivered,106411.5,3
5408,10491,390,5,2025-09-29,Debit Card,Delivered,5237.1,12
5409,5526,44,4,2026-05-08,UPI,Delivered,4991.44,5
5410,512,355,3,2025-03-14,Net Banking,Delivered,1041.6,1
5411,19471,67,2,2026-04-30,Cash on Delivery,Delivered,921.6,7
5412,17395,371,2,2026-03-02,Debit Card,Delivered,964.24,9
5413,6685,344,3,2026-03-09,Net Banking,Returned,526.32,9
5414,13337,91,1,2025-04-08,Net Banking,Delivered,113115.69,
5415,41,67,4,2025-03-31,Credit Card,Delivered,1843.2,21
5416,3209,402,5,2025-12-19,Debit Card,Delivered,5002.5,
5417,12310,110,3,2025-09-24,Net Banking,Cancelled,3819.0,12
5418,19826,195,3,2026-05-16,Net Banking,Delivered,2619.48,7
5419,6857,484,2,2025-03-19,Credit Card,Cancelled,218277.7,21
5420,2838,225,3,2025-01-26,Net Banking,Delivered,5958.0,
5421,9804,334,5,2025-03-05,UPI,Delivered,3723.0,1
5422,15106,300,2,2024-09-28,Debit Card,Delivered,839.3,
5423,7086,25,4,2025-03-29,Credit Card,Delivered,626.52,21
5424,3159,477,1,2025-04-22,Net Banking,Cancelled,461.02,
5425,6215,409,3,2025-10-21,Cash on Delivery,Cancelled,5367.6,
5426,12367,73,3,2025-04-13,Cash on Delivery,Delivered,104920.02,
5427,15949,402,5,2024-12-07,Credit Card,Delivered,5002.5,10
5428,2483,58,1,2026-05-25,Debit Card,Returned,3196.68,7
5429,17623,306,2,2024-09-10,UPI,Returned,822.8,2
5430,10221,227,2,2025-05-04,UPI,Delivered,1465.5,
5431,653,478,5,2026-01-13,UPI,Delivered,11846.5,
5432,3149,82,5,2026-05-26,Debit Card,Delivered,19543.95,7
5433,917,78,4,2026-06-30,UPI,Returned,40714.72,
5434,12272,230,4,2024-11-11,Cash on Delivery,Delivered,72706.4,19
5435,12167,315,2,2026-04-03,Debit Card,Delivered,10911.7,
5436,17024,165,1,2025-10-20,Net Banking,Delivered,267.03,
5437,5040,131,5,2026-04-04,Cash on Delivery,Delivered,9141.5,
5438,12044,276,3,2024-08-09,Net Banking,Delivered,1867.5,14
5439,4640,275,2,2026-07-05,Credit Card,Cancelled,166458.82,
5440,13631,271,5,2024-12-10,Credit Card,Delivered,4524.0,
5441,4517,110,5,2025-12-11,Cash on Delivery,Delivered,6365.0,22
5442,15731,84,4,2025-12-26,Cash on Delivery,Delivered,28814.4,
5443,581,97,2,2025-09-28,Cash on Delivery,Delivered,1985.5,12
5444,19606,152,5,2025-01-01,Cash on Delivery,Delivered,146996.25,
5445,5577,69,5,2026-03-21,Debit Card,Delivered,2883.0,9
5446,17489,70,2,2025-02-12,Credit Card,Cancelled,2544.48,
5447,15817,404,4,2026-05-06,Net Banking,Cancelled,218418.72,5
5448,396,7,1,2025-07-18,Debit Card,Delivered,7789.32,
5449,16143,42,1,2025-01-07,Credit Card,Cancelled,72931.05,
5450,8904,378,1,2024-09-11,Cash on Delivery,Delivered,2284.9,2
5451,13970,233,5,2024-12-31,Net Banking,Delivered,185500.3,
5452,7452,306,3,2025-01-15,Net Banking,Delivered,1234.2,
5453,7877,294,4,2024-07-29,Debit Card,Delivered,1690.56,14
5454,10289,67,3,2025-01-21,Credit Card,Delivered,1382.4,
5455,9024,146,5,2026-04-02,Net Banking,Delivered,3585.15,
5456,14342,18,4,2026-05-06,Debit Card,Delivered,2191.44,5
5457,7729,270,3,2025-07-04,UPI,Delivered,1101.6,3
5458,7997,332,1,2025-07-16,Debit Card,Returned,2605.5,3
5459,7174,464,3,2025-12-24,Debit Card,Delivered,1611.6,
5460,11886,370,3,2025-04-05,Debit Card,Delivered,2154.33,
5461,16097,413,4,2025-03-03,Credit Card,Delivered,1820.16,1
5462,8694,12,2,2025-03-24,UPI,Cancelled,10296.0,15
5463,209,339,5,2024-11-11,UPI,Delivered,312761.4,19
5464,16490,321,1,2025-08-04,UPI,Returned,782.31,
5465,8819,42,4,2025-08-13,Debit Card,Delivered,291724.2,20
5466,18534,100,3,2025-11-30,Net Banking,Delivered,1357.92,8
5467,1424,455,4,2025-08-14,UPI,Cancelled,186.48,20
5468,4184,226,1,2025-03-12,Credit Card,Cancelled,2146.36,1
5469,13175,231,2,2024-09-18,Net Banking,Delivered,143017.56,
5470,8907,133,1,2025-05-31,Credit Card,Delivered,2007.92,
5471,4581,220,3,2025-11-06,Debit Card,Delivered,5561.55,8
5472,12569,49,4,2026-03-18,Cash on Delivery,Cancelled,16267.04,9
5473,17994,453,2,2025-02-18,Net Banking,Delivered,4174.56,
5474,12013,350,3,2025-11-13,Credit Card,Delivered,111635.4,8
5475,261,194,3,2025-08-11,Cash on Delivery,Delivered,6631.2,20
5476,8729,474,5,2026-05-11,Debit Card,Delivered,471532.2,7
5477,3707,495,4,2026-06-06,Debit Card,Cancelled,33529.04,13
5478,6612,309,2,2026-06-14,Credit Card,Delivered,73068.16,13
5479,16084,204,5,2024-10-16,Cash on Delivery,Delivered,9455.4,4
5480,19299,150,1,2025-05-28,Credit Card,Delivered,9727.4,
5481,6310,266,5,2024-12-25,Debit Card,Delivered,17849.65,
5482,17871,40,4,2025-11-12,Debit Card,Delivered,5985.6,8
5483,17242,398,1,2026-03-03,Net Banking,Delivered,686.14,9
5484,6732,207,4,2025-02-16,Credit Card,Delivered,2128.4,
5485,3867,334,3,2025-10-10,Credit Card,Delivered,2233.8,
5486,1069,20,5,2026-05-11,Credit Card,Delivered,17107.2,7
5487,18334,85,5,2024-11-02,Cash on Delivery,Delivered,4882.5,19
5488,9678,6,3,2026-02-28,Net Banking,Delivered,15907.5,9
5489,4316,475,5,2026-01-24,Debit Card,Delivered,26846.4,
5490,4962,164,4,2024-09-11,Credit Card,Cancelled,855.36,2
5491,19838,483,4,2024-08-07,Cash on Delivery,Delivered,240692.8,18
5492,3720,202,5,2024-10-10,Net Banking,Delivered,19273.8,4
5493,12393,249,2,2025-05-05,Debit Card,Delivered,8242.0,
5494,10001,436,2,2025-11-09,Net Banking,Delivered,20989.5,8
5495,6203,69,3,2024-10-10,Cash on Delivery,Delivered,1729.8,4
5496,14081,345,5,2026-03-25,UPI,Delivered,21455.5,9
5497,13070,392,5,2025-07-22,UPI,Returned,406882.65,
5498,14306,416,3,2025-09-17,Cash on Delivery,Delivered,2616.96,12
5499,15506,27,4,2024-11-24,Net Banking,Delivered,22012.32,10
5500,12250,495,2,2026-05-15,Net Banking,Delivered,16764.52,7
5501,11817,339,5,2026-03-13,Net Banking,Delivered,312761.4,9
5502,69,154,3,2025-04-05,Cash on Delivery,Returned,161265.6,
5503,6257,287,4,2024-12-06,Credit Card,Delivered,262709.2,10
5504,14557,446,5,2025-05-24,Credit Card,Delivered,2433.4,
5505,2420,52,1,2026-05-26,Net Banking,Delivered,5870.24,7
5506,6927,333,2,2025-08-19,Net Banking,Delivered,13555.36,20
5507,9257,39,2,2024-12-25,Net Banking,Delivered,1434.72,
5508,11348,191,3,2025-06-12,Credit Card,Delivered,1760.76,16
5509,18007,391,4,2025-02-22,Cash on Delivery,Delivered,596.16,
5510,17704,89,2,2026-01-26,Net Banking,Delivered,211390.24,
5511,17760,241,5,2025-07-25,Cash on Delivery,Delivered,3112.5,
5512,1728,24,3,2025-02-25,UPI,Delivered,8662.68,1
5513,8109,345,5,2026-01-12,Debit Card,Delivered,21455.5,
5514,12009,319,2,2026-02-13,Credit Card,Delivered,1437.96,
5515,13392,269,3,2024-09-09,Net Banking,Delivered,499.59,2
5516,6651,376,2,2024-11-07,Debit Card,Returned,4363.5,19
5517,17682,118,5,2026-03-16,Cash on Delivery,Delivered,32728.8,9
5518,15975,88,1,2026-03-26,Cash on Delivery,Delivered,327.66,9
5519,2968,228,4,2025-10-01,Debit Card,Delivered,43712.64,12
5520,16691,223,5,2026-01-09,Cash on Delivery,Returned,372204.6,
5521,15359,108,2,2025-08-03,UPI,Cancelled,1200.32,
5522,14640,29,3,2025-07-25,Debit Card,Delivered,395416.56,
5523,7923,37,3,2025-07-23,Cash on Delivery,Returned,12186.45,
5524,15099,239,4,2026-04-24,Net Banking,Delivered,15330.12,
5525,5360,169,5,2026-04-18,Credit Card,Delivered,12980.8,
5526,5569,171,1,2025-06-05,Credit Card,Delivered,6286.8,
5527,10293,239,5,2025-11-01,Net Banking,Delivered,19162.65,
5528,7007,174,5,2026-07-01,Net Banking,Delivered,82428.6,
5529,197,256,1,2025-06-14,UPI,Delivered,398.64,16
5530,3579,420,1,2026-02-17,Credit Card,Delivered,959.42,
5531,10355,459,4,2026-07-08,UPI,Returned,4451.88,
5532,16609,289,2,2026-06-06,Credit Card,Delivered,2876.6,13
5533,12263,459,5,2026-01-18,Debit Card,Delivered,5564.85,
5534,17855,385,4,2024-09-20,Net Banking,Delivered,3499.6,
5535,9229,347,1,2025-08-23,Net Banking,Delivered,1917.3,20
5536,8161,368,1,2026-03-09,Debit Card,Delivered,668.0,9
5537,12772,430,1,2025-01-03,Credit Card,Delivered,10668.41,
5538,8275,29,3,2024-10-17,Net Banking,Delivered,395416.56,4
5539,15828,231,3,2026-05-31,UPI,Delivered,214526.34,13
5540,800,136,4,2026-04-14,Net Banking,Delivered,397918.4,
5541,9915,456,5,2026-07-08,Net Banking,Delivered,4822.3,
5542,6191,73,3,2026-02-03,UPI,Delivered,104920.02,
5543,4605,263,4,2025-02-23,Net Banking,Delivered,6746.4,
5544,17499,427,3,2026-04-01,Net Banking,Delivered,8424.0,
5545,15617,479,1,2025-07-18,Net Banking,Cancelled,8728.2,
5546,19190,148,4,2025-03-27,Cash on Delivery,Delivered,6350.08,15
5547,5445,484,5,2025-07-22,Credit Card,Delivered,545694.25,
5548,15822,95,1,2025-11-07,UPI,Returned,461.66,8
5549,4792,285,5,2024-11-01,Cash on Delivery,Delivered,2307.5,19
5550,19586,258,5,2025-12-16,Net Banking,Delivered,5681.6,
5551,13302,450,5,2026-07-08,Debit Card,Delivered,1656.0,
5552,11690,55,4,2025-04-24,Credit Card,Delivered,3170.6,
5553,9114,262,4,2025-06-26,Debit Card,Delivered,1415.04,11
5554,17608,420,2,2024-09-21,UPI,Delivered,1918.84,
5555,12957,77,3,2025-01-06,UPI,Delivered,1041.18,
5556,10519,416,4,2025-09-23,Debit Card,Delivered,3489.28,12
5557,7914,456,2,2026-05-28,Debit Card,Delivered,1928.92,7
5558,2347,32,5,2026-06-21,Credit Card,Cancelled,1514.2,13
5559,8844,31,2,2026-05-28,Cash on Delivery,Delivered,2151.5,7
5560,5295,267,1,2025-09-26,Net Banking,Delivered,4263.6,12
5561,14930,376,2,2024-07-18,Net Banking,Delivered,4363.5,
5562,6986,133,5,2025-10-20,UPI,Delivered,10039.6,
5563,256,448,4,2025-05-30,UPI,Returned,2774.68,
5564,3449,212,2,2024-07-20,Debit Card,Delivered,592.8,14
5565,6539,405,3,2024-09-04,Cash on Delivery,Delivered,2509.2,2
5566,16249,210,5,2025-03-29,Debit Card,Delivered,29729.8,21
5567,2587,268,4,2026-07-13,UPI,Delivered,310260.16,
5568,13582,298,4,2025-03-11,Cash on Delivery,Delivered,248048.16,1
5569,18075,267,2,2025-07-28,Debit Card,Delivered,8527.2,
5570,16572,129,3,2025-07-26,UPI,Delivered,287293.32,
5571,759,162,4,2026-04-09,Credit Card,Delivered,10373.88,
5572,14375,463,3,2024-08-02,Debit Card,Cancelled,1551.42,14
5573,8204,109,1,2026-07-13,Credit Card,Cancelled,73336.56,
5574,1476,211,5,2025-01-26,Cash on Delivery,Delivered,611625.7,
5575,3001,191,5,2025-12-01,Credit Card,Delivered,2934.6,
5576,8040,285,3,2026-01-19,Net Banking,Delivered,1384.5,
5577,19573,484,2,2026-01-12,Credit Card,Returned,218277.7,
5578,14175,91,5,2025-10-09,Cash on Delivery,Delivered,565578.45,12
5579,72,164,3,2025-03-07,Credit Card,Returned,641.52,1
5580,6811,210,1,2026-05-04,Credit Card,Delivered,5945.96,7
5581,8342,173,1,2025-05-01,Cash on Delivery,Delivered,123.9,
5582,9619,451,4,2025-11-04,UPI,Cancelled,309212.8,
5583,402,388,3,2025-05-18,Cash on Delivery,Delivered,7597.92,
5584,17988,152,4,2025-06-09,Debit Card,Delivered,117597.0,
5585,10939,470,5,2026-05-05,Net Banking,Returned,12958.0,7
5586,13515,345,5,2026-06-09,Cash on Delivery,Delivered,21455.5,13
5587,8944,208,5,2026-04-10,Cash on Delivery,Delivered,3640.8,
5588,5131,165,5,2025-08-18,UPI,Returned,1335.15,20
5589,16068,271,5,2026-03-29,Cash on Delivery,Delivered,4524.0,
5590,2353,334,4,2025-09-26,Net Banking,Delivered,2978.4,12
5591,19476,233,4,2024-10-03,UPI,Returned,148400.24,
5592,15287,444,3,2024-10-31,UPI,Returned,9069.84,19
5593,1531,398,1,2025-10-07,Debit Card,Delivered,686.14,12
5594,3671,101,2,2025-10-22,Debit Card,Returned,10516.52,
5595,14150,373,1,2025-11-28,Cash on Delivery,Delivered,55351.14,8
5596,12683,210,3,2025-06-02,Net Banking,Delivered,17837.88,
5597,4110,266,4,2026-06-15,Credit Card,Delivered,14279.72,17
5598,19072,147,5,2026-03-22,Credit Card,Returned,1748.85,9
5599,12095,266,2,2026-04-22,Cash on Delivery,Returned,7139.86,
5600,12193,399,1,2025-11-29,UPI,Returned,122385.21,8
5601,1810,286,4,2025-07-17,Credit Card,Delivered,284639.36,3
5602,9330,421,2,2025-06-11,Cash on Delivery,Delivered,16834.0,16
5603,9509,35,1,2025-08-28,UPI,Returned,1450.68,
5604,6043,145,1,2025-12-20,Credit Card,Returned,4722.34,
5605,17364,93,4,2026-01-15,Debit Card,Delivered,17003.96,
5606,6527,221,2,2024-08-07,UPI,Delivered,2839.2,18
5607,18173,171,4,2024-08-28,Net Banking,Delivered,25147.2,2
5608,13985,364,3,2026-03-28,Net Banking,Delivered,2965.2,9
5609,12762,240,1,2025-07-13,Cash on Delivery,Delivered,695.52,3
5610,19617,250,2,2025-09-11,Credit Card,Returned,1346.8,24
5611,17491,72,1,2025-06-18,Debit Card,Delivered,2210.4,16
5612,16030,310,1,2024-09-03,Net Banking,Delivered,1162.0,2
5613,1215,137,4,2025-08-04,Credit Card,Delivered,2819.76,
5614,11263,7,2,2026-06-09,Debit Card,Returned,15578.64,13
5615,14444,437,1,2024-11-14,Net Banking,Delivered,728.8,19
5616,17299,342,2,2025-03-17,Credit Card,Delivered,1214.4,21
5617,18444,340,4,2024-12-10,Net Banking,Delivered,335082.88,
5618,12601,187,3,2026-06-06,UPI,Delivered,72398.55,13
5619,10101,183,3,2025-09-08,Cash on Delivery,Delivered,2043.36,24
5620,6579,166,2,2025-11-07,Credit Card,Delivered,8471.28,8
5621,12246,65,3,2026-03-19,Cash on Delivery,Returned,1483.02,9
5622,4078,327,4,2026-03-03,Net Banking,Delivered,26544.96,9
5623,3156,442,2,2024-12-31,Credit Card,Delivered,681.36,
5624,2417,124,3,2025-01-20,Cash on Delivery,Delivered,314197.68,
5625,11921,357,5,2026-04-25,Credit Card,Cancelled,39852.25,
5626,19159,443,4,2026-06-22,Debit Card,Delivered,114923.4,17
5627,11321,209,2,2026-06-21,UPI,Delivered,8058.82,13
5628,4471,332,4,2024-12-23,Credit Card,Delivered,10422.0,
5629,2073,93,5,2025-07-11,Net Banking,Delivered,21254.95,3
5630,6220,28,5,2026-01-30,UPI,Delivered,90187.85,
5631,12357,407,1,2025-06-24,Credit Card,Delivered,3395.04,11
5632,10012,171,4,2024-11-17,Cash on Delivery,Delivered,25147.2,19
5633,17971,293,5,2025-05-16,UPI,Delivered,4944.4,
5634,669,101,4,2025-06-09,Credit Card,Delivered,21033.04,
5635,14580,446,3,2025-11-25,UPI,Delivered,1460.04,8
5636,18460,180,4,2026-02-10,Net Banking,Delivered,338361.12,
5637,3409,420,3,2025-07-31,UPI,Cancelled,2878.26,
5638,5977,201,5,2025-05-20,UPI,Delivered,30166.8,
5639,15927,194,4,2026-01-31,UPI,Delivered,8841.6,
5640,7451,387,4,2024-10-10,UPI,Delivered,28567.32,4
5641,4906,21,2,2026-04-27,Credit Card,Cancelled,57922.2,
5642,15892,273,2,2025-02-16,Credit Card,Delivered,23736.0,
5643,4173,327,4,2026-06-11,Net Banking,Delivered,26544.96,13
5644,16192,195,3,2025-06-02,Net Banking,Returned,2619.48,
5645,399,262,2,2026-02-21,Credit Card,Delivered,707.52,
5646,3326,223,4,2025-11-16,Cash on Delivery,Delivered,297763.68,8
5647,19551,129,3,2026-07-01,Debit Card,Delivered,287293.32,
5648,15351,249,3,2024-12-25,Debit Card,Delivered,12363.0,
5649,10754,134,1,2025-12-05,UPI,Delivered,2894.76,22
5650,10867,478,2,2025-07-23,Credit Card,Delivered,4738.6,
5651,18561,400,3,2026-03-27,Net Banking,Delivered,3510.0,9
5652,17443,39,4,2025-11-07,UPI,Delivered,2869.44,8
5653,18609,117,1,2025-02-16,Credit Card,Delivered,539.5,
5654,7305,439,4,2026-01-05,UPI,Delivered,11297.0,
5655,19993,417,4,2024-12-23,Net Banking,Cancelled,3915.0,
5656,2097,42,1,2026-02-21,Cash on Delivery,Delivered,72931.05,
5657,5444,234,1,2025-04-01,UPI,Delivered,677.97,21
5658,14680,376,3,2025-11-26,Net Banking,Delivered,6545.25,8
5659,18309,391,5,2025-03-09,Credit Card,Returned,745.2,1
5660,18892,189,2,2025-07-08,UPI,Delivered,285.6,3
5661,13421,55,4,2025-02-24,Credit Card,Delivered,3170.6,1
5662,5385,230,3,2024-08-10,Net Banking,Delivered,54529.8,18
5663,1144,419,3,2024-12-09,Credit Card,Delivered,102454.08,10
5664,7005,490,2,2025-09-04,Net Banking,Delivered,1544.68,23
5665,19070,230,4,2025-12-08,Credit Card,Delivered,72706.4,22
5666,8192,234,1,2024-12-23,Credit Card,Delivered,677.97,
5667,15927,311,5,2025-12-14,Credit Card,Delivered,1174.5,
5668,17984,290,5,2025-11-23,Debit Card,Returned,6958.25,8
5669,17218,292,3,2025-10-21,UPI,Delivered,86287.29,
5670,2895,441,1,2024-09-03,Net Banking,Delivered,4594.88,2
5671,3737,54,5,2025-01-19,Cash on Delivery,Delivered,6375.0,
5672,13067,123,2,2025-09-02,UPI,Delivered,3061.8,23
5673,16936,320,3,2025-08-19,Cash on Delivery,Delivered,5103.24,20
5674,2207,328,2,2025-07-11,UPI,Delivered,4568.2,3
5675,13385,36,4,2025-05-06,Cash on Delivery,Delivered,171211.6,
5676,8537,477,5,2025-01-10,Credit Card,Delivered,2305.1,
5677,7853,11,3,2025-05-12,Credit Card,Delivered,363131.1,
5678,3980,162,3,2025-05-16,Cash on Delivery,Delivered,7780.41,
5679,13702,383,2,2026-04-24,UPI,Cancelled,11109.8,
5680,3161,124,2,2026-04-02,Net Banking,Returned,209465.12,
5681,8069,305,2,2025-05-23,UPI,Delivered,173769.92,
5682,18834,259,3,2024-10-31,Net Banking,Cancelled,9534.33,19
5683,2466,472,1,2025-11-28,Cash on Delivery,Delivered,1483.79,8
5684,3641,221,1,2024-11-14,UPI,Delivered,1419.6,19
5685,15375,448,3,2025-07-24,Cash on Delivery,Delivered,2081.01,
5686,9201,304,3,2025-03-06,UPI,Cancelled,298282.14,1
5687,1722,342,1,2025-11-13,Debit Card,Delivered,607.2,8
5688,19965,317,3,2025-07-27,Credit Card,Delivered,10306.56,
5689,4142,423,1,2026-06-22,Cash on Delivery,Delivered,3795.33,17
5690,8463,47,4,2024-08-22,Cash on Delivery,Delivered,222462.24,18
5691,3401,189,1,2024-09-05,Debit Card,Delivered,142.8,2
5692,8165,371,2,2026-06-02,Debit Card,Delivered,964.24,13
5693,15539,450,4,2024-07-19,Credit Card,Delivered,1324.8,
5694,13239,425,5,2024-09-14,Cash on Delivery,Delivered,1246.6,
5695,14933,206,1,2025-05-05,Cash on Delivery,Delivered,2284.36,
5696,15589,341,2,2026-05-05,Credit Card,Delivered,210321.32,7
5697,7960,338,3,2025-04-20,Cash on Delivery,Delivered,668.22,
5698,5445,318,2,2024-08-23,Net Banking,Delivered,218359.16,18
5699,55,329,5,2026-06-08,Debit Card,Returned,13235.95,13
5700,17466,358,1,2024-12-26,Debit Card,Returned,7130.0,
5701,19720,490,2,2025-09-29,Net Banking,Delivered,1544.68,12
5702,4640,26,3,2025-12-27,Credit Card,Delivered,328186.32,
5703,14189,228,2,2024-11-03,Net Banking,Delivered,21856.32,19
5704,13983,439,5,2026-04-01,UPI,Delivered,14121.25,
5705,16066,345,3,2025-02-01,Net Banking,Delivered,12873.3,25
5706,14032,353,1,2025-12-13,UPI,Returned,209.95,22
5707,355,391,1,2024-11-04,Cash on Delivery,Delivered,149.04,19
5708,6089,184,2,2024-09-03,Debit Card,Cancelled,5893.8,2
5709,4263,102,2,2024-09-29,Net Banking,Returned,4764.2,
5710,14879,119,2,2024-09-14,UPI,Delivered,6990.4,
5711,12347,204,3,2025-09-28,Net Banking,Cancelled,5673.24,12
5712,10197,185,2,2026-05-14,Credit Card,Returned,924.0,7
5713,15783,298,1,2026-03-02,Net Banking,Delivered,62012.04,9
5714,3976,209,3,2025-10-19,Credit Card,Delivered,12088.23,
5715,11692,97,4,2026-05-10,Net Banking,Delivered,3971.0,7
5716,3803,177,3,2026-07-10,Debit Card,Delivered,2942.64,
5717,15563,456,3,2026-06-01,Credit Card,Delivered,2893.38,13
5718,11349,85,2,2024-09-09,Debit Card,Delivered,1953.0,2
5719,11248,310,3,2024-12-13,UPI,Delivered,3486.0,
5720,7458,333,4,2025-07-23,Net Banking,Delivered,27110.72,
5721,365,376,3,2026-03-31,Credit Card,Delivered,6545.25,
5722,11176,430,3,2024-10-17,Debit Card,Cancelled,32005.23,4
5723,10661,68,3,2025-10-24,UPI,Delivered,1683.0,
5724,17064,321,3,2024-10-01,Cash on Delivery,Delivered,2346.93,
5725,18050,478,4,2025-11-28,UPI,Delivered,9477.2,8
5726,11783,386,1,2026-05-28,Cash on Delivery,Delivered,1701.05,7
5727,979,153,4,2025-03-10,Cash on Delivery,Delivered,135954.0,1
5728,4282,218,5,2026-05-20,Net Banking,Returned,153694.8,7
5729,14779,65,1,2026-03-07,Debit Card,Delivered,494.34,9
5730,1038,286,5,2026-07-16,Net Banking,Delivered,355799.2,
5731,11129,214,4,2025-03-21,Net Banking,Delivered,4879.0,15
5732,8765,129,5,2024-07-18,Debit Card,Delivered,478822.2,
5733,12905,455,3,2025-11-09,Cash on Delivery,Returned,139.86,8
5734,18443,136,1,2026-04-10,UPI,Delivered,99479.6,
5735,4690,49,2,2025-06-26,Debit Card,Delivered,8133.52,11
5736,14550,459,5,2024-10-07,UPI,Delivered,5564.85,4
5737,8407,472,2,2025-10-30,Credit Card,Delivered,2967.58,
5738,8517,213,3,2025-03-03,Cash on Delivery,Delivered,12600.0,1
5739,3016,129,2,2026-03-07,Net Banking,Delivered,191528.88,9
5740,4448,19,3,2025-01-22,UPI,Delivered,32665.32,
5741,5378,451,3,2024-10-26,Debit Card,Delivered,231909.6,
5742,17797,36,4,2024-08-03,UPI,Delivered,171211.6,14
5743,5734,471,5,2026-03-08,Debit Card,Delivered,2471.7,9
5744,4957,210,2,2025-01-22,Cash on Delivery,Delivered,11891.92,
5745,19741,500,1,2025-02-16,Debit Card,Delivered,8876.85,
5746,18298,59,2,2026-03-27,Cash on Delivery,Delivered,1630.64,9
5747,1354,31,1,2024-08-20,UPI,Delivered,1075.75,2
5748,16931,380,3,2026-06-17,Credit Card,Returned,13397.4,17
5749,867,371,2,2026-02-24,Credit Card,Cancelled,964.24,
5750,4355,218,3,2025-01-13,Credit Card,Delivered,92216.88,
5751,5448,101,5,2026-02-06,Debit Card,Returned,26291.3,
5752,18671,135,4,2025-06-25,Debit Card,Delivered,275463.52,6
5753,13460,36,4,2025-07-06,Debit Card,Delivered,171211.6,3
5754,13409,348,2,2024-09-16,Net Banking,Delivered,116840.5,
5755,15504,303,2,2024-10-02,Credit Card,Delivered,15477.84,
5756,807,153,1,2025-05-03,Credit Card,Delivered,33988.5,
5757,12381,16,3,2024-10-19,Net Banking,Cancelled,3197.4,4
5758,18991,164,4,2025-11-21,Cash on Delivery,Delivered,855.36,8
5759,9587,380,4,2025-12-06,Credit Card,Delivered,17863.2,22
5760,15330,412,2,2025-10-10,Net Banking,Delivered,4410.0,
5761,12854,306,4,2025-12-19,UPI,Delivered,1645.6,
5762,2333,177,3,2026-02-27,UPI,Returned,2942.64,
5763,18851,105,4,2026-04-29,Credit Card,Delivered,931.92,7
5764,2286,348,4,2024-08-19,Net Banking,Cancelled,233681.0,18
5765,4289,43,5,2025-11-23,Debit Card,Delivered,169496.1,8
5766,13787,295,4,2025-11-07,Debit Card,Cancelled,35882.56,8
5767,19268,288,5,2024-11-05,Cash on Delivery,Delivered,12442.5,19
5768,12917,402,2,2025-09-03,Net Banking,Delivered,2001.0,23
5769,17466,60,1,2026-04-25,UPI,Cancelled,2075.0,
5770,13224,72,1,2025-07-03,UPI,Delivered,2210.4,11
5771,2493,203,3,2026-03-22,Credit Card,Delivered,2261.64,9
5772,3459,93,1,2025-04-10,Cash on Delivery,Delivered,4250.99,
5773,6765,431,5,2025-01-31,Credit Card,Cancelled,2687.35,25
5774,9460,418,2,2026-02-20,Net Banking,Delivered,25798.5,
5775,2509,241,2,2026-06-17,Debit Card,Delivered,1245.0,13
5776,7153,213,2,2026-07-10,UPI,Cancelled,8400.0,
5777,2978,222,5,2025-04-29,Cash on Delivery,Delivered,25240.5,
5778,5293,72,2,2026-05-13,Credit Card,Delivered,4420.8,7
5779,18351,485,4,2025-02-22,Credit Card,Delivered,1198.4,
5780,1497,40,2,2025-10-31,Net Banking,Delivered,2992.8,
5781,12065,47,5,2026-02-09,UPI,Cancelled,278077.8,
5782,15644,28,5,2024-12-11,Net Banking,Delivered,90187.85,
5783,13364,332,1,2026-06-07,UPI,Cancelled,2605.5,13
5784,6310,121,3,2026-05-27,Debit Card,Delivered,886.2,7
5785,11502,366,5,2024-08-30,Cash on Delivery,Delivered,226018.95,2
5786,12034,15,2,2026-01-07,Credit Card,Delivered,1651.44,
5787,5639,355,5,2026-07-03,Net Banking,Delivered,1736.0,
5788,4045,318,1,2024-11-06,Credit Card,Returned,109179.58,19
5789,14787,371,2,2026-05-03,Credit Card,Delivered,964.24,7
5790,15317,133,4,2024-08-19,Debit Card,Delivered,8031.68,18
5791,15643,489,1,2025-02-11,Credit Card,Delivered,2093.92,
5792,17033,20,5,2026-01-20,UPI,Delivered,17107.2,
5793,13398,232,5,2025-07-08,UPI,Returned,275527.9,3
5794,12881,359,1,2026-01-28,UPI,Delivered,4083.2,
5795,10255,100,1,2026-06-16,UPI,Delivered,452.64,17
5796,1228,382,1,2026-03-11,Credit Card,Delivered,5081.67,9
5797,429,379,2,2026-02-08,Cash on Delivery,Delivered,950.18,
5798,9427,146,2,2025-05-22,UPI,Delivered,1434.06,
5799,5028,404,3,2024-10-02,Net Banking,Cancelled,163814.04,
5800,4371,210,5,2024-12-13,Debit Card,Delivered,29729.8,
5801,11708,323,5,2025-02-01,Credit Card,Delivered,2644.75,25
5802,11330,101,4,2026-02-07,Debit Card,Delivered,21033.04,
5803,11903,132,3,2025-03-23,Debit Card,Delivered,4287.78,21
5804,2784,165,1,2025-01-25,Cash on Delivery,Delivered,267.03,
5805,13253,16,5,2025-03-10,Debit Card,Delivered,5329.0,1
5806,12680,224,3,2025-02-10,Debit Card,Returned,5570.37,
5807,4349,380,4,2025-06-07,Credit Card,Delivered,17863.2,
5808,19740,382,5,2026-04-28,Net Banking,Delivered,25408.35,
5809,458,383,5,2026-03-02,Credit Card,Delivered,27774.5,9
5810,7024,203,5,2026-03-03,Debit Card,Delivered,3769.4,9
5811,10533,191,4,2025-05-09,UPI,Returned,2347.68,
5812,16322,371,1,2025-02-05,UPI,Returned,482.12,25
5813,12827,55,3,2025-05-09,Debit Card,Delivered,2377.95,
5814,5664,343,4,2025-04-23,Net Banking,Delivered,13326.12,
5815,7476,383,5,2025-08-26,Cash on Delivery,Returned,27774.5,20
5816,5850,97,1,2025-06-05,Credit Card,Delivered,992.75,
5817,4561,44,2,2025-05-03,Net Banking,Delivered,2495.72,
5818,17011,369,2,2026-03-26,Debit Card,Delivered,3781.2,9
5819,10432,258,5,2026-06-25,Debit Card,Delivered,5681.6,13
5820,16162,415,3,2025-02-04,Credit Card,Delivered,3294.27,25
5821,8298,72,1,2025-04-26,Debit Card,Returned,2210.4,
5822,9821,241,1,2025-02-04,Debit Card,Returned,622.5,25
5823,16242,430,3,2026-04-15,Credit Card,Delivered,32005.23,
5824,7813,29,5,2025-07-18,Credit Card,Delivered,659027.6,
5825,19413,37,5,2026-04-23,Debit Card,Delivered,20310.75,
5826,10551,417,3,2026-03-13,Cash on Delivery,Delivered,2936.25,9
5827,10443,305,3,2024-08-29,Net Banking,Delivered,260654.88,2
5828,18696,489,4,2025-08-03,Credit Card,Delivered,8375.68,
5829,5566,171,4,2026-03-24,Net Banking,Delivered,25147.2,9
5830,9017,30,1,2024-11-19,Net Banking,Delivered,6719.25,10
5831,13968,36,5,2024-11-24,Debit Card,Delivered,214014.5,10
5832,9950,454,4,2024-11-23,UPI,Delivered,162076.8,10
5833,19330,475,5,2025-10-26,UPI,Delivered,26846.4,
5834,5439,79,2,2026-07-16,Debit Card,Delivered,187852.24,
5835,11944,482,3,2026-03-05,Cash on Delivery,Cancelled,125342.7,9
5836,5020,151,5,2026-03-28,Net Banking,Cancelled,331901.5,9
5837,9311,381,2,2024-09-28,Net Banking,Delivered,764.64,
5838,3013,423,3,2025-03-02,Net Banking,Delivered,11385.99,1
5839,9835,26,2,2025-12-29,Credit Card,Cancelled,218790.88,
5840,3321,240,5,2026-06-17,Credit Card,Delivered,3477.6,17
5841,5227,171,5,2026-06-11,Cash on Delivery,Delivered,31434.0,13
5842,19050,490,5,2024-08-19,Credit Card,Delivered,3861.7,2
5843,13143,452,3,2026-03-16,Debit Card,Delivered,12355.62,9
5844,14865,93,4,2025-11-02,Credit Card,Delivered,17003.96,
5845,18575,103,2,2026-02-01,UPI,Delivered,3349.5,
5846,1563,460,5,2024-11-24,Credit Card,Delivered,5427.0,10
5847,115,172,5,2025-02-23,Debit Card,Delivered,245484.0,
5848,5215,437,5,2024-12-01,UPI,Cancelled,3644.0,10
5849,12106,156,1,2025-10-28,Net Banking,Cancelled,29753.4,
5850,5617,204,1,2025-04-27,Cash on Delivery,Returned,1891.08,
5851,11822,274,1,2025-05-22,Debit Card,Returned,3032.55,
5852,15638,107,3,2025-07-22,Cash on Delivery,Delivered,1436.64,
5853,9944,10,2,2024-08-09,Net Banking,Delivered,15344.34,18
5854,2424,106,3,2026-01-01,Net Banking,Delivered,17384.82,
5855,14524,184,3,2025-11-25,Debit Card,Delivered,8840.7,8
5856,19845,428,4,2025-11-28,Debit Card,Delivered,170948.96,8
5857,8814,101,2,2025-12-01,Debit Card,Delivered,10516.52,
5858,2191,363,4,2026-01-26,UPI,Cancelled,1818.84,
5859,14312,321,2,2026-02-09,Cash on Delivery,Delivered,1564.62,
5860,13571,270,5,2025-05-12,UPI,Delivered,1836.0,
5861,6353,73,2,2025-11-01,Cash on Delivery,Delivered,69946.68,
5862,4608,171,1,2026-03-14,UPI,Delivered,6286.8,9
5863,9652,81,5,2026-02-22,UPI,Delivered,1709.1,
5864,15376,459,2,2025-05-20,Cash on Delivery,Delivered,2225.94,
5865,531,428,3,2024-11-05,Credit Card,Delivered,128211.72,19
5866,7394,125,4,2025-10-09,Credit Card,Delivered,17740.32,12
5867,10822,59,4,2025-10-30,Credit Card,Delivered,3261.28,
5868,5495,481,2,2025-09-25,Debit Card,Delivered,1228.5,12
5869,13591,375,1,2024-09-02,Debit Card,Returned,104.16,2
5870,9359,63,5,2025-04-24,UPI,Delivered,7691.6,
5871,13308,308,1,2026-01-24,Net Banking,Cancelled,2208.56,
5872,5419,29,2,2026-04-18,UPI,Cancelled,263611.04,
5873,18124,21,3,2024-10-08,Debit Card,Cancelled,86883.3,4
5874,3520,194,2,2025-09-01,Credit Card,Cancelled,4420.8,23
5875,18358,191,4,2024-12-28,Debit Card,Delivered,2347.68,
5876,1562,315,5,2025-06-10,UPI,Delivered,27279.25,16
5877,9520,290,4,2024-12-22,Credit Card,Delivered,5566.6,
5878,17776,167,5,2024-11-21,Credit Card,Cancelled,8559.25,10
5879,16365,67,3,2024-10-14,UPI,Returned,1382.4,4
5880,19254,466,2,2025-02-22,Cash on Delivery,Cancelled,671.84,
5881,17902,493,1,2026-06-11,Debit Card,Returned,681.1,13
5882,4071,45,3,2025-05-19,Cash on Delivery,Delivered,2187.57,
5883,17446,354,5,2026-02-17,Credit Card,Returned,2721.75,
5884,12136,358,5,2025-10-12,Net Banking,Returned,35650.0,
5885,3829,183,4,2024-07-21,Credit Card,Delivered,2724.48,14
5886,2252,499,1,2024-08-17,Cash on Delivery,Delivered,9159.36,18
5887,3165,111,5,2025-05-17,Net Banking,Delivered,343355.8,
5888,8266,312,4,2026-03-12,Cash on Delivery,Cancelled,8965.88,9
5889,11016,153,4,2026-01-02,Debit Card,Delivered,135954.0,
5890,514,331,1,2026-02-24,UPI,Returned,26857.44,
5891,120,292,3,2024-07-30,Net Banking,Delivered,86287.29,14
5892,7282,231,2,2024-08-28,Cash on Delivery,Cancelled,143017.56,2
5893,3147,269,3,2025-03-14,Cash on Delivery,Delivered,499.59,1
5894,13712,465,5,2026-03-19,Net Banking,Delivered,1729.0,9
5895,13308,32,4,2025-03-05,UPI,Cancelled,1211.36,1
5896,1715,64,1,2025-12-08,UPI,Delivered,2369.8,22
5897,9655,268,4,2025-06-15,Net Banking,Delivered,310260.16,16
5898,4112,386,1,2026-01-04,Cash on Delivery,Delivered,1701.05,
5899,9046,315,1,2024-10-06,Debit Card,Cancelled,5455.85,4
5900,13119,185,2,2026-02-18,UPI,Delivered,924.0,
5901,15404,375,3,2026-06-01,Credit Card,Delivered,312.48,13
5902,3923,325,1,2024-11-21,Cash on Delivery,Delivered,2993.96,10
5903,4270,258,2,2024-11-28,Debit Card,Delivered,2272.64,10
5904,14945,314,4,2025-12-27,Debit Card,Cancelled,9982.8,
5905,16778,185,3,2026-04-23,Net Banking,Cancelled,1386.0,
5906,12180,205,4,2025-04-17,Net Banking,Delivered,131009.76,
5907,13538,84,3,2025-05-05,Credit Card,Delivered,21610.8,
5908,12566,472,5,2025-06-07,Cash on Delivery,Delivered,7418.95,
5909,1401,222,4,2026-01-19,Net Banking,Delivered,20192.4,
5910,18454,472,3,2026-05-16,UPI,Cancelled,4451.37,7
5911,18138,374,1,2026-07-05,Net Banking,Delivered,626.94,
5912,5316,25,1,2026-07-17,Cash on Delivery,Delivered,156.63,
5913,10505,137,3,2024-11-07,Debit Card,Delivered,2114.82,19
5914,12516,216,1,2025-10-15,UPI,Delivered,1321.84,
5915,16237,42,1,2025-09-03,Cash on Delivery,Delivered,72931.05,23
5916,7942,236,1,2025-01-17,Net Banking,Cancelled,2982.0,
5917,11477,338,3,2024-08-18,Debit Card,Delivered,668.22,18
5918,10488,52,4,2026-02-27,UPI,Delivered,23480.96,
5919,13888,217,3,2024-09-24,Credit Card,Returned,2174.73,
5920,16636,458,3,2026-03-16,Cash on Delivery,Delivered,222660.0,9
5921,3977,151,3,2025-09-25,UPI,Delivered,199140.9,12
5922,11392,370,5,2026-01-31,Debit Card,Returned,3590.55,
5923,9703,80,5,2025-07-25,Cash on Delivery,Delivered,10957.5,
5924,671,447,5,2026-06-17,UPI,Delivered,245101.75,13
5925,5123,52,3,2026-04-08,Credit Card,Delivered,17610.72,
5926,7096,428,4,2025-04-26,Credit Card,Delivered,170948.96,
5927,16983,396,4,2025-01-17,UPI,Delivered,226184.64,
5928,7397,427,1,2024-12-07,Net Banking,Cancelled,2808.0,10
5929,11112,153,1,2025-07-16,Credit Card,Delivered,33988.5,3
5930,18457,267,2,2026-03-30,Cash on Delivery,Delivered,8527.2,
5931,8727,344,4,2026-04-21,Cash on Delivery,Cancelled,701.76,
5932,15831,459,4,2026-02-28,Cash on Delivery,Delivered,4451.88,9
5933,3611,414,1,2025-05-13,Cash on Delivery,Delivered,2311.15,
5934,6429,174,2,2025-07-16,UPI,Returned,32971.44,3
5935,5195,375,5,2024-09-19,Net Banking,Delivered,520.8,
5936,19091,349,5,2024-09-01,Credit Card,Delivered,19727.35,2
5937,18105,123,1,2025-10-18,Net Banking,Delivered,1530.9,
5938,18220,343,5,2025-10-09,UPI,Delivered,16657.65,12
5939,11389,388,3,2026-04-04,Debit Card,Delivered,7597.92,
5940,15838,313,3,2026-01-20,Credit Card,Delivered,167155.5,
5941,16980,351,4,2025-12-24,UPI,Delivered,2796.64,
5942,8438,319,5,2025-10-02,UPI,Delivered,3594.9,12
5943,11628,21,5,2025-06-07,Debit Card,Delivered,144805.5,
5944,10833,110,2,2026-04-18,Net Banking,Delivered,2546.0,
5945,3943,216,2,2026-04-14,Net Banking,Cancelled,2643.68,
5946,1584,348,3,2026-06-08,Credit Card,Delivered,175260.75,13
5947,14358,143,2,2025-01-17,Debit Card,Delivered,281.78,
5948,19687,487,5,2025-10-07,UPI,Delivered,4736.9,12
5949,19255,8,3,2025-06-18,Credit Card,Delivered,138526.86,16
5950,13985,111,5,2026-07-03,Debit Card,Returned,343355.8,
5951,143,116,4,2026-01-21,Debit Card,Delivered,7542.4,
5952,13959,210,2,2024-11-14,UPI,Delivered,11891.92,19
5953,8088,422,3,2025-11-27,Debit Card,Delivered,9300.51,8
5954,809,152,5,2025-01-04,Credit Card,Delivered,146996.25,
5955,3040,337,4,2025-07-22,Net Banking,Delivered,286426.4,
5956,11645,50,5,2025-05-11,Credit Card,Delivered,58136.0,
5957,4449,324,3,2026-02-01,UPI,Delivered,4981.98,
5958,5531,458,2,2026-07-04,Debit Card,Delivered,148440.0,
5959,8658,50,4,2025-03-28,UPI,Returned,46508.8,15
5960,5547,260,3,2026-02-15,UPI,Delivered,1400.82,
5961,13891,405,3,2025-09-23,Debit Card,Returned,2509.2,12
5962,14104,4,2,2026-02-05,UPI,Delivered,134038.36,
5963,19581,431,5,2025-06-09,Net Banking,Delivered,2687.35,
5964,13432,150,4,2025-08-03,Debit Card,Delivered,38909.6,
5965,17876,129,1,2026-06-02,Credit Card,Returned,95764.44,13
5966,1250,495,1,2025-02-03,Credit Card,Delivered,8382.26,25
5967,12623,214,5,2025-07-28,Debit Card,Delivered,6098.75,
5968,16730,246,4,2024-12-02,Net Banking,Delivered,178182.48,10
5969,16487,163,4,2026-02-06,Credit Card,Delivered,23491.44,
5970,7366,276,3,2024-10-16,Cash on Delivery,Delivered,1867.5,4
5971,6320,106,4,2025-10-24,Cash on Delivery,Delivered,23179.76,
5972,6009,21,3,2025-01-17,Credit Card,Delivered,86883.3,
5973,18778,429,4,2024-09-26,UPI,Delivered,445139.72,
5974,2906,59,1,2025-12-16,Net Banking,Delivered,815.32,
5975,12679,436,1,2025-12-03,Credit Card,Delivered,10494.75,22
5976,10779,251,5,2025-08-23,Credit Card,Delivered,538537.5,20
5977,3434,478,4,2025-12-20,Cash on Delivery,Delivered,9477.2,
5978,3101,362,3,2024-12-21,UPI,Delivered,6835.2,
5979,2352,428,2,2025-07-01,Cash on Delivery,Delivered,85474.48,11
5980,16636,68,3,2025-12-10,Net Banking,Delivered,1683.0,22
5981,5227,94,1,2026-03-18,UPI,Cancelled,524.0,9
5982,6253,428,3,2024-10-08,Cash on Delivery,Delivered,128211.72,4
5983,10034,298,2,2025-01-20,Cash on Delivery,Cancelled,124024.08,
5984,7437,479,4,2025-10-08,Net Banking,Returned,34912.8,12
5985,1474,314,5,2024-12-23,Net Banking,Delivered,12478.5,
5986,12295,131,3,2024-10-26,Debit Card,Delivered,5484.9,
5987,15752,416,2,2025-02-15,UPI,Delivered,1744.64,
5988,10368,483,3,2024-10-19,Debit Card,Cancelled,180519.6,4
5989,7713,387,3,2024-11-21,Net Banking,Delivered,21425.49,10
5990,18750,465,5,2025-08-21,UPI,Delivered,1729.0,20
5991,5311,242,4,2024-07-17,Cash on Delivery,Delivered,5557.44,
5992,4478,207,4,2025-08-15,Net Banking,Delivered,2128.4,20
5993,9864,249,2,2025-01-11,Debit Card,Delivered,8242.0,
5994,9122,301,3,2025-09-26,UPI,Returned,5433.45,12
5995,3980,3,1,2026-06-13,UPI,Delivered,616.85,13
5996,1623,301,3,2025-12-30,UPI,Cancelled,5433.45,
5997,19539,206,5,2026-03-28,Debit Card,Delivered,11421.8,9
5998,8073,326,4,2024-10-29,Credit Card,Delivered,381.6,
5999,11920,413,3,2025-11-21,UPI,Delivered,1365.12,8
6000,7676,372,1,2026-04-19,Net Banking,Cancelled,73735.2,
6001,14183,497,2,2024-09-08,Credit Card,Returned,19833.44,2
6002,2515,222,2,2025-05-03,Net Banking,Returned,10096.2,
6003,8370,392,1,2025-04-29,Debit Card,Delivered,81376.53,
6004,19237,229,5,2025-09-21,Net Banking,Cancelled,2178.0,12
6005,6945,307,4,2026-01-01,Net Banking,Delivered,9876.6,
6006,2537,130,3,2025-01-16,Cash on Delivery,Returned,2490.0,
6007,19081,89,2,2026-05-12,Cash on Delivery,Delivered,211390.24,5
6008,7497,474,3,2024-11-15,Cash on Delivery,Returned,282919.32,19
6009,17358,363,4,2026-06-15,Cash on Delivery,Returned,1818.84,13
6010,9853,112,4,2025-01-17,Credit Card,Returned,375.92,
6011,1791,426,1,2024-08-04,Credit Card,Delivered,23100.88,14
6012,16325,183,4,2025-09-11,Debit Card,Cancelled,2724.48,24
6013,12213,468,4,2024-11-04,UPI,Delivered,447018.08,19
6014,18307,477,3,2024-12-07,Cash on Delivery,Delivered,1383.06,10
6015,18064,461,2,2025-12-03,Debit Card,Delivered,188269.9,22
6016,13223,194,5,2025-08-19,UPI,Delivered,11052.0,20
6017,16954,39,3,2025-06-18,Cash on Delivery,Delivered,2152.08,16
6018,5069,16,5,2025-08-14,UPI,Delivered,5329.0,20
6019,8210,42,4,2024-07-18,Debit Card,Delivered,291724.2,
6020,641,478,1,2025-07-27,Net Banking,Delivered,2369.3,
6021,720,491,5,2026-06-25,Cash on Delivery,Delivered,1340.5,13
6022,3439,251,5,2025-07-29,UPI,Delivered,538537.5,
6023,5981,178,2,2024-07-22,UPI,Delivered,1536.8,14
6024,4764,227,5,2024-08-18,Net Banking,Returned,3663.75,18
6025,19632,88,2,2024-11-15,Credit Card,Delivered,655.32,19
6026,4877,27,1,2025-07-04,Net Banking,Cancelled,5503.08,3
6027,11044,413,1,2025-01-14,Debit Card,Delivered,455.04,
6028,16385,382,4,2026-03-20,UPI,Delivered,20326.68,9
6029,10755,208,1,2025-06-06,Credit Card,Returned,728.16,
6030,8135,65,4,2026-01-13,Cash on Delivery,Delivered,1977.36,
6031,13777,427,2,2024-12-14,Credit Card,Delivered,5616.0,
6032,19781,56,3,2026-04-21,Net Banking,Delivered,2169.18,
6033,3469,400,2,2026-03-29,Debit Card,Delivered,2340.0,
6034,16318,311,5,2025-10-21,Debit Card,Delivered,1174.5,
6035,11588,174,5,2024-10-30,Net Banking,Delivered,82428.6,
6036,10530,255,2,2025-04-03,Credit Card,Delivered,1641.52,21
6037,3152,203,1,2025-01-30,Net Banking,Delivered,753.88,25
6038,19471,77,3,2024-12-01,UPI,Cancelled,1041.18,10
6039,17844,429,3,2025-03-11,Net Banking,Returned,333854.79,1
6040,99,130,1,2025-02-13,Debit Card,Cancelled,830.0,
6041,14537,328,5,2024-12-22,Cash on Delivery,Delivered,11420.5,
6042,1219,354,1,2025-10-25,Credit Card,Delivered,544.35,
6043,16633,455,3,2026-05-06,Credit Card,Returned,139.86,5
6044,19355,22,5,2024-12-23,Net Banking,Cancelled,9176.0,
6045,10649,480,1,2025-08-17,Debit Card,Delivered,71697.15,20
6046,9110,185,2,2026-01-13,Net Banking,Returned,924.0,
6047,7703,208,4,2024-09-12,Net Banking,Cancelled,2912.64,2
6048,6468,9,5,2025-03-29,UPI,Delivered,31468.8,21
6049,9186,157,4,2025-08-27,Cash on Delivery,Delivered,40927.84,20
6050,10191,130,1,2024-11-08,Cash on Delivery,Delivered,830.0,19
6051,2295,474,3,2026-05-27,Net Banking,Delivered,282919.32,7
6052,15547,317,2,2025-12-01,Credit Card,Delivered,6871.04,
6053,6601,193,1,2025-07-24,Debit Card,Cancelled,42562.0,
6054,6532,373,1,2024-11-30,UPI,Delivered,55351.14,10
6055,14904,267,2,2026-06-27,Net Banking,Delivered,8527.2,13
6056,3626,67,3,2024-12-13,Credit Card,Delivered,1382.4,
6057,827,452,1,2026-06-22,Net Banking,Cancelled,4118.54,17
6058,13713,83,4,2025-08-22,Credit Card,Delivered,4288.4,20
6059,9331,6,3,2025-08-19,Debit Card,Cancelled,15907.5,20
6060,18082,490,3,2025-12-28,Debit Card,Delivered,2317.02,
6061,9648,404,5,2024-12-03,Credit Card,Delivered,273023.4,10
6062,11873,309,3,2026-04-01,Credit Card,Cancelled,109602.24,
6063,12748,400,4,2026-04-15,UPI,Returned,4680.0,
6064,11186,10,3,2026-04-27,Debit Card,Delivered,23016.51,
6065,13432,327,4,2025-09-08,Cash on Delivery,Cancelled,26544.96,24
6066,3335,40,4,2025-06-18,UPI,Delivered,5985.6,16
6067,1918,44,1,2025-09-04,Cash on Delivery,Delivered,1247.86,23
6068,9113,290,5,2025-06-23,Debit Card,Delivered,6958.25,3
6069,6620,167,4,2025-05-08,Debit Card,Returned,6847.4,
6070,6216,420,1,2025-06-24,Credit Card,Delivered,959.42,6
6071,5701,365,4,2025-06-04,Net Banking,Delivered,6857.76,
6072,8040,129,1,2025-07-16,UPI,Delivered,95764.44,3
6073,17659,234,4,2025-11-19,Debit Card,Delivered,2711.88,8
6074,15552,470,3,2026-02-24,Cash on Delivery,Cancelled,7774.8,
6075,19928,480,2,2025-04-07,Debit Card,Delivered,143394.3,
6076,18908,145,2,2025-04-23,Credit Card,Delivered,9444.68,
6077,12155,450,2,2025-01-28,Cash on Delivery,Delivered,662.4,
6078,17736,271,1,2024-10-14,Cash on Delivery,Delivered,904.8,4
6079,15591,110,4,2024-09-02,Credit Card,Delivered,5092.0,2
6080,191,482,3,2024-12-28,Credit Card,Delivered,125342.7,
6081,3941,290,5,2025-06-03,UPI,Delivered,6958.25,
6082,425,443,1,2024-08-15,Net Banking,Returned,28730.85,18
6083,728,448,1,2025-10-23,Cash on Delivery,Delivered,693.67,
6084,18133,418,4,2026-04-20,Cash on Delivery,Delivered,51597.0,
6085,13388,34,2,2026-02-10,Debit Card,Returned,2441.34,
6086,11228,232,5,2025-06-26,Net Banking,Delivered,275527.9,3
6087,11427,293,2,2024-11-26,Net Banking,Delivered,1977.76,10
6088,15988,48,5,2026-03-01,Cash on Delivery,Cancelled,862.4,9
6089,16203,53,2,2024-12-20,Debit Card,Delivered,51365.16,
6090,6421,467,1,2025-06-10,Credit Card,Delivered,2015.9,16
6091,17706,359,2,2026-06-29,Credit Card,Delivered,8166.4,
6092,8783,61,1,2025-06-16,Debit Card,Delivered,1301.52,16
6093,6876,181,3,2026-06-02,Cash on Delivery,Delivered,8145.12,13
6094,12494,469,1,2025-10-29,Credit Card,Returned,509.68,
6095,8145,365,1,2025-07-30,Cash on Delivery,Delivered,1714.44,
6096,918,56,5,2024-11-26,UPI,Delivered,3615.3,10
6097,15570,163,4,2026-03-27,Cash on Delivery,Cancelled,23491.44,9
6098,14899,227,2,2025-09-26,Debit Card,Delivered,1465.5,12
6099,7990,205,4,2025-03-13,Debit Card,Delivered,131009.76,21
6100,594,324,2,2024-11-18,Net Banking,Delivered,3321.32,19
6101,6438,74,3,2025-03-26,Cash on Delivery,Returned,22813.47,21
6102,11825,268,3,2025-02-03,UPI,Delivered,232695.12,25
6103,18587,33,1,2026-07-13,UPI,Delivered,3857.76,
6104,3104,359,1,2024-10-25,UPI,Delivered,4083.2,
6105,7155,240,2,2025-10-01,Debit Card,Delivered,1391.04,12
6106,17102,310,4,2025-05-21,Cash on Delivery,Delivered,4648.0,
6107,9985,356,3,2024-10-08,Credit Card,Delivered,1599.84,4
6108,14826,86,4,2025-09-02,Credit Card,Delivered,13907.64,23
6109,168,139,4,2025-02-24,Debit Card,Delivered,8690.88,1
6110,5578,194,3,2026-01-19,Cash on Delivery,Cancelled,6631.2,
6111,8060,459,3,2026-07-07,Debit Card,Delivered,3338.91,
6112,11954,140,3,2025-11-04,Debit Card,Cancelled,1558.95,
6113,7833,180,5,2026-01-08,Net Banking,Delivered,422951.4,
6114,17396,400,2,2025-05-21,Credit Card,Delivered,2340.0,
6115,16962,60,5,2025-08-07,Net Banking,Delivered,10375.0,20
6116,11919,260,3,2026-04-28,Credit Card,Cancelled,1400.82,
6117,14219,30,3,2025-10-11,Credit Card,Delivered,20157.75,
6118,12781,206,3,2026-02-18,Debit Card,Delivered,6853.08,
6119,11207,298,4,2026-07-11,Debit Card,Delivered,248048.16,
6120,12095,331,5,2024-10-19,Net Banking,Cancelled,134287.2,4
6121,14486,75,4,2025-05-27,Debit Card,Delivered,3194.24,
6122,13467,310,4,2025-01-15,Credit Card,Delivered,4648.0,
6123,11703,179,1,2025-08-23,Credit Card,Cancelled,525.16,20
6124,5632,61,2,2026-04-06,Debit Card,Returned,2603.04,
6125,1080,476,1,2024-09-06,UPI,Cancelled,2629.75,2
6126,16123,419,5,2026-04-20,UPI,Delivered,170756.8,
6127,17077,320,3,2025-05-01,Net Banking,Delivered,5103.24,
6128,8093,266,4,2024-11-29,Net Banking,Delivered,14279.72,10
6129,2281,34,4,2024-12-19,Net Banking,Delivered,4882.68,
6130,18643,259,2,2026-07-16,UPI,Delivered,6356.22,
6131,7093,293,4,2024-08-02,Debit Card,Delivered,3955.52,14
6132,10501,370,3,2025-10-01,UPI,Delivered,2154.33,12
6133,17655,363,3,2025-11-27,Cash on Delivery,Delivered,1364.13,8
6134,6707,373,2,2026-06-11,Debit Card,Cancelled,110702.28,13
6135,9747,274,5,2024-11-26,Cash on Delivery,Delivered,15162.75,10
6136,6546,315,1,2025-10-27,Cash on Delivery,Delivered,5455.85,
6137,6183,90,3,2025-03-23,Net Banking,Delivered,39222.48,15
6138,10846,131,3,2026-03-14,Credit Card,Delivered,5484.9,9
6139,17831,343,4,2026-05-22,UPI,Delivered,13326.12,7
6140,2321,465,4,2025-06-17,Cash on Delivery,Delivered,1383.2,16
6141,358,101,4,2026-01-03,Net Banking,Delivered,21033.04,
6142,14315,247,1,2025-09-20,Net Banking,Delivered,554.76,12
6143,7355,80,5,2025-09-06,Net Banking,Delivered,10957.5,
6144,13542,276,5,2024-10-19,Net Banking,Delivered,3112.5,4
6145,15034,457,1,2024-11-28,Cash on Delivery,Delivered,3808.35,10
6146,19799,428,3,2026-06-30,Credit Card,Delivered,128211.72,
6147,4662,308,1,2024-10-09,Debit Card,Delivered,2208.56,4
6148,9778,157,2,2024-09-14,UPI,Delivered,20463.92,
6149,10636,420,4,2024-08-22,UPI,Delivered,3837.68,2
6150,1013,133,1,2026-04-21,Debit Card,Delivered,2007.92,
6151,10903,145,2,2025-10-25,Credit Card,Delivered,9444.68,
6152,11652,333,1,2024-12-05,Net Banking,Delivered,6777.68,10
6153,15891,271,4,2025-08-04,UPI,Delivered,3619.2,
6154,350,479,3,2024-09-20,UPI,Delivered,26184.6,
6155,17745,89,3,2025-02-12,Net Banking,Delivered,317085.36,
6156,10562,418,4,2026-05-20,Cash on Delivery,Returned,51597.0,7
6157,8637,36,4,2026-05-07,Net Banking,Delivered,171211.6,5
6158,2838,217,5,2025-11-01,UPI,Delivered,3624.55,
6159,1737,73,2,2024-11-06,Credit Card,Delivered,69946.68,19
6160,9613,185,2,2024-09-03,Net Banking,Delivered,924.0,2
6161,16902,489,5,2024-08-04,Net Banking,Returned,10469.6,14
6162,12647,111,1,2024-11-26,Net Banking,Cancelled,68671.16,10
6163,9963,172,4,2025-02-08,Net Banking,Cancelled,196387.2,25
6164,19969,65,3,2025-04-18,Cash on Delivery,Delivered,1483.02,
6165,11975,42,1,2024-09-03,Credit Card,Delivered,72931.05,2
6166,319,306,2,2026-05-29,Cash on Delivery,Cancelled,822.8,7
6167,2701,231,5,2026-06-19,Debit Card,Delivered,357543.9,13
6168,4473,355,2,2025-09-30,Cash on Delivery,Delivered,694.4,12
6169,2472,423,3,2025-05-09,Cash on Delivery,Delivered,11385.99,
6170,18670,84,5,2026-02-02,Cash on Delivery,Returned,36018.0,
6171,5137,209,4,2026-03-22,UPI,Delivered,16117.64,9
6172,13068,262,2,2024-12-04,Cash on Delivery,Delivered,707.52,10
6173,8252,184,3,2026-03-06,Debit Card,Delivered,8840.7,9
6174,3236,340,3,2025-04-13,UPI,Delivered,251312.16,
6175,17549,319,3,2025-04-23,UPI,Delivered,2156.94,
6176,18582,494,2,2026-06-06,Debit Card,Delivered,130016.48,13
6177,11868,470,5,2025-09-20,UPI,Returned,12958.0,12
6178,14347,410,1,2025-08-14,Net Banking,Returned,1619.15,20
6179,19244,458,4,2026-02-18,Cash on Delivery,Cancelled,296880.0,
6180,9064,99,4,2026-03-13,Credit Card,Returned,11038.24,9
6181,3875,337,5,2025-08-22,Net Banking,Delivered,358033.0,20
6182,19776,308,4,2026-04-16,UPI,Delivered,8834.24,
6183,8591,319,1,2025-11-15,UPI,Delivered,718.98,8
6184,5206,353,2,2025-12-22,Debit Card,Delivered,419.9,
6185,10350,11,3,2025-12-20,Cash on Delivery,Delivered,363131.1,
6186,18547,104,5,2026-07-15,Cash on Delivery,Delivered,16572.3,
6187,3380,434,2,2025-09-16,Debit Card,Returned,1297.2,24
6188,10474,351,1,2026-02-06,UPI,Delivered,699.16,
6189,6250,379,5,2025-05-11,Net Banking,Delivered,2375.45,
6190,5417,229,1,2026-03-23,Cash on Delivery,Delivered,435.6,9
6191,3474,162,1,2025-10-23,Cash on Delivery,Returned,2593.47,
6192,14866,145,4,2025-07-01,Credit Card,Delivered,18889.36,3
6193,14257,174,1,2026-06-01,Net Banking,Delivered,16485.72,13
6194,5367,467,3,2025-04-10,Cash on Delivery,Delivered,6047.7,
6195,3245,374,4,2024-09-24,Credit Card,Delivered,2507.76,
6196,3653,90,1,2026-02-13,UPI,Delivered,13074.16,
6197,19316,310,2,2025-06-12,Cash on Delivery,Delivered,2324.0,16
6198,11618,6,1,2026-05-08,Net Banking,Delivered,5302.5,7
6199,8124,439,5,2025-06-10,Debit Card,Returned,14121.25,16
6200,4035,232,4,2025-11-27,Credit Card,Delivered,220422.32,8
6201,11618,387,1,2025-11-26,Cash on Delivery,Delivered,7141.83,8
6202,9432,14,3,2026-05-28,Debit Card,Delivered,3605.7,7
6203,10597,450,5,2026-02-28,Cash on Delivery,Delivered,1656.0,9
6204,5572,268,2,2025-10-20,Debit Card,Returned,155130.08,
6205,7132,163,2,2026-04-08,Credit Card,Delivered,11745.72,
6206,13314,456,3,2024-09-05,Net Banking,Delivered,2893.38,2
6207,7328,166,3,2024-10-06,Debit Card,Delivered,12706.92,4
6208,18460,389,3,2025-12-17,UPI,Delivered,7481.88,
6209,11488,458,2,2025-03-07,Cash on Delivery,Delivered,148440.0,1
6210,5659,386,3,2025-10-14,Cash on Delivery,Delivered,5103.15,
6211,10394,16,5,2026-07-14,Cash on Delivery,Cancelled,5329.0,
6212,13851,445,1,2024-08-14,UPI,Delivered,3460.32,18
6213,12431,411,5,2025-07-04,UPI,Delivered,14245.0,3
6214,17996,147,1,2026-04-28,Credit Card,Returned,349.77,
6215,14792,458,4,2025-02-11,Cash on Delivery,Delivered,296880.0,
6216,6266,82,1,2026-07-03,UPI,Returned,3908.79,
6217,18669,330,2,2025-04-25,Cash on Delivery,Delivered,6528.28,
6218,17510,174,5,2025-02-07,Net Banking,Delivered,82428.6,25
6219,9753,344,2,2026-02-23,Net Banking,Delivered,350.88,
6220,3257,395,2,2025-06-18,Cash on Delivery,Delivered,2402.62,16
6221,19297,151,3,2026-04-21,Credit Card,Delivered,199140.9,
6222,7329,397,1,2026-04-26,Cash on Delivery,Delivered,1635.66,
6223,11531,439,4,2026-02-22,Debit Card,Delivered,11297.0,
6224,7708,30,1,2026-02-03,Cash on Delivery,Returned,6719.25,
6225,4958,70,1,2025-11-18,Net Banking,Delivered,1272.24,8
6226,6652,83,3,2025-12-26,Credit Card,Delivered,3216.3,
6227,15974,242,4,2024-07-31,Credit Card,Delivered,5557.44,14
6228,11719,118,5,2024-08-01,UPI,Delivered,32728.8,14
6229,13309,327,5,2025-08-26,UPI,Delivered,33181.2,20
6230,12553,336,2,2025-12-15,Cash on Delivery,Delivered,3398.64,
6231,13447,355,2,2025-03-22,Cash on Delivery,Delivered,694.4,15
6232,3206,153,3,2025-03-14,UPI,Delivered,101965.5,1
6233,7917,30,3,2024-09-02,UPI,Delivered,20157.75,2
6234,4623,55,2,2025-11-16,Credit Card,Delivered,1585.3,8
6235,4995,204,3,2025-01-19,Net Banking,Delivered,5673.24,
6236,14194,194,4,2024-11-14,Credit Card,Delivered,8841.6,19
6237,7637,266,1,2025-11-01,Cash on Delivery,Delivered,3569.93,
6238,16869,146,4,2025-09-01,Debit Card,Delivered,2868.12,23
6239,16236,129,1,2025-04-09,Cash on Delivery,Delivered,95764.44,
6240,6755,384,3,2026-06-12,Cash on Delivery,Delivered,2018.1,13
6241,162,389,2,2025-04-18,UPI,Returned,4987.92,
6242,19573,132,5,2026-05-06,Net Banking,Cancelled,7146.3,7
6243,17904,260,3,2026-05-20,Net Banking,Delivered,1400.82,7
6244,18030,404,1,2025-08-22,Cash on Delivery,Delivered,54604.68,20
6245,6737,264,3,2024-10-31,Credit Card,Delivered,2253.6,19
6246,6881,119,4,2026-01-23,Credit Card,Delivered,13980.8,
6247,10870,106,5,2025-11-23,UPI,Delivered,28974.7,8
6248,4721,232,4,2025-06-06,UPI,Delivered,220422.32,
6249,18045,114,3,2024-11-25,Debit Card,Delivered,33910.8,10
6250,19188,112,5,2025-01-26,Debit Card,Delivered,469.9,
6251,7041,401,1,2026-06-15,Credit Card,Delivered,479.52,17
6252,9630,412,2,2025-06-26,Credit Card,Delivered,4410.0,11
6253,10482,164,2,2025-12-17,Credit Card,Cancelled,427.68,
6254,7933,339,4,2025-03-31,Credit Card,Delivered,250209.12,21
6255,2192,7,3,2024-11-15,Cash on Delivery,Delivered,23367.96,19
6256,960,316,2,2025-12-02,Net Banking,Delivered,22593.48,
6257,9673,52,3,2024-08-10,Credit Card,Delivered,17610.72,18
6258,18793,21,2,2024-09-04,Credit Card,Cancelled,57922.2,2
6259,2918,117,4,2026-06-04,Debit Card,Returned,2158.0,13
6260,18201,457,1,2026-03-29,Net Banking,Delivered,3808.35,
6261,805,433,4,2025-06-28,Net Banking,Delivered,3035.52,11
6262,9134,36,5,2026-02-21,Net Banking,Delivered,214014.5,
6263,3232,395,3,2025-02-03,Debit Card,Delivered,3603.93,25
6264,19572,55,3,2025-03-27,Debit Card,Delivered,2377.95,15
6265,7288,278,5,2025-10-15,Debit Card,Delivered,21815.8,
6266,9411,128,4,2025-06-25,Net Banking,Delivered,2658.24,11
6267,13843,184,2,2025-12-21,Debit Card,Delivered,5893.8,
6268,10693,479,2,2024-09-16,Net Banking,Delivered,17456.4,
6269,8134,44,5,2024-12-06,Debit Card,Returned,6239.3,10
6270,12749,78,5,2025-11-16,Net Banking,Delivered,50893.4,8
6271,10095,383,1,2025-05-13,UPI,Delivered,5554.9,
6272,15241,54,3,2025-02-12,Cash on Delivery,Delivered,3825.0,
6273,9356,246,5,2026-06-18,Credit Card,Cancelled,222728.1,17
6274,2391,259,1,2025-01-12,Net Banking,Delivered,3178.11,
6275,4409,440,5,2025-11-29,Net Banking,Delivered,53564.9,8
6276,3003,380,2,2026-01-10,UPI,Cancelled,8931.6,
6277,17154,56,2,2025-10-04,Cash on Delivery,Delivered,1446.12,12
6278,7245,74,5,2025-12-18,UPI,Delivered,38022.45,
6279,4873,453,1,2025-11-06,Cash on Delivery,Delivered,2087.28,8
6280,6259,200,1,2025-04-07,Net Banking,Delivered,256.2,
6281,5740,109,4,2024-12-28,UPI,Delivered,293346.24,
6282,18488,397,5,2024-07-31,Cash on Delivery,Delivered,8178.3,14
6283,10138,60,4,2025-08-15,Cash on Delivery,Delivered,8300.0,20
6284,15742,448,4,2025-02-18,Cash on Delivery,Delivered,2774.68,
6285,8848,167,1,2024-11-07,UPI,Delivered,1711.85,19
6286,18701,475,5,2025-09-29,UPI,Delivered,26846.4,12
6287,4342,237,2,2025-10-17,Cash on Delivery,Delivered,346.02,
6288,12084,256,5,2024-10-14,Cash on Delivery,Returned,1993.2,4
6289,6534,175,1,2024-10-05,Cash on Delivery,Delivered,5165.82,4
6290,8018,163,5,2026-02-10,Net Banking,Cancelled,29364.3,
6291,14483,127,3,2025-01-29,UPI,Delivered,336874.86,25
6292,16792,49,3,2026-07-03,Net Banking,Delivered,12200.28,
6293,19740,466,2,2026-07-11,UPI,Cancelled,671.84,
6294,17275,426,4,2024-07-24,Credit Card,Delivered,92403.52,14
6295,8059,456,4,2024-12-09,Cash on Delivery,Delivered,3857.84,10
6296,19309,309,2,2025-12-19,Cash on Delivery,Delivered,73068.16,
6297,89,56,4,2026-04-02,Credit Card,Returned,2892.24,
6298,19714,32,1,2024-11-30,Cash on Delivery,Returned,302.84,10
6299,7643,154,5,2024-11-16,Cash on Delivery,Delivered,268776.0,19
6300,11203,232,2,2024-08-13,Net Banking,Cancelled,110211.16,18
6301,12980,147,3,2025-02-08,Net Banking,Delivered,1049.31,25
6302,13261,311,5,2025-12-27,Credit Card,Delivered,1174.5,
6303,9599,386,3,2024-12-09,Debit Card,Delivered,5103.15,10
6304,6894,7,1,2026-04-14,Debit Card,Returned,7789.32,
6305,13855,202,2,2025-11-22,Net Banking,Returned,7709.52,8
6306,8419,8,3,2025-05-20,Cash on Delivery,Returned,138526.86,
6307,4342,101,4,2025-02-01,UPI,Delivered,21033.04,25
6308,16268,211,3,2026-04-30,Debit Card,Delivered,366975.42,7
6309,4328,161,3,2026-01-26,UPI,Returned,14023.56,
6310,18182,271,5,2025-06-22,Net Banking,Returned,4524.0,11
6311,5260,428,5,2025-08-24,UPI,Delivered,213686.2,20
6312,10005,137,3,2024-08-31,UPI,Cancelled,2114.82,2
6313,1539,221,4,2025-06-18,Cash on Delivery,Returned,5678.4,16
6314,11466,497,3,2025-10-30,Credit Card,Delivered,29750.16,
6315,5157,145,1,2025-01-10,Cash on Delivery,Delivered,4722.34,
6316,750,421,5,2025-07-07,UPI,Delivered,42085.0,3
6317,524,330,5,2024-07-20,Cash on Delivery,Delivered,16320.7,14
6318,13113,34,3,2026-02-25,UPI,Delivered,3662.01,
6319,15911,295,4,2024-11-07,Debit Card,Delivered,35882.56,19
6320,6653,377,5,2024-09-27,Net Banking,Delivered,1732.0,
6321,2338,365,3,2025-03-02,Cash on Delivery,Cancelled,5143.32,1
6322,12280,481,2,2024-08-04,UPI,Cancelled,1228.5,14
6323,12843,481,4,2024-12-15,Net Banking,Returned,2457.0,
6324,15047,145,1,2024-11-25,UPI,Returned,4722.34,10
6325,10956,87,5,2025-06-27,UPI,Delivered,58315.65,11
6326,6713,10,1,2026-05-31,Debit Card,Cancelled,7672.17,13
6327,19617,41,3,2024-12-14,Debit Card,Delivered,10305.36,
6328,3378,222,1,2025-02-09,UPI,Delivered,5048.1,25
6329,1561,185,1,2025-04-23,Net Banking,Delivered,462.0,
6330,7749,198,2,2024-09-02,UPI,Delivered,166195.96,2
6331,884,151,5,2025-11-28,Credit Card,Delivered,331901.5,8
6332,9676,190,5,2025-04-24,UPI,Delivered,21048.5,
6333,3645,321,3,2025-02-22,UPI,Delivered,2346.93,
6334,16346,163,2,2025-09-06,Debit Card,Delivered,11745.72,
6335,303,20,2,2025-02-19,Cash on Delivery,Delivered,6842.88,
6336,17702,476,2,2024-08-09,Cash on Delivery,Delivered,5259.5,14
6337,17975,185,5,2025-06-26,Debit Card,Delivered,2310.0,11
6338,17836,339,4,2024-08-07,Debit Card,Delivered,250209.12,18
6339,19052,130,2,2024-12-06,Credit Card,Returned,1660.0,10
6340,8281,121,3,2025-08-29,Debit Card,Delivered,886.2,23
6341,4776,32,3,2024-10-29,Net Banking,Delivered,908.52,
6342,2446,121,1,2026-05-15,Cash on Delivery,Cancelled,295.4,7
6343,11422,371,2,2025-03-02,Debit Card,Cancelled,964.24,1
6344,18099,163,1,2025-12-09,Cash on Delivery,Returned,5872.86,22
6345,9537,125,2,2026-02-02,Cash on Delivery,Delivered,8870.16,
6346,13982,441,2,2025-05-03,Credit Card,Delivered,9189.76,
6347,4391,164,2,2025-03-29,UPI,Delivered,427.68,21
6348,5095,87,1,2026-06-27,Credit Card,Delivered,11663.13,17
6349,3387,461,3,2026-01-18,Debit Card,Returned,282404.85,
6350,16162,4,4,2026-02-01,Cash on Delivery,Cancelled,268076.72,
6351,8612,185,1,2024-08-04,Cash on Delivery,Cancelled,462.0,14
6352,10009,321,3,2026-01-03,Net Banking,Cancelled,2346.93,
6353,14564,102,3,2025-03-06,UPI,Delivered,7146.3,1
6354,15862,233,4,2024-09-11,UPI,Delivered,148400.24,2
6355,15914,156,2,2024-12-21,Debit Card,Delivered,59506.8,
6356,5549,322,2,2024-08-27,UPI,Delivered,113198.56,2
6357,15655,118,5,2024-11-14,Credit Card,Delivered,32728.8,19
6358,13507,314,2,2025-01-06,UPI,Delivered,4991.4,
6359,8885,122,1,2025-01-27,Debit Card,Delivered,13890.24,
6360,3882,499,5,2025-03-02,Credit Card,Delivered,45796.8,1
6361,10907,152,5,2026-04-14,Net Banking,Delivered,146996.25,
6362,17391,342,1,2024-09-24,Debit Card,Delivered,607.2,
6363,2371,406,4,2025-08-26,Credit Card,Delivered,453879.36,20
6364,1779,446,3,2025-04-02,Debit Card,Cancelled,1460.04,21
6365,19156,40,5,2025-05-10,Cash on Delivery,Delivered,7482.0,
6366,5292,87,1,2024-07-17,Debit Card,Delivered,11663.13,
6367,9971,369,4,2025-02-09,Debit Card,Cancelled,7562.4,25
6368,13992,392,2,2026-03-03,Debit Card,Delivered,162753.06,9
6369,15047,267,5,2025-12-21,Net Banking,Returned,21318.0,
6370,8288,398,3,2024-07-23,Net Banking,Delivered,2058.42,14
6371,7842,129,4,2024-10-06,UPI,Delivered,383057.76,4
6372,12491,391,2,2025-05-27,Debit Card,Delivered,298.08,
6373,7048,88,4,2025-01-10,Net Banking,Returned,1310.64,
6374,15379,253,4,2025-12-14,Credit Card,Delivered,1928.88,
6375,14689,290,1,2025-07-13,UPI,Cancelled,1391.65,3
6376,18346,101,3,2026-06-07,Net Banking,Delivered,15774.78,13
6377,17437,237,2,2025-03-31,UPI,Delivered,346.02,21
6378,14781,13,3,2024-11-21,Credit Card,Cancelled,4260.0,10
6379,16164,342,1,2026-03-01,Net Banking,Delivered,607.2,9
6380,9271,481,4,2026-05-30,UPI,Delivered,2457.0,13
6381,10416,89,1,2025-07-10,Debit Card,Delivered,105695.12,3
6382,3301,148,5,2026-06-12,Net Banking,Delivered,7937.6,13
6383,9747,247,4,2025-03-13,UPI,Delivered,2219.04,1
6384,5588,36,5,2025-09-27,Credit Card,Cancelled,214014.5,12
6385,9744,4,5,2025-12-02,Credit Card,Delivered,335095.9,
6386,378,256,4,2024-12-05,Debit Card,Delivered,1594.56,10
6387,14219,55,3,2025-03-05,Net Banking,Delivered,2377.95,1
6388,514,480,4,2024-07-25,UPI,Cancelled,286788.6,14
6389,9057,172,3,2025-03-30,UPI,Delivered,147290.4,21
6390,11304,478,1,2025-02-13,Net Banking,Delivered,2369.3,
6391,12181,339,3,2026-05-07,UPI,Delivered,187656.84,5
6392,374,434,1,2024-08-05,Debit Card,Delivered,648.6,14
6393,15845,57,5,2026-05-11,Credit Card,Delivered,23963.85,5
6394,1306,396,5,2026-03-11,Debit Card,Cancelled,282730.8,9
6395,10314,202,1,2026-06-07,Cash on Delivery,Cancelled,3854.76,13
6396,10352,329,3,2025-08-10,UPI,Delivered,7941.57,20
6397,16508,252,3,2025-01-28,Debit Card,Cancelled,10404.0,
6398,8141,97,5,2026-02-07,Debit Card,Returned,4963.75,
6399,19708,1,5,2024-12-01,Debit Card,Delivered,4224.35,10
6400,4831,14,2,2024-09-27,Cash on Delivery,Cancelled,2403.8,
6401,8482,60,4,2025-01-21,Credit Card,Delivered,8300.0,
6402,17192,319,1,2024-11-18,Cash on Delivery,Cancelled,718.98,19
6403,18263,72,3,2025-10-25,Cash on Delivery,Delivered,6631.2,
6404,12599,229,3,2024-09-19,Credit Card,Delivered,1306.8,
6405,16965,65,5,2024-08-15,Debit Card,Returned,2471.7,18
6406,12005,385,1,2026-02-15,Credit Card,Delivered,874.9,
6407,14619,110,1,2025-04-04,Cash on Delivery,Delivered,1273.0,
6408,6309,6,3,2025-05-01,Net Banking,Cancelled,15907.5,
6409,11383,209,1,2024-12-21,Cash on Delivery,Delivered,4029.41,
6410,16168,129,4,2024-10-30,Credit Card,Delivered,383057.76,
6411,11079,46,5,2026-04-19,Debit Card,Delivered,289617.0,
6412,19031,216,2,2026-06-23,Net Banking,Delivered,2643.68,17
6413,14440,108,2,2025-04-17,Cash on Delivery,Delivered,1200.32,
6414,3713,18,3,2025-03-17,UPI,Delivered,1643.58,21
6415,14511,498,1,2024-07-28,Credit Card,Delivered,728.16,14
6416,17828,334,1,2025-08-22,UPI,Cancelled,744.6,20
6417,15369,500,3,2025-07-15,Cash on Delivery,Cancelled,26630.55,3
6418,17703,413,1,2025-01-29,Credit Card,Delivered,455.04,25
6419,10380,75,3,2026-02-15,UPI,Delivered,2395.68,
6420,8464,354,3,2025-11-01,Debit Card,Delivered,1633.05,
6421,8009,498,5,2025-01-15,Cash on Delivery,Delivered,3640.8,
6422,19473,341,1,2024-11-25,Cash on Delivery,Delivered,105160.66,10
6423,6927,9,4,2025-10-04,Debit Card,Returned,25175.04,12
6424,9354,472,4,2026-02-13,Net Banking,Delivered,5935.16,
6425,1220,401,5,2024-08-17,Net Banking,Returned,2397.6,18
6426,11304,243,4,2025-03-26,Debit Card,Delivered,2904.0,15
6427,19188,35,4,2026-03-28,Cash on Delivery,Delivered,5802.72,9
6428,17102,38,5,2025-03-25,Debit Card,Delivered,463469.3,15
6429,17443,325,3,2025-12-04,Credit Card,Cancelled,8981.88,22
6430,2189,156,3,2025-11-07,Net Banking,Delivered,89260.2,8
6431,7161,4,3,2026-04-18,Net Banking,Delivered,201057.54,
6432,6327,449,4,2025-05-25,UPI,Cancelled,3294.6,
6433,10089,448,2,2024-09-03,Net Banking,Cancelled,1387.34,2
6434,8732,163,1,2025-07-29,Debit Card,Cancelled,5872.86,
6435,6506,381,5,2026-05-17,Net Banking,Delivered,1911.6,7
6436,12858,478,5,2026-04-10,Credit Card,Delivered,11846.5,
6437,13960,301,4,2025-12-31,UPI,Returned,7244.6,
6438,12751,433,5,2025-08-04,Cash on Delivery,Delivered,3794.4,
6439,4571,342,5,2025-12-24,Credit Card,Delivered,3036.0,
6440,19997,13,5,2025-02-27,Credit Card,Returned,7100.0,1
6441,19447,336,2,2025-01-10,Cash on Delivery,Delivered,3398.64,
6442,4409,33,2,2025-12-01,Debit Card,Delivered,7715.52,
6443,18792,257,2,2026-04-15,Credit Card,Delivered,7688.08,
6444,1473,442,5,2024-11-19,Net Banking,Returned,1703.4,10
6445,9007,324,5,2024-11-15,Net Banking,Delivered,8303.3,19
6446,8137,392,2,2025-09-26,Credit Card,Delivered,162753.06,12
6447,14861,385,2,2024-08-07,Debit Card,Delivered,1749.8,14
6448,12011,451,4,2026-03-05,Debit Card,Delivered,309212.8,9
6449,15218,93,4,2026-04-26,UPI,Delivered,17003.96,
6450,720,238,4,2024-10-10,Cash on Delivery,Delivered,13996.8,4
6451,4366,7,3,2025-02-04,Cash on Delivery,Delivered,23367.96,25
6452,11758,47,5,2026-04-09,Credit Card,Delivered,278077.8,
6453,11918,86,4,2026-04-18,Debit Card,Delivered,13907.64,
6454,4466,308,2,2026-06-03,Cash on Delivery,Delivered,4417.12,13
6455,810,267,3,2026-06-02,Debit Card,Delivered,12790.8,13
6456,6489,39,2,2025-04-28,Credit Card,Returned,1434.72,
6457,2919,121,5,2025-11-18,Net Banking,Delivered,1477.0,8
6458,1597,366,2,2026-04-08,Debit Card,Cancelled,90407.58,
6459,11972,4,4,2025-10-18,Credit Card,Delivered,268076.72,
6460,13640,259,1,2025-08-17,UPI,Cancelled,3178.11,20
6461,8656,250,1,2025-09-02,Credit Card,Delivered,673.4,23
6462,12232,462,1,2024-10-19,Cash on Delivery,Delivered,452.12,4
6463,12065,230,5,2024-11-20,Cash on Delivery,Delivered,90883.0,10
6464,10010,187,1,2024-11-12,Net Banking,Delivered,24132.85,19
6465,565,417,2,2026-04-03,Credit Card,Delivered,1957.5,
6466,1503,418,1,2025-09-22,Net Banking,Delivered,12899.25,12
6467,12952,379,4,2024-12-20,Net Banking,Delivered,1900.36,
6468,13708,56,5,2025-04-14,Net Banking,Returned,3615.3,
6469,12082,130,1,2026-05-17,Debit Card,Delivered,830.0,7
6470,14474,241,1,2025-11-22,UPI,Delivered,622.5,8
6471,2828,87,2,2026-01-27,UPI,Cancelled,23326.26,
6472,3549,356,3,2026-04-24,Net Banking,Delivered,1599.84,
6473,18907,359,4,2025-06-11,Cash on Delivery,Delivered,16332.8,16
6474,11113,2,2,2026-04-19,Credit Card,Returned,42564.6,
6475,14084,238,2,2025-04-04,Credit Card,Delivered,6998.4,
6476,19251,73,2,2025-08-21,Debit Card,Delivered,69946.68,20
6477,16336,273,4,2025-12-18,Net Banking,Cancelled,47472.0,
6478,10904,297,4,2025-05-13,Credit Card,Cancelled,1437.12,
6479,7946,461,5,2025-04-03,Cash on Delivery,Returned,470674.75,21
6480,253,207,5,2026-03-05,UPI,Delivered,2660.5,9
6481,11587,299,5,2024-12-25,Debit Card,Delivered,407684.5,
6482,11842,210,5,2026-03-25,Debit Card,Returned,29729.8,9
6483,19235,406,3,2024-12-19,UPI,Delivered,340409.52,
6484,13597,209,5,2026-07-17,Net Banking,Returned,20147.05,
6485,2501,494,1,2026-05-19,Credit Card,Delivered,65008.24,7
6486,13406,100,2,2025-09-16,UPI,Delivered,905.28,12
6487,2076,282,3,2026-01-18,Cash on Delivery,Delivered,990.0,
6488,13854,34,3,2026-04-13,Credit Card,Delivered,3662.01,
6489,69,380,5,2025-03-16,Cash on Delivery,Delivered,22329.0,15
6490,15771,243,2,2026-01-26,Credit Card,Delivered,1452.0,
6491,8617,369,2,2025-10-26,Net Banking,Delivered,3781.2,
6492,466,169,3,2025-10-23,Debit Card,Delivered,7788.48,
6493,2038,222,5,2025-09-20,UPI,Delivered,25240.5,12
6494,11882,154,1,2025-02-20,Debit Card,Returned,53755.2,
6495,16109,257,5,2025-01-16,Debit Card,Delivered,19220.2,
6496,1003,379,4,2026-07-11,Net Banking,Returned,1900.36,
6497,6707,304,2,2024-09-24,Debit Card,Delivered,198854.76,
6498,18897,230,3,2025-12-08,Net Banking,Delivered,54529.8,22
6499,2618,430,3,2025-10-13,UPI,Delivered,32005.23,
6500,13613,499,4,2025-05-28,Credit Card,Returned,36637.44,
6501,7337,234,2,2025-04-04,Cash on Delivery,Delivered,1355.94,
6502,18103,359,2,2026-07-15,Credit Card,Delivered,8166.4,
6503,136,214,4,2026-02-04,Cash on Delivery,Delivered,4879.0,
6504,16694,354,5,2024-07-19,Net Banking,Delivered,2721.75,
6505,12507,206,2,2024-10-26,UPI,Delivered,4568.72,
6506,4600,364,2,2026-05-29,Net Banking,Delivered,1976.8,13
6507,10472,260,4,2024-08-30,Net Banking,Delivered,1867.76,2
6508,14397,404,4,2025-01-16,Debit Card,Delivered,218418.72,
6509,4204,50,4,2024-07-29,Credit Card,Delivered,46508.8,14
6510,276,321,2,2025-08-16,Debit Card,Delivered,1564.62,20
6511,12908,326,4,2026-03-29,UPI,Delivered,381.6,
6512,8267,6,3,2025-11-12,Net Banking,Cancelled,15907.5,8
6513,4964,193,5,2026-04-28,Cash on Delivery,Delivered,212810.0,
6514,17085,138,3,2025-06-12,UPI,Delivered,11928.87,16
6515,18229,163,3,2025-06-09,Net Banking,Delivered,17618.58,
6516,5254,419,2,2025-07-25,Net Banking,Delivered,68302.72,
6517,14342,262,3,2026-05-02,Net Banking,Returned,1061.28,7
6518,119,312,5,2024-12-03,Net Banking,Delivered,11207.35,10
6519,6607,234,1,2025-06-04,Net Banking,Returned,677.97,
6520,5221,325,2,2025-07-05,Cash on Delivery,Delivered,5987.92,3
6521,12642,192,5,2025-09-12,Cash on Delivery,Returned,337568.7,24
6522,4423,353,1,2025-06-17,Cash on Delivery,Delivered,209.95,16
6523,6690,435,5,2025-12-03,UPI,Delivered,999.6,22
6524,13937,439,5,2025-03-25,Net Banking,Delivered,14121.25,15
6525,11522,53,4,2024-11-09,Net Banking,Returned,102730.32,19
6526,19400,462,2,2024-12-20,UPI,Delivered,904.24,
6527,6705,78,4,2025-06-05,Debit Card,Returned,40714.72,
6528,7352,495,5,2025-02-24,Net Banking,Returned,41911.3,1
6529,18238,211,1,2026-07-01,Credit Card,Delivered,122325.14,
6530,13003,358,4,2025-09-18,Credit Card,Delivered,28520.0,12
6531,16413,433,4,2026-01-13,UPI,Delivered,3035.52,
6532,4016,82,1,2025-07-13,UPI,Delivered,3908.79,3
6533,13748,223,4,2026-01-29,Credit Card,Delivered,297763.68,
6534,14068,140,4,2025-07-19,Net Banking,Delivered,2078.6,
6535,5302,323,2,2024-11-02,Net Banking,Delivered,1057.9,19
6536,3431,417,1,2024-12-25,Cash on Delivery,Delivered,978.75,
6537,16308,246,3,2025-01-17,Net Banking,Returned,133636.86,
6538,14330,30,3,2026-05-24,UPI,Cancelled,20157.75,7
6539,18853,98,1,2026-04-17,Cash on Delivery,Cancelled,38042.4,
6540,1730,266,1,2025-12-21,UPI,Delivered,3569.93,
6541,9357,459,3,2025-11-25,UPI,Delivered,3338.91,8
6542,2753,385,3,2025-11-15,Cash on Delivery,Delivered,2624.7,8
6543,12549,229,3,2026-01-06,Net Banking,Delivered,1306.8,
6544,799,483,4,2024-11-06,Debit Card,Delivered,240692.8,19
6545,2265,399,3,2024-09-28,Credit Card,Delivered,367155.63,
6546,4115,120,4,2024-11-10,Net Banking,Delivered,3002.2,19
6547,403,113,3,2024-09-11,UPI,Delivered,1721.43,2
6548,2265,296,3,2025-10-03,Net Banking,Delivered,739.53,12
6549,1590,481,5,2025-04-05,Cash on Delivery,Delivered,3071.25,
6550,6025,267,5,2026-07-13,UPI,Cancelled,21318.0,
6551,1800,303,5,2025-11-10,Cash on Delivery,Delivered,38694.6,8
6552,11871,214,3,2024-12-21,UPI,Cancelled,3659.25,
6553,6782,188,3,2026-06-28,Credit Card,Returned,12306.6,17
6554,5719,137,5,2025-02-17,UPI,Returned,3524.7,
6555,9244,228,1,2024-12-24,Debit Card,Delivered,10928.16,
6556,2083,85,1,2025-11-27,Cash on Delivery,Delivered,976.5,8
6557,18211,150,4,2025-06-26,Credit Card,Delivered,38909.6,11
6558,13783,32,3,2025-01-24,Debit Card,Delivered,908.52,
6559,10186,201,2,2025-05-18,Credit Card,Delivered,12066.72,
6560,19540,351,4,2024-09-10,Cash on Delivery,Delivered,2796.64,2
6561,9061,207,1,2026-01-05,Debit Card,Delivered,532.1,
6562,2689,361,4,2025-02-13,Net Banking,Delivered,26213.88,
6563,15084,207,4,2025-12-27,Debit Card,Delivered,2128.4,
6564,19623,361,2,2025-08-18,UPI,Delivered,13106.94,20
6565,19101,458,4,2026-01-29,Debit Card,Delivered,296880.0,
6566,6362,260,5,2025-12-25,Net Banking,Delivered,2334.7,
6567,6603,331,1,2026-04-24,Cash on Delivery,Cancelled,26857.44,
6568,11305,443,4,2026-07-05,Debit Card,Delivered,114923.4,
6569,10743,401,2,2025-09-23,Cash on Delivery,Delivered,959.04,12
6570,9433,484,2,2026-04-04,Net Banking,Delivered,218277.7,
6571,13306,127,4,2025-12-09,Debit Card,Delivered,449166.48,22
6572,13472,172,3,2025-07-05,Credit Card,Delivered,147290.4,3
6573,14722,82,3,2025-09-09,Debit Card,Delivered,11726.37,24
6574,253,69,4,2024-09-21,Cash on Delivery,Delivered,2306.4,
6575,11526,147,4,2026-05-22,Cash on Delivery,Delivered,1399.08,7
6576,8349,11,3,2025-03-10,Debit Card,Delivered,363131.1,1
6577,18979,466,1,2024-10-30,Cash on Delivery,Delivered,335.92,
6578,11229,473,2,2025-01-04,UPI,Cancelled,74485.86,
6579,11377,46,4,2025-05-15,Net Banking,Delivered,231693.6,
6580,2219,444,2,2026-05-29,UPI,Cancelled,6046.56,13
6581,1448,86,1,2024-07-26,UPI,Delivered,3476.91,14
6582,14242,347,1,2026-03-12,Cash on Delivery,Returned,1917.3,9
6583,5220,492,5,2025-04-28,Debit Card,Cancelled,7999.0,
6584,17572,440,3,2026-06-25,Net Banking,Returned,32138.94,17
6585,11323,136,4,2026-01-19,Credit Card,Delivered,397918.4,
6586,13485,254,5,2026-06-05,UPI,Returned,1003.8,13
6587,14301,79,1,2026-01-07,Net Banking,Delivered,93926.12,
6588,14017,195,4,2025-11-08,UPI,Delivered,3492.64,8
6589,3815,230,1,2026-01-04,Cash on Delivery,Delivered,18176.6,
6590,14379,445,2,2026-01-24,Cash on Delivery,Delivered,6920.64,
6591,18810,499,5,2025-01-25,Net Banking,Delivered,45796.8,
6592,1716,272,3,2025-05-14,Debit Card,Delivered,4736.97,
6593,11149,96,5,2026-04-11,Cash on Delivery,Cancelled,6947.1,
6594,17641,303,3,2025-11-14,Net Banking,Delivered,23216.76,8
6595,15260,119,4,2025-03-24,UPI,Returned,13980.8,15
6596,10036,496,3,2024-08-25,UPI,Delivered,4443.12,2
6597,16992,97,5,2024-12-31,Cash on Delivery,Delivered,4963.75,
6598,18383,481,2,2026-03-28,UPI,Delivered,1228.5,9
6599,18405,363,2,2025-05-06,Net Banking,Returned,909.42,
6600,13312,88,5,2025-06-04,UPI,Delivered,1638.3,
6601,19878,487,5,2025-07-13,UPI,Delivered,4736.9,3
6602,19792,143,1,2024-07-22,UPI,Returned,140.89,14
6603,675,313,5,2026-02-09,Credit Card,Delivered,278592.5,
6604,16521,24,3,2026-03-10,Credit Card,Delivered,8662.68,9
6605,1810,428,4,2025-01-30,Debit Card,Delivered,170948.96,25
6606,12204,113,5,2026-01-14,UPI,Cancelled,2869.05,
6607,14409,204,5,2024-08-12,Credit Card,Delivered,9455.4,14
6608,9847,38,5,2024-10-04,Debit Card,Delivered,463469.3,4
6609,8456,384,5,2024-11-03,UPI,Delivered,3363.5,19
6610,19815,17,5,2025-01-09,Net Banking,Delivered,163696.5,
6611,4377,286,3,2026-07-16,UPI,Delivered,213479.52,
6612,19106,27,4,2024-07-25,UPI,Cancelled,22012.32,14
6613,8721,361,5,2025-06-15,Cash on Delivery,Delivered,32767.35,16
6614,4035,211,4,2025-01-14,Debit Card,Delivered,489300.56,
6615,3381,495,5,2025-05-03,Debit Card,Delivered,41911.3,
6616,10395,93,2,2025-09-17,Debit Card,Delivered,8501.98,12
6617,1553,431,1,2025-12-12,Debit Card,Delivered,537.47,22
6618,12663,454,1,2025-11-19,Cash on Delivery,Delivered,40519.2,8
6619,19733,141,3,2026-01-09,Cash on Delivery,Delivered,1146.6,
6620,16001,421,2,2025-11-22,Cash on Delivery,Returned,16834.0,8
6621,18362,155,2,2026-04-05,Debit Card,Delivered,19273.98,
6622,11577,441,4,2024-12-10,Credit Card,Returned,18379.52,
6623,1479,81,1,2025-04-30,Net Banking,Cancelled,341.82,
6624,3582,380,2,2026-04-26,Net Banking,Delivered,8931.6,
6625,18728,284,4,2025-12-16,Debit Card,Delivered,1860.32,
6626,17991,466,1,2025-10-14,UPI,Delivered,335.92,
6627,16100,359,2,2025-09-16,Cash on Delivery,Delivered,8166.4,24
6628,4787,393,3,2024-10-01,Debit Card,Delivered,861.84,
6629,3129,143,1,2024-07-30,Net Banking,Delivered,140.89,14
6630,2977,492,1,2025-11-02,UPI,Returned,1599.8,
6631,13457,382,2,2026-04-25,Net Banking,Delivered,10163.34,
6632,4510,332,5,2025-06-11,Cash on Delivery,Delivered,13027.5,16
6633,1746,423,3,2025-02-21,Credit Card,Cancelled,11385.99,
6634,1607,471,4,2025-12-25,Cash on Delivery,Returned,1977.36,
6635,14823,484,3,2024-09-23,UPI,Delivered,327416.55,
6636,14059,399,3,2025-10-20,Credit Card,Returned,367155.63,
6637,15118,440,3,2025-08-29,Debit Card,Delivered,32138.94,23
6638,7463,430,3,2026-03-20,UPI,Delivered,32005.23,9
6639,1867,187,3,2024-11-12,Cash on Delivery,Cancelled,72398.55,19
6640,7193,17,4,2026-07-12,Net Banking,Returned,130957.2,
6641,15525,119,5,2025-02-18,Net Banking,Delivered,17476.0,
6642,18685,261,2,2024-08-16,Credit Card,Delivered,2898.2,18
6643,6296,348,5,2025-05-25,Debit Card,Returned,292101.25,
6644,17623,227,1,2026-04-07,Cash on Delivery,Delivered,732.75,
6645,6330,300,1,2025-01-12,UPI,Delivered,419.65,
6646,9043,306,1,2025-11-25,Debit Card,Delivered,411.4,8
6647,5551,317,5,2024-07-31,Credit Card,Delivered,17177.6,14
6648,17595,278,3,2025-02-24,UPI,Returned,13089.48,1
6649,1394,436,5,2025-05-08,Credit Card,Delivered,52473.75,
6650,4882,319,1,2024-11-23,Cash on Delivery,Returned,718.98,10
6651,17063,175,5,2025-08-12,Cash on Delivery,Delivered,25829.1,20
6652,16028,238,4,2024-09-26,Debit Card,Delivered,13996.8,
6653,16753,245,3,2025-07-13,Credit Card,Delivered,5727.57,3
6654,17102,409,4,2024-10-24,Net Banking,Delivered,7156.8,4
6655,10156,142,4,2025-01-29,Debit Card,Delivered,10031.68,25
6656,9170,4,4,2026-06-25,Net Banking,Delivered,268076.72,17
6657,17564,314,3,2025-03-29,Net Banking,Returned,7487.1,21
6658,17803,282,5,2025-08-16,Cash on Delivery,Delivered,1650.0,20
6659,612,306,4,2024-12-08,UPI,Delivered,1645.6,10
6660,17464,227,5,2026-04-10,Net Banking,Delivered,3663.75,
6661,11608,73,4,2025-10-23,Credit Card,Delivered,139893.36,
6662,16848,51,4,2024-11-16,Cash on Delivery,Returned,1725.36,19
6663,13513,393,2,2026-05-03,Cash on Delivery,Delivered,574.56,7
6664,17937,106,1,2024-11-18,Debit Card,Delivered,5794.94,19
6665,13815,65,5,2026-07-14,Net Banking,Delivered,2471.7,
6666,14571,18,4,2025-09-24,Net Banking,Delivered,2191.44,12
6667,4249,160,2,2024-10-10,Debit Card,Cancelled,189296.34,4
6668,15859,69,2,2024-12-24,Net Banking,Delivered,1153.2,
6669,19950,204,3,2026-03-02,Debit Card,Delivered,5673.24,9
6670,212,200,5,2026-05-30,Credit Card,Delivered,1281.0,13
6671,5338,353,2,2025-05-07,Credit Card,Returned,419.9,
6672,4892,334,1,2025-12-28,Credit Card,Delivered,744.6,
6673,2430,387,5,2025-01-17,Cash on Delivery,Returned,35709.15,
6674,5750,83,1,2024-10-10,Credit Card,Delivered,1072.1,4
6675,15657,137,2,2026-06-07,Debit Card,Delivered,1409.88,13
6676,814,202,2,2025-05-11,Debit Card,Returned,7709.52,
6677,363,107,3,2025-05-05,Net Banking,Delivered,1436.64,
6678,1016,220,2,2025-05-31,Debit Card,Delivered,3707.7,
6679,5402,331,5,2025-05-22,Net Banking,Cancelled,134287.2,
6680,9455,194,5,2026-03-28,Net Banking,Delivered,11052.0,9
6681,18916,112,4,2024-09-02,Cash on Delivery,Delivered,375.92,2
6682,3136,366,4,2026-06-30,Debit Card,Delivered,180815.16,
6683,1849,184,1,2025-06-14,Debit Card,Delivered,2946.9,16
6684,1840,28,5,2024-07-31,Debit Card,Delivered,90187.85,14
6685,14639,184,1,2026-06-09,Debit Card,Delivered,2946.9,13
6686,1776,277,2,2025-07-10,Debit Card,Delivered,99682.9,3
6687,2336,459,3,2025-02-24,Net Banking,Delivered,3338.91,1
6688,18214,32,3,2025-08-12,Credit Card,Delivered,908.52,20
6689,2279,241,1,2026-05-15,Credit Card,Delivered,622.5,7
6690,14086,370,5,2025-11-10,UPI,Delivered,3590.55,8
6691,15262,123,2,2025-01-25,Credit Card,Delivered,3061.8,
6692,16104,155,5,2025-03-26,Debit Card,Delivered,48184.95,21
6693,773,99,2,2025-03-10,Net Banking,Returned,5519.12,1
6694,10700,85,2,2024-11-28,Net Banking,Delivered,1953.0,10
6695,17640,172,3,2024-07-21,Cash on Delivery,Delivered,147290.4,14
6696,4807,129,3,2025-01-31,Cash on Delivery,Delivered,287293.32,25
6697,12554,120,5,2025-08-16,Debit Card,Delivered,3752.75,20
6698,3825,136,1,2025-10-14,Debit Card,Delivered,99479.6,
6699,12065,404,4,2025-01-27,Cash on Delivery,Delivered,218418.72,
6700,18361,97,4,2026-06-27,Net Banking,Cancelled,3971.0,13
6701,16678,356,4,2026-03-21,UPI,Delivered,2133.12,9
6702,18963,177,3,2025-10-30,Debit Card,Delivered,2942.64,
6703,12958,289,1,2024-12-15,UPI,Delivered,1438.3,
6704,13068,243,2,2024-11-13,Credit Card,Delivered,1452.0,19
6705,3541,318,3,2025-06-11,Debit Card,Returned,327538.74,16
6706,2250,271,5,2026-04-24,UPI,Delivered,4524.0,
6707,3640,441,4,2024-10-02,Credit Card,Delivered,18379.52,
6708,2415,373,4,2025-01-22,Cash on Delivery,Returned,221404.56,
6709,14440,210,4,2025-09-10,Cash on Delivery,Delivered,23783.84,24
6710,18700,53,3,2025-05-18,UPI,Delivered,77047.74,
6711,4955,317,1,2026-06-08,Debit Card,Delivered,3435.52,13
6712,14560,491,5,2024-09-20,Credit Card,Returned,1340.5,
6713,9050,352,4,2025-09-02,UPI,Cancelled,60505.32,23
6714,4884,221,3,2025-08-04,Cash on Delivery,Delivered,4258.8,
6715,2364,70,2,2025-07-21,Cash on Delivery,Returned,2544.48,
6716,18434,314,4,2026-05-12,Net Banking,Delivered,9982.8,5
6717,10142,75,3,2025-12-13,Debit Card,Delivered,2395.68,22
6718,16707,397,2,2024-10-04,Cash on Delivery,Delivered,3271.32,4
6719,8181,53,5,2026-06-04,Credit Card,Delivered,128412.9,13
6720,12245,162,4,2024-08-06,Credit Card,Delivered,10373.88,14
6721,8532,416,5,2025-03-17,UPI,Cancelled,4361.6,15
6722,9444,162,2,2026-01-02,Net Banking,Delivered,5186.94,
6723,14484,66,3,2024-11-14,Credit Card,Delivered,1922.1,19
6724,1195,157,5,2026-03-26,Cash on Delivery,Delivered,51159.8,9
6725,8136,454,5,2025-12-16,Debit Card,Delivered,202596.0,
6726,16379,474,3,2024-09-14,Cash on Delivery,Delivered,282919.32,
6727,2693,198,2,2025-05-30,Credit Card,Cancelled,166195.96,
6728,7,202,3,2025-01-06,UPI,Delivered,11564.28,
6729,10557,253,1,2025-11-29,Credit Card,Delivered,482.22,8
6730,18264,228,2,2025-11-27,Cash on Delivery,Delivered,21856.32,8
6731,9133,374,1,2025-01-16,UPI,Delivered,626.94,
6732,15269,418,4,2024-07-28,Credit Card,Cancelled,51597.0,14
6733,3423,473,3,2025-02-26,Cash on Delivery,Cancelled,111728.79,1
6734,7643,110,4,2025-08-09,Credit Card,Delivered,5092.0,20
6735,10138,93,1,2024-11-27,Credit Card,Delivered,4250.99,10
6736,11229,407,3,2024-08-23,Debit Card,Delivered,10185.12,2
6737,2163,181,2,2024-08-30,Credit Card,Returned,5430.08,2
6738,1133,293,5,2024-11-24,Cash on Delivery,Delivered,4944.4,10
6739,3308,361,3,2025-11-05,Net Banking,Delivered,19660.41,8
6740,8597,72,5,2025-09-04,Debit Card,Delivered,11052.0,23
6741,5871,117,4,2024-07-26,Debit Card,Delivered,2158.0,14
6742,2308,254,2,2025-03-25,Net Banking,Returned,401.52,21
6743,9742,320,1,2025-03-24,Net Banking,Delivered,1701.08,21
6744,2802,149,1,2025-12-25,Cash on Delivery,Delivered,3109.86,
6745,11654,181,2,2025-04-27,Net Banking,Delivered,5430.08,
6746,14365,93,1,2025-10-08,Debit Card,Returned,4250.99,12
6747,8459,243,5,2026-02-03,Debit Card,Delivered,3630.0,
6748,11954,296,2,2024-08-21,Credit Card,Delivered,493.02,18
6749,14422,89,3,2026-05-26,Debit Card,Delivered,317085.36,7
6750,6886,207,3,2025-02-07,Credit Card,Delivered,1596.3,25
6751,17025,141,4,2025-01-04,Cash on Delivery,Delivered,1528.8,
6752,16182,61,2,2024-11-25,Net Banking,Delivered,2603.04,10
6753,14413,171,1,2025-01-22,Cash on Delivery,Delivered,6286.8,
6754,3145,92,3,2026-01-01,UPI,Delivered,5191.2,
6755,7285,482,3,2025-03-24,Cash on Delivery,Delivered,125342.7,21
6756,528,455,4,2025-10-12,Cash on Delivery,Returned,186.48,
6757,13544,269,1,2026-06-05,Cash on Delivery,Delivered,166.53,13
6758,12343,330,1,2024-08-21,UPI,Delivered,3264.14,2
6759,15776,347,5,2025-12-12,UPI,Cancelled,9586.5,22
6760,14390,459,3,2025-06-29,Credit Card,Delivered,3338.91,11
6761,18229,413,5,2025-08-17,Debit Card,Delivered,2275.2,20
6762,542,224,1,2025-04-17,UPI,Cancelled,1856.79,
6763,11230,207,2,2024-12-08,Credit Card,Delivered,1064.2,10
6764,8315,40,4,2025-03-04,Net Banking,Delivered,5985.6,1
6765,10446,262,2,2024-11-22,Cash on Delivery,Delivered,707.52,10
6766,4232,422,5,2024-08-22,UPI,Delivered,15500.85,18
6767,14439,59,2,2024-11-01,UPI,Cancelled,1630.64,19
6768,13471,204,1,2026-07-07,Cash on Delivery,Cancelled,1891.08,
6769,1249,410,1,2025-01-26,Cash on Delivery,Delivered,1619.15,
6770,7735,13,2,2025-03-30,Net Banking,Delivered,2840.0,21
6771,668,418,1,2024-10-16,Credit Card,Delivered,12899.25,4
6772,326,79,4,2026-03-14,Cash on Delivery,Delivered,375704.48,9
6773,7359,410,1,2026-03-27,Cash on Delivery,Delivered,1619.15,9
6774,7519,125,2,2026-04-10,Credit Card,Returned,8870.16,
6775,16862,466,4,2024-09-05,UPI,Cancelled,1343.68,2
6776,10584,2,1,2024-07-23,Cash on Delivery,Delivered,21282.3,14
6777,3011,57,4,2025-11-14,UPI,Delivered,19171.08,8
6778,4216,218,4,2025-08-31,UPI,Delivered,122955.84,23
6779,1707,220,5,2024-12-31,Cash on Delivery,Returned,9269.25,
6780,302,20,1,2026-03-02,Debit Card,Delivered,3421.44,9
6781,15409,154,2,2025-08-08,UPI,Delivered,107510.4,20
6782,17044,120,1,2025-01-24,Net Banking,Delivered,750.55,
6783,12254,106,3,2025-08-19,Debit Card,Returned,17384.82,20
6784,13555,274,2,2024-09-22,UPI,Delivered,6065.1,
6785,3796,448,4,2026-07-13,Credit Card,Delivered,2774.68,
6786,12733,238,2,2025-04-12,Cash on Delivery,Returned,6998.4,
6787,10775,168,5,2026-03-15,UPI,Delivered,22938.45,9
6788,575,52,5,2026-03-30,Debit Card,Delivered,29351.2,
6789,16113,3,3,2024-08-10,Cash on Delivery,Delivered,1850.55,18
6790,8059,388,2,2024-11-06,Net Banking,Delivered,5065.28,19
6791,4367,257,1,2026-05-01,Cash on Delivery,Returned,3844.04,7
6792,5130,443,2,2026-04-27,Cash on Delivery,Delivered,57461.7,
6793,6687,90,2,2024-09-02,UPI,Delivered,26148.32,2
6794,3374,252,5,2025-11-20,Net Banking,Delivered,17340.0,8
6795,4201,393,5,2025-01-17,UPI,Delivered,1436.4,
6796,12653,400,4,2025-02-22,Net Banking,Delivered,4680.0,
6797,5035,221,4,2024-07-29,Debit Card,Delivered,5678.4,14
6798,19997,464,5,2026-05-01,Debit Card,Delivered,2686.0,7
6799,7438,169,2,2025-10-08,Debit Card,Delivered,5192.32,12
6800,19062,392,3,2025-12-18,Debit Card,Delivered,244129.59,
6801,5342,368,5,2026-03-22,UPI,Delivered,3340.0,9
6802,15634,132,5,2025-06-29,UPI,Delivered,7146.3,3
6803,477,68,2,2025-02-23,Cash on Delivery,Returned,1122.0,
6804,13870,378,3,2026-02-16,Net Banking,Delivered,6854.7,
6805,13727,229,5,2025-12-18,Debit Card,Delivered,2178.0,
6806,4572,4,2,2025-10-01,Net Banking,Cancelled,134038.36,12
6807,13879,483,2,2024-12-28,Net Banking,Delivered,120346.4,
6808,8736,212,3,2026-07-17,Debit Card,Returned,889.2,
6809,8867,186,1,2026-01-26,Debit Card,Delivered,4849.65,
6810,11627,408,1,2025-11-20,Credit Card,Delivered,167.67,8
6811,13135,454,3,2025-08-24,Debit Card,Delivered,121557.6,20
6812,8783,238,4,2025-03-06,Debit Card,Delivered,13996.8,1
6813,13425,232,4,2025-07-02,Credit Card,Delivered,220422.32,11
6814,4585,62,4,2025-12-24,Net Banking,Returned,9398.4,
6815,18731,361,3,2025-03-16,Debit Card,Delivered,19660.41,21
6816,17893,186,4,2025-07-31,Net Banking,Delivered,19398.6,
6817,7298,264,3,2025-01-25,Cash on Delivery,Cancelled,2253.6,
6818,5904,72,5,2025-12-27,Cash on Delivery,Delivered,11052.0,
6819,17674,415,4,2025-02-14,Net Banking,Delivered,4392.36,
6820,2286,118,5,2025-09-04,UPI,Delivered,32728.8,23
6821,14031,116,5,2026-05-27,Net Banking,Delivered,9428.0,7
6822,10958,188,1,2025-03-07,Cash on Delivery,Delivered,4102.2,1
6823,1465,222,1,2025-04-10,Cash on Delivery,Delivered,5048.1,
6824,17081,3,5,2025-02-14,Debit Card,Returned,3084.25,
6825,4754,127,1,2024-12-01,Net Banking,Delivered,112291.62,10
6826,16457,442,3,2025-02-20,Cash on Delivery,Delivered,1022.04,
6827,2151,12,2,2026-07-01,UPI,Returned,10296.0,
6828,9148,497,5,2024-08-18,Net Banking,Delivered,49583.6,18
6829,6885,162,5,2025-05-24,Net Banking,Returned,12967.35,
6830,943,99,5,2026-03-04,Credit Card,Delivered,13797.8,9
6831,4624,6,3,2025-04-27,UPI,Delivered,15907.5,
6832,18524,32,1,2024-08-01,Cash on Delivery,Delivered,302.84,14
6833,12959,282,5,2024-08-22,Net Banking,Delivered,1650.0,2
6834,15274,286,3,2025-11-14,UPI,Delivered,213479.52,8
6835,6588,21,3,2025-03-27,Cash on Delivery,Delivered,86883.3,21
6836,1046,62,3,2025-05-15,Net Banking,Delivered,7048.8,
6837,4273,144,2,2024-08-04,Credit Card,Delivered,9113.6,14
6838,4477,238,1,2025-01-17,Debit Card,Cancelled,3499.2,
6839,4077,354,3,2025-01-25,Credit Card,Returned,1633.05,
6840,15500,53,1,2026-04-19,Cash on Delivery,Delivered,25682.58,
6841,3219,421,3,2024-11-21,Cash on Delivery,Returned,25251.0,10
6842,2763,157,3,2025-03-01,Cash on Delivery,Delivered,30695.88,1
6843,12797,188,2,2024-08-17,Cash on Delivery,Delivered,8204.4,18
6844,5282,420,1,2025-09-12,Debit Card,Delivered,959.42,24
6845,3921,178,1,2025-06-28,UPI,Cancelled,768.4,11
6846,11699,142,5,2025-01-04,Credit Card,Delivered,12539.6,
6847,4423,164,4,2025-12-02,Credit Card,Delivered,855.36,
6848,7638,485,5,2024-09-28,Debit Card,Delivered,1498.0,
6849,4899,60,3,2025-12-22,UPI,Delivered,6225.0,
6850,12417,358,2,2025-08-22,Net Banking,Delivered,14260.0,20
6851,3989,40,2,2024-08-15,Net Banking,Delivered,2992.8,18
6852,14838,13,5,2025-10-12,UPI,Returned,7100.0,
6853,8086,453,2,2024-10-07,Cash on Delivery,Cancelled,4174.56,4
6854,9717,175,2,2025-03-02,Credit Card,Returned,10331.64,1
6855,8895,494,5,2025-06-03,Debit Card,Delivered,325041.2,
6856,2025,112,3,2026-04-17,Net Banking,Delivered,281.94,
6857,9781,189,3,2025-07-07,Debit Card,Returned,428.4,3
6858,4544,251,4,2025-09-06,Credit Card,Delivered,430830.0,
6859,3734,286,2,2026-03-10,Net Banking,Delivered,142319.68,9
6860,12220,392,4,2025-06-24,Cash on Delivery,Delivered,325506.12,3
6861,16403,35,5,2026-04-20,UPI,Delivered,7253.4,
6862,17394,121,1,2026-02-16,Debit Card,Returned,295.4,
6863,9793,115,5,2026-05-07,UPI,Delivered,11732.05,5
6864,11836,262,5,2025-07-26,Debit Card,Returned,1768.8,
6865,12888,156,3,2024-08-12,UPI,Delivered,89260.2,18
6866,6607,18,3,2026-06-28,UPI,Delivered,1643.58,17
6867,12177,111,4,2026-03-28,Credit Card,Delivered,274684.64,9
6868,18869,471,1,2025-03-09,Cash on Delivery,Cancelled,494.34,1
6869,3274,367,2,2025-02-10,Credit Card,Delivered,2369.48,
6870,17988,425,5,2026-06-06,Net Banking,Returned,1246.6,13
6871,9970,233,5,2025-11-19,Credit Card,Cancelled,185500.3,8
6872,17442,459,4,2026-05-21,Net Banking,Delivered,4451.88,7
6873,6143,162,3,2024-12-08,Credit Card,Delivered,7780.41,10
6874,13195,233,1,2024-11-23,Cash on Delivery,Delivered,37100.06,10
6875,4079,407,2,2025-08-27,Cash on Delivery,Delivered,6790.08,20
6876,1641,440,2,2025-03-03,UPI,Delivered,21425.96,1
6877,16437,94,5,2026-07-07,Debit Card,Delivered,2620.0,
6878,8304,131,5,2025-01-18,Debit Card,Delivered,9141.5,
6879,11319,269,5,2024-09-19,Net Banking,Delivered,832.65,
6880,13053,410,1,2024-09-07,Debit Card,Delivered,1619.15,2
6881,17733,213,1,2026-02-20,Cash on Delivery,Cancelled,4200.0,
6882,6908,169,2,2024-12-03,Net Banking,Delivered,5192.32,10
6883,9244,22,1,2024-08-13,Debit Card,Returned,1835.2,18
6884,8459,48,3,2025-09-06,Debit Card,Delivered,517.44,
6885,13687,239,3,2026-03-01,Debit Card,Delivered,11497.59,9
6886,7345,234,1,2024-09-14,Credit Card,Delivered,677.97,
6887,1418,207,2,2026-05-24,Debit Card,Returned,1064.2,7
6888,15177,73,2,2026-06-23,UPI,Delivered,69946.68,17
6889,17125,251,3,2025-12-31,Net Banking,Delivered,323122.5,
6890,7086,472,2,2025-01-27,Cash on Delivery,Delivered,2967.58,
6891,19761,6,2,2026-01-10,Cash on Delivery,Delivered,10605.0,
6892,14612,311,2,2025-06-01,Cash on Delivery,Cancelled,469.8,
6893,17494,89,2,2024-11-15,Debit Card,Delivered,211390.24,19
6894,5524,4,5,2025-10-26,Debit Card,Delivered,335095.9,
6895,8197,467,1,2025-12-12,Net Banking,Delivered,2015.9,22
6896,12267,323,4,2025-11-30,UPI,Cancelled,2115.8,8
6897,571,229,5,2025-04-15,Debit Card,Delivered,2178.0,
6898,11142,125,5,2025-04-10,Net Banking,Delivered,22175.4,
6899,2789,37,5,2025-08-25,Net Banking,Delivered,20310.75,20
6900,3996,349,5,2025-03-09,Debit Card,Cancelled,19727.35,1
6901,16481,413,3,2025-11-06,Credit Card,Delivered,1365.12,8
6902,290,156,1,2025-12-16,UPI,Delivered,29753.4,
6903,5024,335,3,2025-06-21,Net Banking,Returned,5674.86,6
6904,2736,449,5,2024-12-20,Net Banking,Delivered,4118.25,
6905,5209,399,1,2024-09-20,Debit Card,Delivered,122385.21,
6906,10718,373,4,2025-01-27,UPI,Cancelled,221404.56,
6907,7221,264,3,2024-10-08,Credit Card,Delivered,2253.6,4
6908,11375,191,5,2026-03-25,Cash on Delivery,Returned,2934.6,9
6909,1026,217,1,2026-04-30,Cash on Delivery,Delivered,724.91,7
6910,18370,412,4,2025-06-01,Debit Card,Delivered,8820.0,
6911,8612,91,3,2025-07-30,Credit Card,Delivered,339347.07,
6912,10630,392,1,2024-12-16,Debit Card,Returned,81376.53,
6913,16334,164,5,2025-06-11,Net Banking,Delivered,1069.2,16
6914,12978,129,3,2025-03-15,Net Banking,Delivered,287293.32,1
6915,2544,310,5,2024-10-13,UPI,Delivered,5810.0,4
6916,7983,98,5,2025-06-12,Credit Card,Delivered,190212.0,16
6917,354,294,4,2024-09-12,Cash on Delivery,Returned,1690.56,2
6918,18817,193,2,2026-03-13,UPI,Delivered,85124.0,9
6919,5816,78,1,2026-06-09,Net Banking,Delivered,10178.68,13
6920,1744,18,4,2024-09-18,Debit Card,Delivered,2191.44,
6921,2345,177,4,2026-02-09,Net Banking,Returned,3923.52,
6922,16263,485,1,2025-09-29,Credit Card,Delivered,299.6,12
6923,8919,303,4,2024-09-12,Net Banking,Delivered,30955.68,2
6924,4521,301,1,2024-10-04,UPI,Cancelled,1811.15,4
6925,6565,214,5,2024-11-27,Credit Card,Delivered,6098.75,10
6926,9845,242,5,2026-03-17,Credit Card,Delivered,6946.8,9
6927,2638,432,4,2025-11-01,UPI,Returned,5155.92,
6928,16691,430,5,2025-07-02,Net Banking,Delivered,53342.05,3
6929,9536,8,3,2024-08-05,Credit Card,Delivered,138526.86,14
6930,13407,345,1,2024-09-24,Cash on Delivery,Cancelled,4291.1,
6931,6606,471,5,2026-06-03,Net Banking,Delivered,2471.7,13
6932,14721,221,5,2025-07-21,Debit Card,Returned,7098.0,
6933,5846,367,3,2025-03-29,Net Banking,Cancelled,3554.22,21
6934,15006,69,2,2024-12-31,Net Banking,Cancelled,1153.2,
6935,6170,233,5,2026-01-07,Debit Card,Delivered,185500.3,
6936,8412,65,2,2026-06-12,Debit Card,Delivered,988.68,13
6937,14263,353,5,2026-01-22,Cash on Delivery,Delivered,1049.75,
6938,427,433,3,2024-08-16,Credit Card,Delivered,2276.64,18
6939,5897,385,2,2026-05-17,Debit Card,Delivered,1749.8,7
6940,12373,432,4,2026-01-11,Debit Card,Cancelled,5155.92,
6941,6013,38,3,2024-12-17,Cash on Delivery,Returned,278081.58,
6942,8723,153,4,2025-01-26,Net Banking,Cancelled,135954.0,
6943,10500,216,1,2026-03-09,Debit Card,Delivered,1321.84,9
6944,15811,234,2,2025-05-02,UPI,Delivered,1355.94,
6945,19306,443,3,2025-08-02,Debit Card,Delivered,86192.55,
6946,6710,284,5,2026-02-03,Cash on Delivery,Delivered,2325.4,
6947,15494,326,2,2026-04-12,Credit Card,Cancelled,190.8,
6948,15791,451,1,2026-04-01,Credit Card,Delivered,77303.2,
6949,15410,13,1,2024-08-26,Credit Card,Delivered,1420.0,2
6950,9019,451,1,2025-07-12,Cash on Delivery,Cancelled,77303.2,3
6951,14548,82,5,2026-02-11,Cash on Delivery,Cancelled,19543.95,
6952,7493,101,5,2025-04-03,Debit Card,Delivered,26291.3,21
6953,1806,157,5,2025-06-03,Net Banking,Returned,51159.8,
6954,4556,105,4,2026-07-12,Net Banking,Delivered,931.92,
6955,1216,313,3,2025-08-27,Cash on Delivery,Delivered,167155.5,20
6956,17274,162,4,2025-08-17,Cash on Delivery,Delivered,10373.88,20
6957,8173,340,5,2026-04-08,UPI,Delivered,418853.6,
6958,5055,171,3,2026-05-01,Cash on Delivery,Returned,18860.4,7
6959,6102,4,5,2026-05-16,Debit Card,Delivered,335095.9,7
6960,11481,72,1,2025-10-23,UPI,Delivered,2210.4,
6961,12849,118,5,2024-08-01,Debit Card,Delivered,32728.8,14
6962,15668,22,3,2024-09-18,Credit Card,Delivered,5505.6,
6963,9562,172,3,2025-07-22,UPI,Delivered,147290.4,
6964,2668,209,1,2025-12-25,Net Banking,Delivered,4029.41,
6965,15478,420,5,2024-12-05,Cash on Delivery,Delivered,4797.1,10
6966,2158,143,1,2025-01-06,Cash on Delivery,Delivered,140.89,
6967,15774,300,4,2024-10-12,Debit Card,Delivered,1678.6,4
6968,6399,24,2,2026-07-14,UPI,Delivered,5775.12,
6969,18537,23,4,2025-11-23,Credit Card,Delivered,1728.64,8
6970,6440,109,5,2025-12-08,Net Banking,Delivered,366682.8,22
6971,5180,115,5,2026-01-26,UPI,Cancelled,11732.05,
6972,6364,307,4,2024-09-21,Net Banking,Delivered,9876.6,
6973,12497,69,3,2025-03-12,UPI,Delivered,1729.8,21
6974,2225,373,4,2026-07-09,Credit Card,Delivered,221404.56,
6975,9902,445,2,2024-10-28,Credit Card,Delivered,6920.64,
6976,2226,109,3,2026-03-03,Cash on Delivery,Delivered,220009.68,9
6977,3089,123,4,2026-05-29,Credit Card,Returned,6123.6,13
6978,11336,16,2,2025-01-04,Cash on Delivery,Delivered,2131.6,
6979,8171,11,5,2025-01-24,Net Banking,Delivered,605218.5,
6980,13851,297,2,2025-02-28,UPI,Delivered,718.56,1
6981,10494,347,4,2025-09-04,Cash on Delivery,Delivered,7669.2,23
6982,14783,260,3,2024-11-01,UPI,Delivered,1400.82,19
6983,5923,93,5,2025-04-12,Net Banking,Returned,21254.95,
6984,12553,54,1,2024-11-27,Debit Card,Returned,1275.0,10
6985,3197,198,4,2026-03-31,Debit Card,Delivered,332391.92,
6986,6863,101,5,2025-08-02,Debit Card,Delivered,26291.3,
6987,11362,290,1,2025-02-11,Net Banking,Delivered,1391.65,
6988,15025,246,1,2026-02-12,Net Banking,Cancelled,44545.62,
6989,19317,127,4,2025-07-13,Net Banking,Cancelled,449166.48,3
6990,6521,242,4,2024-12-27,UPI,Cancelled,5557.44,
6991,8049,176,3,2025-12-31,Cash on Delivery,Delivered,1677.54,
6992,6190,198,1,2025-12-28,UPI,Delivered,83097.98,
6993,1080,51,1,2025-08-10,Net Banking,Cancelled,431.34,20
6994,15145,10,5,2025-04-07,Cash on Delivery,Delivered,38360.85,
6995,18599,152,3,2025-01-21,Debit Card,Delivered,88197.75,
6996,17664,458,1,2025-12-06,Net Banking,Delivered,74220.0,22
6997,18026,7,2,2025-05-29,UPI,Delivered,15578.64,
6998,5388,228,4,2026-01-21,Cash on Delivery,Cancelled,43712.64,
6999,9495,46,2,2025-12-21,Credit Card,Delivered,115846.8,
7000,11566,121,1,2026-03-22,Debit Card,Returned,295.4,9
7001,6214,392,3,2025-10-17,Credit Card,Delivered,244129.59,
7002,6569,98,1,2025-10-28,Credit Card,Delivered,38042.4,
7003,15539,409,2,2024-10-04,Debit Card,Returned,3578.4,4
7004,615,112,4,2026-01-04,Debit Card,Delivered,375.92,
7005,8045,168,2,2025-09-29,Net Banking,Delivered,9175.38,12
7006,15735,264,5,2025-02-05,Cash on Delivery,Delivered,3756.0,25
7007,1485,220,3,2024-12-26,Credit Card,Delivered,5561.55,
7008,1610,133,1,2025-12-29,Debit Card,Delivered,2007.92,
7009,12625,37,5,2024-12-19,Cash on Delivery,Delivered,20310.75,
7010,13210,478,1,2024-11-10,UPI,Delivered,2369.3,19
7011,19296,116,3,2026-05-11,Cash on Delivery,Returned,5656.8,7
7012,14357,43,1,2025-04-28,Net Banking,Delivered,33899.22,
7013,6884,412,3,2026-05-30,Cash on Delivery,Returned,6615.0,13
7014,17074,256,1,2026-01-22,UPI,Delivered,398.64,
7015,9067,416,4,2025-08-11,Net Banking,Delivered,3489.28,20
7016,18313,203,4,2025-11-27,Cash on Delivery,Delivered,3015.52,8
7017,19481,232,2,2025-11-12,Cash on Delivery,Delivered,110211.16,8
7018,10850,431,3,2025-02-06,UPI,Delivered,1612.41,25
7019,3221,119,2,2026-01-16,Debit Card,Delivered,6990.4,
7020,3313,72,3,2024-07-27,Debit Card,Delivered,6631.2,14
7021,15717,258,5,2026-07-09,Cash on Delivery,Delivered,5681.6,
7022,10334,151,3,2026-06-27,Credit Card,Delivered,199140.9,17
7023,7303,312,1,2026-05-03,Debit Card,Delivered,2241.47,7
7024,16684,369,4,2025-02-28,Credit Card,Returned,7562.4,1
7025,14615,227,5,2025-01-30,Net Banking,Returned,3663.75,25
7026,13602,228,3,2024-08-09,Net Banking,Delivered,32784.48,14
7027,15373,375,5,2026-01-01,Debit Card,Delivered,520.8,
7028,5172,132,5,2025-06-11,Net Banking,Delivered,7146.3,16
7029,9429,392,4,2025-07-26,UPI,Delivered,325506.12,
7030,10288,288,1,2025-02-26,Credit Card,Delivered,2488.5,1
7031,11471,362,3,2025-12-24,Debit Card,Delivered,6835.2,
7032,19584,270,4,2026-07-02,UPI,Delivered,1468.8,
7033,12240,13,3,2024-09-07,Credit Card,Delivered,4260.0,2
7034,15699,99,3,2025-05-20,Cash on Delivery,Cancelled,8278.68,
7035,7142,410,3,2025-10-31,Cash on Delivery,Delivered,4857.45,
7036,11589,112,5,2025-07-09,Net Banking,Delivered,469.9,3
7037,18861,300,2,2025-01-22,UPI,Delivered,839.3,
7038,15908,172,4,2026-01-01,Cash on Delivery,Returned,196387.2,
7039,16639,307,2,2025-06-27,Debit Card,Cancelled,4938.3,11
7040,16430,172,4,2024-09-27,Credit Card,Cancelled,196387.2,
7041,4175,148,5,2025-08-11,Credit Card,Delivered,7937.6,20
7042,18857,247,1,2025-03-03,Credit Card,Cancelled,554.76,1
7043,5910,345,1,2026-04-10,Cash on Delivery,Delivered,4291.1,
7044,17414,113,3,2025-07-13,Debit Card,Cancelled,1721.43,3
7045,4615,495,2,2026-01-14,UPI,Cancelled,16764.52,
7046,13913,473,1,2025-02-06,UPI,Delivered,37242.93,25
7047,12653,208,2,2026-07-07,Debit Card,Delivered,1456.32,
7048,701,216,5,2025-04-27,Net Banking,Delivered,6609.2,
7049,2446,348,4,2024-11-10,Credit Card,Returned,233681.0,19
7050,118,103,4,2026-04-11,Credit Card,Delivered,6699.0,
7051,7167,43,3,2025-05-09,UPI,Cancelled,101697.66,
7052,4578,357,2,2025-05-31,UPI,Delivered,15940.9,
7053,19580,202,1,2024-08-18,Debit Card,Delivered,3854.76,2
7054,5124,79,3,2026-07-02,Net Banking,Returned,281778.36,
7055,11213,203,3,2026-04-01,Net Banking,Delivered,2261.64,
7056,7746,192,4,2024-11-15,Credit Card,Cancelled,270054.96,19
7057,14048,196,1,2025-04-10,Credit Card,Delivered,1889.91,
7058,11570,354,2,2025-08-03,Debit Card,Delivered,1088.7,
7059,17844,180,1,2024-12-17,Credit Card,Delivered,84590.28,
7060,8747,499,4,2024-12-09,Debit Card,Delivered,36637.44,10
7061,3334,303,4,2024-12-11,Credit Card,Delivered,30955.68,
7062,14026,409,5,2025-06-16,Net Banking,Returned,8946.0,16
7063,2765,322,3,2026-02-27,UPI,Delivered,169797.84,
7064,9518,102,4,2025-10-11,Debit Card,Delivered,9528.4,
7065,14637,29,2,2025-12-03,Credit Card,Delivered,263611.04,22
7066,8218,437,3,2024-07-31,Debit Card,Delivered,2186.4,14
7067,9137,470,1,2026-02-25,Cash on Delivery,Delivered,2591.6,
7068,16466,12,4,2024-11-14,Debit Card,Delivered,20592.0,19
7069,4473,459,1,2024-11-17,Cash on Delivery,Delivered,1112.97,19
7070,19049,371,2,2026-01-16,Debit Card,Delivered,964.24,
7071,18364,9,2,2026-05-07,Net Banking,Delivered,12587.52,7
7072,8717,433,5,2025-06-30,UPI,Delivered,3794.4,11
7073,9351,415,2,2025-11-21,Credit Card,Cancelled,2196.18,8
7074,17494,414,4,2025-06-11,Credit Card,Delivered,9244.6,16
7075,4343,345,4,2024-12-13,Cash on Delivery,Delivered,17164.4,
7076,8313,215,1,2025-08-22,Debit Card,Delivered,4235.14,20
7077,9722,45,2,2025-01-13,Net Banking,Delivered,1458.38,
7078,14526,372,3,2026-01-17,Cash on Delivery,Delivered,221205.6,
7079,10467,110,3,2024-11-06,UPI,Delivered,3819.0,19
7080,18649,184,1,2024-10-15,Credit Card,Returned,2946.9,4
7081,790,297,3,2025-05-19,Credit Card,Delivered,1077.84,
7082,14141,313,4,2025-05-31,UPI,Delivered,222874.0,
7083,6410,455,2,2025-08-03,Debit Card,Returned,93.24,
7084,9468,198,5,2025-12-29,Cash on Delivery,Delivered,415489.9,
7085,3658,189,3,2025-04-06,Net Banking,Cancelled,428.4,
7086,11191,451,3,2026-01-28,UPI,Delivered,231909.6,
7087,5546,293,5,2026-05-25,Net Banking,Delivered,4944.4,7
7088,17602,121,5,2026-03-21,Cash on Delivery,Returned,1477.0,9
7089,9197,477,5,2025-02-12,UPI,Delivered,2305.1,
7090,8053,350,1,2025-09-18,UPI,Delivered,37211.8,12
7091,10857,50,5,2024-12-09,UPI,Delivered,58136.0,10
7092,8165,271,1,2025-07-02,Debit Card,Delivered,904.8,3
7093,14694,480,5,2025-11-17,Debit Card,Returned,358485.75,8
7094,8317,126,5,2026-02-03,Credit Card,Delivered,9960.15,
7095,9530,130,5,2025-01-23,Credit Card,Delivered,4150.0,
7096,17056,198,1,2026-05-25,Net Banking,Delivered,83097.98,7
7097,12886,434,1,2025-11-08,Cash on Delivery,Cancelled,648.6,8
7098,2213,403,4,2024-10-01,Cash on Delivery,Returned,7421.64,
7099,1280,426,1,2024-08-22,Cash on Delivery,Cancelled,23100.88,2
7100,7433,390,3,2024-10-02,Debit Card,Delivered,3142.26,
7101,4257,356,2,2025-09-15,Debit Card,Cancelled,1066.56,24
7102,7048,494,2,2025-10-18,Net Banking,Delivered,130016.48,
7103,16882,398,5,2025-09-02,Credit Card,Delivered,3430.7,23
7104,12698,301,1,2025-12-19,Cash on Delivery,Delivered,1811.15,
7105,10063,49,1,2025-07-21,Net Banking,Delivered,4066.76,
7106,17484,82,2,2026-07-17,Cash on Delivery,Delivered,7817.58,
7107,4370,332,1,2026-04-06,Net Banking,Delivered,2605.5,
7108,12688,393,2,2024-10-30,Credit Card,Delivered,574.56,
7109,3675,224,4,2024-10-08,Debit Card,Delivered,7427.16,4
7110,8211,65,1,2025-08-31,Net Banking,Returned,494.34,23
7111,3602,150,2,2025-08-29,Net Banking,Cancelled,19454.8,23
7112,9598,362,1,2024-07-30,UPI,Delivered,2278.4,14
7113,18160,79,1,2025-09-20,UPI,Returned,93926.12,12
7114,13118,217,2,2026-07-14,Credit Card,Delivered,1449.82,
7115,7894,314,3,2025-03-02,UPI,Delivered,7487.1,1
7116,6876,269,1,2024-12-20,Credit Card,Returned,166.53,
7117,7580,452,2,2025-12-06,UPI,Returned,8237.08,22
7118,578,359,2,2025-12-22,Credit Card,Delivered,8166.4,
7119,8255,233,2,2025-01-10,Debit Card,Delivered,74200.12,
7120,14341,175,2,2025-06-15,Credit Card,Delivered,10331.64,16
7121,17994,275,3,2025-10-14,Credit Card,Delivered,249688.23,
7122,9645,285,1,2025-02-21,UPI,Delivered,461.5,
7123,2818,360,4,2025-12-15,Debit Card,Delivered,4243.04,
7124,14431,196,3,2025-10-01,Cash on Delivery,Delivered,5669.73,12
7125,12169,341,3,2026-07-17,Debit Card,Cancelled,315481.98,
7126,3082,393,2,2025-05-28,Cash on Delivery,Delivered,574.56,
7127,19379,127,2,2025-07-07,Credit Card,Delivered,224583.24,3
7128,11575,392,4,2025-01-15,UPI,Cancelled,325506.12,
7129,2685,449,4,2024-10-01,Credit Card,Returned,3294.6,
7130,14272,313,1,2025-07-07,Cash on Delivery,Delivered,55718.5,3
7131,8847,293,4,2024-12-23,UPI,Delivered,3955.52,
7132,18637,231,2,2025-06-17,Debit Card,Delivered,143017.56,16
7133,9994,82,1,2026-06-15,Cash on Delivery,Delivered,3908.79,17
7134,112,336,4,2025-10-24,Net Banking,Delivered,6797.28,
7135,15424,51,1,2025-08-19,UPI,Delivered,431.34,20
7136,14213,470,4,2025-07-16,Debit Card,Cancelled,10366.4,3
7137,8015,119,5,2025-09-08,Cash on Delivery,Returned,17476.0,24
7138,16627,291,4,2025-04-07,Cash on Delivery,Cancelled,21335.6,
7139,10995,120,4,2026-07-11,Cash on Delivery,Delivered,3002.2,
7140,1690,192,1,2025-10-20,Net Banking,Delivered,67513.74,
7141,4621,156,5,2026-05-21,UPI,Delivered,148767.0,7
7142,12812,339,3,2024-12-08,Cash on Delivery,Delivered,187656.84,10
7143,1697,357,5,2025-05-23,Cash on Delivery,Delivered,39852.25,
7144,2091,96,4,2026-01-30,Debit Card,Delivered,5557.68,
7145,3561,175,4,2024-12-20,Net Banking,Delivered,20663.28,
7146,9176,126,2,2024-12-02,UPI,Cancelled,3984.06,10
7147,18262,35,2,2026-01-16,Cash on Delivery,Cancelled,2901.36,
7148,16482,310,2,2025-04-15,Net Banking,Delivered,2324.0,
7149,5939,484,4,2026-07-17,Credit Card,Delivered,436555.4,
7150,18877,237,5,2025-03-14,Credit Card,Delivered,865.05,1
7151,7824,284,2,2025-07-23,UPI,Delivered,930.16,
7152,10450,292,2,2026-03-28,Cash on Delivery,Delivered,57524.86,9
7153,2711,110,1,2025-07-03,Net Banking,Delivered,1273.0,3
7154,1363,57,4,2025-04-10,Debit Card,Delivered,19171.08,
7155,11387,452,2,2026-03-19,Credit Card,Delivered,8237.08,9
7156,3785,13,2,2025-10-05,Debit Card,Delivered,2840.0,12
7157,3643,380,3,2026-01-07,Net Banking,Delivered,13397.4,
7158,16259,268,5,2025-05-03,Net Banking,Delivered,387825.2,
7159,17580,148,5,2024-08-01,Credit Card,Delivered,7937.6,14
7160,12661,455,4,2024-11-24,Cash on Delivery,Delivered,186.48,10
7161,6117,68,5,2025-02-10,Net Banking,Delivered,2805.0,
7162,12137,294,5,2026-05-03,Net Banking,Delivered,2113.2,7
7163,5146,243,2,2024-08-06,UPI,Delivered,1452.0,14
7164,15970,138,3,2025-04-01,UPI,Delivered,11928.87,21
7165,3012,110,5,2026-02-14,Cash on Delivery,Delivered,6365.0,
7166,5995,344,3,2025-01-29,Cash on Delivery,Delivered,526.32,25
7167,17062,426,4,2025-10-14,Cash on Delivery,Delivered,92403.52,
7168,5163,388,5,2025-10-22,Debit Card,Cancelled,12663.2,
7169,5082,76,1,2024-11-09,Net Banking,Cancelled,1948.32,19
7170,13212,250,3,2026-01-29,Net Banking,Delivered,2020.2,
7171,18646,102,5,2024-10-10,Debit Card,Delivered,11910.5,4
7172,16486,75,3,2026-03-22,Cash on Delivery,Delivered,2395.68,9
7173,4826,133,1,2025-10-29,Cash on Delivery,Returned,2007.92,
7174,3752,130,5,2025-10-10,Cash on Delivery,Delivered,4150.0,
7175,13532,483,5,2025-08-17,UPI,Delivered,300866.0,20
7176,1085,387,3,2025-07-27,UPI,Delivered,21425.49,
7177,9344,452,3,2026-05-31,UPI,Delivered,12355.62,13
7178,8244,154,2,2024-09-01,Debit Card,Delivered,107510.4,2
7179,14163,185,2,2026-01-03,Net Banking,Delivered,924.0,
7180,4884,129,1,2025-11-13,Cash on Delivery,Delivered,95764.44,8
7181,16753,81,5,2025-11-16,Debit Card,Delivered,1709.1,8
7182,9119,359,1,2026-01-05,Debit Card,Delivered,4083.2,
7183,17701,98,4,2026-06-08,Credit Card,Delivered,152169.6,13
7184,13845,454,5,2024-12-28,UPI,Delivered,202596.0,
7185,6946,201,1,2025-08-10,Debit Card,Delivered,6033.36,20
7186,16907,202,1,2024-11-08,Debit Card,Delivered,3854.76,19
7187,3958,137,4,2025-11-09,Net Banking,Delivered,2819.76,8
7188,2333,202,4,2026-05-29,Cash on Delivery,Cancelled,15419.04,7
7189,6247,103,4,2025-04-23,Cash on Delivery,Delivered,6699.0,
7190,12137,80,5,2026-04-02,Net Banking,Delivered,10957.5,
7191,3964,114,4,2025-02-24,Credit Card,Delivered,45214.4,1
7192,16613,306,3,2024-09-25,Cash on Delivery,Delivered,1234.2,
7193,4571,91,2,2024-10-14,Debit Card,Cancelled,226231.38,4
7194,6247,305,5,2025-03-21,Debit Card,Delivered,434424.8,15
7195,3847,87,1,2024-08-18,Debit Card,Delivered,11663.13,2
7196,6551,350,2,2024-07-29,UPI,Delivered,74423.6,14
7197,925,416,3,2025-12-01,UPI,Delivered,2616.96,
7198,77,144,4,2024-09-16,Credit Card,Delivered,18227.2,
7199,12276,458,2,2025-06-07,Debit Card,Delivered,148440.0,
7200,4275,332,5,2025-09-21,UPI,Delivered,13027.5,12
7201,2554,64,2,2025-11-18,Net Banking,Delivered,4739.6,8
7202,1964,176,4,2026-04-24,Credit Card,Delivered,2236.72,
7203,17088,310,2,2026-04-09,Cash on Delivery,Delivered,2324.0,
7204,11097,455,4,2025-06-06,Cash on Delivery,Delivered,186.48,
7205,9734,90,3,2025-02-20,Credit Card,Delivered,39222.48,
7206,5884,372,2,2025-12-01,Debit Card,Delivered,147470.4,
7207,6854,197,4,2025-06-17,Debit Card,Delivered,13690.0,16
7208,15456,290,5,2026-02-26,UPI,Delivered,6958.25,
7209,7649,292,1,2026-04-13,UPI,Cancelled,28762.43,
7210,1102,269,1,2026-01-26,Net Banking,Returned,166.53,
7211,13634,251,2,2026-05-24,UPI,Delivered,215415.0,7
7212,4375,348,4,2026-06-30,Net Banking,Delivered,233681.0,
7213,7161,71,2,2025-10-31,Cash on Delivery,Delivered,996.3,
7214,7599,26,1,2026-01-01,Net Banking,Cancelled,109395.44,
7215,13999,481,3,2024-12-17,Credit Card,Delivered,1842.75,
7216,11020,62,4,2026-02-19,Debit Card,Delivered,9398.4,
7217,11636,226,4,2025-07-08,UPI,Delivered,8585.44,3
7218,16483,198,5,2024-12-23,Net Banking,Delivered,415489.9,
7219,2406,87,3,2025-10-04,Cash on Delivery,Returned,34989.39,12
7220,16579,466,4,2026-05-22,UPI,Delivered,1343.68,7
7221,11525,281,2,2024-12-21,Credit Card,Returned,2543.88,
7222,3260,444,4,2025-12-19,Debit Card,Delivered,12093.12,
7223,982,470,2,2026-03-15,Cash on Delivery,Delivered,5183.2,9
7224,11925,203,1,2026-01-07,Debit Card,Delivered,753.88,
7225,9492,413,4,2026-02-05,Debit Card,Delivered,1820.16,
7226,10597,42,5,2024-09-29,Credit Card,Delivered,364655.25,
7227,3962,332,2,2024-10-29,UPI,Delivered,5211.0,
7228,3313,20,1,2025-09-11,Debit Card,Delivered,3421.44,24
7229,10780,495,5,2025-03-01,Credit Card,Delivered,41911.3,1
7230,18851,218,4,2025-07-16,Credit Card,Delivered,122955.84,3
7231,8017,207,1,2024-08-06,Cash on Delivery,Delivered,532.1,14
7232,7965,489,3,2026-05-30,Net Banking,Returned,6281.76,13
7233,7142,429,4,2025-12-18,Cash on Delivery,Cancelled,445139.72,
7234,17762,432,1,2025-01-26,Debit Card,Delivered,1288.98,
7235,13496,13,3,2024-12-16,Net Banking,Delivered,4260.0,
7236,4005,248,2,2026-05-01,Cash on Delivery,Delivered,1780.86,7
7237,5232,454,2,2025-03-31,Credit Card,Delivered,81038.4,21
7238,11268,336,3,2026-01-02,Cash on Delivery,Delivered,5097.96,
7239,7224,372,4,2025-06-23,Cash on Delivery,Delivered,294940.8,3
7240,4389,404,5,2025-09-12,Credit Card,Cancelled,273023.4,24
7241,13921,222,2,2025-03-19,UPI,Cancelled,10096.2,15
7242,10563,70,2,2025-09-08,Cash on Delivery,Delivered,2544.48,24
7243,314,158,4,2024-08-22,UPI,Cancelled,2291.04,18
7244,8330,351,2,2025-04-08,Debit Card,Returned,1398.32,
7245,14606,80,3,2025-10-19,Net Banking,Cancelled,6574.5,
7246,5994,410,3,2025-09-30,Cash on Delivery,Delivered,4857.45,12
7247,7098,155,5,2025-10-09,Cash on Delivery,Delivered,48184.95,12
7248,11392,177,1,2025-11-14,Cash on Delivery,Cancelled,980.88,8
7249,15496,202,3,2025-08-11,Cash on Delivery,Delivered,11564.28,20
7250,10185,496,4,2025-11-20,Debit Card,Cancelled,5924.16,8
7251,19896,200,5,2026-02-23,Credit Card,Cancelled,1281.0,
7252,19057,450,1,2025-02-28,Cash on Delivery,Delivered,331.2,1
7253,16920,160,3,2024-11-12,Credit Card,Delivered,283944.51,19
7254,10665,457,4,2025-07-31,Net Banking,Delivered,15233.4,
7255,17953,207,1,2025-08-30,Debit Card,Delivered,532.1,23
7256,3013,183,3,2025-08-03,Debit Card,Returned,2043.36,
7257,16301,185,3,2025-11-20,Net Banking,Delivered,1386.0,8
7258,6994,481,1,2025-02-20,UPI,Cancelled,614.25,
7259,6847,487,4,2025-04-21,UPI,Delivered,3789.52,
7260,1997,265,2,2025-09-20,Credit Card,Delivered,6273.0,12
7261,19112,42,2,2024-07-23,Debit Card,Returned,145862.1,14
7262,1017,414,2,2026-06-04,Cash on Delivery,Returned,4622.3,13
7263,11050,119,1,2026-04-27,Credit Card,Delivered,3495.2,
7264,2876,139,1,2025-12-31,Credit Card,Cancelled,2172.72,
7265,11982,86,2,2025-06-16,Debit Card,Cancelled,6953.82,16
7266,13546,34,3,2024-08-28,Credit Card,Delivered,3662.01,2
7267,9492,273,4,2025-04-18,Credit Card,Delivered,47472.0,
7268,8865,29,3,2026-05-16,Debit Card,Returned,395416.56,7
7269,7901,13,2,2025-11-19,UPI,Delivered,2840.0,8
7270,16648,348,2,2025-05-18,Credit Card,Delivered,116840.5,
7271,10188,275,1,2024-09-24,UPI,Delivered,83229.41,
7272,12003,474,4,2025-03-12,Cash on Delivery,Delivered,377225.76,1
7273,14422,193,5,2025-11-18,Debit Card,Delivered,212810.0,8
7274,17027,175,3,2024-09-30,Debit Card,Delivered,15497.46,
7275,9567,38,5,2025-05-03,Debit Card,Delivered,463469.3,
7276,8140,399,5,2026-03-09,UPI,Delivered,611926.05,9
7277,18125,164,3,2025-02-24,Cash on Delivery,Delivered,641.52,1
7278,4706,338,4,2026-04-24,Cash on Delivery,Delivered,890.96,
7279,17278,258,1,2024-12-01,UPI,Delivered,1136.32,10
7280,5790,442,4,2026-07-12,Credit Card,Delivered,1362.72,
7281,11753,400,3,2025-06-04,Credit Card,Cancelled,3510.0,
7282,7961,306,4,2024-08-05,UPI,Delivered,1645.6,14
7283,10093,114,3,2025-04-18,Credit Card,Returned,33910.8,
7284,3182,162,5,2026-04-18,Credit Card,Delivered,12967.35,
7285,13760,325,3,2026-01-23,Debit Card,Delivered,8981.88,
7286,15074,4,2,2026-02-03,Debit Card,Returned,134038.36,
7287,17049,187,3,2024-09-02,Credit Card,Delivered,72398.55,2
7288,18531,207,1,2026-04-27,UPI,Delivered,532.1,
7289,2650,360,4,2026-01-12,Cash on Delivery,Delivered,4243.04,
7290,16273,272,1,2025-04-21,Net Banking,Cancelled,1578.99,
7291,2565,201,1,2026-03-01,Debit Card,Cancelled,6033.36,9
7292,19094,264,4,2026-03-09,Credit Card,Cancelled,3004.8,9
7293,7492,119,3,2026-03-23,Credit Card,Delivered,10485.6,9
7294,2661,122,2,2025-04-09,Debit Card,Delivered,27780.48,
7295,10903,181,3,2026-03-03,Net Banking,Delivered,8145.12,9
7296,10690,328,2,2025-08-10,Cash on Delivery,Delivered,4568.2,20
7297,5840,86,4,2025-11-17,UPI,Delivered,13907.64,8
7298,8045,406,2,2026-06-17,Cash on Delivery,Returned,226939.68,13
7299,9423,435,3,2024-10-27,Debit Card,Delivered,599.76,
7300,12450,138,5,2026-05-04,Net Banking,Delivered,19881.45,7
7301,13020,306,2,2025-11-13,Cash on Delivery,Delivered,822.8,8
7302,15365,292,4,2026-01-06,Credit Card,Delivered,115049.72,
7303,12968,378,5,2026-03-19,Net Banking,Delivered,11424.5,9
7304,264,248,4,2025-07-29,Credit Card,Cancelled,3561.72,
7305,8115,428,5,2025-02-01,UPI,Returned,213686.2,25
7306,4566,212,4,2026-01-08,Credit Card,Delivered,1185.6,
7307,11398,114,2,2024-11-22,Cash on Delivery,Delivered,22607.2,10
7308,18792,358,4,2025-01-16,Cash on Delivery,Cancelled,28520.0,
7309,6508,60,3,2025-07-21,UPI,Cancelled,6225.0,
7310,10879,353,5,2024-12-14,Credit Card,Returned,1049.75,
7311,207,115,5,2024-10-18,Net Banking,Delivered,11732.05,4
7312,5526,407,3,2024-10-14,Cash on Delivery,Delivered,10185.12,4
7313,10203,104,2,2025-12-15,Debit Card,Delivered,6628.92,
7314,10567,278,4,2026-06-11,Net Banking,Delivered,17452.64,13
7315,15390,1,2,2026-04-01,Credit Card,Returned,1689.74,
7316,16024,175,5,2026-02-04,Net Banking,Delivered,25829.1,
7317,17951,338,2,2024-09-29,Credit Card,Delivered,445.48,
7318,8819,361,5,2025-07-20,Cash on Delivery,Delivered,32767.35,
7319,7830,240,1,2024-09-22,UPI,Delivered,695.52,
7320,7295,366,2,2024-08-01,Debit Card,Delivered,90407.58,14
7321,7901,371,5,2025-01-15,Cash on Delivery,Delivered,2410.6,
7322,17129,187,5,2025-09-10,Cash on Delivery,Cancelled,120664.25,24
7323,8911,260,4,2025-07-08,Cash on Delivery,Cancelled,1867.76,3
7324,12958,428,1,2024-09-28,Debit Card,Delivered,42737.24,
7325,1982,459,5,2026-02-19,Cash on Delivery,Returned,5564.85,
7326,12005,290,5,2025-12-13,Net Banking,Delivered,6958.25,22
7327,17745,301,2,2025-08-16,Net Banking,Cancelled,3622.3,20
7328,5542,160,3,2026-06-28,Debit Card,Delivered,283944.51,17
7329,9014,173,3,2025-07-13,Debit Card,Delivered,371.7,3
7330,7158,241,1,2026-01-03,Cash on Delivery,Delivered,622.5,
7331,12953,445,3,2025-03-09,Cash on Delivery,Delivered,10380.96,1
7332,164,426,1,2024-10-30,Credit Card,Delivered,23100.88,
7333,184,432,2,2025-08-09,Cash on Delivery,Delivered,2577.96,20
7334,16093,46,3,2024-11-17,Debit Card,Delivered,173770.2,19
7335,12545,65,3,2025-12-12,Net Banking,Delivered,1483.02,22
7336,11292,57,5,2025-09-20,Cash on Delivery,Cancelled,23963.85,12
7337,1809,43,1,2025-12-29,Cash on Delivery,Delivered,33899.22,
7338,13908,227,4,2024-12-27,Cash on Delivery,Returned,2931.0,
7339,15195,480,1,2026-05-11,Credit Card,Delivered,71697.15,7
7340,1299,398,1,2025-02-08,Cash on Delivery,Delivered,686.14,25
7341,1128,144,5,2025-07-03,Cash on Delivery,Delivered,22784.0,11
7342,614,47,2,2025-08-11,Credit Card,Delivered,111231.12,20
7343,14153,200,5,2024-12-06,Debit Card,Cancelled,1281.0,10
7344,15311,368,5,2026-02-23,Net Banking,Delivered,3340.0,
7345,16821,90,1,2025-10-09,Cash on Delivery,Delivered,13074.16,12
7346,14816,156,2,2025-05-27,Debit Card,Delivered,59506.8,
7347,1883,25,2,2024-10-22,UPI,Returned,313.26,4
7348,4206,382,1,2024-10-17,UPI,Delivered,5081.67,4
7349,13528,450,1,2024-10-13,Credit Card,Returned,331.2,4
7350,5128,333,1,2026-03-20,UPI,Cancelled,6777.68,9
7351,13135,486,3,2024-11-09,UPI,Delivered,11228.49,19
7352,16661,78,4,2025-11-08,UPI,Delivered,40714.72,8
7353,9836,131,5,2024-10-30,UPI,Delivered,9141.5,
7354,5472,163,2,2025-07-04,UPI,Delivered,11745.72,3
7355,14200,158,5,2026-01-26,UPI,Cancelled,2863.8,
7356,17033,137,2,2024-07-22,Cash on Delivery,Delivered,1409.88,14
7357,9345,202,3,2025-09-07,Net Banking,Delivered,11564.28,24
7358,6308,162,4,2025-11-17,Credit Card,Delivered,10373.88,8
7359,19384,95,4,2024-09-14,Cash on Delivery,Delivered,1846.64,
7360,6948,166,3,2025-08-04,UPI,Cancelled,12706.92,
7361,17369,357,4,2025-07-03,Credit Card,Returned,31881.8,3
7362,10619,132,4,2024-12-15,Credit Card,Delivered,5717.04,
7363,18460,231,5,2026-01-01,Net Banking,Delivered,357543.9,
7364,19430,234,3,2025-10-10,Debit Card,Delivered,2033.91,
7365,313,369,3,2025-02-17,Debit Card,Cancelled,5671.8,
7366,4142,248,1,2025-01-21,Net Banking,Delivered,890.43,
7367,2971,230,4,2024-11-09,Cash on Delivery,Delivered,72706.4,19
7368,3897,194,3,2026-05-22,Debit Card,Delivered,6631.2,7
7369,19227,135,4,2026-02-01,UPI,Delivered,275463.52,
7370,17333,234,5,2026-01-19,Cash on Delivery,Cancelled,3389.85,
7371,16909,147,5,2025-05-06,UPI,Delivered,1748.85,
7372,2868,275,1,2026-02-10,Net Banking,Delivered,83229.41,
7373,9718,177,2,2026-06-15,UPI,Delivered,1961.76,17
7374,6431,161,5,2025-02-20,Cash on Delivery,Cancelled,23372.6,
7375,2590,333,2,2024-09-19,UPI,Delivered,13555.36,
7376,7290,86,3,2025-03-18,UPI,Delivered,10430.73,15
7377,4307,166,2,2026-02-21,UPI,Delivered,8471.28,
7378,4250,309,2,2026-03-15,Credit Card,Delivered,73068.16,9
7379,8459,69,2,2025-03-06,Debit Card,Delivered,1153.2,1
7380,3149,408,2,2024-10-08,Credit Card,Delivered,335.34,4
7381,1960,4,5,2026-06-15,UPI,Delivered,335095.9,13
7382,14365,44,4,2025-02-28,Debit Card,Delivered,4991.44,1
7383,16255,402,5,2024-12-05,UPI,Delivered,5002.5,10
7384,852,29,1,2026-04-14,UPI,Delivered,131805.52,
7385,14283,3,2,2025-01-03,Cash on Delivery,Delivered,1233.7,
7386,4824,482,1,2024-08-02,UPI,Cancelled,41780.9,14
7387,3209,93,2,2026-06-15,Credit Card,Delivered,8501.98,13
7388,8587,128,3,2025-02-05,Net Banking,Cancelled,1993.68,25
7389,8773,342,4,2025-10-20,Cash on Delivery,Delivered,2428.8,
7390,6363,324,2,2026-06-22,Net Banking,Returned,3321.32,17
7391,6279,125,5,2025-11-18,UPI,Returned,22175.4,8
7392,3227,251,2,2026-06-21,Net Banking,Returned,215415.0,17
7393,4558,21,1,2025-12-11,Debit Card,Delivered,28961.1,22
7394,10929,394,2,2024-09-21,Credit Card,Returned,90331.5,
7395,4072,499,2,2024-12-12,Cash on Delivery,Delivered,18318.72,
7396,15143,28,5,2025-01-24,Net Banking,Returned,90187.85,
7397,14627,129,5,2025-02-18,UPI,Delivered,478822.2,
7398,12790,183,5,2025-09-12,UPI,Returned,3405.6,24
7399,5595,470,1,2024-12-11,Net Banking,Delivered,2591.6,
7400,1099,433,1,2026-05-10,UPI,Delivered,758.88,7
7401,5003,361,5,2025-11-25,UPI,Cancelled,32767.35,8
7402,13784,89,4,2025-11-06,UPI,Cancelled,422780.48,8
7403,1350,64,3,2026-03-26,Debit Card,Delivered,7109.4,9
7404,19365,249,3,2025-02-19,Net Banking,Returned,12363.0,
7405,173,134,2,2025-03-18,UPI,Cancelled,5789.52,21
7406,8597,456,2,2024-08-19,Cash on Delivery,Delivered,1928.92,18
7407,19119,260,3,2026-01-08,Debit Card,Delivered,1400.82,
7408,11625,381,1,2024-08-22,Debit Card,Delivered,382.32,2
7409,5510,287,3,2025-07-16,Credit Card,Delivered,197031.9,3
7410,10466,114,2,2025-12-27,Debit Card,Delivered,22607.2,
7411,18663,402,4,2024-07-29,Debit Card,Delivered,4002.0,14
7412,665,243,5,2024-09-21,Debit Card,Delivered,3630.0,
7413,19110,338,2,2025-03-17,Debit Card,Delivered,445.48,15
7414,19114,21,5,2026-01-17,Credit Card,Delivered,144805.5,
7415,13011,248,2,2025-04-28,UPI,Delivered,1780.86,
7416,2409,8,3,2025-07-30,Credit Card,Delivered,138526.86,
7417,4770,356,5,2024-09-14,Debit Card,Delivered,2666.4,
7418,6868,311,2,2026-01-14,Cash on Delivery,Delivered,469.8,
7419,240,380,2,2026-04-19,Net Banking,Returned,8931.6,
7420,14839,246,1,2025-04-13,Net Banking,Cancelled,44545.62,
7421,8603,259,2,2026-01-09,Credit Card,Delivered,6356.22,
7422,6471,414,3,2026-05-03,UPI,Delivered,6933.45,7
7423,5503,458,4,2026-03-08,Credit Card,Delivered,296880.0,9
7424,5014,325,2,2025-11-15,Net Banking,Returned,5987.92,8
7425,14901,14,5,2025-06-08,Debit Card,Delivered,6009.5,
7426,3587,355,5,2026-04-09,Credit Card,Delivered,1736.0,
7427,7844,301,3,2024-12-13,UPI,Delivered,5433.45,
7428,12708,499,5,2025-01-29,Cash on Delivery,Returned,45796.8,25
7429,19218,229,4,2026-01-28,Debit Card,Returned,1742.4,
7430,9952,385,3,2024-11-01,Credit Card,Delivered,2624.7,19
7431,5140,347,4,2024-12-17,Credit Card,Delivered,7669.2,
7432,12507,500,5,2025-10-14,Credit Card,Delivered,44384.25,
7433,13617,68,5,2024-11-08,Cash on Delivery,Cancelled,2805.0,19
7434,1284,86,4,2025-03-15,Debit Card,Delivered,13907.64,1
7435,1721,129,1,2025-11-30,Net Banking,Delivered,95764.44,8
7436,5042,105,3,2025-08-13,Net Banking,Delivered,698.94,20
7437,16562,467,1,2026-02-08,Net Banking,Delivered,2015.9,
7438,2169,325,3,2024-11-16,Credit Card,Delivered,8981.88,19
7439,2392,219,4,2024-10-06,UPI,Delivered,301988.16,4
7440,513,452,3,2026-05-18,UPI,Delivered,12355.62,7
7441,393,461,3,2026-02-25,UPI,Delivered,282404.85,
7442,4574,377,3,2024-09-06,UPI,Cancelled,1039.2,2
7443,17944,467,4,2024-10-04,Debit Card,Cancelled,8063.6,4
7444,11823,339,5,2024-08-14,Net Banking,Delivered,312761.4,18
7445,15711,211,2,2026-04-11,Credit Card,Delivered,244650.28,
7446,5951,400,5,2025-11-06,Net Banking,Delivered,5850.0,8
7447,17825,3,4,2025-05-19,Credit Card,Delivered,2467.4,
7448,14415,379,5,2026-05-04,UPI,Delivered,2375.45,7
7449,13173,186,1,2025-09-27,Cash on Delivery,Delivered,4849.65,12
7450,19370,140,2,2025-11-26,Credit Card,Delivered,1039.3,8
7451,16773,283,4,2025-02-26,Credit Card,Delivered,7029.36,1
7452,5587,187,2,2024-10-05,Net Banking,Returned,48265.7,4
7453,12865,466,4,2024-08-31,Credit Card,Delivered,1343.68,2
7454,699,202,4,2025-11-21,UPI,Delivered,15419.04,8
7455,2216,102,2,2025-02-25,UPI,Delivered,4764.2,1
7456,8124,423,5,2024-11-09,Cash on Delivery,Cancelled,18976.65,19
7457,19716,402,5,2026-05-11,UPI,Delivered,5002.5,5
7458,2870,155,2,2024-09-07,Credit Card,Delivered,19273.98,2
7459,17516,402,1,2026-01-24,Net Banking,Delivered,1000.5,
7460,9690,476,5,2025-04-12,Debit Card,Returned,13148.75,
7461,19908,226,4,2025-01-15,Debit Card,Delivered,8585.44,
7462,2041,4,4,2025-07-19,UPI,Delivered,268076.72,
7463,19701,89,5,2025-10-15,UPI,Delivered,528475.6,
7464,3879,160,1,2025-04-17,Net Banking,Delivered,94648.17,
7465,6046,337,3,2025-06-05,Net Banking,Delivered,214819.8,
7466,6235,456,1,2025-05-23,UPI,Delivered,964.46,
7467,7642,130,5,2026-01-08,Net Banking,Delivered,4150.0,
7468,10729,21,3,2026-01-22,Debit Card,Delivered,86883.3,
7469,13277,423,1,2024-11-20,UPI,Delivered,3795.33,10
7470,2820,484,5,2025-02-06,Net Banking,Delivered,545694.25,25
7471,15097,83,1,2024-08-22,Credit Card,Delivered,1072.1,18
7472,11142,500,1,2025-10-27,Debit Card,Delivered,8876.85,
7473,15893,92,5,2025-03-28,Net Banking,Returned,8652.0,15
7474,6891,251,1,2025-12-21,Debit Card,Delivered,107707.5,
7475,7889,4,5,2026-05-10,UPI,Delivered,335095.9,5
7476,50,487,4,2024-12-25,Net Banking,Delivered,3789.52,
7477,14425,100,2,2026-06-25,Credit Card,Delivered,905.28,13
7478,3162,344,2,2025-11-18,UPI,Delivered,350.88,8
7479,15923,162,2,2025-08-02,Debit Card,Delivered,5186.94,
7480,12777,287,5,2024-10-31,Credit Card,Delivered,328386.5,19
7481,18216,95,3,2025-05-29,Debit Card,Delivered,1384.98,
7482,8809,403,5,2025-04-04,Debit Card,Delivered,9277.05,
7483,7537,367,3,2025-01-17,Credit Card,Returned,3554.22,
7484,4522,444,3,2025-01-24,UPI,Delivered,9069.84,
7485,2983,333,2,2026-01-15,Debit Card,Delivered,13555.36,
7486,4622,156,5,2025-06-14,Net Banking,Delivered,148767.0,16
7487,14295,119,2,2025-07-09,Net Banking,Delivered,6990.4,3
7488,5824,304,4,2024-08-10,Net Banking,Delivered,397709.52,18
7489,5040,236,3,2024-08-18,Credit Card,Delivered,8946.0,2
7490,12140,225,1,2025-09-26,Credit Card,Delivered,1986.0,12
7491,9762,59,5,2024-08-22,Net Banking,Delivered,4076.6,18
7492,15113,421,4,2025-03-21,Net Banking,Delivered,33668.0,15
7493,14223,245,1,2024-12-12,UPI,Delivered,1909.19,
7494,1316,488,2,2025-06-08,Credit Card,Returned,652.8,
7495,2213,84,3,2025-06-08,Credit Card,Delivered,21610.8,
7496,11548,47,1,2025-05-07,Debit Card,Delivered,55615.56,
7497,16620,116,2,2025-09-07,UPI,Delivered,3771.2,24
7498,1983,188,4,2025-10-07,Credit Card,Delivered,16408.8,12
7499,13040,312,1,2026-01-04,Debit Card,Delivered,2241.47,
7500,11551,496,3,2024-10-25,Net Banking,Returned,4443.12,
7501,13084,263,2,2025-06-06,Net Banking,Cancelled,3373.2,
7502,7018,320,2,2025-10-01,Debit Card,Delivered,3402.16,12
7503,18962,466,4,2025-05-23,Credit Card,Delivered,1343.68,
7504,17757,298,4,2026-06-15,Debit Card,Delivered,248048.16,13
7505,266,246,4,2024-08-21,Net Banking,Delivered,178182.48,18
7506,18880,94,5,2025-03-24,Cash on Delivery,Returned,2620.0,21
7507,15929,489,5,2025-04-25,Credit Card,Delivered,10469.6,
7508,12793,325,1,2024-07-27,Cash on Delivery,Delivered,2993.96,14
7509,14193,179,4,2025-05-30,Net Banking,Delivered,2100.64,
7510,19106,474,4,2026-07-11,Net Banking,Delivered,377225.76,
7511,2206,66,1,2024-11-10,Net Banking,Delivered,640.7,19
7512,4813,422,3,2025-01-23,Cash on Delivery,Delivered,9300.51,
7513,19158,449,4,2024-07-21,Net Banking,Delivered,3294.6,14
7514,3831,65,3,2025-07-25,Debit Card,Cancelled,1483.02,
7515,17369,36,3,2025-08-25,Debit Card,Delivered,128408.7,20
7516,11365,110,3,2026-02-05,Credit Card,Delivered,3819.0,
7517,17299,204,4,2025-10-26,UPI,Returned,7564.32,
7518,17111,493,4,2024-12-09,UPI,Delivered,2724.4,10
7519,4093,39,5,2025-05-24,Cash on Delivery,Delivered,3586.8,
7520,14595,416,1,2025-03-12,UPI,Returned,872.32,1
7521,3799,342,3,2024-12-17,UPI,Delivered,1821.6,
7522,19440,271,5,2025-01-07,Net Banking,Returned,4524.0,
7523,6518,254,4,2025-08-13,Credit Card,Delivered,803.04,20
7524,14947,438,5,2025-11-05,Cash on Delivery,Delivered,1709.8,8
7525,13292,344,3,2024-10-01,Net Banking,Delivered,526.32,
7526,3214,76,5,2025-04-24,Cash on Delivery,Delivered,9741.6,
7527,11836,446,2,2025-03-06,Debit Card,Delivered,973.36,1
7528,13639,465,1,2025-02-23,Net Banking,Cancelled,345.8,
7529,18070,22,3,2024-07-22,Debit Card,Delivered,5505.6,14
7530,19040,274,2,2026-01-12,UPI,Delivered,6065.1,
7531,4516,443,5,2026-02-20,Credit Card,Returned,143654.25,
7532,9414,186,5,2025-04-26,Cash on Delivery,Delivered,24248.25,
7533,16905,459,5,2024-12-24,Debit Card,Delivered,5564.85,
7534,9833,347,2,2024-10-04,Net Banking,Cancelled,3834.6,4
7535,19780,24,2,2025-06-16,Net Banking,Cancelled,5775.12,16
7536,17579,416,5,2024-08-12,Cash on Delivery,Returned,4361.6,14
7537,6381,152,5,2025-07-24,UPI,Delivered,146996.25,
7538,3747,258,5,2026-06-22,Net Banking,Delivered,5681.6,13
7539,11436,101,2,2025-02-23,Credit Card,Delivered,10516.52,
7540,11791,411,3,2025-04-05,Credit Card,Delivered,8547.0,
7541,11498,303,1,2026-04-11,Credit Card,Delivered,7738.92,
7542,4141,184,2,2026-07-06,Debit Card,Delivered,5893.8,
7543,13812,427,3,2026-03-26,Debit Card,Delivered,8424.0,9
7544,16167,81,3,2024-08-14,UPI,Cancelled,1025.46,18
7545,14371,220,2,2025-11-26,UPI,Delivered,3707.7,8
7546,13892,150,1,2024-12-30,Credit Card,Delivered,9727.4,
7547,19339,394,5,2025-08-18,Net Banking,Delivered,225828.75,20
7548,12530,212,4,2025-10-03,Cash on Delivery,Delivered,1185.6,12
7549,10223,117,4,2026-04-29,UPI,Delivered,2158.0,7
7550,9120,124,2,2024-09-09,Cash on Delivery,Delivered,209465.12,2
7551,6356,491,3,2025-08-10,Credit Card,Delivered,804.3,20
7552,11291,186,1,2025-05-14,Cash on Delivery,Delivered,4849.65,
7553,11584,166,4,2025-02-04,Credit Card,Delivered,16942.56,25
7554,1432,339,5,2025-01-25,Debit Card,Cancelled,312761.4,
7555,2573,226,3,2025-05-09,Net Banking,Cancelled,6439.08,
7556,17278,402,5,2025-06-27,Cash on Delivery,Cancelled,5002.5,11
7557,13090,134,4,2025-10-08,Net Banking,Delivered,11579.04,12
7558,19302,235,2,2025-09-18,Net Banking,Delivered,1750.64,12
7559,13583,494,3,2026-03-30,UPI,Delivered,195024.72,
7560,19568,278,5,2026-04-04,Credit Card,Delivered,21815.8,
7561,5186,351,1,2026-03-09,UPI,Delivered,699.16,9
7562,2320,397,5,2025-09-27,Net Banking,Delivered,8178.3,12
7563,9554,264,1,2025-07-10,Debit Card,Delivered,751.2,3
7564,19852,264,5,2024-12-23,UPI,Delivered,3756.0,
7565,11719,345,4,2026-01-10,Net Banking,Delivered,17164.4,
7566,12834,46,1,2025-08-07,Net Banking,Delivered,57923.4,20
7567,3360,314,4,2025-01-13,UPI,Delivered,9982.8,
7568,6222,254,2,2025-03-18,UPI,Delivered,401.52,15
7569,3088,25,1,2025-07-01,Net Banking,Delivered,156.63,11
7570,17178,280,3,2026-01-24,UPI,Returned,2044.29,
7571,6071,474,5,2025-12-27,Cash on Delivery,Delivered,471532.2,
7572,17611,313,3,2025-03-07,Net Banking,Cancelled,167155.5,1
7573,13967,13,2,2026-06-25,UPI,Delivered,2840.0,17
7574,776,107,1,2024-12-26,UPI,Delivered,478.88,
7575,2138,29,4,2025-09-13,UPI,Delivered,527222.08,24
7576,9545,242,2,2025-10-25,UPI,Returned,2778.72,
7577,2965,390,3,2024-08-01,Cash on Delivery,Cancelled,3142.26,14
7578,5201,497,2,2025-02-11,Net Banking,Delivered,19833.44,
7579,12828,311,4,2026-06-08,UPI,Delivered,939.6,13
7580,10626,462,3,2026-02-04,Debit Card,Delivered,1356.36,
7581,14391,369,3,2026-04-15,UPI,Delivered,5671.8,
7582,17082,11,1,2025-09-26,Credit Card,Delivered,121043.7,12
7583,3411,159,2,2024-12-20,Credit Card,Delivered,346.94,
7584,11345,153,4,2025-02-02,Debit Card,Delivered,135954.0,25
7585,18071,281,5,2025-05-11,Cash on Delivery,Delivered,6359.7,
7586,17802,280,1,2024-12-27,Net Banking,Delivered,681.43,
7587,16378,491,3,2026-05-03,Net Banking,Delivered,804.3,7
7588,10091,429,5,2025-06-23,UPI,Delivered,556424.65,3
7589,9984,99,3,2025-07-26,Net Banking,Returned,8278.68,
7590,18569,139,5,2025-11-13,Debit Card,Cancelled,10863.6,8
7591,12684,260,1,2025-05-24,Debit Card,Delivered,466.94,
7592,14456,62,3,2026-05-15,UPI,Delivered,7048.8,7
7593,5368,213,1,2024-11-28,UPI,Delivered,4200.0,10
7594,3619,361,3,2024-10-15,UPI,Delivered,19660.41,4
7595,1859,198,5,2025-05-10,Credit Card,Returned,415489.9,
7596,11746,451,3,2026-01-12,Credit Card,Delivered,231909.6,
7597,1114,180,3,2024-07-17,Net Banking,Returned,253770.84,
7598,7473,106,3,2025-11-30,Cash on Delivery,Delivered,17384.82,8
7599,16564,490,5,2025-06-24,Net Banking,Delivered,3861.7,11
7600,11987,333,3,2025-03-07,Credit Card,Delivered,20333.04,1
7601,15619,298,2,2025-05-14,Net Banking,Returned,124024.08,
7602,10009,179,5,2025-04-29,UPI,Delivered,2625.8,
7603,12017,406,4,2026-07-15,Debit Card,Delivered,453879.36,
7604,2910,426,4,2024-08-26,UPI,Returned,92403.52,2
7605,1874,42,3,2026-01-09,UPI,Delivered,218793.15,
7606,15962,410,1,2026-05-26,Debit Card,Delivered,1619.15,7
7607,13513,160,1,2026-04-10,Debit Card,Returned,94648.17,
7608,11505,183,2,2026-05-27,Debit Card,Delivered,1362.24,7
7609,10251,417,4,2025-10-18,Net Banking,Returned,3915.0,
7610,14379,447,2,2026-06-09,Debit Card,Delivered,98040.7,13
7611,9499,158,1,2025-09-26,Credit Card,Delivered,572.76,12
7612,14627,356,1,2024-12-21,Debit Card,Delivered,533.28,
7613,17702,474,1,2025-02-24,Net Banking,Cancelled,94306.44,1
7614,2628,409,5,2025-07-24,UPI,Returned,8946.0,
7615,8914,485,3,2024-10-23,Credit Card,Delivered,898.8,4
7616,16783,421,5,2026-01-02,Debit Card,Cancelled,42085.0,
7617,10025,17,5,2024-12-27,Debit Card,Cancelled,163696.5,
7618,12041,19,4,2025-04-03,Debit Card,Delivered,43553.76,21
7619,8327,286,3,2025-06-24,Debit Card,Cancelled,213479.52,11
7620,6148,454,4,2024-07-30,Net Banking,Delivered,162076.8,14
7621,8408,44,3,2026-05-27,Debit Card,Delivered,3743.58,7
7622,4884,109,1,2025-08-22,Credit Card,Returned,73336.56,20
7623,7792,275,4,2026-04-12,Net Banking,Returned,332917.64,
7624,1025,182,2,2025-06-27,Credit Card,Delivered,2121.52,11
7625,13198,22,2,2024-12-26,Net Banking,Returned,3670.4,
7626,17774,124,3,2024-08-28,Credit Card,Delivered,314197.68,2
7627,920,158,4,2025-07-03,Debit Card,Delivered,2291.04,3
7628,9441,20,3,2025-09-08,UPI,Cancelled,10264.32,24
7629,19476,61,1,2024-08-25,Net Banking,Delivered,1301.52,2
7630,17402,242,4,2026-02-04,Credit Card,Delivered,5557.44,
7631,990,84,2,2026-03-16,Cash on Delivery,Delivered,14407.2,9
7632,13909,354,4,2025-10-28,UPI,Delivered,2177.4,
7633,12026,67,5,2026-01-30,UPI,Delivered,2304.0,
7634,19780,378,2,2025-08-02,UPI,Delivered,4569.8,
7635,1149,265,2,2026-02-22,Cash on Delivery,Cancelled,6273.0,
7636,1381,375,2,2025-10-25,Debit Card,Delivered,208.32,
7637,2555,234,2,2026-01-22,Net Banking,Delivered,1355.94,
7638,10843,291,4,2025-11-07,Debit Card,Delivered,21335.6,8
7639,5796,265,2,2026-03-12,Cash on Delivery,Delivered,6273.0,9
7640,5761,67,2,2024-09-24,Credit Card,Delivered,921.6,
7641,12962,240,2,2024-10-31,Cash on Delivery,Delivered,1391.04,19
7642,7473,375,2,2026-04-25,Net Banking,Cancelled,208.32,
7643,987,118,3,2025-07-22,Debit Card,Delivered,19637.28,
7644,7374,432,1,2025-05-20,Cash on Delivery,Delivered,1288.98,
7645,4846,250,4,2025-05-29,UPI,Cancelled,2693.6,
7646,19314,311,3,2024-11-08,Cash on Delivery,Returned,704.7,19
7647,14126,164,1,2024-07-24,Net Banking,Delivered,213.84,14
7648,12555,80,1,2026-01-01,UPI,Delivered,2191.5,
7649,11022,371,1,2024-11-26,UPI,Delivered,482.12,10
7650,12759,277,3,2024-11-16,UPI,Delivered,149524.35,19
7651,19590,69,4,2025-08-14,UPI,Delivered,2306.4,20
7652,18011,253,4,2025-06-24,UPI,Returned,1928.88,6
7653,15461,157,2,2025-01-13,Net Banking,Returned,20463.92,
7654,15316,461,1,2026-07-08,Debit Card,Cancelled,94134.95,
7655,14802,239,3,2025-10-03,Cash on Delivery,Delivered,11497.59,12
7656,18854,352,5,2024-07-17,Cash on Delivery,Cancelled,75631.65,
7657,1663,403,3,2025-01-25,Debit Card,Delivered,5566.23,
7658,10643,249,5,2024-12-03,UPI,Delivered,20605.0,10
7659,11696,461,5,2026-04-15,Credit Card,Delivered,470674.75,
7660,12885,173,5,2025-01-09,Cash on Delivery,Delivered,619.5,
7661,7563,499,5,2025-09-30,Cash on Delivery,Delivered,45796.8,12
7662,262,497,2,2024-11-12,Debit Card,Delivered,19833.44,19
7663,13047,119,2,2024-12-23,Credit Card,Delivered,6990.4,
7664,180,449,2,2026-06-02,Credit Card,Delivered,1647.3,13
7665,11202,199,5,2026-03-02,Net Banking,Delivered,85714.6,9
7666,1228,455,4,2024-08-12,Cash on Delivery,Delivered,186.48,18
7667,3043,312,1,2024-09-16,Credit Card,Returned,2241.47,
7668,12671,455,3,2025-11-06,UPI,Delivered,139.86,8
7669,12415,107,3,2025-11-25,Cash on Delivery,Delivered,1436.64,8
7670,2497,435,1,2025-02-10,UPI,Delivered,199.92,
7671,14631,467,1,2025-01-08,Net Banking,Delivered,2015.9,
7672,10839,13,2,2025-08-02,Cash on Delivery,Delivered,2840.0,
7673,1269,175,1,2025-03-01,UPI,Delivered,5165.82,1
7674,10980,160,2,2026-05-30,UPI,Returned,189296.34,13
7675,970,332,5,2025-10-10,Credit Card,Delivered,13027.5,
7676,12433,407,1,2024-12-12,Net Banking,Delivered,3395.04,
7677,3358,35,2,2026-03-27,UPI,Delivered,2901.36,9
7678,495,124,3,2025-10-29,Net Banking,Delivered,314197.68,
7679,19462,26,1,2025-10-30,Debit Card,Delivered,109395.44,
7680,3838,116,1,2026-02-05,Net Banking,Delivered,1885.6,
7681,16026,389,1,2025-02-06,Debit Card,Delivered,2493.96,25
7682,17455,417,2,2025-12-09,Debit Card,Returned,1957.5,22
7683,19376,229,5,2025-02-12,Cash on Delivery,Delivered,2178.0,
7684,16294,135,3,2025-07-16,Credit Card,Delivered,206597.64,3
7685,11172,349,4,2025-04-03,UPI,Delivered,15781.88,21
7686,17911,91,3,2025-09-09,Credit Card,Delivered,339347.07,24
7687,10798,214,2,2024-12-15,UPI,Delivered,2439.5,
7688,5359,254,5,2026-03-16,Debit Card,Delivered,1003.8,9
7689,4061,83,3,2026-03-27,Credit Card,Cancelled,3216.3,9
7690,7983,475,4,2025-03-29,Net Banking,Delivered,21477.12,21
7691,11509,120,3,2025-04-09,Cash on Delivery,Delivered,2251.65,
7692,19728,413,3,2025-06-24,Credit Card,Delivered,1365.12,6
7693,2615,97,3,2025-02-12,Credit Card,Delivered,2978.25,
7694,8585,419,3,2024-09-11,Net Banking,Delivered,102454.08,2
7695,14832,217,5,2024-10-30,Debit Card,Cancelled,3624.55,
7696,17998,188,4,2024-09-20,Credit Card,Delivered,16408.8,
7697,12369,130,5,2025-12-10,Credit Card,Returned,4150.0,22
7698,748,13,5,2026-02-06,Net Banking,Delivered,7100.0,
7699,8532,396,5,2025-05-05,Net Banking,Delivered,282730.8,
7700,19261,40,2,2026-01-20,Cash on Delivery,Returned,2992.8,
7701,5221,236,2,2025-02-27,Cash on Delivery,Delivered,5964.0,1
7702,4413,303,4,2025-07-10,UPI,Delivered,30955.68,3
7703,15081,127,4,2025-11-20,Credit Card,Delivered,449166.48,8
7704,2771,175,3,2024-12-02,Cash on Delivery,Delivered,15497.46,10
7705,13095,472,2,2024-12-14,Credit Card,Delivered,2967.58,
7706,1528,60,2,2026-06-10,UPI,Delivered,4150.0,13
7707,2865,67,4,2025-03-15,Credit Card,Delivered,1843.2,1
7708,19647,83,5,2026-01-03,Credit Card,Returned,5360.5,
7709,18236,206,5,2025-04-19,Cash on Delivery,Delivered,11421.8,
7710,3459,436,4,2026-07-01,UPI,Delivered,41979.0,
7711,15182,51,5,2025-07-04,Net Banking,Delivered,2156.7,3
7712,628,178,2,2024-09-29,Net Banking,Delivered,1536.8,
7713,1636,166,5,2025-11-09,UPI,Delivered,21178.2,8
7714,4376,176,1,2025-05-03,Net Banking,Delivered,559.18,
7715,17763,138,5,2024-10-09,Debit Card,Delivered,19881.45,4
7716,1079,22,3,2025-11-18,UPI,Delivered,5505.6,8
7717,11049,234,3,2025-11-06,Net Banking,Delivered,2033.91,8
7718,7763,214,5,2025-09-01,Net Banking,Delivered,6098.75,23
7719,190,66,3,2025-12-01,Cash on Delivery,Delivered,1922.1,
7720,16183,14,2,2025-10-28,Cash on Delivery,Delivered,2403.8,
7721,9624,438,1,2026-06-23,Cash on Delivery,Delivered,341.96,17
7722,8391,483,2,2025-06-10,UPI,Returned,120346.4,16
7723,13358,144,3,2025-02-13,UPI,Delivered,13670.4,
7724,18172,105,3,2026-03-06,Credit Card,Returned,698.94,9
7725,17357,293,5,2025-02-15,Debit Card,Delivered,4944.4,
7726,1345,324,5,2024-10-19,Net Banking,Delivered,8303.3,4
7727,14584,199,2,2024-08-27,Cash on Delivery,Delivered,34285.84,2
7728,2532,476,4,2026-03-08,Credit Card,Delivered,10519.0,9
7729,14071,460,3,2025-03-31,Cash on Delivery,Delivered,3256.2,21
7730,9702,470,4,2024-09-08,Net Banking,Delivered,10366.4,2
7731,4272,275,1,2025-11-05,UPI,Delivered,83229.41,8
7732,6503,193,1,2025-12-12,Net Banking,Delivered,42562.0,22
7733,10636,183,1,2025-04-21,Debit Card,Returned,681.12,
7734,1130,67,4,2025-10-08,Debit Card,Delivered,1843.2,12
7735,14939,339,3,2025-02-04,Cash on Delivery,Cancelled,187656.84,25
7736,4677,370,1,2025-04-03,Cash on Delivery,Cancelled,718.11,21
7737,12882,139,2,2025-05-11,Cash on Delivery,Delivered,4345.44,
7738,8171,478,1,2026-07-05,UPI,Delivered,2369.3,
7739,6236,356,4,2025-02-18,Net Banking,Delivered,2133.12,
7740,381,185,3,2025-08-26,Debit Card,Delivered,1386.0,20
7741,3954,473,1,2025-03-03,Debit Card,Delivered,37242.93,1
7742,8558,437,1,2026-05-07,Credit Card,Delivered,728.8,5
7743,930,485,1,2026-04-24,Cash on Delivery,Cancelled,299.6,
7744,5186,365,2,2025-09-01,Credit Card,Returned,3428.88,23
7745,4165,243,3,2026-03-30,Net Banking,Delivered,2178.0,
7746,12223,34,5,2026-03-17,UPI,Delivered,6103.35,9
7747,11861,212,3,2024-07-28,Credit Card,Returned,889.2,14
7748,7189,404,1,2026-05-04,Debit Card,Delivered,54604.68,7
7749,5424,91,3,2026-05-02,Net Banking,Delivered,339347.07,7
7750,3681,280,1,2026-06-28,Credit Card,Delivered,681.43,17
7751,13312,117,3,2024-07-31,UPI,Delivered,1618.5,14
7752,9662,425,1,2024-12-06,Net Banking,Delivered,249.32,10
7753,10964,217,2,2025-12-21,UPI,Returned,1449.82,
7754,12346,346,5,2026-03-21,Debit Card,Delivered,2914.8,9
7755,8771,439,2,2026-02-08,Credit Card,Delivered,5648.5,
7756,5932,38,5,2025-04-16,Cash on Delivery,Returned,463469.3,
7757,13084,407,2,2025-03-21,Net Banking,Delivered,6790.08,15
7758,4857,322,2,2025-12-19,Cash on Delivery,Delivered,113198.56,
7759,16872,398,4,2026-01-02,UPI,Returned,2744.56,
7760,10336,300,5,2025-11-10,Net Banking,Delivered,2098.25,8
7761,1172,115,4,2026-03-03,Debit Card,Delivered,9385.64,9
7762,5612,281,4,2026-06-11,Net Banking,Delivered,5087.76,13
7763,5507,234,4,2025-12-11,UPI,Delivered,2711.88,22
7764,18845,92,1,2025-08-25,UPI,Returned,1730.4,20
7765,3816,300,3,2025-03-04,Credit Card,Delivered,1258.95,1
7766,13580,135,1,2025-04-26,Net Banking,Delivered,68865.88,
7767,6989,474,3,2024-08-24,Cash on Delivery,Cancelled,282919.32,18
7768,17432,190,3,2026-05-23,UPI,Delivered,12629.1,7
7769,1547,409,4,2025-03-07,UPI,Delivered,7156.8,1
7770,5109,277,2,2024-09-21,Debit Card,Delivered,99682.9,
7771,2960,354,1,2026-01-23,UPI,Delivered,544.35,
7772,15804,120,5,2025-05-13,Debit Card,Delivered,3752.75,
7773,18685,359,2,2025-03-26,Debit Card,Delivered,8166.4,15
7774,8316,298,5,2024-09-28,Cash on Delivery,Delivered,310060.2,
7775,13261,429,5,2026-03-08,Debit Card,Delivered,556424.65,9
7776,14531,266,1,2025-08-16,UPI,Cancelled,3569.93,20
7777,8015,238,4,2025-03-03,Debit Card,Delivered,13996.8,1
7778,7789,495,1,2025-10-01,Credit Card,Delivered,8382.26,12
7779,2195,314,3,2025-01-28,Debit Card,Delivered,7487.1,
7780,10181,349,3,2024-12-06,Credit Card,Delivered,11836.41,10
7781,8331,97,3,2024-08-30,Cash on Delivery,Delivered,2978.25,2
7782,1361,241,2,2025-12-31,Debit Card,Delivered,1245.0,
7783,19387,421,1,2025-06-01,Credit Card,Delivered,8417.0,
7784,18779,368,3,2025-10-30,UPI,Delivered,2004.0,
7785,9828,399,5,2025-01-21,Cash on Delivery,Delivered,611926.05,
7786,13681,118,5,2025-10-03,Net Banking,Delivered,32728.8,12
7787,2751,137,3,2026-05-20,Cash on Delivery,Returned,2114.82,7
7788,10536,314,4,2025-05-22,Cash on Delivery,Delivered,9982.8,
7789,19360,418,4,2025-07-17,Net Banking,Delivered,51597.0,3
7790,17399,409,3,2025-04-21,Credit Card,Delivered,5367.6,
7791,19307,98,4,2025-01-08,Net Banking,Delivered,152169.6,
7792,13765,322,5,2024-11-06,Net Banking,Delivered,282996.4,19
7793,2106,278,1,2026-03-26,Credit Card,Cancelled,4363.16,9
7794,19411,491,5,2025-12-04,Net Banking,Delivered,1340.5,22
7795,2381,211,4,2025-01-31,Credit Card,Delivered,489300.56,25
7796,4938,128,5,2025-06-22,Debit Card,Returned,3322.8,6
7797,8508,31,1,2026-06-01,Net Banking,Cancelled,1075.75,13
7798,15597,71,3,2026-05-24,Debit Card,Delivered,1494.45,7
7799,3766,358,5,2025-06-19,Debit Card,Returned,35650.0,16
7800,3988,197,5,2025-05-18,UPI,Delivered,17112.5,
7801,1013,441,4,2024-07-19,Net Banking,Delivered,18379.52,
7802,5285,132,4,2025-12-10,Credit Card,Delivered,5717.04,22
7803,1721,386,4,2025-08-13,Debit Card,Delivered,6804.2,20
7804,802,104,2,2025-05-11,UPI,Delivered,6628.92,
7805,10453,40,3,2024-12-22,Credit Card,Delivered,4489.2,
7806,11520,428,3,2024-09-26,UPI,Cancelled,128211.72,
7807,18916,180,1,2024-11-14,Net Banking,Delivered,84590.28,19
7808,2978,54,1,2025-12-27,Credit Card,Delivered,1275.0,
7809,19680,241,2,2025-10-19,Credit Card,Delivered,1245.0,
7810,5049,391,5,2025-04-11,Credit Card,Delivered,745.2,
7811,5856,486,1,2025-09-23,Cash on Delivery,Delivered,3742.83,12
7812,11625,499,1,2026-07-04,Cash on Delivery,Delivered,9159.36,
7813,10917,392,1,2024-11-06,Credit Card,Returned,81376.53,19
7814,15798,39,4,2025-05-11,Credit Card,Returned,2869.44,
7815,19651,119,5,2025-01-03,Cash on Delivery,Delivered,17476.0,
7816,14270,77,5,2025-11-12,Cash on Delivery,Delivered,1735.3,8
7817,273,379,2,2024-10-23,Cash on Delivery,Delivered,950.18,4
7818,8765,156,1,2025-07-29,UPI,Cancelled,29753.4,
7819,6400,56,5,2024-09-01,Credit Card,Delivered,3615.3,2
7820,16910,273,5,2026-01-25,Credit Card,Delivered,59340.0,
7821,8661,94,2,2024-10-23,Credit Card,Delivered,1048.0,4
7822,14066,470,1,2025-02-15,Cash on Delivery,Delivered,2591.6,
7823,11876,140,1,2024-12-22,UPI,Delivered,519.65,
7824,9262,214,2,2026-05-20,Debit Card,Delivered,2439.5,7
7825,11107,309,4,2024-09-18,Credit Card,Delivered,146136.32,
7826,5154,480,3,2026-01-02,Debit Card,Delivered,215091.45,
7827,6238,227,3,2025-10-22,Credit Card,Delivered,2198.25,
7828,3275,264,1,2025-09-07,Debit Card,Delivered,751.2,24
7829,17800,211,5,2025-03-06,Cash on Delivery,Delivered,611625.7,1
7830,15288,448,1,2025-05-07,Cash on Delivery,Returned,693.67,
7831,6843,157,2,2025-09-19,UPI,Delivered,20463.92,12
7832,8879,252,2,2024-12-08,UPI,Delivered,6936.0,10
7833,15820,424,2,2025-01-07,Net Banking,Delivered,19033.0,
7834,14564,500,2,2024-07-27,Debit Card,Delivered,17753.7,14
7835,19340,166,1,2024-09-19,Cash on Delivery,Delivered,4235.64,
7836,13708,363,3,2026-01-29,UPI,Delivered,1364.13,
7837,14848,323,2,2025-09-22,Cash on Delivery,Delivered,1057.9,12
7838,18161,4,4,2025-04-23,Debit Card,Delivered,268076.72,
7839,2667,11,3,2025-03-07,UPI,Delivered,363131.1,1
7840,4621,197,3,2025-05-21,Debit Card,Returned,10267.5,
7841,6730,266,4,2025-08-17,Debit Card,Delivered,14279.72,20
7842,18393,82,3,2024-09-25,Credit Card,Delivered,11726.37,
7843,7577,1,3,2024-09-28,Net Banking,Delivered,2534.61,
7844,5188,387,1,2025-06-08,Net Banking,Delivered,7141.83,
7845,13601,362,2,2024-12-08,UPI,Delivered,4556.8,10
7846,8499,221,3,2025-04-29,UPI,Delivered,4258.8,
7847,5891,444,4,2024-08-06,Credit Card,Returned,12093.12,14
7848,12181,130,5,2026-02-04,Debit Card,Delivered,4150.0,
7849,7228,147,5,2024-12-20,Credit Card,Delivered,1748.85,
7850,11696,256,4,2026-06-17,Debit Card,Delivered,1594.56,13
7851,5163,48,1,2026-01-14,Debit Card,Returned,172.48,
7852,9444,101,1,2025-06-17,Cash on Delivery,Delivered,5258.26,16
7853,14418,103,1,2025-08-13,Credit Card,Delivered,1674.75,20
7854,11842,364,2,2026-01-03,Credit Card,Delivered,1976.8,
7855,7379,66,2,2026-01-28,Credit Card,Delivered,1281.4,
7856,862,98,1,2024-11-13,Cash on Delivery,Delivered,38042.4,19
7857,12057,320,1,2025-11-12,UPI,Delivered,1701.08,8
7858,6785,195,1,2024-08-24,Net Banking,Delivered,873.16,18
7859,19733,71,4,2024-10-19,Debit Card,Cancelled,1992.6,4
7860,6118,32,2,2025-06-01,Cash on Delivery,Delivered,605.68,
7861,19379,391,5,2024-12-13,UPI,Delivered,745.2,
7862,7673,332,5,2024-08-05,UPI,Cancelled,13027.5,14
7863,11915,331,3,2024-10-19,Debit Card,Delivered,80572.32,4
7864,15613,90,1,2025-08-18,Net Banking,Delivered,13074.16,20
7865,15773,421,4,2025-01-08,Credit Card,Delivered,33668.0,
7866,6211,318,1,2025-10-24,Cash on Delivery,Delivered,109179.58,
7867,10629,7,4,2025-06-15,Net Banking,Delivered,31157.28,16
7868,5825,409,2,2025-08-20,Cash on Delivery,Returned,3578.4,20
7869,11422,212,1,2026-04-02,Cash on Delivery,Cancelled,296.4,
7870,9859,180,5,2025-10-03,Cash on Delivery,Delivered,422951.4,12
7871,2644,105,3,2025-09-10,Cash on Delivery,Delivered,698.94,24
7872,5410,75,2,2026-06-26,Debit Card,Delivered,1597.12,13
7873,13593,208,4,2025-09-18,Net Banking,Delivered,2912.64,12
7874,8945,5,1,2025-05-03,Credit Card,Delivered,564.14,
7875,2765,76,1,2024-11-29,Credit Card,Delivered,1948.32,10
7876,5622,497,5,2024-10-13,Credit Card,Delivered,49583.6,4
7877,8282,471,3,2025-12-02,UPI,Delivered,1483.02,
7878,16056,273,4,2025-07-29,UPI,Returned,47472.0,
7879,13112,9,1,2025-10-15,UPI,Returned,6293.76,
7880,11960,46,3,2026-03-22,Debit Card,Delivered,173770.2,9
7881,17888,393,3,2026-01-29,Credit Card,Delivered,861.84,
7882,19367,43,5,2025-12-18,Cash on Delivery,Delivered,169496.1,
7883,14688,86,4,2025-10-24,Debit Card,Delivered,13907.64,
7884,19809,461,2,2025-10-21,Debit Card,Delivered,188269.9,
7885,19118,249,1,2025-12-22,Debit Card,Delivered,4121.0,
7886,6554,147,4,2025-11-09,Credit Card,Delivered,1399.08,8
7887,5086,444,3,2025-03-05,Credit Card,Delivered,9069.84,1
7888,15005,375,4,2026-01-13,Cash on Delivery,Delivered,416.64,
7889,10109,238,1,2025-02-26,Credit Card,Delivered,3499.2,1
7890,15440,48,2,2025-09-22,Debit Card,Delivered,344.96,12
7891,14149,334,3,2025-09-07,Debit Card,Delivered,2233.8,24
7892,4615,50,4,2025-10-22,Cash on Delivery,Delivered,46508.8,
7893,1108,447,5,2024-10-01,UPI,Returned,245101.75,
7894,9338,250,3,2025-05-25,UPI,Delivered,2020.2,
7895,2387,138,2,2025-03-07,UPI,Returned,7952.58,1
7896,2617,245,2,2026-01-13,Cash on Delivery,Delivered,3818.38,
7897,659,84,1,2024-11-08,UPI,Delivered,7203.6,19
7898,19385,75,2,2026-05-17,Debit Card,Cancelled,1597.12,7
7899,10320,434,1,2026-03-07,UPI,Delivered,648.6,9
7900,10293,255,3,2026-01-03,Debit Card,Delivered,2462.28,
7901,3,102,5,2026-06-27,Credit Card,Returned,11910.5,13
7902,13946,335,3,2024-11-27,Credit Card,Delivered,5674.86,10
7903,18499,345,4,2024-12-19,Credit Card,Delivered,17164.4,
7904,10053,133,4,2026-06-30,Net Banking,Delivered,8031.68,
7905,17511,329,5,2026-05-16,Net Banking,Delivered,13235.95,7
7906,8876,160,1,2024-08-23,UPI,Delivered,94648.17,2
7907,12106,173,1,2025-08-18,UPI,Delivered,123.9,20
7908,16774,9,1,2024-12-18,Cash on Delivery,Delivered,6293.76,
7909,7864,284,5,2025-09-18,Cash on Delivery,Delivered,2325.4,12
7910,13968,428,3,2025-03-14,Net Banking,Cancelled,128211.72,1
7911,157,263,5,2024-10-12,Cash on Delivery,Delivered,8433.0,4
7912,3567,120,5,2025-11-28,Net Banking,Delivered,3752.75,8
7913,8576,10,5,2025-05-26,UPI,Cancelled,38360.85,
7914,737,376,5,2025-04-09,Net Banking,Delivered,10908.75,
7915,12029,446,5,2025-06-27,Debit Card,Delivered,2433.4,3
7916,16289,149,3,2024-10-20,Credit Card,Delivered,9329.58,4
7917,6782,321,1,2026-04-19,Net Banking,Delivered,782.31,
7918,13209,252,2,2025-02-17,Debit Card,Delivered,6936.0,
7919,17389,485,1,2025-08-25,Net Banking,Delivered,299.6,20
7920,3910,318,2,2025-03-31,Credit Card,Delivered,218359.16,21
7921,16998,175,2,2024-11-05,Cash on Delivery,Delivered,10331.64,19
7922,3555,226,2,2025-07-01,Net Banking,Delivered,4292.72,3
7923,11444,341,4,2026-02-22,UPI,Cancelled,420642.64,
7924,83,205,5,2025-12-11,Cash on Delivery,Delivered,163762.2,22
7925,8796,230,3,2024-10-12,Cash on Delivery,Returned,54529.8,4
7926,3855,297,2,2025-05-13,Debit Card,Returned,718.56,
7927,8103,249,4,2024-08-02,Debit Card,Delivered,16484.0,14
7928,16751,170,5,2025-07-31,Debit Card,Delivered,2782.5,
7929,17065,361,1,2026-04-05,Credit Card,Delivered,6553.47,
7930,9965,17,1,2024-09-09,Net Banking,Delivered,32739.3,2
7931,7642,416,5,2025-05-28,UPI,Delivered,4361.6,
7932,10344,115,3,2025-05-02,Cash on Delivery,Cancelled,7039.23,
7933,5439,196,1,2024-09-03,Debit Card,Delivered,1889.91,2
7934,12422,219,3,2025-11-17,UPI,Delivered,226491.12,8
7935,1899,101,1,2026-05-20,Debit Card,Delivered,5258.26,7
7936,14064,312,2,2025-10-26,Credit Card,Cancelled,4482.94,
7937,11283,455,1,2026-02-25,Cash on Delivery,Delivered,46.62,
7938,8194,239,4,2025-06-19,Credit Card,Delivered,15330.12,16
7939,7211,143,2,2025-05-12,UPI,Delivered,281.78,
7940,6275,203,2,2025-02-01,UPI,Delivered,1507.76,25
7941,4526,109,4,2025-08-22,Net Banking,Delivered,293346.24,20
7942,11420,245,1,2026-01-16,Debit Card,Cancelled,1909.19,
7943,12191,462,3,2024-11-29,Credit Card,Delivered,1356.36,10
7944,8861,42,3,2025-11-26,UPI,Delivered,218793.15,8
7945,19468,59,4,2025-08-16,Debit Card,Delivered,3261.28,20
7946,9761,238,1,2025-03-10,UPI,Delivered,3499.2,1
7947,10604,120,5,2025-11-20,Debit Card,Delivered,3752.75,8
7948,14415,267,2,2025-08-01,Cash on Delivery,Delivered,8527.2,
7949,1084,137,4,2024-10-17,Credit Card,Delivered,2819.76,4
7950,15650,87,2,2025-11-01,Debit Card,Cancelled,23326.26,
7951,9786,2,1,2025-02-10,UPI,Delivered,21282.3,
7952,1704,66,5,2026-05-31,Credit Card,Cancelled,3203.5,13
7953,7127,461,5,2025-11-29,UPI,Delivered,470674.75,8
7954,2924,399,2,2026-03-13,Net Banking,Cancelled,244770.42,9
7955,3892,286,3,2025-02-21,Credit Card,Returned,213479.52,
7956,15497,379,5,2025-05-07,UPI,Delivered,2375.45,
7957,19913,23,4,2025-12-11,Cash on Delivery,Delivered,1728.64,22
7958,6539,112,3,2025-07-20,Net Banking,Delivered,281.94,
7959,86,145,4,2026-05-02,Debit Card,Delivered,18889.36,7
7960,9915,388,1,2025-12-26,Debit Card,Delivered,2532.64,
7961,2680,197,5,2026-01-20,Net Banking,Delivered,17112.5,
7962,13022,411,5,2025-10-06,Net Banking,Cancelled,14245.0,12
7963,1656,495,1,2025-12-01,Debit Card,Cancelled,8382.26,
7964,13998,420,4,2025-12-14,UPI,Delivered,3837.68,
7965,18148,434,4,2025-10-24,UPI,Delivered,2594.4,
7966,6635,448,1,2024-09-13,Credit Card,Returned,693.67,
7967,5241,477,1,2025-04-12,UPI,Delivered,461.02,
7968,17003,462,3,2025-10-04,Credit Card,Delivered,1356.36,12
7969,10129,457,5,2026-05-22,UPI,Delivered,19041.75,7
7970,13468,453,1,2025-07-01,Cash on Delivery,Returned,2087.28,3
7971,11859,364,2,2026-02-11,Debit Card,Delivered,1976.8,
7972,7184,176,2,2024-10-07,Debit Card,Delivered,1118.36,4
7973,9092,50,4,2024-12-08,Debit Card,Delivered,46508.8,10
7974,8317,193,4,2025-12-08,UPI,Delivered,170248.0,22
7975,2413,141,5,2025-03-25,UPI,Delivered,1911.0,21
7976,17635,32,2,2025-04-21,Credit Card,Delivered,605.68,
7977,12289,202,3,2024-08-26,Cash on Delivery,Delivered,11564.28,2
7978,11642,13,4,2025-12-10,Net Banking,Cancelled,5680.0,22
7979,6006,162,1,2025-01-30,Debit Card,Delivered,2593.47,25
7980,7750,340,5,2025-08-13,Debit Card,Cancelled,418853.6,20
7981,12178,346,3,2025-08-05,Cash on Delivery,Delivered,1748.88,20
7982,1157,113,3,2026-04-30,Credit Card,Returned,1721.43,7
7983,14455,152,5,2025-12-16,Credit Card,Delivered,146996.25,
7984,15012,205,1,2024-08-10,Cash on Delivery,Delivered,32752.44,14
7985,634,223,2,2026-04-03,Net Banking,Cancelled,148881.84,
7986,252,417,5,2025-08-06,UPI,Delivered,4893.75,20
7987,4021,360,2,2025-03-03,Net Banking,Delivered,2121.52,1
7988,19794,182,3,2025-06-01,Debit Card,Returned,3182.28,
7989,3195,34,4,2025-12-23,Cash on Delivery,Cancelled,4882.68,
7990,15826,105,4,2025-10-10,Credit Card,Returned,931.92,
7991,3053,209,5,2025-09-25,Cash on Delivery,Cancelled,20147.05,12
7992,18105,228,2,2026-02-04,Debit Card,Delivered,21856.32,
7993,17844,93,5,2025-05-29,Credit Card,Cancelled,21254.95,
7994,18268,475,3,2024-08-19,Net Banking,Returned,16107.84,2
7995,4545,405,4,2024-08-06,Credit Card,Returned,3345.6,14
7996,1873,153,3,2025-02-10,UPI,Delivered,101965.5,
7997,14309,489,3,2025-09-26,Credit Card,Cancelled,6281.76,12
7998,9070,492,2,2025-08-04,Cash on Delivery,Delivered,3199.6,
7999,6897,412,5,2024-09-08,Credit Card,Delivered,11025.0,2
8000,5019,223,1,2025-12-07,Credit Card,Delivered,74440.92,22
8001,15823,460,1,2025-10-23,Credit Card,Delivered,1085.4,
8002,17564,175,1,2025-04-24,Net Banking,Delivered,5165.82,
8003,19624,472,4,2026-01-31,Net Banking,Delivered,5935.16,
8004,19967,135,3,2025-07-23,UPI,Delivered,206597.64,
8005,18299,488,1,2025-06-14,Credit Card,Returned,326.4,16
8006,1219,213,1,2025-01-12,Net Banking,Delivered,4200.0,
8007,2164,216,5,2024-10-08,UPI,Delivered,6609.2,4
8008,8885,260,2,2025-11-14,Cash on Delivery,Returned,933.88,8
8009,15010,127,1,2025-09-20,Net Banking,Delivered,112291.62,12
8010,13307,285,2,2025-11-19,Cash on Delivery,Delivered,923.0,8
8011,8651,281,1,2026-05-02,Debit Card,Delivered,1271.94,7
8012,9968,91,3,2026-03-06,Net Banking,Delivered,339347.07,9
8013,3947,265,1,2026-03-24,Net Banking,Delivered,3136.5,9
8014,771,203,2,2025-06-26,Credit Card,Delivered,1507.76,11
8015,17960,433,3,2026-02-17,Credit Card,Returned,2276.64,
8016,16253,76,5,2025-08-27,Credit Card,Delivered,9741.6,20
8017,3180,15,2,2026-06-02,Debit Card,Cancelled,1651.44,13
8018,7011,250,3,2025-03-28,Net Banking,Delivered,2020.2,15
8019,18331,77,3,2025-01-06,Debit Card,Returned,1041.18,
8020,3256,19,2,2025-10-08,Debit Card,Cancelled,21776.88,12
8021,10957,17,3,2024-11-13,Credit Card,Delivered,98217.9,19
8022,7904,62,4,2025-03-26,Net Banking,Delivered,9398.4,21
8023,5103,288,1,2025-03-07,Debit Card,Delivered,2488.5,1
8024,9426,342,5,2025-08-30,Credit Card,Delivered,3036.0,23
8025,11774,68,3,2026-03-29,Credit Card,Delivered,1683.0,
8026,3618,256,2,2026-03-10,Cash on Delivery,Delivered,797.28,9
8027,13643,37,1,2026-02-01,Cash on Delivery,Delivered,4062.15,
8028,13875,182,4,2024-12-12,Cash on Delivery,Cancelled,4243.04,
8029,954,230,5,2024-12-21,Net Banking,Delivered,90883.0,
8030,11518,387,2,2025-01-22,Cash on Delivery,Delivered,14283.66,
8031,6031,469,1,2025-06-05,Credit Card,Returned,509.68,
8032,8356,370,3,2025-12-11,Debit Card,Delivered,2154.33,22
8033,8090,284,2,2024-09-06,Net Banking,Delivered,930.16,2
8034,17157,301,3,2024-11-30,Cash on Delivery,Delivered,5433.45,10
8035,3716,417,5,2025-11-21,Credit Card,Delivered,4893.75,8
8036,794,484,1,2026-07-10,Cash on Delivery,Delivered,109138.85,
8037,16161,366,4,2024-12-23,Net Banking,Delivered,180815.16,
8038,2315,48,1,2024-12-27,Net Banking,Delivered,172.48,
8039,11427,359,3,2024-09-06,Net Banking,Returned,12249.6,2
8040,6153,483,3,2026-03-30,Net Banking,Returned,180519.6,
8041,1034,420,5,2025-07-30,Debit Card,Delivered,4797.1,
8042,11867,260,3,2024-09-06,Net Banking,Delivered,1400.82,2
8043,12966,441,5,2024-11-26,Debit Card,Delivered,22974.4,10
8044,11500,174,5,2025-10-17,UPI,Returned,82428.6,
8045,5991,484,4,2026-04-03,UPI,Delivered,436555.4,
8046,7277,117,3,2025-12-29,Net Banking,Delivered,1618.5,
8047,16680,347,4,2025-12-16,Debit Card,Delivered,7669.2,
8048,17237,229,5,2025-02-08,Debit Card,Delivered,2178.0,25
8049,1635,330,1,2026-05-26,Debit Card,Delivered,3264.14,7
8050,12101,479,3,2025-04-29,Debit Card,Delivered,26184.6,
8051,13469,99,5,2025-11-29,UPI,Delivered,13797.8,8
8052,17502,223,3,2025-10-09,UPI,Delivered,223322.76,12
8053,19389,109,4,2025-01-01,Debit Card,Delivered,293346.24,
8054,16974,64,5,2024-10-06,Cash on Delivery,Delivered,11849.0,4
8055,18277,278,4,2025-08-31,Credit Card,Returned,17452.64,23
8056,1482,454,2,2025-10-14,Credit Card,Delivered,81038.4,
8057,16422,337,3,2025-08-29,Debit Card,Delivered,214819.8,23
8058,4993,174,2,2025-05-04,UPI,Delivered,32971.44,
8059,6158,37,5,2024-11-24,Cash on Delivery,Delivered,20310.75,10
8060,18094,251,1,2025-12-03,Debit Card,Delivered,107707.5,22
8061,12693,228,2,2025-09-30,UPI,Delivered,21856.32,12
8062,8325,463,3,2025-05-29,UPI,Delivered,1551.42,
8063,578,114,4,2024-09-30,Debit Card,Delivered,45214.4,
8064,15282,75,2,2026-02-22,Debit Card,Delivered,1597.12,
8065,17335,329,1,2024-12-06,Cash on Delivery,Delivered,2647.19,10
8066,5932,443,4,2025-09-14,Debit Card,Cancelled,114923.4,24
8067,17706,347,3,2026-07-04,Cash on Delivery,Returned,5751.9,
8068,17112,113,1,2026-02-22,Net Banking,Delivered,573.81,
8069,13685,453,5,2026-03-28,Debit Card,Delivered,10436.4,9
8070,11415,129,2,2025-12-27,Debit Card,Delivered,191528.88,
8071,6194,439,1,2026-03-18,Debit Card,Delivered,2824.25,9
8072,11363,294,3,2026-04-16,Net Banking,Delivered,1267.92,
8073,18765,429,2,2025-09-15,Debit Card,Delivered,222569.86,24
8074,14220,122,1,2026-04-05,Debit Card,Delivered,13890.24,
8075,12937,116,2,2024-07-17,Debit Card,Delivered,3771.2,
8076,9922,24,3,2025-12-22,UPI,Delivered,8662.68,
8077,7204,29,5,2026-03-09,UPI,Delivered,659027.6,9
8078,5254,69,5,2025-04-12,Credit Card,Delivered,2883.0,
8079,10355,71,3,2025-11-30,Debit Card,Delivered,1494.45,8
8080,6179,110,3,2026-05-08,UPI,Delivered,3819.0,7
8081,18782,410,5,2025-04-30,Debit Card,Delivered,8095.75,
8082,17759,53,4,2026-07-15,Debit Card,Returned,102730.32,
8083,4218,341,1,2026-06-11,Debit Card,Delivered,105160.66,13
8084,13315,450,1,2025-09-05,Debit Card,Delivered,331.2,23
8085,7191,479,4,2025-11-30,Debit Card,Delivered,34912.8,8
8086,19637,299,2,2025-04-22,Cash on Delivery,Delivered,163073.8,
8087,2511,67,1,2024-07-23,Debit Card,Cancelled,460.8,14
8088,15982,252,3,2025-06-25,Net Banking,Delivered,10404.0,6
8089,13974,110,4,2026-02-17,Net Banking,Returned,5092.0,
8090,10945,282,1,2024-09-26,Cash on Delivery,Delivered,330.0,
8091,16419,201,1,2025-08-03,Credit Card,Delivered,6033.36,
8092,15112,469,4,2024-08-29,Debit Card,Delivered,2038.72,2
8093,5068,388,1,2025-06-03,Net Banking,Delivered,2532.64,
8094,7066,142,2,2025-05-28,Cash on Delivery,Delivered,5015.84,
8095,12068,469,3,2025-12-21,Credit Card,Delivered,1529.04,
8096,11330,364,3,2025-05-31,Net Banking,Delivered,2965.2,
8097,15270,85,2,2024-08-31,UPI,Delivered,1953.0,2
8098,13575,179,5,2026-04-01,Cash on Delivery,Cancelled,2625.8,
8099,5182,114,3,2025-02-04,Debit Card,Delivered,33910.8,25
8100,4868,263,5,2026-04-03,Net Banking,Returned,8433.0,
8101,7301,11,3,2026-03-08,UPI,Delivered,363131.1,9
8102,1432,8,5,2025-04-09,Cash on Delivery,Delivered,230878.1,
8103,12998,85,5,2026-06-10,Cash on Delivery,Returned,4882.5,13
8104,1017,245,4,2025-12-25,Debit Card,Delivered,7636.76,
8105,17685,393,5,2025-01-14,Cash on Delivery,Delivered,1436.4,
8106,8084,267,5,2025-10-12,Debit Card,Delivered,21318.0,
8107,16198,347,5,2025-02-10,Credit Card,Delivered,9586.5,
8108,2763,315,2,2024-08-06,Cash on Delivery,Delivered,10911.7,14
8109,10825,220,3,2026-02-06,Credit Card,Returned,5561.55,
8110,16038,159,4,2025-07-12,Net Banking,Cancelled,693.88,3
8111,1991,454,3,2024-11-21,Net Banking,Delivered,121557.6,10
8112,6521,83,4,2025-03-07,Credit Card,Delivered,4288.4,1
8113,11010,273,3,2024-12-08,Cash on Delivery,Delivered,35604.0,10
8114,12255,415,1,2026-01-27,Net Banking,Delivered,1098.09,
8115,16910,155,3,2025-09-12,Net Banking,Delivered,28910.97,24
8116,175,461,5,2025-07-12,Debit Card,Delivered,470674.75,3
8117,714,478,5,2025-04-18,Cash on Delivery,Delivered,11846.5,
8118,13964,137,4,2025-08-03,Net Banking,Delivered,2819.76,
8119,4733,62,1,2025-07-22,Debit Card,Delivered,2349.6,
8120,15529,487,1,2024-12-10,Credit Card,Delivered,947.38,
8121,15960,13,1,2024-10-03,Cash on Delivery,Delivered,1420.0,
8122,15519,71,4,2025-09-07,Cash on Delivery,Delivered,1992.6,24
8123,16821,179,1,2025-03-07,Net Banking,Cancelled,525.16,1
8124,13324,421,5,2026-07-08,Debit Card,Delivered,42085.0,
8125,17592,333,5,2025-12-21,Net Banking,Delivered,33888.4,
8126,6832,313,1,2025-02-24,UPI,Delivered,55718.5,1
8127,17764,83,3,2025-09-04,Cash on Delivery,Delivered,3216.3,23
8128,19156,264,4,2026-04-15,UPI,Delivered,3004.8,
8129,17626,267,4,2025-08-27,Cash on Delivery,Returned,17054.4,20
8130,7124,481,2,2025-11-15,UPI,Delivered,1228.5,8
8131,17323,304,5,2026-06-21,UPI,Delivered,497136.9,13
8132,8221,499,3,2025-05-16,Debit Card,Delivered,27478.08,
8133,5426,41,4,2025-12-02,Net Banking,Delivered,13740.48,
8134,12394,37,3,2025-04-10,Cash on Delivery,Delivered,12186.45,
8135,19576,409,3,2025-10-02,Debit Card,Returned,5367.6,12
8136,7905,152,1,2024-09-07,Debit Card,Delivered,29399.25,2
8137,10654,275,1,2025-02-09,Net Banking,Cancelled,83229.41,25
8138,4226,158,3,2024-07-31,Credit Card,Delivered,1718.28,14
8139,78,256,1,2025-06-18,Credit Card,Delivered,398.64,16
8140,14336,422,5,2024-12-10,Net Banking,Delivered,15500.85,
8141,17350,60,2,2024-09-17,UPI,Delivered,4150.0,
8142,5057,64,2,2024-11-27,Debit Card,Returned,4739.6,10
8143,293,172,2,2025-07-22,Credit Card,Delivered,98193.6,
8144,11993,91,3,2025-01-26,Cash on Delivery,Delivered,339347.07,
8145,1672,342,2,2025-12-02,Debit Card,Delivered,1214.4,
8146,16070,149,3,2025-10-10,Credit Card,Delivered,9329.58,
8147,6260,22,2,2024-10-16,Cash on Delivery,Delivered,3670.4,4
8148,2351,269,4,2026-03-28,Debit Card,Delivered,666.12,9
8149,16622,325,4,2024-09-28,UPI,Delivered,11975.84,
8150,1995,338,3,2025-11-06,Cash on Delivery,Delivered,668.22,8
8151,13253,120,5,2026-04-07,UPI,Cancelled,3752.75,
8152,15070,222,1,2026-02-16,Credit Card,Returned,5048.1,
8153,643,491,3,2025-03-15,Debit Card,Delivered,804.3,1
8154,12687,337,5,2026-01-10,Debit Card,Delivered,358033.0,
8155,7818,474,5,2024-10-14,Net Banking,Delivered,471532.2,4
8156,11396,420,4,2024-12-05,Credit Card,Delivered,3837.68,10
8157,3762,411,5,2026-03-22,Debit Card,Delivered,14245.0,9
8158,2189,416,5,2024-09-26,Cash on Delivery,Delivered,4361.6,
8159,18450,151,2,2025-02-05,UPI,Delivered,132760.6,25
8160,9204,420,3,2025-08-27,Cash on Delivery,Returned,2878.26,20
8161,14314,193,1,2026-06-25,Cash on Delivery,Delivered,42562.0,13
8162,3811,212,5,2025-10-14,UPI,Delivered,1482.0,
8163,13944,385,2,2025-02-17,Cash on Delivery,Delivered,1749.8,
8164,7029,225,4,2024-09-29,Credit Card,Cancelled,7944.0,
8165,11972,213,5,2025-08-25,Net Banking,Delivered,21000.0,20
8166,1266,322,1,2025-01-10,Cash on Delivery,Delivered,56599.28,
8167,17640,496,1,2025-12-22,Net Banking,Returned,1481.04,
8168,8628,458,1,2025-10-18,Debit Card,Delivered,74220.0,
8169,5513,419,2,2026-04-13,Credit Card,Delivered,68302.72,
8170,16721,178,4,2026-06-11,Credit Card,Delivered,3073.6,13
8171,11620,170,2,2026-01-04,Debit Card,Delivered,1113.0,
8172,10649,294,4,2025-04-01,Net Banking,Delivered,1690.56,21
8173,19963,473,5,2024-10-20,Cash on Delivery,Delivered,186214.65,4
8174,19194,251,4,2025-10-20,Net Banking,Delivered,430830.0,
8175,5731,474,2,2024-10-17,Cash on Delivery,Delivered,188612.88,4
8176,4757,465,5,2026-03-11,Cash on Delivery,Delivered,1729.0,9
8177,11122,193,1,2025-11-16,Cash on Delivery,Delivered,42562.0,8
8178,15629,129,3,2026-04-30,Credit Card,Delivered,287293.32,7
8179,7066,202,1,2025-06-06,UPI,Delivered,3854.76,
8180,4380,289,5,2026-02-16,Credit Card,Cancelled,7191.5,
8181,11943,111,2,2026-01-16,UPI,Delivered,137342.32,
8182,11687,315,3,2024-10-24,Credit Card,Delivered,16367.55,4
8183,19195,384,2,2026-03-02,Debit Card,Returned,1345.4,9
8184,8168,416,5,2025-01-31,Net Banking,Delivered,4361.6,25
8185,3382,408,4,2026-04-25,Debit Card,Cancelled,670.68,
8186,2000,125,1,2025-09-04,Credit Card,Delivered,4435.08,23
8187,16066,301,3,2026-06-07,Debit Card,Delivered,5433.45,13
8188,15218,292,1,2024-10-25,Cash on Delivery,Returned,28762.43,
8189,16471,335,1,2024-07-28,Debit Card,Returned,1891.62,14
8190,2117,265,1,2025-09-23,Cash on Delivery,Delivered,3136.5,12
8191,19680,367,3,2025-06-17,Cash on Delivery,Delivered,3554.22,16
8192,14537,323,3,2025-08-28,UPI,Delivered,1586.85,
8193,16578,469,5,2024-12-14,Cash on Delivery,Delivered,2548.4,
8194,16806,445,1,2025-07-15,Net Banking,Returned,3460.32,3
8195,10416,225,3,2025-01-30,UPI,Delivered,5958.0,25
8196,805,474,2,2025-07-02,Cash on Delivery,Delivered,188612.88,3
8197,14726,100,3,2024-10-30,Debit Card,Delivered,1357.92,
8198,7665,213,1,2024-08-29,Net Banking,Delivered,4200.0,2
8199,8541,269,4,2024-08-31,Credit Card,Delivered,666.12,2
8200,9246,308,5,2025-06-20,Cash on Delivery,Delivered,11042.8,6
8201,3622,58,2,2025-06-14,Debit Card,Cancelled,6393.36,16
8202,1922,292,3,2026-03-03,Net Banking,Delivered,86287.29,9
8203,15498,68,3,2026-01-18,Debit Card,Returned,1683.0,
8204,18192,300,1,2024-07-24,Net Banking,Delivered,419.65,14
8205,18285,214,3,2025-05-19,Debit Card,Delivered,3659.25,
8206,18736,175,5,2025-12-30,UPI,Delivered,25829.1,
8207,19515,462,2,2025-12-20,Debit Card,Delivered,904.24,
8208,8377,57,4,2025-04-08,UPI,Delivered,19171.08,
8209,1119,466,4,2026-05-30,Net Banking,Delivered,1343.68,13
8210,12501,113,4,2025-12-09,UPI,Delivered,2295.24,22
8211,8527,333,5,2025-05-11,Cash on Delivery,Delivered,33888.4,
8212,10375,215,2,2025-07-12,Cash on Delivery,Delivered,8470.28,3
8213,17189,374,3,2025-11-14,Debit Card,Delivered,1880.82,8
8214,16877,194,5,2025-10-01,Net Banking,Delivered,11052.0,12
8215,3249,450,4,2024-09-15,Cash on Delivery,Delivered,1324.8,
8216,8418,63,3,2024-09-02,Cash on Delivery,Delivered,4614.96,2
8217,9556,249,3,2026-01-30,Cash on Delivery,Delivered,12363.0,
8218,3220,174,3,2024-10-27,UPI,Delivered,49457.16,
8219,13582,251,1,2026-05-24,Net Banking,Delivered,107707.5,7
8220,19043,444,5,2026-06-24,Net Banking,Delivered,15116.4,13
8221,3616,383,5,2026-05-19,Debit Card,Returned,27774.5,7
8222,13242,395,5,2026-04-01,Net Banking,Delivered,6006.55,
8223,9013,112,5,2024-08-21,Net Banking,Delivered,469.9,18
8224,5611,73,5,2026-04-12,Net Banking,Delivered,174866.7,
8225,3043,59,3,2024-12-10,Debit Card,Delivered,2445.96,
8226,16387,355,1,2024-08-10,UPI,Returned,347.2,14
8227,9953,79,1,2024-11-12,Net Banking,Delivered,93926.12,19
8228,9492,96,3,2024-10-10,UPI,Delivered,4168.26,4
8229,5724,223,3,2025-11-16,Credit Card,Delivered,223322.76,8
8230,1117,194,5,2025-07-14,Debit Card,Delivered,11052.0,3
8231,9107,184,5,2025-08-28,Cash on Delivery,Delivered,14734.5,
8232,11558,332,3,2025-10-18,Cash on Delivery,Cancelled,7816.5,
8233,5999,115,5,2024-07-27,Credit Card,Delivered,11732.05,14
8234,7653,65,5,2025-12-23,UPI,Delivered,2471.7,
8235,18528,230,4,2026-03-02,UPI,Cancelled,72706.4,9
8236,9716,138,1,2025-05-11,Credit Card,Delivered,3976.29,
8237,3323,399,2,2025-10-29,Cash on Delivery,Delivered,244770.42,
8238,19180,23,1,2025-01-30,Credit Card,Delivered,432.16,25
8239,1868,440,2,2025-06-24,Net Banking,Returned,21425.96,11
8240,351,322,1,2024-09-30,Cash on Delivery,Delivered,56599.28,
8241,13693,153,1,2025-08-14,Cash on Delivery,Delivered,33988.5,20
8242,19876,493,3,2025-09-27,Cash on Delivery,Returned,2043.3,12
8243,14648,400,2,2024-07-24,Net Banking,Cancelled,2340.0,14
8244,1752,187,2,2025-04-06,Debit Card,Delivered,48265.7,
8245,16153,189,4,2025-04-08,UPI,Delivered,571.2,
8246,19126,136,5,2025-04-22,Debit Card,Delivered,497398.0,
8247,17160,269,4,2024-11-05,Cash on Delivery,Delivered,666.12,19
8248,18679,423,1,2025-01-12,UPI,Delivered,3795.33,
8249,525,267,5,2024-09-22,UPI,Returned,21318.0,
8250,13080,101,5,2026-04-17,Debit Card,Delivered,26291.3,
8251,13994,487,2,2026-05-17,Cash on Delivery,Cancelled,1894.76,7
8252,16435,37,3,2024-09-06,Credit Card,Delivered,12186.45,2
8253,5678,310,5,2024-12-23,Net Banking,Delivered,5810.0,
8254,10329,260,2,2025-08-12,Credit Card,Delivered,933.88,20
8255,6049,266,3,2026-04-05,Net Banking,Cancelled,10709.79,
8256,16098,91,5,2024-11-05,Debit Card,Delivered,565578.45,19
8257,17264,356,5,2025-05-29,Credit Card,Cancelled,2666.4,
8258,17028,481,4,2024-08-10,Cash on Delivery,Delivered,2457.0,14
8259,18374,32,5,2025-06-17,Debit Card,Cancelled,1514.2,16
8260,307,183,3,2025-07-25,UPI,Delivered,2043.36,
8261,5505,387,4,2024-07-29,Cash on Delivery,Delivered,28567.32,14
8262,18206,331,4,2025-04-23,Net Banking,Delivered,107429.76,
8263,11655,3,2,2025-04-15,Cash on Delivery,Returned,1233.7,
8264,11984,480,3,2026-05-03,Debit Card,Delivered,215091.45,7
8265,3115,372,5,2025-04-17,Cash on Delivery,Delivered,368676.0,
8266,15899,240,1,2024-12-19,Credit Card,Delivered,695.52,
8267,3035,472,4,2026-06-14,UPI,Delivered,5935.16,13
8268,2680,323,1,2025-03-27,Credit Card,Delivered,528.95,21
8269,7286,368,3,2025-03-22,Cash on Delivery,Delivered,2004.0,15
8270,2221,58,3,2025-03-02,Cash on Delivery,Delivered,9590.04,1
8271,4433,314,5,2026-04-29,Debit Card,Delivered,12478.5,7
8272,12627,261,1,2026-06-11,UPI,Delivered,1449.1,13
8273,10368,410,3,2025-10-16,Cash on Delivery,Delivered,4857.45,
8274,2950,237,4,2026-05-19,Credit Card,Returned,692.04,7
8275,4609,442,4,2025-01-15,Cash on Delivery,Delivered,1362.72,
8276,4136,46,1,2025-08-12,Cash on Delivery,Delivered,57923.4,20
8277,12317,22,4,2026-02-10,Net Banking,Returned,7340.8,
8278,9202,489,5,2024-09-25,Net Banking,Delivered,10469.6,
8279,18616,326,2,2026-06-24,UPI,Delivered,190.8,13
8280,5064,322,2,2025-06-04,Credit Card,Delivered,113198.56,
8281,6755,223,4,2025-12-21,Debit Card,Cancelled,297763.68,
8282,8761,315,2,2025-11-07,Debit Card,Delivered,10911.7,8
8283,3793,447,3,2026-02-17,Credit Card,Returned,147061.05,
8284,12275,109,1,2026-06-06,Net Banking,Cancelled,73336.56,13
8285,18440,6,3,2026-06-12,Debit Card,Delivered,15907.5,13
8286,8408,182,1,2026-03-25,Debit Card,Delivered,1060.76,9
8287,4292,463,1,2026-02-01,Debit Card,Cancelled,517.14,
8288,15086,336,5,2026-01-03,Debit Card,Cancelled,8496.6,
8289,13792,406,4,2025-03-24,Debit Card,Delivered,453879.36,15
8290,3740,61,1,2026-02-03,Debit Card,Delivered,1301.52,
8291,7612,391,4,2024-09-13,Cash on Delivery,Delivered,596.16,
8292,16779,467,5,2025-04-13,Debit Card,Delivered,10079.5,
8293,13457,270,2,2025-07-13,Net Banking,Delivered,734.4,3
8294,16114,399,2,2025-03-26,Debit Card,Delivered,244770.42,15
8295,17300,288,5,2025-04-19,Net Banking,Delivered,12442.5,
8296,11089,173,4,2025-02-18,Cash on Delivery,Delivered,495.6,
8297,3743,248,3,2026-06-13,Debit Card,Delivered,2671.29,13
8298,9013,183,3,2024-09-25,Cash on Delivery,Returned,2043.36,
8299,14288,364,4,2026-01-01,Cash on Delivery,Delivered,3953.6,
8300,6433,222,2,2026-04-15,Debit Card,Cancelled,10096.2,
8301,12813,100,5,2024-10-07,Debit Card,Delivered,2263.2,4
8302,5478,234,1,2026-07-13,UPI,Delivered,677.97,
8303,11823,190,5,2026-02-09,Debit Card,Delivered,21048.5,
8304,12661,487,1,2025-12-18,Credit Card,Delivered,947.38,
8305,18805,51,2,2025-07-04,Cash on Delivery,Delivered,862.68,3
8306,990,438,2,2026-01-11,UPI,Delivered,683.92,
8307,18865,334,4,2026-01-22,Credit Card,Delivered,2978.4,
8308,12359,301,5,2025-09-10,Debit Card,Delivered,9055.75,24
8309,11782,241,2,2024-10-27,Debit Card,Delivered,1245.0,
8310,6469,29,3,2025-07-09,Net Banking,Delivered,395416.56,3
8311,6528,142,2,2026-06-30,UPI,Delivered,5015.84,
8312,16381,277,5,2025-03-27,Net Banking,Delivered,249207.25,15
8313,10172,336,2,2025-09-25,UPI,Delivered,3398.64,12
8314,11576,214,4,2024-12-11,Net Banking,Delivered,4879.0,
8315,7713,339,4,2025-08-17,Net Banking,Delivered,250209.12,20
8316,11696,443,2,2025-08-15,Net Banking,Delivered,57461.7,20
8317,8967,45,1,2026-04-16,Net Banking,Delivered,729.19,
8318,17601,433,1,2025-10-30,Net Banking,Delivered,758.88,
8319,2261,294,2,2025-06-09,UPI,Delivered,845.28,
8320,7279,53,2,2026-02-06,Credit Card,Delivered,51365.16,
8321,18309,305,5,2025-02-25,Cash on Delivery,Delivered,434424.8,1
8322,13332,181,2,2026-02-10,Credit Card,Returned,5430.08,
8323,14699,327,3,2025-12-28,UPI,Delivered,19908.72,
8324,4720,478,3,2025-03-28,Cash on Delivery,Cancelled,7107.9,21
8325,11709,340,5,2024-11-02,Cash on Delivery,Delivered,418853.6,19
8326,9181,16,4,2025-04-14,Debit Card,Delivered,4263.2,
8327,17271,374,1,2026-03-23,Cash on Delivery,Delivered,626.94,9
8328,13904,319,4,2025-10-01,Net Banking,Returned,2875.92,12
8329,17895,200,1,2025-02-16,Credit Card,Delivered,256.2,
8330,11847,19,1,2025-11-18,UPI,Delivered,10888.44,8
8331,18034,118,3,2025-02-05,Net Banking,Delivered,19637.28,25
8332,13438,269,3,2026-01-12,Cash on Delivery,Delivered,499.59,
8333,6442,77,5,2025-09-28,Credit Card,Delivered,1735.3,12
8334,565,369,4,2026-02-06,UPI,Delivered,7562.4,
8335,2083,117,4,2026-05-25,Net Banking,Cancelled,2158.0,7
8336,3698,457,3,2025-09-05,Net Banking,Cancelled,11425.05,23
8337,19776,75,2,2025-01-11,UPI,Delivered,1597.12,
8338,11462,309,2,2024-10-31,Debit Card,Delivered,73068.16,19
8339,17792,477,1,2025-03-18,Net Banking,Delivered,461.02,21
8340,7497,160,2,2024-12-05,Net Banking,Delivered,189296.34,10
8341,7958,61,5,2025-10-30,Credit Card,Delivered,6507.6,
8342,8638,128,3,2026-04-23,Cash on Delivery,Cancelled,1993.68,
8343,3996,128,2,2026-02-10,Credit Card,Returned,1329.12,
8344,13665,9,4,2026-01-06,Cash on Delivery,Cancelled,25175.04,
8345,6928,17,1,2024-09-10,Net Banking,Cancelled,32739.3,2
8346,18673,373,3,2025-07-22,UPI,Delivered,166053.42,
8347,13913,342,3,2024-12-21,Cash on Delivery,Delivered,1821.6,
8348,9838,2,5,2025-09-21,Cash on Delivery,Delivered,106411.5,12
8349,14465,141,2,2026-05-12,UPI,Delivered,764.4,5
8350,5218,241,1,2024-12-05,Debit Card,Delivered,622.5,10
8351,5499,64,5,2024-11-15,Cash on Delivery,Delivered,11849.0,19
8352,16497,375,5,2026-05-27,Credit Card,Cancelled,520.8,7
8353,7724,409,4,2025-10-11,Debit Card,Delivered,7156.8,
8354,12371,88,2,2024-09-07,Credit Card,Delivered,655.32,2
8355,16586,281,4,2025-10-21,Debit Card,Delivered,5087.76,
8356,9447,349,1,2025-11-21,Debit Card,Delivered,3945.47,8
8357,18912,291,5,2026-07-17,Credit Card,Cancelled,26669.5,
8358,12649,326,3,2024-09-28,Debit Card,Delivered,286.2,
8359,14585,186,1,2025-11-05,Net Banking,Cancelled,4849.65,8
8360,10314,447,3,2025-04-10,Cash on Delivery,Delivered,147061.05,
8361,7228,37,5,2024-12-08,Cash on Delivery,Delivered,20310.75,10
8362,742,44,3,2025-05-11,Net Banking,Delivered,3743.58,
8363,7539,242,3,2026-01-13,Cash on Delivery,Delivered,4168.08,
8364,19671,230,3,2026-01-28,UPI,Delivered,54529.8,
8365,5986,398,1,2026-06-15,UPI,Delivered,686.14,13
8366,19256,396,5,2025-10-03,Cash on Delivery,Delivered,282730.8,12
8367,15874,76,2,2024-11-07,Cash on Delivery,Delivered,3896.64,19
8368,11464,245,2,2026-03-29,Debit Card,Delivered,3818.38,
8369,11147,143,3,2025-03-02,Credit Card,Delivered,422.67,1
8370,1997,141,1,2025-07-10,Debit Card,Delivered,382.2,3
8371,16970,488,3,2024-09-19,Debit Card,Delivered,979.2,
8372,16746,126,4,2024-12-08,Credit Card,Delivered,7968.12,10
8373,5341,353,3,2026-01-16,Net Banking,Delivered,629.85,
8374,8392,247,3,2026-06-05,Cash on Delivery,Delivered,1664.28,13
8375,3738,183,5,2025-11-03,UPI,Delivered,3405.6,
8376,4194,410,5,2025-06-24,Debit Card,Cancelled,8095.75,6
8377,2141,290,5,2026-07-12,Debit Card,Delivered,6958.25,
8378,19056,403,3,2025-11-18,Credit Card,Delivered,5566.23,8
8379,7568,126,1,2026-05-04,Net Banking,Delivered,1992.03,7
8380,4307,448,4,2025-06-21,Net Banking,Delivered,2774.68,6
8381,2724,253,3,2026-03-12,Debit Card,Delivered,1446.66,9
8382,2232,204,2,2024-11-03,Net Banking,Delivered,3782.16,19
8383,6266,435,2,2026-01-19,Cash on Delivery,Delivered,399.84,
8384,10605,280,2,2026-02-15,UPI,Delivered,1362.86,
8385,13369,202,1,2026-06-27,Credit Card,Delivered,3854.76,13
8386,17727,117,5,2024-12-29,UPI,Delivered,2697.5,
8387,1781,428,5,2025-01-23,Cash on Delivery,Delivered,213686.2,
8388,13129,465,4,2025-05-24,Cash on Delivery,Delivered,1383.2,
8389,5137,321,1,2025-09-07,Debit Card,Delivered,782.31,24
8390,18138,92,4,2024-08-07,Cash on Delivery,Delivered,6921.6,14
8391,18483,98,1,2025-06-01,Cash on Delivery,Returned,38042.4,
8392,2034,303,4,2025-12-27,Net Banking,Returned,30955.68,
8393,19140,251,1,2025-05-07,Cash on Delivery,Returned,107707.5,
8394,8902,27,4,2026-06-29,Debit Card,Returned,22012.32,
8395,9538,225,4,2024-07-20,Debit Card,Delivered,7944.0,14
8396,13482,253,4,2025-09-24,Debit Card,Delivered,1928.88,12
8397,8936,190,3,2025-07-27,Credit Card,Delivered,12629.1,
8398,19953,157,5,2024-09-29,Debit Card,Cancelled,51159.8,
8399,1936,239,1,2025-02-04,Credit Card,Delivered,3832.53,25
8400,16860,336,2,2026-03-20,Credit Card,Cancelled,3398.64,9
8401,284,217,1,2026-05-13,UPI,Delivered,724.91,7
8402,4195,203,5,2025-10-30,Credit Card,Delivered,3769.4,
8403,18450,380,3,2025-09-10,Net Banking,Delivered,13397.4,24
8404,6055,148,4,2024-12-10,Credit Card,Delivered,6350.08,
8405,19566,58,2,2026-03-16,Debit Card,Delivered,6393.36,9
8406,18028,473,1,2024-08-31,Cash on Delivery,Delivered,37242.93,2
8407,1866,24,2,2024-12-11,Net Banking,Delivered,5775.12,
8408,4732,36,5,2025-11-17,Net Banking,Cancelled,214014.5,8
8409,11703,371,1,2025-10-23,Credit Card,Delivered,482.12,
8410,7348,228,1,2024-12-16,Debit Card,Delivered,10928.16,
8411,19519,313,4,2024-09-04,UPI,Returned,222874.0,2
8412,13453,95,1,2024-10-05,Cash on Delivery,Returned,461.66,4
8413,17181,277,2,2025-10-12,UPI,Delivered,99682.9,
8414,4711,98,2,2025-11-09,Credit Card,Cancelled,76084.8,8
8415,2323,356,4,2025-07-18,Debit Card,Delivered,2133.12,
8416,2159,498,1,2025-05-20,Credit Card,Returned,728.16,
8417,1816,310,3,2025-01-28,Net Banking,Delivered,3486.0,
8418,12398,200,2,2026-02-11,Credit Card,Delivered,512.4,
8419,8372,70,3,2026-03-06,Credit Card,Delivered,3816.72,9
8420,17556,211,4,2025-01-03,Net Banking,Delivered,489300.56,
8421,19450,270,3,2024-12-29,Debit Card,Delivered,1101.6,
8422,11089,76,1,2026-04-12,Net Banking,Delivered,1948.32,
8423,7828,131,2,2025-06-06,UPI,Cancelled,3656.6,
8424,19283,162,5,2024-09-11,Net Banking,Returned,12967.35,2
8425,5539,462,2,2025-07-28,UPI,Delivered,904.24,
8426,17091,141,3,2026-01-25,Net Banking,Delivered,1146.6,
8427,18329,423,2,2026-06-02,Debit Card,Cancelled,7590.66,13
8428,3147,136,3,2025-08-06,Cash on Delivery,Delivered,298438.8,20
8429,14664,50,4,2024-10-21,Debit Card,Delivered,46508.8,4
8430,6408,30,5,2024-12-31,Cash on Delivery,Delivered,33596.25,
8431,17053,136,4,2025-01-14,Cash on Delivery,Delivered,397918.4,
8432,17581,86,1,2025-05-09,Net Banking,Delivered,3476.91,
8433,15403,373,1,2025-05-27,UPI,Cancelled,55351.14,
8434,509,456,2,2025-02-01,UPI,Returned,1928.92,25
8435,9656,388,2,2025-02-01,Net Banking,Delivered,5065.28,25
8436,17523,496,2,2026-04-22,Debit Card,Delivered,2962.08,
8437,11006,402,5,2024-09-08,Credit Card,Delivered,5002.5,2
8438,8360,270,5,2024-09-22,UPI,Delivered,1836.0,
8439,9101,81,5,2025-07-03,Cash on Delivery,Delivered,1709.1,11
8440,16079,431,3,2025-12-20,Credit Card,Delivered,1612.41,
8441,2476,268,2,2024-11-24,Credit Card,Delivered,155130.08,10
8442,12317,404,3,2025-06-04,Net Banking,Delivered,163814.04,
8443,13634,257,5,2024-09-09,Credit Card,Delivered,19220.2,2
8444,19739,472,3,2026-06-07,Cash on Delivery,Delivered,4451.37,13
8445,5669,436,1,2025-09-15,UPI,Cancelled,10494.75,24
8446,10464,295,3,2025-04-22,Cash on Delivery,Cancelled,26911.92,
8447,8556,418,4,2024-10-26,Net Banking,Returned,51597.0,
8448,3387,274,4,2025-02-25,Cash on Delivery,Delivered,12130.2,1
8449,9280,401,1,2025-04-21,Cash on Delivery,Cancelled,479.52,
8450,11490,413,1,2025-05-15,Cash on Delivery,Delivered,455.04,
8451,12752,189,3,2024-11-13,Debit Card,Delivered,428.4,19
8452,5234,375,4,2025-11-28,Net Banking,Delivered,416.64,8
8453,19238,266,5,2025-08-09,Credit Card,Delivered,17849.65,20
8454,13116,340,4,2025-01-25,Net Banking,Delivered,335082.88,
8455,10711,192,4,2026-05-12,Net Banking,Delivered,270054.96,7
8456,7581,354,2,2024-10-25,UPI,Delivered,1088.7,
8457,16633,145,4,2025-07-15,Cash on Delivery,Delivered,18889.36,3
8458,409,225,1,2025-07-25,Net Banking,Delivered,1986.0,
8459,2405,183,1,2024-08-31,Credit Card,Delivered,681.12,2
8460,17841,27,3,2026-03-25,Cash on Delivery,Delivered,16509.24,9
8461,10575,307,3,2025-12-09,Net Banking,Delivered,7407.45,22
8462,4439,22,1,2025-06-26,Debit Card,Delivered,1835.2,3
8463,1595,204,1,2025-07-19,Debit Card,Delivered,1891.08,
8464,15494,93,1,2025-11-05,Net Banking,Delivered,4250.99,8
8465,6211,480,3,2026-06-10,UPI,Delivered,215091.45,13
8466,1402,430,1,2025-02-10,Credit Card,Delivered,10668.41,
8467,1125,34,1,2026-01-08,Cash on Delivery,Delivered,1220.67,
8468,7414,310,5,2026-06-14,Net Banking,Delivered,5810.0,13
8469,12495,204,3,2025-02-21,UPI,Delivered,5673.24,
8470,10856,193,5,2026-01-14,UPI,Returned,212810.0,
8471,5217,408,2,2026-02-07,Credit Card,Delivered,335.34,
8472,7252,53,5,2025-04-01,Credit Card,Delivered,128412.9,21
8473,9249,348,5,2024-08-05,UPI,Delivered,292101.25,14
8474,11175,458,4,2025-11-01,Debit Card,Delivered,296880.0,
8475,4097,233,4,2025-01-11,Debit Card,Delivered,148400.24,
8476,6079,495,3,2026-05-17,Debit Card,Returned,25146.78,7
8477,15446,59,1,2026-01-08,Cash on Delivery,Cancelled,815.32,
8478,16663,112,2,2024-07-29,Credit Card,Delivered,187.96,14
8479,6188,412,1,2026-07-16,Credit Card,Delivered,2205.0,
8480,15771,366,2,2026-01-16,Credit Card,Delivered,90407.58,
8481,10577,128,4,2025-05-05,UPI,Delivered,2658.24,
8482,17379,323,4,2025-07-05,Credit Card,Delivered,2115.8,3
8483,3710,65,4,2025-05-02,Net Banking,Delivered,1977.36,
8484,7020,404,3,2025-10-04,Credit Card,Returned,163814.04,12
8485,1844,266,5,2025-01-01,Debit Card,Delivered,17849.65,
8486,1497,373,3,2024-08-23,Credit Card,Delivered,166053.42,2
8487,16704,36,5,2025-02-15,UPI,Delivered,214014.5,
8488,4485,415,3,2025-08-24,UPI,Delivered,3294.27,20
8489,17152,13,2,2026-03-25,Credit Card,Cancelled,2840.0,9
8490,11036,95,1,2025-11-22,Debit Card,Delivered,461.66,8
8491,13285,9,3,2025-03-24,Net Banking,Delivered,18881.28,21
8492,14863,196,2,2024-11-04,Cash on Delivery,Delivered,3779.82,19
8493,2559,4,3,2025-12-30,Debit Card,Delivered,201057.54,
8494,1746,155,5,2026-04-20,UPI,Delivered,48184.95,
8495,15031,236,1,2024-07-23,Debit Card,Delivered,2982.0,14
8496,4709,140,4,2025-06-12,Credit Card,Delivered,2078.6,16
8497,7970,240,3,2025-01-06,Credit Card,Delivered,2086.56,
8498,17945,269,5,2025-09-14,Credit Card,Delivered,832.65,24
8499,243,213,4,2025-07-01,Net Banking,Delivered,16800.0,11
8500,3060,225,2,2025-01-01,UPI,Delivered,3972.0,
8501,17432,484,3,2025-11-14,Debit Card,Delivered,327416.55,8
8502,9737,47,1,2024-10-09,Credit Card,Returned,55615.56,4
8503,13147,164,1,2024-10-05,Debit Card,Delivered,213.84,4
8504,18791,38,2,2024-08-30,Cash on Delivery,Delivered,185387.72,2
8505,5536,288,2,2026-01-17,Credit Card,Delivered,4977.0,
8506,12693,31,3,2026-02-04,Debit Card,Delivered,3227.25,
8507,7165,151,1,2026-05-06,UPI,Delivered,66380.3,5
8508,325,21,1,2026-02-15,UPI,Delivered,28961.1,
8509,13450,388,3,2026-07-16,Debit Card,Cancelled,7597.92,
8510,3050,486,5,2024-08-31,Credit Card,Delivered,18714.15,2
8511,4281,428,3,2025-09-23,Credit Card,Cancelled,128211.72,12
8512,11944,387,3,2025-01-22,Cash on Delivery,Delivered,21425.49,
8513,5939,386,4,2024-12-26,Credit Card,Delivered,6804.2,
8514,10305,397,2,2025-03-20,Cash on Delivery,Returned,3271.32,21
8515,14286,428,4,2025-03-16,UPI,Returned,170948.96,1
8516,7312,218,5,2026-05-01,Cash on Delivery,Delivered,153694.8,7
8517,16934,5,5,2025-11-20,Net Banking,Delivered,2820.7,8
8518,16462,11,3,2025-09-03,Cash on Delivery,Delivered,363131.1,23
8519,15239,89,2,2025-11-11,Debit Card,Cancelled,211390.24,8
8520,3397,415,1,2024-09-27,Debit Card,Delivered,1098.09,
8521,8608,403,1,2024-08-13,Credit Card,Delivered,1855.41,18
8522,12543,104,1,2026-04-29,Credit Card,Delivered,3314.46,7
8523,18185,462,3,2025-10-01,UPI,Delivered,1356.36,12
8524,14442,60,3,2025-04-22,Cash on Delivery,Delivered,6225.0,
8525,7910,29,1,2024-08-18,Debit Card,Delivered,131805.52,2
8526,12227,416,4,2024-09-07,UPI,Delivered,3489.28,2
8527,4605,455,1,2026-07-16,Cash on Delivery,Delivered,46.62,
8528,6566,169,3,2026-04-18,Debit Card,Delivered,7788.48,
8529,9609,334,2,2024-08-24,Credit Card,Delivered,1489.2,18
8530,15346,42,5,2026-07-11,UPI,Delivered,364655.25,
8531,10678,150,3,2024-12-28,Credit Card,Delivered,29182.2,
8532,6762,345,3,2025-04-08,Cash on Delivery,Returned,12873.3,
8533,6271,164,4,2025-03-24,Credit Card,Delivered,855.36,15
8534,9916,377,2,2024-12-01,UPI,Delivered,692.8,10
8535,11509,14,2,2025-04-18,Net Banking,Returned,2403.8,
8536,334,262,2,2025-12-12,Cash on Delivery,Cancelled,707.52,22
8537,4706,427,1,2025-03-07,UPI,Cancelled,2808.0,1
8538,10939,374,2,2025-05-17,Debit Card,Delivered,1253.88,
8539,3396,331,2,2025-09-10,Cash on Delivery,Delivered,53714.88,24
8540,18354,414,1,2024-09-12,UPI,Delivered,2311.15,2
8541,1312,443,4,2025-03-17,UPI,Delivered,114923.4,15
8542,12450,23,3,2026-04-21,UPI,Delivered,1296.48,
8543,16971,175,3,2025-09-01,Net Banking,Delivered,15497.46,23
8544,12321,20,4,2025-10-17,Net Banking,Delivered,13685.76,
8545,11367,373,2,2025-01-30,Cash on Delivery,Delivered,110702.28,25
8546,11090,141,1,2024-10-05,UPI,Delivered,382.2,4
8547,6679,178,4,2025-08-28,Net Banking,Delivered,3073.6,
8548,19167,193,4,2024-12-07,Credit Card,Delivered,170248.0,10
8549,1225,386,1,2024-09-19,Credit Card,Delivered,1701.05,
8550,3131,80,1,2026-06-30,Cash on Delivery,Delivered,2191.5,
8551,6932,5,1,2024-12-19,Net Banking,Delivered,564.14,
8552,17132,395,3,2025-03-02,Cash on Delivery,Delivered,3603.93,1
8553,18910,161,3,2024-08-09,Net Banking,Delivered,14023.56,14
8554,12931,153,1,2025-07-10,Cash on Delivery,Delivered,33988.5,3
8555,13567,383,1,2025-10-15,Cash on Delivery,Delivered,5554.9,
8556,11888,360,4,2025-03-12,Debit Card,Delivered,4243.04,21
8557,7951,77,2,2025-10-23,Credit Card,Delivered,694.12,
8558,10264,313,4,2025-07-20,Net Banking,Delivered,222874.0,
8559,4647,29,4,2026-06-25,UPI,Delivered,527222.08,13
8560,6569,244,4,2024-09-19,Cash on Delivery,Delivered,14345.28,
8561,4863,115,5,2025-09-04,Credit Card,Delivered,11732.05,23
8562,9275,461,1,2025-05-05,Debit Card,Cancelled,94134.95,
8563,3816,464,4,2024-09-03,Cash on Delivery,Delivered,2148.8,2
8564,5288,245,4,2025-09-07,Credit Card,Returned,7636.76,24
8565,6613,454,5,2026-05-14,Credit Card,Delivered,202596.0,7
8566,15164,304,5,2024-09-18,Net Banking,Delivered,497136.9,
8567,4785,125,1,2025-07-04,UPI,Returned,4435.08,3
8568,16971,366,5,2025-08-04,Debit Card,Delivered,226018.95,
8569,4874,33,3,2025-02-06,UPI,Delivered,11573.28,25
8570,5750,366,3,2026-02-24,Credit Card,Returned,135611.37,
8571,2892,472,3,2026-01-16,Credit Card,Delivered,4451.37,
8572,16829,428,2,2025-06-21,Cash on Delivery,Delivered,85474.48,3
8573,13306,316,3,2025-04-05,Credit Card,Delivered,33890.22,
8574,7903,39,2,2026-03-11,UPI,Delivered,1434.72,9
8575,10019,455,3,2026-02-02,Credit Card,Delivered,139.86,
8576,9550,490,4,2026-05-28,Credit Card,Delivered,3089.36,7
8577,3460,461,5,2025-10-31,UPI,Delivered,470674.75,
8578,11976,137,4,2024-09-17,Net Banking,Delivered,2819.76,
8579,17376,304,5,2025-01-02,Credit Card,Delivered,497136.9,
8580,9639,452,2,2026-04-21,Debit Card,Delivered,8237.08,
8581,3894,38,2,2026-01-17,Credit Card,Delivered,185387.72,
8582,3444,383,1,2024-08-23,UPI,Delivered,5554.9,2
8583,16640,185,2,2025-03-17,Net Banking,Cancelled,924.0,15
8584,10925,292,2,2025-04-23,Debit Card,Delivered,57524.86,
8585,18871,94,1,2026-03-30,Net Banking,Delivered,524.0,
8586,9684,125,5,2025-09-19,Net Banking,Cancelled,22175.4,12
8587,7524,279,1,2024-09-27,Cash on Delivery,Returned,57.42,
8588,11114,455,3,2025-11-02,Debit Card,Delivered,139.86,
8589,10933,402,2,2025-07-04,UPI,Delivered,2001.0,3
8590,13816,276,5,2025-05-09,Net Banking,Returned,3112.5,
8591,18897,391,5,2025-09-10,Debit Card,Delivered,745.2,24
8592,10018,86,3,2026-03-03,Debit Card,Delivered,10430.73,9
8593,18503,329,4,2025-06-23,Credit Card,Delivered,10588.76,11
8594,11182,429,3,2025-12-13,Cash on Delivery,Delivered,333854.79,22
8595,3246,495,4,2024-10-07,Credit Card,Delivered,33529.04,4
8596,8774,378,5,2025-06-27,UPI,Returned,11424.5,3
8597,5282,205,2,2026-07-05,Credit Card,Returned,65504.88,
8598,7033,72,1,2024-08-16,Debit Card,Delivered,2210.4,18
8599,6407,369,4,2026-05-11,Credit Card,Delivered,7562.4,5
8600,792,429,4,2025-07-13,Net Banking,Returned,445139.72,3
8601,1079,448,4,2025-11-01,Cash on Delivery,Returned,2774.68,
8602,11207,196,4,2024-09-04,Net Banking,Delivered,7559.64,2
8603,6244,115,3,2025-11-10,Cash on Delivery,Delivered,7039.23,8
8604,1779,479,2,2025-02-21,Net Banking,Cancelled,17456.4,
8605,19077,474,2,2026-04-12,Cash on Delivery,Returned,188612.88,
8606,18573,60,2,2025-06-08,Debit Card,Delivered,4150.0,
8607,17304,299,2,2025-10-20,Debit Card,Returned,163073.8,
8608,9346,337,3,2024-09-18,Cash on Delivery,Delivered,214819.8,
8609,14509,126,2,2025-02-26,UPI,Delivered,3984.06,1
8610,8428,63,5,2026-02-13,Cash on Delivery,Delivered,7691.6,
8611,19375,472,3,2024-11-13,Net Banking,Delivered,4451.37,19
8612,12503,145,4,2024-11-15,Net Banking,Returned,18889.36,19
8613,16646,224,1,2024-09-20,UPI,Cancelled,1856.79,
8614,7865,6,5,2024-07-23,Credit Card,Delivered,26512.5,14
8615,17357,277,4,2026-06-20,Cash on Delivery,Returned,199365.8,13
8616,9794,119,5,2025-01-15,Cash on Delivery,Delivered,17476.0,
8617,6851,198,1,2025-09-21,Debit Card,Delivered,83097.98,12
8618,17265,39,1,2025-12-09,Cash on Delivery,Delivered,717.36,22
8619,16924,165,3,2024-09-28,Net Banking,Returned,801.09,
8620,9927,193,1,2026-05-27,Net Banking,Delivered,42562.0,7
8621,6318,23,4,2024-07-30,Credit Card,Delivered,1728.64,14
8622,9079,342,1,2024-09-14,Debit Card,Delivered,607.2,
8623,7333,193,3,2025-04-02,UPI,Delivered,127686.0,21
8624,12089,250,2,2025-09-13,Debit Card,Delivered,1346.8,24
8625,14297,22,5,2026-03-14,UPI,Delivered,9176.0,9
8626,15707,288,4,2024-09-03,UPI,Delivered,9954.0,2
8627,3971,445,4,2025-08-25,Cash on Delivery,Delivered,13841.28,20
8628,15795,69,1,2025-01-08,UPI,Delivered,576.6,
8629,5936,166,5,2025-02-28,Credit Card,Delivered,21178.2,1
8630,19703,235,5,2024-10-04,Credit Card,Delivered,4376.6,4
8631,7235,454,4,2024-11-16,Debit Card,Delivered,162076.8,19
8632,1958,121,1,2025-09-23,Cash on Delivery,Delivered,295.4,12
8633,14170,383,3,2024-12-21,Net Banking,Delivered,16664.7,
8634,7220,468,1,2025-08-23,Net Banking,Delivered,111754.52,20
8635,6294,140,3,2025-01-22,UPI,Delivered,1558.95,
8636,8778,31,5,2026-04-08,UPI,Delivered,5378.75,
8637,5870,225,4,2024-11-09,Debit Card,Cancelled,7944.0,19
8638,8736,351,2,2025-06-01,UPI,Delivered,1398.32,
8639,6831,485,5,2025-06-17,Net Banking,Delivered,1498.0,16
8640,7766,500,5,2026-04-20,Cash on Delivery,Delivered,44384.25,
8641,15125,227,2,2026-07-10,Debit Card,Cancelled,1465.5,
8642,19363,193,5,2025-06-10,UPI,Delivered,212810.0,16
8643,8500,312,3,2026-06-27,Net Banking,Delivered,6724.41,17
8644,18805,498,1,2026-03-30,UPI,Delivered,728.16,
8645,18442,218,5,2025-05-18,Cash on Delivery,Returned,153694.8,
8646,16852,387,4,2025-07-24,UPI,Cancelled,28567.32,
8647,17885,238,4,2024-11-01,Cash on Delivery,Delivered,13996.8,19
8648,16195,249,1,2026-05-05,Credit Card,Delivered,4121.0,7
8649,3527,400,1,2026-06-27,Debit Card,Delivered,1170.0,17
8650,13637,175,2,2026-04-18,Credit Card,Delivered,10331.64,
8651,12214,98,1,2026-03-29,Cash on Delivery,Delivered,38042.4,
8652,19362,351,5,2024-12-16,UPI,Delivered,3495.8,
8653,10027,387,2,2026-06-03,Net Banking,Cancelled,14283.66,13
8654,15530,292,2,2024-11-16,Net Banking,Delivered,57524.86,19
8655,118,252,4,2026-05-10,Cash on Delivery,Delivered,13872.0,7
8656,990,107,3,2026-03-01,Cash on Delivery,Delivered,1436.64,9
8657,19072,405,4,2025-08-25,Debit Card,Delivered,3345.6,20
8658,9260,365,5,2025-09-06,Credit Card,Delivered,8572.2,
8659,8256,386,5,2024-07-24,Net Banking,Delivered,8505.25,14
8660,7769,169,5,2024-10-17,Credit Card,Delivered,12980.8,4
8661,13134,57,4,2025-08-08,Debit Card,Returned,19171.08,20
8662,12187,40,3,2025-07-27,UPI,Delivered,4489.2,
8663,7391,78,3,2026-05-26,Credit Card,Delivered,30536.04,7
8664,11608,226,2,2025-02-07,UPI,Delivered,4292.72,25
8665,598,181,1,2026-03-02,Debit Card,Delivered,2715.04,9
8666,3659,279,4,2026-06-17,Cash on Delivery,Delivered,229.68,17
8667,17689,119,3,2025-12-08,Credit Card,Cancelled,10485.6,22
8668,15231,33,1,2026-01-31,UPI,Delivered,3857.76,
8669,18788,332,2,2025-06-08,UPI,Delivered,5211.0,
8670,1122,73,2,2025-04-15,Cash on Delivery,Delivered,69946.68,
8671,9868,214,2,2025-01-30,UPI,Delivered,2439.5,25
8672,2412,252,1,2026-02-14,Cash on Delivery,Delivered,3468.0,
8673,12551,242,4,2024-12-23,Credit Card,Cancelled,5557.44,
8674,5182,95,4,2026-07-13,Credit Card,Delivered,1846.64,
8675,19835,308,3,2024-11-01,Cash on Delivery,Delivered,6625.68,19
8676,4507,96,5,2024-09-28,UPI,Delivered,6947.1,
8677,5192,350,3,2025-06-20,UPI,Delivered,111635.4,3
8678,19109,275,2,2025-08-20,Cash on Delivery,Delivered,166458.82,20
8679,19691,353,1,2024-07-19,UPI,Delivered,209.95,
8680,13739,313,4,2025-03-21,UPI,Returned,222874.0,15
8681,1277,432,2,2024-12-24,Debit Card,Returned,2577.96,
8682,3863,382,2,2026-02-12,UPI,Returned,10163.34,
8683,17170,495,4,2025-08-29,Credit Card,Cancelled,33529.04,23
8684,8006,415,1,2024-09-06,UPI,Delivered,1098.09,2
8685,4315,112,4,2025-07-07,Net Banking,Cancelled,375.92,3
8686,1933,459,1,2025-04-21,Net Banking,Delivered,1112.97,
8687,6463,218,1,2024-08-19,Debit Card,Delivered,30738.96,2
8688,322,152,5,2026-02-05,Credit Card,Delivered,146996.25,
8689,10204,265,5,2024-10-07,Cash on Delivery,Delivered,15682.5,4
8690,907,374,1,2024-11-25,Debit Card,Delivered,626.94,10
8691,7388,401,4,2025-09-17,Cash on Delivery,Delivered,1918.08,12
8692,1707,361,1,2026-02-19,Debit Card,Delivered,6553.47,
8693,14833,444,1,2025-12-27,Cash on Delivery,Delivered,3023.28,
8694,13502,63,4,2025-03-05,Cash on Delivery,Delivered,6153.28,1
8695,13741,354,5,2025-06-29,Cash on Delivery,Delivered,2721.75,3
8696,8050,135,1,2025-05-22,Net Banking,Delivered,68865.88,
8697,3480,309,5,2026-01-24,Debit Card,Delivered,182670.4,
8698,16323,457,3,2025-11-11,Net Banking,Delivered,11425.05,8
8699,1418,207,4,2026-05-24,Net Banking,Delivered,2128.4,7
8700,14662,57,1,2026-01-10,Credit Card,Delivered,4792.77,
8701,16500,119,1,2026-01-29,UPI,Delivered,3495.2,
8702,12232,28,1,2025-06-19,Credit Card,Delivered,18037.57,3
8703,10657,265,1,2026-03-09,UPI,Cancelled,3136.5,9
8704,13073,467,1,2025-04-04,Credit Card,Delivered,2015.9,
8705,18561,232,3,2026-01-30,Net Banking,Delivered,165316.74,
8706,6930,223,4,2026-02-17,UPI,Delivered,297763.68,
8707,6497,384,2,2026-02-07,Debit Card,Delivered,1345.4,
8708,6980,500,2,2026-01-08,Cash on Delivery,Delivered,17753.7,
8709,1740,90,5,2025-08-11,Debit Card,Delivered,65370.8,20
8710,9175,284,5,2025-11-29,Debit Card,Returned,2325.4,8
8711,916,497,4,2026-01-13,Cash on Delivery,Delivered,39666.88,
8712,18789,492,3,2025-11-02,UPI,Delivered,4799.4,
8713,11055,239,5,2025-12-11,Debit Card,Delivered,19162.65,22
8714,18349,246,1,2024-09-20,Debit Card,Delivered,44545.62,
8715,4227,313,5,2025-09-17,Cash on Delivery,Cancelled,278592.5,12
8716,6541,234,4,2025-06-21,Credit Card,Delivered,2711.88,6
8717,4524,442,2,2026-05-11,Net Banking,Returned,681.36,7
8718,7911,353,4,2026-02-21,Net Banking,Delivered,839.8,
8719,9351,132,5,2024-12-13,Net Banking,Delivered,7146.3,
8720,12584,169,4,2024-11-21,UPI,Delivered,10384.64,10
8721,6334,495,4,2026-04-30,Net Banking,Delivered,33529.04,7
8722,8709,468,5,2025-02-02,UPI,Delivered,558772.6,25
8723,8073,479,1,2025-10-01,Net Banking,Delivered,8728.2,12
8724,9563,336,3,2025-03-19,Cash on Delivery,Delivered,5097.96,15
8725,3046,461,3,2026-01-20,UPI,Delivered,282404.85,
8726,4890,72,4,2025-06-21,UPI,Delivered,8841.6,3
8727,7761,115,1,2025-10-15,Credit Card,Cancelled,2346.41,
8728,4647,306,4,2025-11-03,Debit Card,Delivered,1645.6,
8729,10233,440,3,2026-04-17,Cash on Delivery,Delivered,32138.94,
8730,14043,416,5,2024-09-24,Debit Card,Delivered,4361.6,
8731,18801,324,4,2025-06-24,Net Banking,Delivered,6642.64,11
8732,5430,209,5,2025-06-04,Debit Card,Delivered,20147.05,
8733,15869,181,2,2024-08-06,UPI,Cancelled,5430.08,14
8734,3439,102,4,2025-02-10,Net Banking,Delivered,9528.4,
8735,13713,417,3,2026-01-15,Cash on Delivery,Delivered,2936.25,
8736,8037,228,4,2026-05-24,UPI,Delivered,43712.64,7
8737,13944,395,4,2025-07-20,Debit Card,Delivered,4805.24,
8738,11149,314,4,2024-09-23,UPI,Delivered,9982.8,
8739,15477,189,2,2025-01-11,Debit Card,Delivered,285.6,
8740,1374,69,2,2026-04-27,Cash on Delivery,Delivered,1153.2,
8741,3181,466,4,2026-02-17,Net Banking,Returned,1343.68,
8742,9130,214,1,2025-12-17,Debit Card,Delivered,1219.75,
8743,6098,270,1,2025-01-09,Cash on Delivery,Delivered,367.2,
8744,4033,122,4,2025-04-26,Credit Card,Delivered,55560.96,
8745,2123,141,5,2026-04-14,Debit Card,Returned,1911.0,
8746,17672,389,4,2025-03-30,Net Banking,Delivered,9975.84,21
8747,212,241,1,2026-06-30,Credit Card,Delivered,622.5,
8748,2264,359,5,2025-11-29,Debit Card,Delivered,20416.0,8
8749,6385,205,1,2025-02-21,Debit Card,Delivered,32752.44,
8750,1021,233,1,2025-10-01,UPI,Delivered,37100.06,12
8751,10414,350,2,2026-02-17,Net Banking,Delivered,74423.6,
8752,15320,193,4,2025-09-04,Credit Card,Delivered,170248.0,23
8753,17206,430,1,2025-02-28,Debit Card,Delivered,10668.41,1
8754,12821,481,4,2026-05-27,UPI,Delivered,2457.0,7
8755,67,9,4,2025-04-10,Debit Card,Delivered,25175.04,
8756,8572,177,3,2026-02-17,Cash on Delivery,Delivered,2942.64,
8757,19550,470,2,2025-12-27,Net Banking,Delivered,5183.2,
8758,6229,26,5,2025-08-16,Cash on Delivery,Cancelled,546977.2,20
8759,17513,353,5,2025-06-18,Cash on Delivery,Delivered,1049.75,16
8760,17470,48,1,2025-01-16,Credit Card,Delivered,172.48,
8761,9015,241,4,2024-09-11,UPI,Delivered,2490.0,2
8762,11468,18,3,2024-12-10,Debit Card,Delivered,1643.58,
8763,13305,128,4,2025-12-11,Cash on Delivery,Delivered,2658.24,22
8764,15509,291,2,2026-04-29,UPI,Returned,10667.8,7
8765,4837,97,2,2025-12-02,UPI,Delivered,1985.5,
8766,5807,336,2,2026-02-16,Debit Card,Delivered,3398.64,
8767,16391,372,1,2026-06-11,Credit Card,Delivered,73735.2,13
8768,10468,202,1,2025-06-03,Cash on Delivery,Delivered,3854.76,
8769,14260,35,4,2026-05-28,Credit Card,Delivered,5802.72,7
8770,15512,351,5,2025-05-13,UPI,Returned,3495.8,
8771,14342,468,3,2024-09-18,Cash on Delivery,Delivered,335263.56,
8772,13039,268,1,2024-12-06,Net Banking,Delivered,77565.04,10
8773,2991,449,3,2024-12-07,UPI,Delivered,2470.95,10
8774,11693,405,5,2024-10-24,Debit Card,Delivered,4182.0,4
8775,5861,110,5,2024-12-21,Net Banking,Delivered,6365.0,
8776,15088,213,2,2025-11-24,Cash on Delivery,Delivered,8400.0,8
8777,6522,131,1,2025-05-27,Credit Card,Delivered,1828.3,
8778,4891,127,5,2025-06-04,Cash on Delivery,Delivered,561458.1,
8779,217,217,3,2025-06-05,UPI,Delivered,2174.73,
8780,9217,110,3,2025-07-03,Net Banking,Delivered,3819.0,3
8781,7381,53,3,2024-09-11,Credit Card,Delivered,77047.74,2
8782,8282,378,5,2026-05-25,Debit Card,Delivered,11424.5,7
8783,15285,368,5,2025-09-23,Credit Card,Cancelled,3340.0,12
8784,19767,355,3,2026-05-08,Debit Card,Delivered,1041.6,5
8785,1061,313,1,2025-01-08,Net Banking,Delivered,55718.5,
8786,10341,302,3,2025-06-25,UPI,Cancelled,28583.1,3
8787,5487,384,3,2026-01-29,Net Banking,Delivered,2018.1,
8788,19084,248,3,2025-10-22,Net Banking,Delivered,2671.29,
8789,13301,269,5,2025-02-05,Cash on Delivery,Delivered,832.65,25
8790,8976,6,3,2024-11-24,Net Banking,Delivered,15907.5,10
8791,11560,4,2,2025-09-13,Net Banking,Delivered,134038.36,24
8792,103,117,1,2025-04-04,UPI,Cancelled,539.5,
8793,1578,276,4,2024-10-12,UPI,Delivered,2490.0,4
8794,12907,326,4,2025-07-11,UPI,Delivered,381.6,3
8795,1825,176,4,2024-11-11,Cash on Delivery,Delivered,2236.72,19
8796,6980,214,1,2024-08-22,Debit Card,Returned,1219.75,18
8797,9540,383,4,2025-08-23,UPI,Delivered,22219.6,20
8798,16003,61,1,2024-12-31,Net Banking,Delivered,1301.52,
8799,4737,339,3,2025-06-01,Net Banking,Returned,187656.84,
8800,14883,464,5,2024-12-26,UPI,Delivered,2686.0,
8801,14776,162,4,2025-05-02,Debit Card,Delivered,10373.88,
8802,14241,215,3,2026-05-19,Net Banking,Delivered,12705.42,7
8803,7364,415,5,2025-07-13,Credit Card,Delivered,5490.45,3
8804,6775,66,1,2025-09-06,UPI,Delivered,640.7,
8805,12269,39,2,2024-12-31,UPI,Delivered,1434.72,
8806,6989,114,5,2025-09-04,Cash on Delivery,Delivered,56518.0,23
8807,10100,330,3,2025-12-25,Debit Card,Returned,9792.42,
8808,15420,44,1,2024-10-28,Net Banking,Delivered,1247.86,
8809,10822,468,4,2025-04-15,Net Banking,Delivered,447018.08,
8810,11238,476,1,2025-08-27,Credit Card,Delivered,2629.75,20
8811,3239,243,3,2026-02-25,UPI,Delivered,2178.0,
8812,3620,468,4,2025-06-29,Credit Card,Delivered,447018.08,3
8813,19147,463,1,2025-07-28,Net Banking,Delivered,517.14,
8814,13639,74,3,2026-06-13,Net Banking,Delivered,22813.47,13
8815,9784,386,2,2025-01-06,Net Banking,Cancelled,3402.1,
8816,10222,416,1,2025-10-16,Debit Card,Delivered,872.32,
8817,7051,455,4,2025-04-29,Credit Card,Delivered,186.48,
8818,12604,216,5,2025-10-28,Net Banking,Delivered,6609.2,
8819,8068,329,1,2025-08-08,Net Banking,Returned,2647.19,20
8820,12194,162,4,2025-12-24,Debit Card,Returned,10373.88,
8821,3009,318,5,2025-10-11,Net Banking,Delivered,545897.9,
8822,7664,92,3,2026-04-29,Credit Card,Delivered,5191.2,7
8823,776,255,4,2025-08-16,UPI,Delivered,3283.04,20
8824,14371,316,5,2024-09-22,Cash on Delivery,Delivered,56483.7,
8825,10565,280,4,2025-11-11,Cash on Delivery,Delivered,2725.72,8
8826,14388,443,1,2025-03-07,UPI,Delivered,28730.85,1
8827,19983,399,2,2026-05-13,Credit Card,Delivered,244770.42,7
8828,11747,104,2,2024-08-24,Debit Card,Delivered,6628.92,18
8829,10071,278,2,2025-03-23,Debit Card,Cancelled,8726.32,15
8830,2477,112,3,2026-04-29,UPI,Delivered,281.94,7
8831,18285,54,5,2025-04-19,UPI,Delivered,6375.0,
8832,5156,173,5,2025-01-10,UPI,Delivered,619.5,
8833,3617,409,3,2025-03-14,Debit Card,Delivered,5367.6,1
8834,15468,484,3,2025-06-16,Net Banking,Delivered,327416.55,16
8835,15991,218,4,2024-11-14,Cash on Delivery,Delivered,122955.84,19
8836,10541,125,5,2025-08-15,Debit Card,Delivered,22175.4,20
8837,16496,422,5,2026-07-06,Net Banking,Delivered,15500.85,
8838,2511,402,2,2024-08-21,Cash on Delivery,Returned,2001.0,2
8839,11904,343,5,2025-01-16,Debit Card,Delivered,16657.65,
8840,7994,95,4,2026-01-09,Net Banking,Delivered,1846.64,
8841,12421,483,5,2025-08-05,Debit Card,Delivered,300866.0,20
8842,4004,290,3,2024-09-02,Cash on Delivery,Delivered,4174.95,2
8843,11424,386,2,2025-09-21,UPI,Delivered,3402.1,12
8844,13219,213,5,2024-10-15,UPI,Delivered,21000.0,4
8845,14128,374,3,2026-04-27,Net Banking,Delivered,1880.82,
8846,9899,304,4,2024-08-19,Credit Card,Delivered,397709.52,18
8847,17219,369,3,2025-11-08,Cash on Delivery,Delivered,5671.8,8
8848,19931,19,2,2026-01-09,Cash on Delivery,Delivered,21776.88,
8849,199,211,5,2026-05-11,Debit Card,Delivered,611625.7,5
8850,12345,24,5,2024-11-19,Net Banking,Delivered,14437.8,10
8851,12994,231,4,2025-02-22,Net Banking,Delivered,286035.12,
8852,19618,76,1,2025-04-03,UPI,Delivered,1948.32,21
8853,8428,116,1,2024-11-09,Credit Card,Delivered,1885.6,19
8854,7196,305,1,2026-01-28,Net Banking,Delivered,86884.96,
8855,19635,370,1,2025-12-15,UPI,Delivered,718.11,
8856,8001,75,3,2026-02-26,Credit Card,Delivered,2395.68,
8857,3337,414,4,2025-06-07,Net Banking,Delivered,9244.6,
8858,5956,322,4,2025-01-20,Net Banking,Delivered,226397.12,
8859,14937,242,5,2026-03-26,UPI,Cancelled,6946.8,9
8860,17206,260,1,2025-08-31,UPI,Delivered,466.94,23
8861,340,471,2,2025-05-27,Debit Card,Delivered,988.68,
8862,11975,296,1,2025-03-31,Net Banking,Delivered,246.51,21
8863,14460,397,5,2026-06-06,Net Banking,Delivered,8178.3,13
8864,14488,143,4,2024-07-24,Cash on Delivery,Delivered,563.56,14
8865,19009,240,2,2025-02-16,UPI,Cancelled,1391.04,
8866,15341,96,4,2025-06-19,UPI,Delivered,5557.68,16
8867,4646,161,3,2025-08-12,Net Banking,Returned,14023.56,20
8868,19838,135,5,2025-10-02,Credit Card,Delivered,344329.4,12
8869,701,198,3,2026-05-19,Cash on Delivery,Delivered,249293.94,7
8870,5196,13,3,2026-06-19,Net Banking,Delivered,4260.0,13
8871,2581,281,2,2024-12-28,Net Banking,Delivered,2543.88,
8872,17879,197,2,2024-12-02,Cash on Delivery,Delivered,6845.0,10
8873,16280,134,5,2025-04-27,Debit Card,Delivered,14473.8,
8874,4047,4,5,2024-10-06,UPI,Delivered,335095.9,4
8875,5993,385,1,2025-08-12,UPI,Delivered,874.9,20
8876,9269,431,1,2026-01-05,Credit Card,Delivered,537.47,
8877,8042,240,3,2026-03-07,Cash on Delivery,Cancelled,2086.56,9
8878,12045,429,1,2025-12-11,Cash on Delivery,Delivered,111284.93,22
8879,19471,40,3,2025-03-14,UPI,Delivered,4489.2,1
8880,11576,373,4,2025-08-29,Credit Card,Delivered,221404.56,23
8881,3320,34,1,2025-01-11,UPI,Delivered,1220.67,
8882,387,441,4,2026-01-11,UPI,Returned,18379.52,
8883,4819,85,5,2025-01-19,Credit Card,Delivered,4882.5,
8884,11976,355,4,2025-08-18,Net Banking,Delivered,1388.8,20
8885,14413,496,3,2026-04-09,Credit Card,Delivered,4443.12,
8886,19746,195,5,2026-05-07,Debit Card,Delivered,4365.8,5
8887,14222,453,1,2025-10-21,Net Banking,Delivered,2087.28,
8888,11038,412,3,2025-04-09,UPI,Delivered,6615.0,
8889,2425,206,3,2024-08-06,Credit Card,Delivered,6853.08,14
8890,13104,79,4,2026-01-28,Debit Card,Delivered,375704.48,
8891,15747,308,4,2024-11-24,Cash on Delivery,Delivered,8834.24,10
8892,12605,10,2,2026-05-17,Debit Card,Delivered,15344.34,7
8893,8362,6,4,2025-06-23,Net Banking,Delivered,21210.0,6
8894,7921,475,3,2025-09-13,UPI,Delivered,16107.84,24
8895,5376,377,5,2025-04-03,Cash on Delivery,Cancelled,1732.0,21
8896,6086,295,1,2024-12-28,Cash on Delivery,Delivered,8970.64,
8897,2374,82,2,2025-06-25,UPI,Delivered,7817.58,3
8898,16823,292,4,2025-10-07,Credit Card,Delivered,115049.72,12
8899,9722,95,3,2024-12-29,Credit Card,Delivered,1384.98,
8900,6466,394,5,2025-07-28,Cash on Delivery,Delivered,225828.75,
8901,13132,3,4,2024-10-04,UPI,Delivered,2467.4,4
8902,10413,230,2,2026-01-23,UPI,Delivered,36353.2,
8903,8784,477,2,2025-04-03,Cash on Delivery,Delivered,922.04,21
8904,11195,494,5,2025-10-04,Debit Card,Delivered,325041.2,12
8905,19777,141,4,2025-08-19,Cash on Delivery,Delivered,1528.8,20
8906,19517,59,2,2025-06-26,UPI,Delivered,1630.64,3
8907,11529,236,3,2024-08-09,Credit Card,Delivered,8946.0,14
8908,2441,296,5,2026-03-15,UPI,Delivered,1232.55,9
8909,15861,288,5,2025-06-25,Net Banking,Delivered,12442.5,6
8910,16265,103,2,2024-09-25,Debit Card,Returned,3349.5,
8911,6411,311,2,2025-08-09,UPI,Delivered,469.8,20
8912,12802,324,3,2026-04-10,Cash on Delivery,Delivered,4981.98,
8913,9249,255,2,2025-05-19,Cash on Delivery,Delivered,1641.52,
8914,3419,441,5,2025-09-21,Cash on Delivery,Delivered,22974.4,12
8915,14503,142,3,2025-12-15,Net Banking,Delivered,7523.76,
8916,1321,211,5,2026-02-12,Cash on Delivery,Returned,611625.7,
8917,8723,329,4,2025-09-26,Credit Card,Delivered,10588.76,12
8918,833,48,1,2024-10-30,Net Banking,Delivered,172.48,
8919,3744,189,5,2025-06-28,Net Banking,Delivered,714.0,3
8920,8464,374,5,2025-01-10,Net Banking,Delivered,3134.7,
8921,9267,341,2,2026-04-26,Cash on Delivery,Delivered,210321.32,
8922,1826,218,1,2025-01-27,Credit Card,Delivered,30738.96,
8923,3141,432,5,2025-01-12,UPI,Cancelled,6444.9,
8924,15264,250,1,2025-05-28,Credit Card,Cancelled,673.4,
8925,9618,43,2,2024-07-29,Cash on Delivery,Returned,67798.44,14
8926,12187,433,3,2025-01-10,Cash on Delivery,Delivered,2276.64,
8927,13918,483,5,2026-04-12,Credit Card,Delivered,300866.0,
8928,5146,47,2,2024-09-15,Debit Card,Returned,111231.12,
8929,16296,229,3,2025-08-31,Cash on Delivery,Cancelled,1306.8,23
8930,301,327,2,2024-10-27,Net Banking,Cancelled,13272.48,
8931,215,52,5,2025-12-28,UPI,Delivered,29351.2,
8932,19036,436,3,2025-08-03,Debit Card,Delivered,31484.25,
8933,7439,487,5,2024-10-01,Debit Card,Returned,4736.9,
8934,7009,74,2,2026-05-22,Credit Card,Delivered,15208.98,7
8935,7544,184,1,2025-08-26,Net Banking,Cancelled,2946.9,20
8936,10058,206,4,2025-08-12,Debit Card,Delivered,9137.44,20
8937,18200,410,4,2026-04-26,Cash on Delivery,Cancelled,6476.6,
8938,16545,223,5,2024-08-21,Debit Card,Delivered,372204.6,2
8939,6476,373,5,2026-01-21,Debit Card,Cancelled,276755.7,
8940,10630,88,4,2026-04-27,Net Banking,Returned,1310.64,
8941,18948,135,4,2026-02-07,Credit Card,Delivered,275463.52,
8942,3430,337,1,2025-09-06,Debit Card,Returned,71606.6,
8943,14876,158,2,2025-07-02,Cash on Delivery,Delivered,1145.52,11
8944,15617,127,5,2025-06-01,Net Banking,Delivered,561458.1,
8945,10631,353,3,2025-02-10,Net Banking,Returned,629.85,
8946,3497,406,2,2026-02-15,Credit Card,Delivered,226939.68,
8947,19855,372,4,2025-07-31,Credit Card,Delivered,294940.8,
8948,10634,212,5,2026-01-23,Debit Card,Cancelled,1482.0,
8949,103,300,1,2024-09-29,Debit Card,Delivered,419.65,
8950,8815,158,3,2026-01-22,Credit Card,Delivered,1718.28,
8951,11800,138,1,2026-04-08,UPI,Delivered,3976.29,
8952,8183,72,5,2025-01-08,Cash on Delivery,Returned,11052.0,
8953,16218,183,4,2025-11-06,Net Banking,Delivered,2724.48,8
8954,5882,386,4,2026-03-16,Cash on Delivery,Delivered,6804.2,9
8955,11526,342,4,2024-10-31,Credit Card,Cancelled,2428.8,19
8956,3958,422,1,2025-12-24,Net Banking,Delivered,3100.17,
8957,3482,120,2,2025-01-02,Debit Card,Returned,1501.1,
8958,1549,380,4,2025-04-25,Debit Card,Delivered,17863.2,
8959,7191,385,1,2025-04-07,Credit Card,Returned,874.9,
8960,10016,269,1,2025-04-10,Cash on Delivery,Delivered,166.53,
8961,400,392,3,2025-07-04,Debit Card,Delivered,244129.59,3
8962,8631,220,3,2025-04-12,Credit Card,Delivered,5561.55,
8963,1182,224,4,2026-03-02,Cash on Delivery,Delivered,7427.16,9
8964,4651,440,1,2025-08-09,Net Banking,Delivered,10712.98,20
8965,16372,193,3,2025-11-06,Net Banking,Cancelled,127686.0,8
8966,5757,447,2,2025-11-13,UPI,Returned,98040.7,8
8967,10338,148,5,2024-10-07,Net Banking,Delivered,7937.6,4
8968,2142,289,5,2024-10-29,Cash on Delivery,Delivered,7191.5,
8969,5049,308,4,2025-09-02,UPI,Delivered,8834.24,23
8970,9720,326,3,2025-05-03,Debit Card,Delivered,286.2,
8971,2600,486,5,2025-04-06,Credit Card,Returned,18714.15,
8972,6640,308,2,2026-01-11,UPI,Delivered,4417.12,
8973,16606,1,1,2025-12-03,UPI,Delivered,844.87,22
8974,7348,170,5,2025-11-17,Cash on Delivery,Delivered,2782.5,8
8975,10017,278,3,2024-11-22,Credit Card,Cancelled,13089.48,10
8976,13769,469,5,2024-10-29,UPI,Delivered,2548.4,
8977,3881,163,5,2025-05-22,Credit Card,Delivered,29364.3,
8978,1021,106,1,2025-09-15,UPI,Cancelled,5794.94,24
8979,15612,71,3,2025-06-17,Credit Card,Cancelled,1494.45,16
8980,2178,106,1,2024-07-30,Debit Card,Delivered,5794.94,14
8981,10820,65,2,2026-07-17,Net Banking,Delivered,988.68,
8982,15146,127,5,2026-05-26,UPI,Delivered,561458.1,7
8983,6496,176,4,2025-02-11,Credit Card,Delivered,2236.72,
8984,4760,198,3,2025-02-21,Debit Card,Delivered,249293.94,
8985,5620,384,2,2025-09-01,Credit Card,Cancelled,1345.4,23
8986,11220,435,5,2025-09-15,Cash on Delivery,Delivered,999.6,24
8987,5603,498,3,2024-09-09,Net Banking,Delivered,2184.48,2
8988,18514,398,5,2025-09-07,Credit Card,Delivered,3430.7,24
8989,8914,406,2,2026-06-16,Net Banking,Cancelled,226939.68,17
8990,7150,128,4,2025-12-19,Credit Card,Delivered,2658.24,
8991,217,437,2,2026-07-13,Credit Card,Delivered,1457.6,
8992,3959,161,1,2025-01-22,Credit Card,Delivered,4674.52,
8993,3454,64,4,2025-05-07,Debit Card,Delivered,9479.2,
8994,6101,311,5,2026-03-19,Net Banking,Delivered,1174.5,9
8995,16314,39,3,2025-01-07,UPI,Cancelled,2152.08,
8996,14423,422,2,2025-10-09,Cash on Delivery,Delivered,6200.34,12
8997,10230,8,1,2025-07-13,Debit Card,Delivered,46175.62,3
8998,9087,124,4,2024-09-24,Net Banking,Delivered,418930.24,
8999,14175,31,5,2025-12-11,Cash on Delivery,Returned,5378.75,22
9000,17521,365,4,2025-08-19,Debit Card,Delivered,6857.76,20
9001,2253,364,3,2024-12-02,Credit Card,Delivered,2965.2,10
9002,6915,177,1,2026-06-20,Cash on Delivery,Delivered,980.88,13
9003,7709,194,1,2025-03-18,Debit Card,Delivered,2210.4,15
9004,15489,395,4,2025-09-28,Credit Card,Delivered,4805.24,12
9005,5785,206,5,2025-03-08,UPI,Cancelled,11421.8,1
9006,12339,58,3,2025-10-18,Net Banking,Returned,9590.04,
9007,12735,378,2,2025-07-26,Credit Card,Delivered,4569.8,
9008,17590,332,4,2025-04-13,UPI,Delivered,10422.0,
9009,13153,454,3,2025-07-22,Net Banking,Returned,121557.6,
9010,340,482,4,2026-05-11,Net Banking,Delivered,167123.6,5
9011,7355,345,3,2026-06-14,Cash on Delivery,Delivered,12873.3,13
9012,13943,290,3,2025-01-23,Debit Card,Cancelled,4174.95,
9013,12818,301,2,2025-05-24,Credit Card,Delivered,3622.3,
9014,2281,478,1,2025-03-16,Credit Card,Delivered,2369.3,1
9015,16393,339,5,2026-02-24,Debit Card,Delivered,312761.4,
9016,18635,179,5,2025-02-21,Cash on Delivery,Cancelled,2625.8,
9017,7344,177,1,2025-07-24,Debit Card,Delivered,980.88,
9018,4162,104,4,2025-03-18,Net Banking,Returned,13257.84,21
9019,19652,380,1,2026-05-29,Credit Card,Delivered,4465.8,13
9020,242,423,2,2026-06-20,Debit Card,Cancelled,7590.66,17
9021,2443,210,2,2024-08-14,Credit Card,Delivered,11891.92,18
9022,4679,143,1,2026-02-23,Credit Card,Delivered,140.89,
9023,2165,215,4,2025-02-20,Cash on Delivery,Delivered,16940.56,
9024,12956,449,5,2025-05-23,UPI,Delivered,4118.25,
9025,2698,445,5,2026-01-09,Cash on Delivery,Returned,17301.6,
9026,17498,372,4,2025-12-07,UPI,Delivered,294940.8,22
9027,14133,22,3,2026-07-08,Debit Card,Delivered,5505.6,
9028,15524,484,5,2024-11-18,UPI,Cancelled,545694.25,19
9029,6716,173,4,2025-03-10,Credit Card,Returned,495.6,1
9030,15071,132,2,2024-11-12,Debit Card,Delivered,2858.52,19
9031,6565,118,2,2025-12-20,Net Banking,Delivered,13091.52,
9032,4715,133,2,2025-03-17,Debit Card,Delivered,4015.84,21
9033,18188,270,5,2025-12-22,Debit Card,Delivered,1836.0,
9034,9840,464,5,2026-03-20,Credit Card,Returned,2686.0,9
9035,19840,287,5,2025-10-27,UPI,Delivered,328386.5,
9036,8302,453,1,2026-01-18,Debit Card,Delivered,2087.28,
9037,13298,138,4,2025-08-17,Cash on Delivery,Delivered,15905.16,20
9038,17494,491,4,2025-06-17,Net Banking,Delivered,1072.4,16
9039,1422,293,3,2024-10-13,Net Banking,Delivered,2966.64,4
9040,15989,424,1,2026-03-22,Net Banking,Delivered,9516.5,9
9041,2523,120,1,2026-05-23,Cash on Delivery,Delivered,750.55,7
9042,17764,135,1,2026-03-27,Credit Card,Cancelled,68865.88,9
9043,17818,260,3,2024-12-30,UPI,Delivered,1400.82,
9044,15269,356,4,2025-10-02,Credit Card,Delivered,2133.12,12
9045,244,35,3,2024-11-06,Cash on Delivery,Delivered,4352.04,19
9046,13109,372,5,2026-05-29,Debit Card,Delivered,368676.0,13
9047,19250,388,2,2025-08-03,UPI,Delivered,5065.28,
9048,18780,189,2,2025-09-26,Cash on Delivery,Delivered,285.6,12
9049,15556,70,4,2025-01-01,Net Banking,Delivered,5088.96,
9050,4547,467,2,2025-07-11,Cash on Delivery,Delivered,4031.8,3
9051,2459,180,2,2025-10-30,Cash on Delivery,Delivered,169180.56,
9052,8070,19,1,2025-08-25,Net Banking,Cancelled,10888.44,20
9053,668,220,3,2024-08-11,Net Banking,Delivered,5561.55,14
9054,10684,174,4,2026-04-28,Debit Card,Returned,65942.88,
9055,1270,85,5,2026-02-20,Debit Card,Delivered,4882.5,
9056,6976,44,5,2025-04-13,UPI,Returned,6239.3,
9057,9232,244,1,2025-05-21,Net Banking,Delivered,3586.32,
9058,16482,362,3,2026-01-07,Net Banking,Delivered,6835.2,
9059,1645,490,4,2025-08-13,Cash on Delivery,Delivered,3089.36,20
9060,11859,161,3,2026-05-28,Credit Card,Delivered,14023.56,7
9061,14076,239,3,2025-07-07,Net Banking,Delivered,11497.59,3
9062,13011,435,1,2026-07-17,Net Banking,Delivered,199.92,
9063,5512,217,4,2025-10-03,Debit Card,Delivered,2899.64,12
9064,17372,219,2,2025-05-12,Net Banking,Delivered,150994.08,
9065,11634,184,1,2024-11-21,Net Banking,Delivered,2946.9,10
9066,19693,397,3,2026-02-06,Credit Card,Delivered,4906.98,
9067,16942,272,2,2025-05-05,Net Banking,Delivered,3157.98,
9068,16150,173,3,2025-01-03,Credit Card,Delivered,371.7,
9069,12914,286,3,2025-01-16,UPI,Cancelled,213479.52,
9070,13312,148,4,2025-01-23,Credit Card,Delivered,6350.08,
9071,10609,376,2,2024-10-21,Net Banking,Delivered,4363.5,4
9072,10786,497,2,2025-04-01,Debit Card,Delivered,19833.44,21
9073,397,287,3,2026-01-25,Net Banking,Delivered,197031.9,
9074,16666,9,3,2026-05-19,Cash on Delivery,Delivered,18881.28,7
9075,7496,247,4,2025-04-21,Cash on Delivery,Cancelled,2219.04,
9076,404,399,4,2025-04-04,Net Banking,Delivered,489540.84,
9077,1697,253,3,2025-09-21,Credit Card,Returned,1446.66,12
9078,3587,391,2,2024-12-13,Credit Card,Delivered,298.08,
9079,7747,452,2,2025-01-06,Cash on Delivery,Delivered,8237.08,
9080,13351,135,3,2025-12-20,Net Banking,Delivered,206597.64,
9081,8365,124,4,2025-02-08,Credit Card,Cancelled,418930.24,25
9082,9077,99,1,2025-05-04,UPI,Delivered,2759.56,
9083,1781,369,5,2025-03-29,Credit Card,Delivered,9453.0,21
9084,17503,177,4,2025-08-06,UPI,Delivered,3923.52,20
9085,10514,128,3,2024-10-04,Debit Card,Delivered,1993.68,4
9086,9280,25,5,2026-01-29,Net Banking,Returned,783.15,
9087,14373,16,2,2026-04-26,Credit Card,Delivered,2131.6,
9088,19602,181,1,2025-06-10,UPI,Delivered,2715.04,16
9089,17944,15,3,2025-05-04,Cash on Delivery,Delivered,2477.16,
9090,17293,231,4,2025-10-10,Debit Card,Delivered,286035.12,
9091,19262,124,1,2025-10-01,Credit Card,Returned,104732.56,12
9092,8067,313,4,2025-09-16,Cash on Delivery,Delivered,222874.0,24
9093,6890,174,3,2025-01-21,Cash on Delivery,Delivered,49457.16,
9094,2125,183,5,2024-07-17,Debit Card,Cancelled,3405.6,
9095,13919,253,1,2024-11-10,Debit Card,Delivered,482.22,19
9096,9324,201,2,2025-09-15,Cash on Delivery,Cancelled,12066.72,24
9097,16878,401,1,2025-06-09,Cash on Delivery,Delivered,479.52,
9098,16879,317,2,2026-05-15,Debit Card,Delivered,6871.04,7
9099,4340,174,2,2025-10-01,Cash on Delivery,Cancelled,32971.44,12
9100,9992,231,1,2026-01-31,Cash on Delivery,Delivered,71508.78,
9101,916,352,3,2025-03-16,UPI,Delivered,45378.99,21
9102,217,433,4,2025-05-04,Net Banking,Delivered,3035.52,
9103,18871,76,4,2025-06-15,Credit Card,Delivered,7793.28,16
9104,16096,405,5,2026-02-10,Credit Card,Delivered,4182.0,
9105,9257,126,5,2026-04-23,Net Banking,Delivered,9960.15,
9106,3356,121,5,2026-06-07,UPI,Delivered,1477.0,13
9107,4137,258,2,2026-03-14,UPI,Returned,2272.64,9
9108,1479,145,5,2025-06-30,Credit Card,Delivered,23611.7,11
9109,6835,313,4,2024-10-15,Debit Card,Returned,222874.0,4
9110,2054,165,5,2026-01-15,Debit Card,Delivered,1335.15,
9111,2814,338,4,2026-03-25,Cash on Delivery,Delivered,890.96,9
9112,9047,396,5,2025-10-04,UPI,Delivered,282730.8,12
9113,18633,494,3,2026-05-02,Debit Card,Delivered,195024.72,7
9114,3072,9,4,2026-04-11,Net Banking,Delivered,25175.04,
9115,142,172,1,2025-09-03,Debit Card,Delivered,49096.8,23
9116,14884,213,5,2026-03-26,UPI,Delivered,21000.0,9
9117,9205,487,2,2026-04-02,Net Banking,Delivered,1894.76,
9118,19969,478,2,2025-02-23,Debit Card,Returned,4738.6,
9119,10836,38,4,2025-03-25,UPI,Delivered,370775.44,21
9120,2903,48,4,2026-04-11,Net Banking,Delivered,689.92,
9121,11454,296,3,2025-06-19,Credit Card,Delivered,739.53,6
9122,3074,70,4,2025-04-07,Debit Card,Delivered,5088.96,
9123,13668,486,1,2025-01-15,UPI,Delivered,3742.83,
9124,4755,136,5,2024-11-11,Net Banking,Delivered,497398.0,19
9125,8655,392,4,2025-01-13,Cash on Delivery,Delivered,325506.12,
9126,14778,14,3,2025-09-15,Credit Card,Delivered,3605.7,24
9127,16998,162,4,2026-03-21,Net Banking,Cancelled,10373.88,9
9128,17807,445,1,2025-07-10,Credit Card,Delivered,3460.32,3
9129,15486,130,5,2026-03-07,Debit Card,Delivered,4150.0,9
9130,15265,428,2,2025-07-26,Debit Card,Returned,85474.48,
9131,9848,440,3,2025-08-04,Debit Card,Delivered,32138.94,
9132,10191,73,1,2026-05-09,Cash on Delivery,Returned,34973.34,5
9133,3814,359,4,2024-07-28,UPI,Cancelled,16332.8,14
9134,15539,156,5,2025-08-22,Debit Card,Returned,148767.0,20
9135,4339,422,2,2025-02-14,Cash on Delivery,Delivered,6200.34,
9136,17282,329,5,2025-03-10,Credit Card,Delivered,13235.95,1
9137,3913,114,2,2025-08-07,Cash on Delivery,Delivered,22607.2,20
9138,6364,451,1,2026-01-29,Credit Card,Delivered,77303.2,
9139,7575,391,4,2026-04-28,Credit Card,Delivered,596.16,
9140,2901,104,5,2025-08-13,Credit Card,Returned,16572.3,20
9141,19979,285,5,2024-08-24,Net Banking,Cancelled,2307.5,2
9142,10920,366,4,2025-06-19,Cash on Delivery,Cancelled,180815.16,6
9143,8356,29,2,2024-11-01,UPI,Delivered,263611.04,19
9144,14974,41,3,2025-06-10,UPI,Delivered,10305.36,16
9145,3929,343,3,2026-02-08,Net Banking,Delivered,9994.59,
9146,11566,306,2,2024-09-11,Credit Card,Delivered,822.8,2
9147,7240,227,1,2024-09-01,Credit Card,Cancelled,732.75,2
9148,3472,35,5,2024-10-23,Cash on Delivery,Delivered,7253.4,4
9149,2969,129,2,2025-03-16,UPI,Delivered,191528.88,15
9150,17794,167,1,2025-10-05,Net Banking,Delivered,1711.85,12
9151,5039,102,1,2024-09-08,Cash on Delivery,Returned,2382.1,2
9152,2064,436,5,2026-04-18,Cash on Delivery,Returned,52473.75,
9153,18194,236,4,2026-05-04,Net Banking,Delivered,11928.0,7
9154,9376,345,1,2025-07-25,Cash on Delivery,Delivered,4291.1,
9155,5110,393,4,2025-10-02,Net Banking,Delivered,1149.12,12
9156,15267,8,4,2024-09-25,Credit Card,Delivered,184702.48,
9157,13344,12,1,2025-11-02,Credit Card,Delivered,5148.0,
9158,11220,459,5,2026-02-17,Debit Card,Delivered,5564.85,
9159,4024,384,4,2025-11-14,UPI,Delivered,2690.8,8
9160,12530,30,4,2025-07-12,Net Banking,Returned,26877.0,3
9161,8595,253,1,2025-07-04,Net Banking,Cancelled,482.22,3
9162,703,244,1,2025-04-23,Debit Card,Returned,3586.32,
9163,14390,390,1,2025-12-13,Credit Card,Returned,1047.42,22
9164,16665,107,2,2025-10-12,Debit Card,Delivered,957.76,
9165,10053,277,1,2026-06-27,Net Banking,Delivered,49841.45,17
9166,16018,63,2,2026-05-26,Debit Card,Delivered,3076.64,7
9167,19243,487,4,2026-04-08,Debit Card,Delivered,3789.52,
9168,3959,248,4,2024-12-05,Net Banking,Delivered,3561.72,10
9169,7038,323,1,2025-06-01,Cash on Delivery,Delivered,528.95,
9170,13696,442,4,2026-03-15,Cash on Delivery,Delivered,1362.72,9
9171,18982,116,2,2025-06-10,Credit Card,Delivered,3771.2,16
9172,969,124,5,2025-10-10,Cash on Delivery,Returned,523662.8,
9173,4459,486,1,2025-05-17,Credit Card,Delivered,3742.83,
9174,9764,383,4,2026-05-18,Credit Card,Delivered,22219.6,7
9175,14684,215,1,2025-03-24,UPI,Delivered,4235.14,21
9176,13463,110,5,2026-03-31,Cash on Delivery,Delivered,6365.0,
9177,17423,178,5,2025-04-25,Net Banking,Delivered,3842.0,
9178,8584,63,5,2025-07-18,Net Banking,Delivered,7691.6,
9179,1870,171,2,2026-06-11,Cash on Delivery,Delivered,12573.6,13
9180,471,106,2,2026-01-10,UPI,Delivered,11589.88,
9181,4602,44,2,2024-10-10,Credit Card,Delivered,2495.72,4
9182,19371,241,4,2025-12-25,Net Banking,Delivered,2490.0,
9183,4472,236,3,2026-03-19,Debit Card,Delivered,8946.0,9
9184,7086,148,5,2026-04-10,Credit Card,Cancelled,7937.6,
9185,395,37,2,2024-09-12,Debit Card,Cancelled,8124.3,2
9186,5283,431,5,2024-11-03,Cash on Delivery,Returned,2687.35,19
9187,3949,243,4,2025-10-17,Credit Card,Delivered,2904.0,
9188,15782,50,4,2026-03-05,Cash on Delivery,Delivered,46508.8,9
9189,11784,200,5,2025-09-06,UPI,Returned,1281.0,
9190,11691,241,3,2026-04-19,Credit Card,Delivered,1867.5,
9191,14342,70,3,2025-04-24,Net Banking,Delivered,3816.72,
9192,7704,400,5,2025-03-04,Cash on Delivery,Delivered,5850.0,1
9193,1104,212,5,2025-07-01,Net Banking,Delivered,1482.0,3
9194,11842,238,5,2025-07-14,Credit Card,Delivered,17496.0,3
9195,16440,172,2,2024-10-05,Cash on Delivery,Delivered,98193.6,4
9196,115,362,3,2026-06-16,Net Banking,Delivered,6835.2,17
9197,3082,293,5,2025-12-23,Cash on Delivery,Delivered,4944.4,
9198,10410,200,5,2025-10-09,Debit Card,Delivered,1281.0,12
9199,3320,272,1,2025-03-01,UPI,Delivered,1578.99,1
9200,1883,43,3,2024-11-27,Cash on Delivery,Delivered,101697.66,10
9201,950,208,4,2024-11-15,UPI,Cancelled,2912.64,19
9202,9427,112,5,2025-09-13,UPI,Delivered,469.9,24
9203,19170,48,5,2025-07-21,UPI,Returned,862.4,
9204,5737,290,5,2025-09-23,UPI,Delivered,6958.25,12
9205,3994,191,5,2025-05-29,UPI,Delivered,2934.6,
9206,11081,359,5,2024-07-18,UPI,Returned,20416.0,
9207,10085,295,1,2025-02-07,Debit Card,Delivered,8970.64,25
9208,13051,248,4,2024-09-19,Credit Card,Delivered,3561.72,
9209,2311,77,5,2025-02-12,Cash on Delivery,Delivered,1735.3,
9210,7101,175,1,2024-09-02,Cash on Delivery,Delivered,5165.82,2
9211,16580,482,1,2024-08-22,UPI,Cancelled,41780.9,18
9212,281,387,1,2026-04-02,Debit Card,Cancelled,7141.83,
9213,14281,251,2,2025-06-18,Net Banking,Cancelled,215415.0,16
9214,1585,71,2,2025-09-11,Credit Card,Returned,996.3,24
9215,16969,363,4,2025-11-03,UPI,Delivered,1818.84,
9216,10134,474,1,2024-11-06,Cash on Delivery,Delivered,94306.44,19
9217,8673,53,1,2025-10-28,Cash on Delivery,Returned,25682.58,
9218,17517,33,3,2025-02-08,Credit Card,Delivered,11573.28,25
9219,14600,25,2,2025-04-30,UPI,Delivered,313.26,
9220,9800,471,2,2024-11-21,Debit Card,Delivered,988.68,10
9221,12299,180,3,2025-08-03,UPI,Returned,253770.84,
9222,12823,416,1,2026-03-07,Credit Card,Cancelled,872.32,9
9223,10737,480,2,2024-12-02,Net Banking,Cancelled,143394.3,10
9224,7204,31,4,2026-03-11,Credit Card,Delivered,4303.0,9
9225,9471,227,1,2025-05-14,Debit Card,Delivered,732.75,
9226,15878,337,2,2024-09-09,Net Banking,Delivered,143213.2,2
9227,12012,245,3,2026-01-19,UPI,Delivered,5727.57,
9228,6271,51,1,2024-12-19,Net Banking,Cancelled,431.34,
9229,7376,390,5,2025-08-15,UPI,Delivered,5237.1,20
9230,9176,110,2,2025-11-01,Cash on Delivery,Delivered,2546.0,
9231,7362,416,2,2025-10-27,Debit Card,Delivered,1744.64,
9232,3679,420,2,2026-01-26,UPI,Returned,1918.84,
9233,10278,415,3,2026-07-04,Net Banking,Delivered,3294.27,
9234,16459,207,1,2025-01-04,Credit Card,Delivered,532.1,
9235,10743,75,1,2025-09-04,Net Banking,Delivered,798.56,23
9236,11739,209,5,2025-11-27,Credit Card,Cancelled,20147.05,8
9237,5790,21,5,2025-03-05,Cash on Delivery,Delivered,144805.5,1
9238,3358,42,3,2025-02-15,UPI,Delivered,218793.15,
9239,6160,31,4,2025-08-08,Net Banking,Cancelled,4303.0,20
9240,15494,73,5,2025-09-15,Credit Card,Delivered,174866.7,24
9241,8250,336,1,2026-01-31,Cash on Delivery,Delivered,1699.32,
9242,19129,61,5,2024-09-16,Debit Card,Delivered,6507.6,
9243,7129,84,5,2025-11-18,Cash on Delivery,Delivered,36018.0,8
9244,11054,376,4,2025-05-17,Cash on Delivery,Delivered,8727.0,
9245,14378,339,5,2025-05-12,Debit Card,Cancelled,312761.4,
9246,15203,268,1,2026-01-07,Credit Card,Delivered,77565.04,
9247,3278,350,5,2024-07-19,Net Banking,Delivered,186059.0,
9248,14011,383,2,2026-03-31,Net Banking,Returned,11109.8,
9249,14430,435,1,2025-07-17,Credit Card,Returned,199.92,3
9250,18759,430,1,2025-06-12,UPI,Cancelled,10668.41,16
9251,14811,246,2,2024-08-06,UPI,Delivered,89091.24,14
9252,1632,353,3,2025-10-12,Credit Card,Delivered,629.85,
9253,16982,264,3,2024-12-04,Net Banking,Delivered,2253.6,10
9254,14828,291,4,2025-05-17,Cash on Delivery,Delivered,21335.6,
9255,15699,168,1,2024-08-26,Credit Card,Delivered,4587.69,2
9256,13563,19,3,2024-09-01,Credit Card,Delivered,32665.32,2
9257,11297,167,4,2025-04-22,Debit Card,Cancelled,6847.4,
9258,15281,170,4,2026-03-17,Cash on Delivery,Delivered,2226.0,9
9259,13988,156,3,2025-07-29,UPI,Delivered,89260.2,
9260,18211,224,1,2025-06-06,UPI,Returned,1856.79,
9261,13284,11,3,2026-01-02,UPI,Cancelled,363131.1,
9262,18122,178,4,2024-10-31,Credit Card,Delivered,3073.6,19
9263,13242,224,5,2024-08-20,Debit Card,Delivered,9283.95,18
9264,17968,167,5,2025-04-06,Net Banking,Cancelled,8559.25,
9265,12906,440,1,2025-11-16,Debit Card,Delivered,10712.98,8
9266,19838,189,4,2026-05-16,Cash on Delivery,Delivered,571.2,7
9267,11572,151,4,2025-08-04,UPI,Delivered,265521.2,
9268,12092,192,5,2025-06-07,UPI,Delivered,337568.7,
9269,12565,28,1,2025-06-07,Debit Card,Delivered,18037.57,
9270,15518,423,3,2025-05-28,Debit Card,Delivered,11385.99,
9271,15849,331,4,2024-12-19,Credit Card,Cancelled,107429.76,
9272,3984,331,3,2025-12-07,UPI,Delivered,80572.32,22
9273,13961,153,5,2026-01-23,Net Banking,Delivered,169942.5,
9274,194,444,4,2024-10-20,Net Banking,Delivered,12093.12,4
9275,17526,154,3,2026-02-24,Net Banking,Delivered,161265.6,
9276,2169,158,5,2025-05-28,UPI,Delivered,2863.8,
9277,15797,222,4,2026-05-21,Debit Card,Delivered,20192.4,7
9278,17464,192,1,2026-07-16,Net Banking,Delivered,67513.74,
9279,1047,237,3,2026-02-04,Cash on Delivery,Delivered,519.03,
9280,6328,222,2,2026-05-01,UPI,Delivered,10096.2,7
9281,6967,3,2,2026-03-20,Debit Card,Delivered,1233.7,9
9282,4901,472,2,2026-02-23,Cash on Delivery,Delivered,2967.58,
9283,9063,74,2,2026-06-28,Credit Card,Delivered,15208.98,17
9284,18332,250,1,2025-11-03,Net Banking,Delivered,673.4,
9285,3427,369,4,2025-01-24,Net Banking,Delivered,7562.4,
9286,596,97,4,2025-02-04,Debit Card,Delivered,3971.0,25
9287,15511,325,4,2025-08-18,Debit Card,Delivered,11975.84,20
9288,12663,227,2,2025-03-29,Net Banking,Returned,1465.5,21
9289,8984,342,3,2025-06-22,UPI,Delivered,1821.6,6
9290,12008,347,5,2025-01-09,Net Banking,Delivered,9586.5,
9291,19941,317,2,2024-12-18,Debit Card,Cancelled,6871.04,
9292,17220,297,2,2025-10-25,Credit Card,Delivered,718.56,
9293,4203,468,2,2026-06-15,UPI,Delivered,223509.04,13
9294,15904,372,4,2024-07-20,Credit Card,Delivered,294940.8,14
9295,5555,330,3,2024-12-27,Credit Card,Cancelled,9792.42,
9296,2262,474,2,2026-06-22,Debit Card,Delivered,188612.88,13
9297,7914,221,4,2024-09-11,UPI,Delivered,5678.4,2
9298,8187,149,3,2026-06-20,Net Banking,Cancelled,9329.58,13
9299,19230,1,1,2026-06-30,Net Banking,Delivered,844.87,
9300,18298,441,2,2026-04-21,Debit Card,Delivered,9189.76,
9301,2966,468,2,2025-01-22,Debit Card,Delivered,223509.04,
9302,2963,431,5,2025-06-24,Cash on Delivery,Delivered,2687.35,6
9303,5699,53,5,2026-04-28,UPI,Delivered,128412.9,
9304,817,46,4,2025-07-22,UPI,Returned,231693.6,
9305,7779,437,1,2025-04-21,Cash on Delivery,Cancelled,728.8,
9306,13763,160,5,2026-06-04,UPI,Cancelled,473240.85,13
9307,913,45,4,2025-08-29,UPI,Cancelled,2916.76,23
9308,8690,333,4,2025-02-15,Credit Card,Delivered,27110.72,
9309,14497,99,5,2025-11-27,Credit Card,Delivered,13797.8,8
9310,5425,281,4,2025-11-27,Credit Card,Delivered,5087.76,8
9311,18448,200,2,2025-01-08,Debit Card,Delivered,512.4,
9312,14850,220,3,2025-02-04,Credit Card,Delivered,5561.55,25
9313,256,205,3,2026-01-13,Debit Card,Delivered,98257.32,
9314,14491,58,2,2024-09-08,Credit Card,Delivered,6393.36,2
9315,907,83,1,2025-10-04,Cash on Delivery,Delivered,1072.1,12
9316,19414,235,2,2024-08-07,Credit Card,Returned,1750.64,14
9317,10024,316,2,2024-11-11,UPI,Delivered,22593.48,19
9318,3748,27,5,2026-06-27,Credit Card,Delivered,27515.4,13
9319,1581,151,5,2024-11-30,Cash on Delivery,Delivered,331901.5,10
9320,19697,130,4,2026-02-06,UPI,Returned,3320.0,
9321,13483,228,4,2025-06-28,Debit Card,Delivered,43712.64,3
9322,6988,94,2,2025-08-19,UPI,Delivered,1048.0,20
9323,6564,47,4,2024-12-16,UPI,Returned,222462.24,
9324,16763,86,1,2024-11-14,Net Banking,Delivered,3476.91,19
9325,16016,164,5,2026-02-25,Credit Card,Delivered,1069.2,
9326,19103,444,4,2026-04-22,Debit Card,Delivered,12093.12,
9327,1644,31,4,2025-03-11,Debit Card,Delivered,4303.0,1
9328,4783,262,5,2026-01-25,Cash on Delivery,Returned,1768.8,
9329,11003,212,5,2025-06-16,UPI,Delivered,1482.0,16
9330,4346,275,5,2025-07-27,Cash on Delivery,Delivered,416147.05,
9331,3625,48,3,2025-10-12,Cash on Delivery,Delivered,517.44,
9332,5324,409,2,2025-10-10,Net Banking,Delivered,3578.4,
9333,969,350,3,2024-10-31,UPI,Delivered,111635.4,19
9334,4370,395,1,2024-12-19,UPI,Returned,1201.31,
9335,15290,287,3,2024-10-10,Debit Card,Delivered,197031.9,4
9336,10829,466,3,2026-01-07,Net Banking,Delivered,1007.76,
9337,1540,86,1,2025-01-11,UPI,Returned,3476.91,
9338,7004,397,2,2025-07-01,Cash on Delivery,Returned,3271.32,11
9339,13117,42,2,2024-10-08,Debit Card,Delivered,145862.1,4
9340,6998,286,5,2025-06-23,UPI,Delivered,355799.2,11
9341,26,28,4,2025-11-07,Cash on Delivery,Delivered,72150.28,8
9342,12935,40,3,2025-01-25,Debit Card,Delivered,4489.2,
9343,4001,277,4,2024-11-04,Credit Card,Delivered,199365.8,19
9344,15276,264,3,2024-11-16,Credit Card,Delivered,2253.6,19
9345,4491,274,2,2024-08-12,Net Banking,Delivered,6065.1,18
9346,5692,465,3,2024-10-12,Cash on Delivery,Returned,1037.4,4
9347,14984,428,2,2025-03-22,Net Banking,Returned,85474.48,15
9348,16728,399,1,2025-05-24,UPI,Delivered,122385.21,
9349,16502,337,4,2025-01-19,Credit Card,Delivered,286426.4,
9350,10146,315,1,2024-11-01,Net Banking,Delivered,5455.85,19
9351,6817,74,5,2025-08-19,UPI,Delivered,38022.45,20
9352,15397,418,4,2025-06-28,UPI,Delivered,51597.0,11
9353,7938,115,4,2025-05-16,Debit Card,Delivered,9385.64,
9354,7932,313,4,2026-05-27,Credit Card,Delivered,222874.0,7
9355,18044,481,2,2025-02-21,Net Banking,Delivered,1228.5,
9356,2064,288,2,2024-09-08,Credit Card,Delivered,4977.0,2
9357,13178,12,2,2025-04-24,Cash on Delivery,Delivered,10296.0,
9358,8690,254,1,2025-10-04,UPI,Delivered,200.76,12
9359,17793,129,4,2026-04-18,Net Banking,Delivered,383057.76,
9360,7490,494,5,2024-10-15,Debit Card,Delivered,325041.2,4
9361,923,110,5,2026-03-29,Credit Card,Delivered,6365.0,
9362,9164,356,5,2025-04-25,UPI,Returned,2666.4,
9363,2919,64,4,2024-10-23,Credit Card,Delivered,9479.2,4
9364,5363,110,5,2026-02-18,UPI,Delivered,6365.0,
9365,300,295,2,2025-07-30,Credit Card,Delivered,17941.28,
9366,19522,261,4,2025-10-04,Credit Card,Delivered,5796.4,12
9367,19538,284,3,2024-09-25,Debit Card,Delivered,1395.24,
9368,208,292,4,2025-09-07,UPI,Delivered,115049.72,24
9369,8981,465,2,2024-10-30,Credit Card,Delivered,691.6,
9370,4092,486,3,2026-01-29,Debit Card,Delivered,11228.49,
9371,8875,259,5,2024-09-04,Net Banking,Cancelled,15890.55,2
9372,17657,482,3,2025-08-26,Net Banking,Cancelled,125342.7,20
9373,322,236,4,2026-05-18,UPI,Delivered,11928.0,7
9374,880,219,3,2025-03-01,Cash on Delivery,Delivered,226491.12,1
9375,10403,339,3,2026-01-20,Credit Card,Delivered,187656.84,
9376,1222,208,1,2024-12-18,UPI,Delivered,728.16,
9377,1879,424,4,2026-03-28,Credit Card,Delivered,38066.0,9
9378,14325,127,5,2026-06-26,Credit Card,Delivered,561458.1,17
9379,1887,149,3,2026-01-23,Cash on Delivery,Delivered,9329.58,
9380,13645,371,2,2025-02-11,Net Banking,Delivered,964.24,
9381,3625,439,5,2025-05-22,Net Banking,Returned,14121.25,
9382,16047,258,5,2025-03-17,Credit Card,Delivered,5681.6,21
9383,10593,207,3,2025-05-02,Cash on Delivery,Delivered,1596.3,
9384,4039,484,3,2024-08-01,Debit Card,Delivered,327416.55,14
9385,17676,45,2,2026-03-25,Net Banking,Delivered,1458.38,9
9386,4100,333,4,2026-03-04,Debit Card,Delivered,27110.72,9
9387,14924,323,4,2025-06-22,UPI,Delivered,2115.8,6
9388,5466,361,4,2026-06-12,Cash on Delivery,Delivered,26213.88,13
9389,529,81,3,2025-12-21,Cash on Delivery,Delivered,1025.46,
9390,568,370,3,2026-01-07,UPI,Delivered,2154.33,
9391,9889,433,3,2025-03-02,UPI,Delivered,2276.64,1
9392,1276,224,4,2024-10-06,Credit Card,Delivered,7427.16,4
9393,13524,324,3,2025-09-13,Debit Card,Delivered,4981.98,24
9394,171,458,3,2024-08-13,Net Banking,Delivered,222660.0,18
9395,16034,337,3,2025-03-02,Credit Card,Returned,214819.8,1
9396,18468,46,3,2025-11-21,Net Banking,Delivered,173770.2,8
9397,17311,129,2,2026-06-25,Credit Card,Delivered,191528.88,17
9398,828,308,2,2025-06-10,Credit Card,Returned,4417.12,16
9399,4805,4,5,2025-09-27,Credit Card,Delivered,335095.9,12
9400,13201,441,1,2026-01-15,Net Banking,Delivered,4594.88,
9401,19798,343,2,2025-07-10,Debit Card,Cancelled,6663.06,3
9402,4018,169,5,2025-10-27,Net Banking,Delivered,12980.8,
9403,509,233,5,2026-01-04,Cash on Delivery,Delivered,185500.3,
9404,1165,225,2,2025-09-25,Debit Card,Delivered,3972.0,12
9405,6819,56,5,2024-08-21,Debit Card,Delivered,3615.3,2
9406,5185,28,2,2025-10-18,Cash on Delivery,Delivered,36075.14,
9407,4364,402,4,2026-06-23,Debit Card,Delivered,4002.0,17
9408,2459,180,2,2025-03-09,Debit Card,Delivered,169180.56,1
9409,13102,114,4,2024-12-13,Net Banking,Returned,45214.4,
9410,12,438,4,2025-10-13,Credit Card,Cancelled,1367.84,
9411,14076,227,1,2025-02-08,Debit Card,Delivered,732.75,25
9412,3373,73,4,2026-05-11,Credit Card,Delivered,139893.36,7
9413,1602,401,1,2025-12-15,UPI,Delivered,479.52,
9414,7487,283,2,2025-12-31,Net Banking,Cancelled,3514.68,
9415,11247,7,2,2025-08-26,Net Banking,Delivered,15578.64,20
9416,13535,228,1,2025-04-16,Credit Card,Delivered,10928.16,
9417,1213,41,4,2025-03-17,Cash on Delivery,Delivered,13740.48,21
9418,3484,471,4,2025-11-29,UPI,Delivered,1977.36,8
9419,1970,155,4,2025-04-22,Net Banking,Delivered,38547.96,
9420,13039,301,4,2025-05-27,Debit Card,Delivered,7244.6,
9421,6039,112,4,2025-07-24,Credit Card,Delivered,375.92,
9422,17220,374,1,2024-12-05,Debit Card,Delivered,626.94,10
9423,3193,310,4,2025-08-12,Debit Card,Delivered,4648.0,20
9424,18122,103,1,2025-12-01,Net Banking,Returned,1674.75,
9425,10563,70,2,2025-09-04,Credit Card,Delivered,2544.48,23
9426,16347,293,2,2025-11-08,UPI,Delivered,1977.76,8
9427,2911,56,1,2025-03-31,Credit Card,Delivered,723.06,21
9428,8608,68,1,2026-01-03,Cash on Delivery,Delivered,561.0,
9429,18150,355,5,2025-07-02,Net Banking,Delivered,1736.0,11
9430,17984,493,2,2024-08-01,UPI,Returned,1362.2,14
9431,725,92,5,2025-12-20,Debit Card,Returned,8652.0,
9432,12649,278,2,2025-02-25,UPI,Delivered,8726.32,1
9433,11555,395,3,2024-09-10,Net Banking,Delivered,3603.93,2
9434,747,215,2,2024-07-20,Debit Card,Delivered,8470.28,14
9435,1695,402,4,2024-12-27,Cash on Delivery,Delivered,4002.0,
9436,15038,396,2,2024-09-16,UPI,Delivered,113092.32,
9437,6339,6,3,2025-03-13,UPI,Returned,15907.5,1
9438,15053,221,4,2025-01-17,Debit Card,Cancelled,5678.4,
9439,17865,407,2,2025-09-21,Credit Card,Delivered,6790.08,12
9440,9616,215,3,2025-03-18,UPI,Delivered,12705.42,15
9441,15571,470,1,2026-02-13,Net Banking,Cancelled,2591.6,
9442,9308,93,3,2026-06-28,UPI,Delivered,12752.97,17
9443,2531,222,5,2025-04-06,Net Banking,Delivered,25240.5,
9444,14079,467,3,2026-07-07,Debit Card,Delivered,6047.7,
9445,10162,267,5,2024-08-29,UPI,Delivered,21318.0,2
9446,10189,203,4,2024-12-28,Net Banking,Delivered,3015.52,
9447,19108,50,2,2026-05-20,Cash on Delivery,Delivered,23254.4,7
9448,5535,425,3,2026-04-22,Net Banking,Delivered,747.96,
9449,17590,398,2,2026-01-31,Cash on Delivery,Delivered,1372.28,
9450,13103,212,2,2025-11-19,Net Banking,Delivered,592.8,8
9451,8440,299,3,2025-02-20,Cash on Delivery,Delivered,244610.7,
9452,1555,207,3,2024-12-14,Credit Card,Delivered,1596.3,
9453,4669,194,2,2026-06-30,UPI,Cancelled,4420.8,
9454,14251,69,3,2026-02-10,Net Banking,Cancelled,1729.8,
9455,19447,278,4,2024-12-11,Net Banking,Delivered,17452.64,
9456,6606,296,2,2025-08-23,UPI,Delivered,493.02,20
9457,12086,287,1,2026-06-02,Net Banking,Delivered,65677.3,13
9458,12561,25,1,2025-02-20,Cash on Delivery,Delivered,156.63,
9459,7459,477,4,2024-09-24,Net Banking,Cancelled,1844.08,
9460,13822,453,2,2025-01-10,UPI,Returned,4174.56,
9461,17465,22,5,2026-06-23,Debit Card,Delivered,9176.0,17
9462,19406,14,2,2026-04-25,Debit Card,Cancelled,2403.8,
9463,5045,255,5,2025-09-27,Cash on Delivery,Delivered,4103.8,12
9464,13428,290,1,2024-11-27,Net Banking,Delivered,1391.65,10
9465,12003,444,5,2026-06-28,UPI,Delivered,15116.4,17
9466,13399,289,3,2025-01-05,Debit Card,Delivered,4314.9,
9467,16456,395,5,2025-07-08,UPI,Delivered,6006.55,3
9468,3994,152,5,2024-09-28,Debit Card,Returned,146996.25,
9469,498,35,2,2025-02-14,Cash on Delivery,Delivered,2901.36,
9470,16238,374,2,2025-10-22,Cash on Delivery,Delivered,1253.88,
9471,3937,458,1,2025-03-11,Credit Card,Delivered,74220.0,1
9472,7175,155,1,2025-05-12,Credit Card,Delivered,9636.99,
9473,18020,347,1,2025-02-03,Credit Card,Delivered,1917.3,25
9474,10073,261,3,2024-10-02,Credit Card,Delivered,4347.3,
9475,18648,359,5,2025-03-16,Debit Card,Delivered,20416.0,21
9476,10737,200,5,2025-03-02,UPI,Delivered,1281.0,1
9477,2153,107,2,2024-11-26,Credit Card,Delivered,957.76,10
9478,3109,55,3,2026-01-05,Debit Card,Cancelled,2377.95,
9479,16156,434,2,2025-09-17,Cash on Delivery,Returned,1297.2,12
9480,6671,356,3,2025-06-30,Net Banking,Delivered,1599.84,11
9481,9722,68,5,2026-01-16,Net Banking,Delivered,2805.0,
9482,17908,183,5,2025-01-17,Net Banking,Delivered,3405.6,
9483,3069,329,2,2025-01-05,UPI,Delivered,5294.38,
9484,5094,312,5,2025-07-21,Debit Card,Delivered,11207.35,
9485,1829,343,2,2025-05-13,Net Banking,Delivered,6663.06,
9486,13757,262,4,2025-09-03,Net Banking,Delivered,1415.04,23
9487,8070,32,3,2026-04-18,Debit Card,Returned,908.52,
9488,19134,99,1,2026-07-09,UPI,Delivered,2759.56,
9489,19145,473,2,2025-03-18,UPI,Cancelled,74485.86,15
9490,18591,304,3,2025-12-22,Cash on Delivery,Cancelled,298282.14,
9491,7646,481,1,2024-09-10,Debit Card,Delivered,614.25,2
9492,9563,124,5,2024-12-05,Net Banking,Cancelled,523662.8,10
9493,12193,43,5,2024-09-01,Net Banking,Delivered,169496.1,2
9494,13299,311,1,2025-10-12,Net Banking,Returned,234.9,
9495,3867,294,1,2024-10-07,Cash on Delivery,Delivered,422.64,4
9496,827,325,4,2026-06-07,Debit Card,Cancelled,11975.84,13
9497,9634,152,2,2025-08-16,Credit Card,Returned,58798.5,20
9498,7617,98,1,2025-08-17,Debit Card,Delivered,38042.4,20
9499,3112,487,3,2025-05-21,Cash on Delivery,Cancelled,2842.14,
9500,515,250,2,2025-11-20,Credit Card,Delivered,1346.8,8
9501,9052,245,1,2024-07-17,UPI,Delivered,1909.19,
9502,443,389,3,2026-02-13,Credit Card,Delivered,7481.88,
9503,1148,39,1,2026-03-31,Debit Card,Cancelled,717.36,
9504,8747,399,4,2025-11-11,Cash on Delivery,Delivered,489540.84,8
9505,18371,15,3,2024-11-08,Cash on Delivery,Delivered,2477.16,19
9506,320,455,2,2025-06-14,UPI,Delivered,93.24,16
9507,3396,35,2,2026-07-05,Net Banking,Delivered,2901.36,
9508,832,66,3,2026-04-13,Cash on Delivery,Delivered,1922.1,
9509,6513,436,2,2026-06-01,Cash on Delivery,Delivered,20989.5,13
9510,3574,178,3,2025-08-01,Debit Card,Delivered,2305.2,
9511,2622,160,2,2024-12-14,Cash on Delivery,Delivered,189296.34,
9512,16233,230,3,2025-05-18,Net Banking,Delivered,54529.8,
9513,3270,465,5,2026-06-18,UPI,Delivered,1729.0,17
9514,16147,373,2,2025-07-05,Credit Card,Cancelled,110702.28,3
9515,9928,31,5,2026-02-05,Debit Card,Delivered,5378.75,
9516,1967,16,2,2024-10-18,Credit Card,Delivered,2131.6,4
9517,18575,333,5,2024-08-23,Debit Card,Delivered,33888.4,2
9518,9491,153,3,2026-04-27,Net Banking,Delivered,101965.5,
9519,13527,391,4,2025-12-18,UPI,Delivered,596.16,
9520,6955,304,3,2025-01-20,Net Banking,Delivered,298282.14,
9521,1065,475,3,2024-10-23,UPI,Delivered,16107.84,4
9522,3602,204,3,2024-07-30,Cash on Delivery,Returned,5673.24,14
9523,12750,176,4,2025-12-23,Cash on Delivery,Delivered,2236.72,
9524,19090,404,3,2024-10-25,Net Banking,Delivered,163814.04,
9525,18651,325,3,2024-12-28,Net Banking,Returned,8981.88,
9526,17975,386,3,2024-08-30,Net Banking,Delivered,5103.15,2
9527,5512,18,5,2025-05-27,Cash on Delivery,Delivered,2739.3,
9528,14436,119,2,2024-10-19,UPI,Returned,6990.4,4
9529,19294,451,1,2026-02-19,Credit Card,Delivered,77303.2,
9530,912,131,5,2025-09-09,Net Banking,Cancelled,9141.5,24
9531,3535,488,2,2026-01-17,Cash on Delivery,Cancelled,652.8,
9532,18960,98,1,2026-02-10,Credit Card,Delivered,38042.4,
9533,15465,346,2,2026-04-19,Net Banking,Cancelled,1165.92,
9534,4717,337,2,2026-05-26,Net Banking,Delivered,143213.2,7
9535,2096,193,1,2024-09-10,UPI,Delivered,42562.0,2
9536,3453,133,1,2025-09-26,Cash on Delivery,Delivered,2007.92,12
9537,5810,18,1,2025-03-30,Net Banking,Delivered,547.86,21
9538,9305,268,5,2025-08-12,Debit Card,Delivered,387825.2,20
9539,16371,167,4,2026-01-21,Net Banking,Cancelled,6847.4,
9540,10206,219,3,2026-05-24,UPI,Delivered,226491.12,7
9541,7272,432,1,2025-02-14,UPI,Delivered,1288.98,
9542,17531,491,4,2026-04-16,Net Banking,Returned,1072.4,
9543,16599,488,5,2025-02-19,Debit Card,Delivered,1632.0,
9544,5805,297,2,2026-07-07,Cash on Delivery,Delivered,718.56,
9545,4025,264,1,2024-12-04,Cash on Delivery,Delivered,751.2,10
9546,18963,198,5,2025-05-07,UPI,Delivered,415489.9,
9547,14846,350,4,2025-11-30,Cash on Delivery,Delivered,148847.2,8
9548,5691,437,5,2024-08-01,Credit Card,Delivered,3644.0,14
9549,15392,253,4,2025-08-30,Cash on Delivery,Delivered,1928.88,23
9550,16958,63,1,2025-03-29,Credit Card,Delivered,1538.32,21
9551,594,120,4,2025-11-13,Cash on Delivery,Delivered,3002.2,8
9552,19131,263,5,2026-05-05,Net Banking,Delivered,8433.0,7
9553,14236,45,5,2025-11-17,Credit Card,Delivered,3645.95,8
9554,13750,91,1,2025-03-31,Debit Card,Delivered,113115.69,21
9555,1594,258,5,2025-09-10,UPI,Returned,5681.6,24
9556,1867,217,3,2025-11-10,Credit Card,Cancelled,2174.73,8
9557,4639,96,5,2024-11-08,UPI,Delivered,6947.1,19
9558,5789,189,4,2026-02-10,Debit Card,Delivered,571.2,
9559,9023,94,2,2025-02-16,Cash on Delivery,Cancelled,1048.0,
9560,535,31,2,2025-11-13,Credit Card,Delivered,2151.5,8
9561,4773,13,3,2024-11-13,Credit Card,Delivered,4260.0,19
9562,19874,382,3,2024-11-27,Debit Card,Delivered,15245.01,10
9563,5965,364,5,2026-03-23,UPI,Delivered,4942.0,9
9564,6152,197,4,2025-04-13,Credit Card,Delivered,13690.0,
9565,15109,29,2,2026-01-11,Net Banking,Delivered,263611.04,
9566,7503,476,4,2026-04-02,Cash on Delivery,Returned,10519.0,
9567,16960,450,5,2025-04-08,UPI,Delivered,1656.0,
9568,3428,500,4,2025-07-29,Cash on Delivery,Delivered,35507.4,
9569,3775,141,4,2026-04-03,Debit Card,Delivered,1528.8,
9570,17694,79,2,2024-11-11,Net Banking,Delivered,187852.24,19
9571,6037,275,3,2026-03-20,Credit Card,Delivered,249688.23,9
9572,19964,383,4,2026-04-02,Credit Card,Delivered,22219.6,
9573,10859,207,3,2026-05-26,UPI,Delivered,1596.3,7
9574,8458,312,3,2025-08-18,Cash on Delivery,Delivered,6724.41,20
9575,19888,442,1,2026-03-23,Credit Card,Cancelled,340.68,9
9576,12179,43,1,2024-10-23,Credit Card,Delivered,33899.22,4
9577,1403,334,3,2025-09-13,Credit Card,Delivered,2233.8,24
9578,15065,402,2,2024-10-31,Net Banking,Delivered,2001.0,19
9579,15267,443,4,2025-11-07,Net Banking,Delivered,114923.4,8
9580,8223,389,2,2025-11-28,Debit Card,Delivered,4987.92,8
9581,2781,381,5,2026-04-12,Cash on Delivery,Delivered,1911.6,
9582,5228,311,5,2026-01-05,Net Banking,Delivered,1174.5,
9583,14919,286,5,2026-06-06,Debit Card,Delivered,355799.2,13
9584,13172,383,5,2026-02-17,Net Banking,Delivered,27774.5,
9585,5750,488,5,2026-04-24,Credit Card,Delivered,1632.0,
9586,9268,292,1,2026-07-16,Debit Card,Returned,28762.43,
9587,6585,83,1,2024-08-03,Net Banking,Delivered,1072.1,14
9588,9937,360,4,2025-09-17,Debit Card,Delivered,4243.04,12
9589,5757,310,1,2026-01-06,UPI,Returned,1162.0,
9590,11162,54,4,2025-10-02,Debit Card,Delivered,5100.0,12
9591,602,194,4,2025-06-16,Debit Card,Delivered,8841.6,16
9592,371,54,1,2026-07-06,Debit Card,Delivered,1275.0,
9593,19988,48,2,2025-05-05,Cash on Delivery,Delivered,344.96,
9594,9308,151,1,2024-11-13,Debit Card,Cancelled,66380.3,19
9595,2715,230,2,2026-05-30,Net Banking,Delivered,36353.2,13
9596,14059,39,2,2026-05-31,Debit Card,Delivered,1434.72,13
9597,8880,26,4,2025-09-17,UPI,Delivered,437581.76,12
9598,14757,55,5,2025-12-31,Credit Card,Delivered,3963.25,
9599,6209,176,1,2024-09-06,Debit Card,Delivered,559.18,2
9600,5983,414,5,2026-01-11,Net Banking,Delivered,11555.75,
9601,12549,15,1,2025-06-14,UPI,Delivered,825.72,16
9602,13000,371,4,2024-11-30,Debit Card,Delivered,1928.48,10
9603,14117,149,3,2026-06-07,Cash on Delivery,Delivered,9329.58,13
9604,1521,214,5,2026-03-25,Cash on Delivery,Delivered,6098.75,9
9605,9831,377,3,2024-09-07,UPI,Delivered,1039.2,2
9606,8664,340,3,2026-03-13,Credit Card,Delivered,251312.16,9
9607,8797,479,5,2025-12-24,Debit Card,Delivered,43641.0,
9608,11201,417,2,2026-04-29,UPI,Delivered,1957.5,7
9609,18725,5,4,2026-05-17,Credit Card,Delivered,2256.56,7
9610,1951,274,3,2025-11-19,Credit Card,Delivered,9097.65,8
9611,13707,158,4,2025-02-09,Debit Card,Delivered,2291.04,25
9612,3303,90,3,2024-12-06,Credit Card,Delivered,39222.48,10
9613,13026,124,5,2024-10-14,Debit Card,Delivered,523662.8,4
9614,15723,279,1,2025-06-16,Net Banking,Delivered,57.42,16
9615,5206,63,3,2025-08-09,Credit Card,Delivered,4614.96,20
9616,13845,106,3,2024-10-09,Credit Card,Delivered,17384.82,4
9617,6777,136,3,2025-09-16,Cash on Delivery,Delivered,298438.8,24
9618,15550,132,2,2024-10-19,Debit Card,Delivered,2858.52,4
9619,11225,420,3,2025-03-15,Net Banking,Returned,2878.26,15
9620,2023,455,5,2025-04-12,UPI,Cancelled,233.1,
9621,5837,373,2,2025-12-19,Cash on Delivery,Delivered,110702.28,
9622,10653,204,4,2025-01-27,UPI,Delivered,7564.32,
9623,19869,131,4,2025-03-10,Credit Card,Returned,7313.2,1
9624,15223,5,5,2024-12-21,Cash on Delivery,Delivered,2820.7,
9625,1687,253,1,2026-07-05,UPI,Returned,482.22,
9626,7475,104,1,2025-02-07,Debit Card,Delivered,3314.46,25
9627,4628,361,1,2025-02-08,Debit Card,Delivered,6553.47,25
9628,19513,163,1,2024-07-26,Cash on Delivery,Delivered,5872.86,14
9629,15743,428,1,2025-11-16,Debit Card,Delivered,42737.24,8
9630,18932,376,1,2025-03-13,Debit Card,Delivered,2181.75,1
9631,14024,2,1,2026-04-03,Debit Card,Returned,21282.3,
9632,10949,27,2,2026-06-29,Credit Card,Returned,11006.16,
9633,10946,427,2,2025-12-30,Debit Card,Returned,5616.0,
9634,17029,31,3,2024-09-12,Net Banking,Cancelled,3227.25,2
9635,1330,340,1,2026-04-21,Credit Card,Returned,83770.72,
9636,975,350,1,2026-04-10,Net Banking,Delivered,37211.8,
9637,6879,172,5,2025-01-17,Debit Card,Delivered,245484.0,
9638,5421,63,1,2025-10-19,Debit Card,Delivered,1538.32,
9639,2400,205,5,2025-05-16,Debit Card,Delivered,163762.2,
9640,19276,68,2,2024-08-05,Debit Card,Delivered,1122.0,14
9641,11186,193,5,2025-05-18,UPI,Delivered,212810.0,
9642,2519,491,4,2026-03-09,Net Banking,Delivered,1072.4,9
9643,13509,486,1,2025-11-26,Cash on Delivery,Returned,3742.83,8
9644,10793,345,1,2026-04-24,UPI,Cancelled,4291.1,
9645,18339,314,2,2024-12-11,Debit Card,Delivered,4991.4,
9646,6435,466,5,2025-11-08,Debit Card,Delivered,1679.6,8
9647,5200,260,2,2025-06-11,UPI,Delivered,933.88,16
9648,18637,387,2,2024-11-17,UPI,Delivered,14283.66,19
9649,3139,486,3,2025-11-19,Net Banking,Delivered,11228.49,8
9650,10820,305,1,2024-10-24,Debit Card,Delivered,86884.96,4
9651,13064,117,1,2025-08-21,Debit Card,Delivered,539.5,20
9652,13616,461,4,2024-12-25,Cash on Delivery,Delivered,376539.8,
9653,10878,24,4,2025-08-15,Net Banking,Delivered,11550.24,20
9654,14907,55,4,2024-11-21,Credit Card,Delivered,3170.6,10
9655,8929,361,5,2025-02-04,UPI,Delivered,32767.35,25
9656,8447,111,2,2025-06-24,Credit Card,Delivered,137342.32,3
9657,15437,396,4,2025-08-13,UPI,Delivered,226184.64,20
9658,5774,295,4,2024-12-22,Cash on Delivery,Cancelled,35882.56,
9659,16300,409,4,2024-10-24,Net Banking,Delivered,7156.8,4
9660,15355,404,3,2026-06-13,Cash on Delivery,Delivered,163814.04,13
9661,18335,56,1,2025-05-02,UPI,Delivered,723.06,
9662,15483,1,5,2026-03-27,UPI,Delivered,4224.35,9
9663,17695,327,2,2026-03-24,Debit Card,Returned,13272.48,9
9664,11113,101,5,2025-04-01,Credit Card,Delivered,26291.3,21
9665,14523,162,2,2025-12-17,Net Banking,Delivered,5186.94,
9666,11908,205,3,2024-09-02,UPI,Delivered,98257.32,2
9667,6933,272,5,2025-09-29,Net Banking,Delivered,7894.95,12
9668,19403,158,5,2026-04-29,Cash on Delivery,Delivered,2863.8,7
9669,18981,361,4,2024-12-04,Net Banking,Delivered,26213.88,10
9670,9664,381,5,2026-03-13,UPI,Cancelled,1911.6,9
9671,6927,146,5,2025-12-23,Debit Card,Delivered,3585.15,
9672,18955,262,4,2025-01-17,UPI,Delivered,1415.04,
9673,10386,293,1,2026-07-04,Credit Card,Delivered,988.88,
9674,6734,103,2,2025-05-10,Debit Card,Delivered,3349.5,
9675,14352,234,2,2026-01-19,Credit Card,Delivered,1355.94,
9676,7744,39,2,2025-04-21,Debit Card,Delivered,1434.72,
9677,12464,376,4,2025-11-18,Debit Card,Cancelled,8727.0,8
9678,10822,279,2,2026-06-14,UPI,Delivered,114.84,13
9679,19839,65,5,2025-12-24,Net Banking,Delivered,2471.7,
9680,9063,445,1,2026-03-04,UPI,Delivered,3460.32,9
9681,10611,247,1,2026-04-10,Credit Card,Delivered,554.76,
9682,2756,143,1,2025-08-30,Debit Card,Cancelled,140.89,23
9683,4803,252,1,2025-07-15,Debit Card,Delivered,3468.0,3
9684,13770,411,5,2026-02-05,Debit Card,Delivered,14245.0,
9685,17577,3,2,2025-09-09,Net Banking,Delivered,1233.7,24
9686,7606,54,3,2025-05-10,UPI,Delivered,3825.0,
9687,16517,312,2,2025-06-12,Cash on Delivery,Delivered,4482.94,16
9688,3657,397,2,2025-07-02,Cash on Delivery,Cancelled,3271.32,3
9689,14301,201,3,2024-10-01,Debit Card,Delivered,18100.08,
9690,1084,373,5,2025-04-29,Credit Card,Delivered,276755.7,
9691,12764,396,5,2024-10-01,Debit Card,Cancelled,282730.8,
9692,4922,67,2,2025-05-13,UPI,Delivered,921.6,
9693,2862,279,3,2025-08-23,Net Banking,Delivered,172.26,20
9694,8743,58,2,2024-08-27,Debit Card,Delivered,6393.36,2
9695,1669,225,3,2024-12-08,Credit Card,Delivered,5958.0,10
9696,10431,38,5,2025-12-06,Cash on Delivery,Delivered,463469.3,22
9697,5901,399,2,2026-04-06,Net Banking,Delivered,244770.42,
9698,10592,148,5,2026-03-29,Credit Card,Delivered,7937.6,
9699,1606,396,4,2025-07-23,Debit Card,Delivered,226184.64,
9700,15163,448,5,2026-05-12,Credit Card,Cancelled,3468.35,7
9701,11345,415,2,2026-06-13,UPI,Delivered,2196.18,13
9702,13025,136,1,2026-03-03,Net Banking,Delivered,99479.6,9
9703,4759,442,5,2026-04-03,Cash on Delivery,Delivered,1703.4,
9704,17612,98,4,2026-03-21,Net Banking,Delivered,152169.6,9
9705,18816,322,2,2024-09-18,UPI,Delivered,113198.56,
9706,16608,317,1,2025-01-23,Credit Card,Delivered,3435.52,
9707,15471,333,5,2024-08-15,Credit Card,Delivered,33888.4,18
9708,12650,397,1,2025-03-20,UPI,Delivered,1635.66,21
9709,19495,409,2,2024-08-20,Cash on Delivery,Cancelled,3578.4,18
9710,4358,198,3,2024-08-02,Net Banking,Delivered,249293.94,14
9711,1963,496,5,2025-11-10,Debit Card,Delivered,7405.2,8
9712,3389,429,3,2025-07-03,Net Banking,Delivered,333854.79,11
9713,78,89,4,2024-12-10,UPI,Delivered,422780.48,
9714,14916,158,1,2026-03-05,Net Banking,Delivered,572.76,9
9715,1398,325,1,2026-04-10,Net Banking,Delivered,2993.96,
9716,2451,29,1,2026-07-17,Credit Card,Returned,131805.52,
9717,12055,191,2,2026-03-15,Debit Card,Delivered,1173.84,9
9718,11103,328,1,2026-07-13,Net Banking,Delivered,2284.1,
9719,3973,247,4,2026-06-27,Debit Card,Returned,2219.04,13
9720,18770,74,2,2026-04-02,UPI,Delivered,15208.98,
9721,2240,329,2,2025-08-07,UPI,Delivered,5294.38,20
9722,10831,129,5,2024-08-12,UPI,Delivered,478822.2,14
9723,4232,110,3,2025-11-29,Cash on Delivery,Cancelled,3819.0,8
9724,8895,123,5,2024-11-20,UPI,Delivered,7654.5,10
9725,13047,97,1,2025-11-30,Credit Card,Delivered,992.75,8
9726,6978,475,2,2026-06-03,Net Banking,Delivered,10738.56,13
9727,11366,24,4,2025-10-23,UPI,Delivered,11550.24,
9728,15514,496,2,2025-06-04,Net Banking,Delivered,2962.08,
9729,5911,161,4,2025-09-22,UPI,Delivered,18698.08,12
9730,15487,474,2,2025-08-11,Debit Card,Delivered,188612.88,20
9731,13688,495,5,2025-10-05,Net Banking,Delivered,41911.3,12
9732,4691,70,1,2025-05-26,Debit Card,Delivered,1272.24,
9733,18922,429,5,2026-07-02,Credit Card,Delivered,556424.65,
9734,2288,264,1,2025-08-14,Credit Card,Returned,751.2,20
9735,1440,354,3,2025-03-23,Credit Card,Returned,1633.05,21
9736,16282,396,4,2026-05-06,Credit Card,Delivered,226184.64,7
9737,11056,190,2,2025-10-16,UPI,Cancelled,8419.4,
9738,624,500,4,2026-03-06,Credit Card,Cancelled,35507.4,9
9739,7624,395,3,2024-10-25,Credit Card,Delivered,3603.93,
9740,10491,481,4,2024-12-06,Debit Card,Cancelled,2457.0,10
9741,14493,99,3,2025-07-08,Net Banking,Delivered,8278.68,3
9742,8269,121,1,2025-09-26,Credit Card,Delivered,295.4,12
9743,7847,124,1,2026-06-05,Debit Card,Delivered,104732.56,13
9744,6670,282,3,2025-08-02,UPI,Delivered,990.0,
9745,16339,112,1,2026-05-18,Credit Card,Delivered,93.98,7
9746,19286,273,2,2024-08-10,Cash on Delivery,Delivered,23736.0,14
9747,18078,80,3,2024-08-13,Cash on Delivery,Delivered,6574.5,18
9748,16496,264,4,2026-05-01,UPI,Delivered,3004.8,7
9749,5174,432,4,2025-04-01,UPI,Delivered,5155.92,21
9750,15328,141,3,2025-06-27,UPI,Delivered,1146.6,11
9751,12197,414,2,2026-06-03,Net Banking,Cancelled,4622.3,13
9752,14724,165,4,2025-03-17,Cash on Delivery,Delivered,1068.12,15
9753,14944,271,2,2026-05-07,Credit Card,Delivered,1809.6,5
9754,9385,196,4,2024-07-27,Cash on Delivery,Delivered,7559.64,14
9755,8323,178,1,2025-12-07,UPI,Delivered,768.4,22
9756,19115,415,2,2025-01-29,UPI,Delivered,2196.18,25
9757,11644,316,4,2025-05-10,Debit Card,Delivered,45186.96,
9758,17380,161,4,2025-04-22,Credit Card,Delivered,18698.08,
9759,16097,279,4,2025-01-24,UPI,Returned,229.68,
9760,303,49,4,2025-05-20,Net Banking,Delivered,16267.04,
9761,18348,56,1,2024-08-24,Debit Card,Delivered,723.06,2
9762,14319,216,1,2024-12-28,Net Banking,Delivered,1321.84,
9763,2625,297,5,2025-08-06,Debit Card,Delivered,1796.4,20
9764,14440,242,4,2025-04-19,Net Banking,Delivered,5557.44,
9765,11472,465,3,2026-05-04,Debit Card,Returned,1037.4,7
9766,7325,194,1,2025-04-13,Net Banking,Delivered,2210.4,
9767,16424,43,4,2024-09-15,UPI,Cancelled,135596.88,
9768,8627,32,2,2026-05-01,UPI,Delivered,605.68,7
9769,432,213,4,2025-03-20,Net Banking,Delivered,16800.0,21
9770,9336,162,5,2025-05-21,Net Banking,Delivered,12967.35,
9771,18586,1,4,2026-06-19,Cash on Delivery,Delivered,3379.48,13
9772,9410,323,3,2025-06-17,Cash on Delivery,Delivered,1586.85,16
9773,9844,72,1,2025-09-25,Debit Card,Delivered,2210.4,12
9774,17887,362,4,2026-06-19,Debit Card,Returned,9113.6,13
9775,12508,193,4,2024-12-21,UPI,Delivered,170248.0,
9776,10095,495,2,2025-03-08,Net Banking,Delivered,16764.52,1
9777,2524,190,3,2025-02-24,Cash on Delivery,Delivered,12629.1,1
9778,341,336,5,2026-01-26,Net Banking,Delivered,8496.6,
9779,8707,127,1,2025-07-26,UPI,Cancelled,112291.62,
9780,852,162,4,2024-09-07,Debit Card,Delivered,10373.88,2
9781,12363,279,5,2025-10-02,Debit Card,Delivered,287.1,12
9782,14344,313,1,2025-10-03,Credit Card,Delivered,55718.5,12
9783,15542,69,1,2024-12-03,Net Banking,Delivered,576.6,10
9784,17760,32,4,2024-07-27,Debit Card,Delivered,1211.36,14
9785,15301,404,1,2025-09-03,UPI,Delivered,54604.68,23
9786,469,286,1,2026-07-14,UPI,Delivered,71159.84,
9787,18660,306,5,2026-01-25,Credit Card,Cancelled,2057.0,
9788,11788,349,1,2025-10-10,Credit Card,Delivered,3945.47,
9789,9589,198,4,2025-01-15,Credit Card,Delivered,332391.92,
9790,18447,12,2,2024-09-24,Cash on Delivery,Delivered,10296.0,
9791,4702,215,3,2025-10-16,Net Banking,Delivered,12705.42,
9792,13973,124,1,2024-12-18,Debit Card,Delivered,104732.56,
9793,19972,403,5,2025-06-08,Cash on Delivery,Delivered,9277.05,
9794,12497,88,1,2025-09-27,UPI,Delivered,327.66,12
9795,3254,115,3,2024-07-22,UPI,Delivered,7039.23,14
9796,5995,387,1,2024-12-01,Net Banking,Delivered,7141.83,10
9797,1773,336,5,2025-09-01,Net Banking,Delivered,8496.6,23
9798,9885,483,2,2026-02-03,UPI,Delivered,120346.4,
9799,14116,437,1,2024-11-01,UPI,Delivered,728.8,19
9800,17284,101,2,2025-11-22,Credit Card,Delivered,10516.52,8
9801,15291,65,4,2025-02-06,UPI,Delivered,1977.36,25
9802,8210,19,2,2026-05-14,UPI,Delivered,21776.88,7
9803,18070,322,3,2025-12-27,Net Banking,Delivered,169797.84,
9804,11081,171,1,2024-12-18,Credit Card,Delivered,6286.8,
9805,3004,371,2,2026-02-21,UPI,Delivered,964.24,
9806,17790,399,3,2026-05-16,Net Banking,Cancelled,367155.63,7
9807,3483,312,1,2024-09-12,Net Banking,Delivered,2241.47,2
9808,14440,192,4,2024-12-11,Credit Card,Delivered,270054.96,
9809,15456,477,4,2025-05-05,Cash on Delivery,Delivered,1844.08,
9810,2485,101,1,2026-06-16,Debit Card,Delivered,5258.26,13
9811,8255,291,4,2025-06-13,Net Banking,Delivered,21335.6,16
9812,11902,277,4,2025-01-21,Debit Card,Delivered,199365.8,
9813,4918,154,2,2025-07-16,Net Banking,Delivered,107510.4,3
9814,11245,156,3,2026-07-11,Cash on Delivery,Delivered,89260.2,
9815,14247,170,1,2025-06-27,Cash on Delivery,Delivered,556.5,3
9816,492,472,1,2026-06-18,Credit Card,Delivered,1483.79,17
9817,526,75,4,2025-08-18,UPI,Cancelled,3194.24,20
9818,7088,255,4,2025-06-13,UPI,Delivered,3283.04,16
9819,14416,99,4,2025-08-10,Cash on Delivery,Returned,11038.24,20
9820,4738,330,5,2025-09-02,Net Banking,Cancelled,16320.7,23
9821,10970,95,3,2025-08-22,Debit Card,Delivered,1384.98,20
9822,2132,193,5,2026-05-01,Net Banking,Delivered,212810.0,7
9823,3206,71,4,2025-10-24,Cash on Delivery,Delivered,1992.6,
9824,3103,149,2,2026-02-18,Net Banking,Delivered,6219.72,
9825,1551,22,5,2024-10-01,UPI,Delivered,9176.0,
9826,10403,138,4,2025-05-21,Cash on Delivery,Delivered,15905.16,
9827,11015,228,2,2025-01-10,Cash on Delivery,Delivered,21856.32,
9828,9409,458,1,2024-11-17,Net Banking,Delivered,74220.0,19
9829,18513,76,2,2026-02-25,Cash on Delivery,Returned,3896.64,
9830,11692,279,5,2025-03-18,Credit Card,Delivered,287.1,15
9831,1613,283,1,2025-08-16,Credit Card,Delivered,1757.34,20
9832,11138,199,5,2024-10-08,Net Banking,Delivered,85714.6,4
9833,8963,185,4,2026-07-07,Credit Card,Returned,1848.0,
9834,1996,448,1,2024-08-31,Cash on Delivery,Delivered,693.67,2
9835,8302,246,5,2025-05-09,Credit Card,Cancelled,222728.1,
9836,2784,272,2,2025-07-31,Credit Card,Delivered,3157.98,
9837,12173,3,1,2025-08-22,Cash on Delivery,Cancelled,616.85,20
9838,14769,46,2,2026-03-23,Net Banking,Cancelled,115846.8,9
9839,9943,177,3,2026-05-26,Credit Card,Delivered,2942.64,7
9840,5898,268,3,2025-05-03,Credit Card,Delivered,232695.12,
9841,14090,465,4,2024-12-28,Debit Card,Returned,1383.2,
9842,14971,474,1,2026-05-08,Net Banking,Returned,94306.44,5
9843,5084,101,5,2026-05-09,Debit Card,Delivered,26291.3,7
9844,208,50,4,2025-12-22,Credit Card,Cancelled,46508.8,
9845,18189,407,5,2026-05-30,Credit Card,Delivered,16975.2,13
9846,11987,368,3,2025-03-14,Net Banking,Delivered,2004.0,21
9847,6499,137,3,2025-12-01,Credit Card,Returned,2114.82,
9848,4209,438,5,2025-06-26,Net Banking,Delivered,1709.8,3
9849,8243,63,2,2026-04-08,Debit Card,Delivered,3076.64,
9850,1636,24,2,2025-07-24,Credit Card,Delivered,5775.12,
9851,19285,328,4,2026-04-12,Debit Card,Delivered,9136.4,
9852,18326,128,2,2024-10-06,Cash on Delivery,Cancelled,1329.12,4
9853,16654,62,2,2024-07-27,Credit Card,Delivered,4699.2,14
9854,100,37,1,2025-07-19,Credit Card,Delivered,4062.15,
9855,13333,384,3,2025-10-10,UPI,Delivered,2018.1,
9856,15226,78,3,2024-12-27,UPI,Delivered,30536.04,
9857,13369,226,5,2025-09-29,Debit Card,Returned,10731.8,12
9858,4438,117,4,2026-02-06,Cash on Delivery,Delivered,2158.0,
9859,8144,274,3,2024-07-25,UPI,Delivered,9097.65,14
9860,12933,338,5,2025-10-07,Debit Card,Delivered,1113.7,12
9861,12092,245,4,2025-07-13,Debit Card,Delivered,7636.76,3
9862,18913,270,2,2026-04-25,Debit Card,Delivered,734.4,
9863,5894,77,4,2026-02-10,UPI,Delivered,1388.24,
9864,532,338,2,2026-02-09,UPI,Delivered,445.48,
9865,19270,235,4,2025-07-23,UPI,Delivered,3501.28,
9866,10442,369,4,2025-12-14,Credit Card,Delivered,7562.4,
9867,17121,96,2,2024-11-18,Cash on Delivery,Returned,2778.84,19
9868,2715,99,2,2025-01-02,Cash on Delivery,Delivered,5519.12,
9869,12646,255,2,2024-12-20,Debit Card,Returned,1641.52,
9870,17318,146,1,2026-03-24,Credit Card,Delivered,717.03,9
9871,4024,69,1,2026-03-23,Cash on Delivery,Delivered,576.6,9
9872,4891,52,3,2024-08-13,UPI,Delivered,17610.72,18
9873,19157,129,3,2025-04-14,Credit Card,Delivered,287293.32,
9874,4120,156,2,2025-09-01,Credit Card,Returned,59506.8,23
9875,18051,406,5,2026-06-25,Cash on Delivery,Delivered,567349.2,17
9876,14804,356,1,2025-12-09,Cash on Delivery,Delivered,533.28,22
9877,16237,87,1,2026-07-02,UPI,Delivered,11663.13,
9878,10785,234,5,2024-07-25,UPI,Cancelled,3389.85,14
9879,5306,453,4,2025-09-04,Debit Card,Cancelled,8349.12,23
9880,17274,247,5,2025-09-05,Debit Card,Delivered,2773.8,23
9881,12948,51,1,2025-09-08,Debit Card,Delivered,431.34,24
9882,4918,202,2,2024-11-17,UPI,Cancelled,7709.52,19
9883,8334,352,1,2024-11-04,UPI,Delivered,15126.33,19
9884,9706,114,4,2026-03-30,UPI,Returned,45214.4,
9885,1763,97,4,2025-06-19,Cash on Delivery,Delivered,3971.0,16
9886,9829,134,2,2026-02-22,Credit Card,Returned,5789.52,
9887,10253,412,3,2025-08-05,Debit Card,Delivered,6615.0,20
9888,8627,23,4,2025-12-25,Net Banking,Returned,1728.64,
9889,9577,324,3,2024-10-01,Net Banking,Delivered,4981.98,
9890,17535,333,4,2026-05-31,Debit Card,Delivered,27110.72,13
9891,1360,83,4,2025-04-05,Credit Card,Delivered,4288.4,
9892,8377,349,3,2025-06-29,Net Banking,Delivered,11836.41,3
9893,6040,385,5,2025-02-27,Debit Card,Delivered,4374.5,1
9894,689,452,3,2025-10-21,Credit Card,Cancelled,12355.62,
9895,14286,361,3,2024-09-30,UPI,Cancelled,19660.41,
9896,7586,382,4,2024-08-09,Net Banking,Delivered,20326.68,14
9897,14825,33,3,2024-12-05,Debit Card,Delivered,11573.28,10
9898,6679,456,1,2026-04-25,Net Banking,Delivered,964.46,
9899,3623,255,5,2024-10-11,Credit Card,Delivered,4103.8,4
9900,602,51,5,2025-12-22,Debit Card,Delivered,2156.7,
9901,816,121,2,2026-06-03,Credit Card,Delivered,590.8,13
9902,15352,384,1,2024-10-10,Credit Card,Returned,672.7,4
9903,19451,78,4,2024-12-03,Net Banking,Cancelled,40714.72,10
9904,4124,326,2,2025-12-06,Cash on Delivery,Delivered,190.8,22
9905,18327,405,2,2024-10-03,Cash on Delivery,Delivered,1672.8,
9906,16694,15,5,2026-04-09,Debit Card,Delivered,4128.6,
9907,1273,432,1,2025-08-05,Credit Card,Delivered,1288.98,20
9908,5338,276,2,2024-09-19,Cash on Delivery,Delivered,1245.0,
9909,10612,107,5,2026-06-26,Credit Card,Delivered,2394.4,13
9910,3115,174,3,2025-02-26,UPI,Delivered,49457.16,1
9911,5354,262,1,2026-02-08,Net Banking,Delivered,353.76,
9912,5368,333,2,2025-07-14,Debit Card,Delivered,13555.36,3
9913,6301,16,2,2024-09-30,Cash on Delivery,Delivered,2131.6,
9914,1149,104,4,2024-10-26,Net Banking,Cancelled,13257.84,
9915,1595,435,2,2026-01-30,UPI,Delivered,399.84,
9916,17390,222,4,2025-01-12,Cash on Delivery,Delivered,20192.4,
9917,15725,294,1,2025-02-26,Debit Card,Delivered,422.64,1
9918,14373,63,4,2026-04-06,Debit Card,Delivered,6153.28,
9919,18608,395,2,2026-06-20,UPI,Cancelled,2402.62,13
9920,17750,327,3,2025-03-01,Debit Card,Delivered,19908.72,1
9921,10464,237,2,2025-09-28,Cash on Delivery,Cancelled,346.02,12
9922,6724,368,2,2025-08-20,Cash on Delivery,Delivered,1336.0,20
9923,19899,464,1,2026-02-03,Cash on Delivery,Cancelled,537.2,
9924,7505,272,1,2025-11-26,Debit Card,Delivered,1578.99,8
9925,7120,430,5,2025-09-21,Debit Card,Delivered,53342.05,12
9926,8285,185,2,2025-05-26,UPI,Delivered,924.0,
9927,13977,264,3,2026-05-01,Cash on Delivery,Cancelled,2253.6,7
9928,11314,184,1,2024-10-30,Net Banking,Delivered,2946.9,
9929,6011,63,3,2026-02-22,Cash on Delivery,Delivered,4614.96,
9930,5534,72,2,2025-06-28,Cash on Delivery,Returned,4420.8,3
9931,11376,255,2,2024-12-10,Cash on Delivery,Returned,1641.52,
9932,3807,299,1,2026-06-03,UPI,Returned,81536.9,13
9933,13994,294,4,2024-08-09,UPI,Delivered,1690.56,18
9934,2499,285,3,2024-08-01,UPI,Delivered,1384.5,14
9935,17835,446,5,2024-10-31,Credit Card,Returned,2433.4,19
9936,1153,428,3,2024-07-30,UPI,Returned,128211.72,14
9937,18547,229,1,2024-07-19,Cash on Delivery,Delivered,435.6,
9938,2008,444,3,2024-12-27,Cash on Delivery,Delivered,9069.84,
9939,4433,444,5,2025-05-01,Net Banking,Delivered,15116.4,
9940,8845,193,3,2025-09-13,Credit Card,Delivered,127686.0,24
9941,13898,73,4,2025-12-20,UPI,Delivered,139893.36,
9942,14194,97,5,2025-07-10,Net Banking,Delivered,4963.75,3
9943,12603,38,2,2025-09-01,Credit Card,Delivered,185387.72,23
9944,8698,265,3,2025-12-25,Credit Card,Delivered,9409.5,
9945,16833,395,1,2025-08-25,UPI,Returned,1201.31,20
9946,3153,271,2,2024-07-23,Debit Card,Delivered,1809.6,14
9947,15551,458,3,2026-05-28,Cash on Delivery,Delivered,222660.0,7
9948,5559,436,3,2024-08-31,UPI,Delivered,31484.25,2
9949,1397,147,2,2025-08-14,Cash on Delivery,Delivered,699.54,20
9950,19448,359,5,2025-11-20,Credit Card,Delivered,20416.0,8
9951,17144,86,2,2025-10-28,Credit Card,Delivered,6953.82,
9952,10656,235,3,2025-08-03,Cash on Delivery,Cancelled,2625.96,
9953,9396,450,2,2024-09-01,Cash on Delivery,Cancelled,662.4,2
9954,1307,29,3,2025-01-03,Credit Card,Delivered,395416.56,
9955,1598,155,2,2025-04-25,Debit Card,Returned,19273.98,
9956,1140,293,4,2025-04-26,Credit Card,Delivered,3955.52,
9957,13253,463,2,2025-09-02,UPI,Returned,1034.28,23
9958,12933,88,3,2024-10-28,UPI,Returned,982.98,
9959,3225,120,1,2026-02-19,Net Banking,Delivered,750.55,
9960,6508,153,4,2025-12-19,Cash on Delivery,Delivered,135954.0,
9961,10434,78,5,2025-12-04,Cash on Delivery,Returned,50893.4,22
9962,19966,143,4,2024-09-28,Debit Card,Returned,563.56,
9963,12292,304,3,2024-11-23,Debit Card,Delivered,298282.14,10
9964,4018,135,4,2025-07-15,Credit Card,Delivered,275463.52,3
9965,19656,475,2,2025-10-11,Debit Card,Delivered,10738.56,
9966,1351,245,3,2026-04-08,UPI,Delivered,5727.57,
9967,4169,251,5,2025-07-18,Net Banking,Delivered,538537.5,
9968,8240,333,4,2024-11-30,Debit Card,Delivered,27110.72,10
9969,17455,30,4,2026-07-12,Debit Card,Delivered,26877.0,
9970,14952,308,4,2025-06-26,Credit Card,Delivered,8834.24,11
9971,11729,206,2,2024-12-26,Net Banking,Delivered,4568.72,
9972,3425,175,1,2025-03-01,Net Banking,Delivered,5165.82,1
9973,9507,237,5,2025-05-17,Debit Card,Delivered,865.05,
9974,16670,46,3,2024-12-10,Cash on Delivery,Delivered,173770.2,
9975,5467,98,2,2024-07-25,UPI,Delivered,76084.8,14
9976,11771,331,5,2026-05-03,Debit Card,Cancelled,134287.2,7
9977,9896,356,1,2025-07-12,Cash on Delivery,Delivered,533.28,3
9978,11831,424,3,2025-12-14,UPI,Delivered,28549.5,
9979,2280,372,3,2024-11-16,Debit Card,Cancelled,221205.6,19
9980,8267,248,5,2024-12-08,Cash on Delivery,Delivered,4452.15,10
9981,8491,376,2,2024-12-25,UPI,Delivered,4363.5,
9982,4085,13,3,2025-08-06,UPI,Cancelled,4260.0,20
9983,7042,461,2,2024-08-17,Debit Card,Delivered,188269.9,18
9984,6138,390,3,2025-11-25,Credit Card,Delivered,3142.26,8
9985,6437,450,3,2025-08-11,Debit Card,Delivered,993.6,20
9986,12997,368,5,2024-11-15,Credit Card,Delivered,3340.0,19
9987,18838,261,4,2026-05-31,Cash on Delivery,Cancelled,5796.4,13
9988,9609,229,5,2026-06-08,Net Banking,Delivered,2178.0,13
9989,4020,193,2,2024-07-20,Cash on Delivery,Delivered,85124.0,14
9990,12075,71,1,2024-09-21,UPI,Delivered,498.15,
9991,2177,429,3,2026-03-12,Credit Card,Delivered,333854.79,9
9992,18016,438,2,2024-08-08,Debit Card,Delivered,683.92,18
9993,2345,413,2,2025-09-14,Debit Card,Delivered,910.08,24
9994,14532,449,4,2026-02-23,Net Banking,Delivered,3294.6,
9995,15171,244,1,2025-11-12,Net Banking,Delivered,3586.32,8
9996,14019,76,4,2024-10-01,Credit Card,Delivered,7793.28,
9997,7708,3,2,2026-07-09,UPI,Cancelled,1233.7,
9998,9800,267,2,2025-10-09,UPI,Delivered,8527.2,12
9999,15840,444,4,2026-04-22,Credit Card,Delivered,12093.12,
10000,6623,253,3,2026-05-07,Credit Card,Delivered,1446.66,5
