PaymentID,OrderID,TransactionID,PaymentMethod,AmountPaid,PaymentDate,PaymentStatus
PAY100001,1,623E81A4-2EF2-49,UPI,622.5,2025-09-11,Success
PAY100002,2,5B47665D-4C6F-48,Net Banking,2334.7,2024-10-19,Success
PAY100003,3,E0BD0AAD-0EF9-43,Debit Card,28814.4,2025-05-16,Success
PAY100004,4,B1996F9B-9408-48,Credit Card,662.4,2026-01-12,Refunded
PAY100005,5,3B78205D-B264-43,Credit Card,4392.36,2025-05-20,Success
PAY100006,6,30602ED8-5B2B-4C,Credit Card,33529.04,2026-02-25,Success
PAY100007,7,5640CEC1-271A-44,Credit Card,77047.74,2025-04-14,Success
PAY100008,8,82C09FCA-91C5-45,Cash on Delivery,799.68,2026-03-03,Success
PAY100009,9,65B16BED-5C25-4C,Credit Card,162076.8,2024-08-25,Success
PAY100010,10,661CF2A4-FB92-45,UPI,17476.0,2024-12-07,Failed
PAY100011,11,D9264FDF-D12D-42,Net Banking,536.2,2026-01-19,Success
PAY100012,12,5A833DE5-1EF3-4E,Debit Card,1324.8,2025-09-20,Refunded
PAY100013,13,3452F17A-AEDC-41,Cash on Delivery,19055.4,2026-03-21,Success
PAY100014,14,D17B9415-0451-41,Net Banking,202596.0,2025-11-30,Success
PAY100015,15,D299EB3C-2E09-49,UPI,2869.05,2025-05-31,Success
PAY100016,16,E01888D6-0BCF-45,Cash on Delivery,10178.68,2025-03-10,Success
PAY100017,17,B18D6744-6B32-4A,Net Banking,695.52,2026-05-25,Refunded
PAY100018,18,D339CA59-BCB0-4C,Debit Card,244129.59,2025-02-23,Refunded
PAY100019,19,A1378E94-40E3-41,Debit Card,3619.2,2026-04-16,Success
PAY100020,20,33241281-CAC0-49,UPI,5796.4,2025-05-26,Refunded
PAY100021,21,EA99C3A8-23DB-4E,UPI,1382.4,2026-02-18,Success
PAY100022,22,C2A205B1-D64B-41,Credit Card,1750.64,2024-10-19,Success
PAY100023,23,0F045BC8-2582-40,Credit Card,43553.76,2026-03-05,Success
PAY100024,24,A890F5ED-C26E-48,Debit Card,30417.96,2026-01-27,Success
PAY100025,25,1F80561C-2597-46,Net Banking,347.06,2025-01-02,Success
PAY100026,26,29EB11FD-985C-48,Net Banking,2467.4,2024-09-24,Success
PAY100027,27,3430E092-0A88-45,Cash on Delivery,1074.94,2026-02-23,Success
PAY100028,28,2165C4A9-9BC6-46,Credit Card,4674.52,2026-07-03,Failed
PAY100029,29,86D8B46E-E33B-44,Cash on Delivery,2004.0,2026-04-16,Success
PAY100030,30,F862B769-5362-48,Net Banking,74423.6,2025-03-31,Success
PAY100031,31,BD4E076F-D8D1-4F,UPI,286035.12,2026-01-13,Failed
PAY100032,32,86724559-E42F-4D,Cash on Delivery,50893.4,2024-10-15,Success
PAY100033,33,45B109B9-C023-4B,Cash on Delivery,1918.84,2025-04-10,Success
PAY100034,34,AA58379E-906C-46,Cash on Delivery,53755.2,2025-01-06,Failed
PAY100035,35,485F134B-F1C1-48,UPI,45165.75,2024-11-27,Success
PAY100036,36,BF0DB4E1-6D2D-47,Debit Card,611926.05,2025-04-12,Success
PAY100037,37,8065F5BC-FD66-4B,UPI,2154.33,2026-06-06,Success
PAY100038,38,6B89BC26-8CE1-4B,Debit Card,8766.0,2024-09-25,Success
PAY100039,39,DD5BC805-50C9-4F,Net Banking,407684.5,2024-12-05,Success
PAY100040,40,B8D8B741-033D-4C,Cash on Delivery,19273.98,2026-04-13,Success
PAY100041,41,285D5894-EB06-46,UPI,7559.64,2026-05-12,Success
PAY100042,42,7538026E-050C-46,Net Banking,1596.3,2024-10-21,Success
PAY100043,43,E59D6999-9ED6-42,UPI,23963.85,2025-07-01,Success
PAY100044,44,1043865E-F95F-49,Credit Card,11042.8,2026-01-05,Success
PAY100045,45,290A4BD8-5918-4F,Cash on Delivery,512.4,2025-11-29,Refunded
PAY100046,46,6889F3A8-2408-4E,Credit Card,2967.58,2026-02-14,Success
PAY100047,47,0F4F51F1-DC49-42,Net Banking,6998.4,2025-09-03,Success
PAY100048,48,964B79D1-7858-42,UPI,107510.4,2025-03-31,Success
PAY100049,49,0DBC4150-D4F3-4A,Net Banking,2128.4,2024-11-21,Success
PAY100050,50,F603B174-5663-44,Net Banking,3854.76,2025-11-25,Success
PAY100051,51,4C88B482-8ACE-4E,Net Banking,418930.24,2025-09-22,Success
PAY100052,52,9EA74882-8C60-46,Cash on Delivery,1201.31,2026-03-16,Success
PAY100053,53,2F151850-0EFA-41,Debit Card,3794.4,2025-11-10,Success
PAY100054,54,955CB644-A8AB-48,Cash on Delivery,7672.17,2025-07-30,Success
PAY100055,55,8B28AB8B-9949-44,Debit Card,1564.62,2024-08-17,Success
PAY100056,56,0B05C3C0-B3F9-4D,Debit Card,406882.65,2024-07-23,Success
PAY100057,57,2795ED74-FD8E-4B,Cash on Delivery,1346.8,2025-07-28,Success
PAY100058,58,7A368565-57AA-44,Net Banking,3495.8,2024-10-01,Success
PAY100059,59,2AA8EA5C-5FF3-4D,Credit Card,3818.38,2025-03-06,Refunded
PAY100060,60,DCED9E69-5987-4A,Debit Card,660.0,2024-10-11,Refunded
PAY100061,61,2EA38F0E-A625-43,Credit Card,245101.75,2025-06-05,Success
PAY100062,62,1B1D4651-692E-40,Net Banking,536.2,2024-09-04,Success
PAY100063,63,197F7DD3-2020-4D,Credit Card,3345.6,2025-07-06,Success
PAY100064,64,6F80DCE7-5B8D-4B,Debit Card,15144.3,2024-08-10,Success
PAY100065,65,AE33B768-2F4B-49,UPI,131354.6,2025-08-28,Success
PAY100066,66,DF9AF432-0497-4D,UPI,2808.0,2024-12-12,Failed
PAY100067,67,EAFDDA5F-1177-48,Debit Card,4168.26,2026-03-25,Failed
PAY100068,68,4C2ABD43-957E-46,Net Banking,2686.0,2024-08-25,Success
PAY100069,69,8EF3DDC3-DD40-48,Cash on Delivery,93.98,2026-01-21,Success
PAY100070,70,0C72E87D-7D01-46,Net Banking,2291.04,2024-08-15,Success
PAY100071,71,8157F83D-4EE5-46,Net Banking,525803.3,2024-12-29,Success
PAY100072,72,23C8963D-26F5-40,Net Banking,12629.1,2026-02-22,Success
PAY100073,73,5BEBA94A-F3F7-4B,UPI,16657.65,2024-09-21,Refunded
PAY100074,74,375F3C54-1169-4A,Debit Card,5698.0,2025-01-01,Success
PAY100075,75,A2CB2B55-35C8-42,UPI,170948.96,2025-06-21,Success
PAY100076,76,9FC31761-BF0B-46,UPI,114923.4,2024-10-11,Success
PAY100077,77,8DDBEB65-63AE-4A,UPI,3590.55,2025-10-26,Success
PAY100078,78,A1EAB4A1-CED9-47,Debit Card,2198.25,2025-07-08,Success
PAY100079,79,A2755873-7058-4E,Net Banking,21336.82,2025-11-20,Success
PAY100080,80,D9083815-3AD4-41,Credit Card,1399.08,2026-03-04,Success
PAY100081,81,8E213E8A-EE4E-41,UPI,120346.4,2025-08-30,Success
PAY100082,82,62DBF4FE-9E25-4C,Debit Card,136605.44,2026-01-22,Refunded
PAY100083,83,15613BBA-9255-45,Credit Card,2007.92,2026-02-18,Success
PAY100084,84,DE370399-44B7-46,Net Banking,2068.56,2025-11-27,Failed
PAY100085,85,1A29DF0A-3F23-4A,Cash on Delivery,4738.96,2025-06-21,Success
PAY100086,86,416DA2A6-6B9B-44,Net Banking,248048.16,2025-05-27,Success
PAY100087,87,35A8F045-865D-4A,UPI,163762.2,2026-01-31,Success
PAY100088,88,AF31521A-1506-44,Credit Card,10305.36,2026-03-28,Success
PAY100089,89,E5F7AADF-0922-42,Net Banking,2470.95,2024-09-30,Success
PAY100090,90,E82683CA-E0B3-48,Credit Card,115049.72,2025-07-27,Success
PAY100091,91,5C609F9C-7ED0-47,Cash on Delivery,5924.16,2025-05-02,Success
PAY100092,92,B70FC84C-5093-4B,Credit Card,226397.12,2026-07-21,Refunded
PAY100093,93,A1FAB123-DE9E-45,Net Banking,3340.0,2025-08-09,Refunded
PAY100094,94,8F1FB261-45A4-40,UPI,988.68,2026-04-24,Success
PAY100095,95,2A4E9FEF-B6C8-44,Cash on Delivery,2184.48,2026-04-22,Success
PAY100096,96,F24B2A67-A4A7-4D,Net Banking,692.04,2025-04-03,Success
PAY100097,97,0374733C-98D7-45,UPI,2198.25,2025-08-21,Failed
PAY100098,98,71FE92A3-34C2-41,Debit Card,9176.0,2025-01-14,Success
PAY100099,99,14715099-21D3-44,Cash on Delivery,20592.0,2025-05-26,Success
PAY100100,100,10E24E38-6557-40,UPI,17384.82,2024-07-25,Success
PAY100101,101,E00D4FBF-DD70-43,Debit Card,1587.52,2025-08-16,Refunded
PAY100102,102,8D66A23D-0D59-41,Debit Card,310260.16,2026-05-20,Success
PAY100103,103,C12C2D3D-3DC7-46,Credit Card,5360.5,2026-04-20,Success
PAY100104,104,58053670-7A99-43,UPI,471532.2,2025-08-24,Success
PAY100105,105,88990E3F-0483-44,Credit Card,2295.24,2026-05-06,Success
PAY100106,106,69A3D88D-A24F-49,UPI,2411.1,2024-11-27,Success
PAY100107,107,31BFD4DD-95EB-42,Net Banking,3089.36,2024-08-18,Success
PAY100108,108,241BBBDF-C53E-45,Credit Card,14245.0,2025-09-12,Success
PAY100109,109,17A020A2-AA3D-45,Credit Card,20592.7,2025-07-22,Refunded
PAY100110,110,4B065E08-D50E-44,Credit Card,3476.91,2026-04-10,Success
PAY100111,111,9E8E89B1-912A-45,Net Banking,144805.5,2026-03-07,Success
PAY100112,112,326272A7-5F53-4A,Credit Card,2347.68,2024-11-10,Success
PAY100113,113,3B95C6DB-7E94-4F,UPI,222660.0,2025-07-27,Refunded
PAY100114,114,1939ADBF-C3A9-42,UPI,4906.98,2025-06-24,Refunded
PAY100115,115,D6B9573D-837E-4D,Net Banking,3590.55,2024-11-03,Success
PAY100116,116,B29DA2FF-2C01-4B,UPI,27478.08,2025-11-25,Success
PAY100117,117,E3B82043-8028-41,Credit Card,1162.0,2025-09-09,Refunded
PAY100118,118,9A8AB2C5-085E-4A,UPI,432.16,2025-08-11,Success
PAY100119,119,DF5993D3-50F7-4C,Net Banking,19398.6,2025-09-16,Success
PAY100120,120,A4258D05-E195-4E,Net Banking,131354.6,2026-03-31,Success
PAY100121,121,04E3157B-1D1E-41,Credit Card,3256.2,2025-10-28,Refunded
PAY100122,122,DBBA5F8A-557A-46,Debit Card,8585.44,2026-03-11,Success
PAY100123,123,D74E3929-83F2-49,UPI,25147.2,2025-01-31,Success
PAY100124,124,C6CC633F-EEDA-44,Debit Card,6835.2,2025-12-21,Success
PAY100125,125,A6136950-87D4-47,Cash on Delivery,979.2,2025-08-12,Success
PAY100126,126,F0B87239-5B88-40,Cash on Delivery,8870.16,2025-08-25,Success
PAY100127,127,1CD10402-5D5F-4E,UPI,782.31,2026-01-18,Refunded
PAY100128,128,ED414B52-2EA6-4A,UPI,681.43,2025-05-04,Refunded
PAY100129,129,4461D451-C2DC-48,Credit Card,282404.85,2024-11-06,Success
PAY100130,130,D41D8AAB-72C6-42,Debit Card,59506.8,2025-12-28,Refunded
PAY100131,131,CE28DEDF-2F8F-4E,Net Banking,1367.84,2025-04-30,Success
PAY100132,132,1F26B39D-843B-4B,Cash on Delivery,297763.68,2025-11-25,Success
PAY100133,133,595B30C8-8774-46,Cash on Delivery,2493.96,2025-05-22,Success
PAY100134,134,EF10FF58-B9FB-4E,Net Banking,291724.2,2024-12-19,Success
PAY100135,135,D25DB2C7-529F-45,Credit Card,1611.6,2025-02-16,Success
PAY100136,136,226E892F-777A-42,Credit Card,8505.25,2025-04-13,Refunded
PAY100137,137,40982092-1A49-4D,Credit Card,285.6,2024-12-31,Success
PAY100138,138,FB2E63DF-5380-48,Net Banking,335.92,2025-07-20,Success
PAY100139,139,4FA11790-464A-4D,Net Banking,1072.4,2025-10-12,Success
PAY100140,140,7A3BD782-BC26-46,UPI,1749.8,2026-01-10,Success
PAY100141,141,28DC7663-B4A5-44,Net Banking,1860.32,2026-06-11,Success
PAY100142,142,74DB302A-851E-43,Debit Card,1345.4,2026-03-31,Success
PAY100143,143,5E633587-AAB7-44,Cash on Delivery,22607.2,2024-11-11,Success
PAY100144,144,9D7FC1FB-5122-42,UPI,11564.28,2025-05-30,Success
PAY100145,145,180B9B10-0775-43,UPI,2317.02,2025-07-04,Success
PAY100146,146,3E7A92A5-C34E-42,Debit Card,2177.4,2025-06-27,Success
PAY100147,147,472A3BC3-AC06-4E,Cash on Delivery,12442.5,2025-08-06,Success
PAY100148,148,70B0C8E2-1D6F-40,Credit Card,1060.76,2025-06-15,Success
PAY100149,149,1015C2A7-644B-4F,UPI,19055.4,2025-08-11,Failed
PAY100150,150,6D9DE24C-A450-4A,Credit Card,371.7,2024-09-01,Failed
PAY100151,151,B4EC4926-3A74-4B,Credit Card,5794.94,2025-10-29,Success
PAY100152,152,6EA1277D-622A-41,Cash on Delivery,838.35,2025-05-03,Success
PAY100153,153,E1781B23-11D4-41,Debit Card,8946.0,2024-08-02,Refunded
PAY100154,154,AF87621B-38C4-4D,Net Banking,286035.12,2026-04-11,Success
PAY100155,155,52DD33B9-31DA-49,Debit Card,798.56,2024-10-29,Success
PAY100156,156,AB00A2C3-AEF8-48,Cash on Delivery,135497.25,2026-03-18,Success
PAY100157,157,C87F4FF5-460F-4F,UPI,2205.0,2024-08-27,Failed
PAY100158,158,06E1CD3F-1707-4B,UPI,5427.0,2024-12-08,Success
PAY100159,159,C105BFF1-5AD7-4B,UPI,2868.12,2026-02-21,Success
PAY100160,160,70C25709-32DD-4D,UPI,1558.95,2025-10-18,Success
PAY100161,161,C5A70E8D-4ED3-44,Credit Card,2177.4,2025-02-28,Success
PAY100162,162,253939ED-9499-48,UPI,4807.6,2026-05-01,Refunded
PAY100163,163,CBB1E477-113A-4A,UPI,582.96,2025-12-05,Refunded
PAY100164,164,6B0FAE79-06B1-4A,UPI,923.0,2026-04-09,Success
PAY100165,165,C9A6D557-58F3-4D,Credit Card,19908.72,2026-01-30,Failed
PAY100166,166,309898A2-D8C4-4E,Net Banking,1449.82,2025-07-13,Success
PAY100167,167,9E2B566F-4F7A-46,UPI,382.2,2025-01-08,Success
PAY100168,168,984FECC0-165C-4F,UPI,2457.0,2026-03-30,Refunded
PAY100169,169,FBDA9FDA-ACB0-42,Net Banking,21455.5,2025-12-26,Success
PAY100170,170,B5F05BE6-C0D0-48,Debit Card,418853.6,2025-09-14,Success
PAY100171,171,98C73882-1233-44,Net Banking,50893.4,2025-07-19,Success
PAY100172,172,4020281B-0E36-48,Debit Card,13575.2,2025-05-16,Success
PAY100173,173,CA18BC1E-1E18-45,Debit Card,2598.25,2026-02-14,Success
PAY100174,174,1CEA1D08-BFEC-48,Debit Card,2724.48,2026-03-01,Success
PAY100175,175,2E3C877D-989D-45,UPI,7894.95,2025-03-24,Success
PAY100176,176,737A322B-335E-42,Cash on Delivery,11297.0,2024-10-30,Success
PAY100177,177,2BFCCCF9-138D-48,Credit Card,1153.2,2026-07-18,Success
PAY100178,178,2F325DA1-72B9-43,Credit Card,9449.55,2025-03-12,Refunded
PAY100179,179,57F51DD9-0F3A-46,Net Banking,7340.8,2024-11-22,Success
PAY100180,180,261EE32D-D38B-42,Credit Card,1049.31,2026-04-04,Success
PAY100181,181,111D4450-5CB6-45,Credit Card,469630.6,2024-12-11,Failed
PAY100182,182,E11A79C3-9305-48,Net Banking,12200.28,2025-04-15,Success
PAY100183,183,A5445DD9-C4E7-4C,UPI,12873.3,2025-04-26,Success
PAY100184,184,0770EBB5-2EF2-47,Net Banking,4029.41,2025-01-24,Success
PAY100185,185,B591876C-C131-4E,Credit Card,40927.84,2025-11-03,Refunded
PAY100186,186,06693AE7-7F79-47,Cash on Delivery,202596.0,2025-09-15,Refunded
PAY100187,187,2AFE201E-913D-42,Cash on Delivery,8375.68,2025-01-22,Success
PAY100188,188,7E7C5D31-2737-42,Cash on Delivery,21000.0,2026-01-27,Failed
PAY100189,189,B02244B4-5A4E-4E,Cash on Delivery,3789.52,2024-08-24,Success
PAY100190,190,24DBCA53-3C75-47,Net Banking,2310.0,2025-10-05,Success
PAY100191,191,0FD238C9-4925-46,Net Banking,2403.8,2025-09-22,Success
PAY100192,192,FF6FD2F3-9126-42,Cash on Delivery,6153.28,2026-05-16,Success
PAY100193,193,8C032CB6-ADD2-4C,Cash on Delivery,561.0,2025-09-05,Success
PAY100194,194,957C1DB4-1DDA-40,Net Banking,25240.5,2025-05-19,Success
PAY100195,195,8C15CA4C-4CF2-40,Credit Card,5505.6,2025-03-18,Failed
PAY100196,196,B3C31CC2-102D-44,Credit Card,15905.16,2025-08-03,Success
PAY100197,197,58DDAC13-85FA-44,Net Banking,208904.5,2024-09-19,Success
PAY100198,198,BFE97AF9-0FDD-4D,Debit Card,215020.8,2024-10-05,Refunded
PAY100199,199,E2AE3F21-74E7-40,UPI,3422.5,2024-12-03,Success
PAY100200,200,65E640A7-B53C-4A,UPI,1729.8,2025-11-13,Success
PAY100201,201,AF3671B1-9281-43,Debit Card,416147.05,2025-03-03,Success
PAY100202,202,05A5914A-420D-49,Debit Card,484174.8,2026-04-23,Success
PAY100203,203,9BCB14EA-C492-48,Credit Card,890.43,2026-07-05,Success
PAY100204,204,95549CDA-7F52-4E,Debit Card,83770.72,2025-04-14,Success
PAY100205,205,F935E4FF-5EBC-4A,Debit Card,988.68,2024-09-29,Failed
PAY100206,206,40B96860-7683-40,Cash on Delivery,114923.4,2025-04-17,Success
PAY100207,207,C3096B3F-4956-45,Cash on Delivery,93926.12,2025-10-24,Success
PAY100208,208,6FF809B7-4475-4A,Credit Card,1529.04,2026-06-17,Success
PAY100209,209,B5CA42BE-080E-42,Net Banking,1894.76,2024-08-31,Failed
PAY100210,210,F1191CE5-98A2-48,Credit Card,469630.6,2025-04-29,Failed
PAY100211,211,E3897B79-4529-4C,UPI,4002.0,2024-12-10,Success
PAY100212,212,C15A1001-58E8-44,UPI,3015.52,2024-11-08,Success
PAY100213,213,CE2C668D-B7DE-43,Debit Card,3398.64,2024-12-30,Success
PAY100214,214,2841B9BF-C8F6-4A,UPI,6365.0,2026-06-24,Success
PAY100215,215,911EF9B0-EF67-4F,Credit Card,3495.8,2026-03-19,Success
PAY100216,216,31F53BDC-DB15-49,UPI,1288.98,2025-02-16,Refunded
PAY100217,217,01A8F4B5-CBDD-47,Cash on Delivery,234.9,2024-12-14,Success
PAY100218,218,B64E8B6E-73D3-43,UPI,47472.0,2025-03-11,Refunded
PAY100219,219,1F2ABB1F-AAB2-43,Cash on Delivery,25829.1,2025-07-20,Success
PAY100220,220,738B1899-B68F-4C,Credit Card,3398.64,2025-10-09,Success
PAY100221,221,F03B11B2-658D-4A,Net Banking,3157.98,2025-01-24,Refunded
PAY100222,222,8FF46B46-B471-4B,Net Banking,1147.62,2025-04-26,Refunded
PAY100223,223,48DF4041-D0EE-48,UPI,2004.0,2025-07-14,Success
PAY100224,224,FC8350A2-FE8C-49,Net Banking,1174.5,2025-06-13,Success
PAY100225,225,71ADBBF5-674E-44,UPI,2205.0,2025-03-30,Success
PAY100226,226,6F703928-A4DE-40,UPI,1660.0,2025-11-10,Refunded
PAY100227,227,BE69A54E-78E9-4C,Credit Card,1185.6,2025-01-29,Success
PAY100228,228,2A0049EB-4160-40,Net Banking,6545.76,2024-11-27,Success
PAY100229,229,4CB06738-7EDC-41,Net Banking,122385.21,2024-10-28,Success
PAY100230,230,E43C81A4-42C0-43,Cash on Delivery,1060.76,2025-12-22,Success
PAY100231,231,53607FE6-1BF1-41,Cash on Delivery,2260.6,2024-09-10,Success
PAY100232,232,6E190B2B-97E6-40,Credit Card,286035.12,2025-05-29,Refunded
PAY100233,233,7BE0EEBD-0EEE-48,UPI,801.09,2024-10-15,Success
PAY100234,234,0C899FDB-35C7-41,Net Banking,56483.7,2025-07-29,Success
PAY100235,235,6121A645-2A61-4D,Debit Card,27478.08,2026-02-23,Success
PAY100236,236,B3AAFD61-362E-47,Credit Card,300866.0,2024-11-18,Refunded
PAY100237,237,48F9F81A-F8D3-4F,Net Banking,681.36,2026-07-05,Success
PAY100238,238,61CE9202-A6C2-4F,Debit Card,691.6,2024-12-18,Success
PAY100239,239,DA581930-9047-47,Cash on Delivery,186059.0,2026-03-21,Success
PAY100240,240,5C74A207-87DA-4A,Credit Card,1367.28,2024-09-11,Success
PAY100241,241,E9D6AA83-AB66-4C,Debit Card,1918.08,2024-09-22,Refunded
PAY100242,242,C2C9BE52-AFBD-40,Net Banking,1415.04,2026-07-09,Success
PAY100243,243,C8075D20-22D6-44,Cash on Delivery,8124.3,2025-07-28,Success
PAY100244,244,E4DA87B0-5C09-44,Credit Card,17456.4,2025-12-22,Success
PAY100245,245,EA791FD2-E957-49,UPI,6719.25,2025-10-29,Refunded
PAY100246,246,10740604-C86C-43,Net Banking,1297.2,2025-01-08,Success
PAY100247,247,9BEAC89F-7167-4F,UPI,39666.88,2025-01-06,Success
PAY100248,248,1889A5AC-3E8C-47,Debit Card,4556.8,2025-08-18,Success
PAY100249,249,0E7E509F-6FBA-4A,Credit Card,55560.96,2025-02-04,Success
PAY100250,250,C994B8C4-86C2-4A,UPI,799.68,2026-04-03,Success
PAY100251,251,CBF2938A-4269-4A,Cash on Delivery,1088.7,2025-03-17,Success
PAY100252,252,5068BE9E-030A-4A,Cash on Delivery,1165.92,2026-02-22,Success
PAY100253,253,C35161F8-BDDE-4B,Cash on Delivery,10731.8,2026-05-02,Success
PAY100254,254,3B6BEE77-1722-48,Debit Card,15907.5,2024-11-27,Failed
PAY100255,255,7D32A536-7D7F-44,UPI,6631.2,2026-05-02,Success
PAY100256,256,88CE29BD-2F45-49,Credit Card,2962.08,2024-10-14,Success
PAY100257,257,C4BC312C-8352-4A,Cash on Delivery,5656.8,2025-05-20,Success
PAY100258,258,1E83DCB7-68B3-4C,Debit Card,92351.24,2024-08-06,Success
PAY100259,259,6C12BC1A-B7E3-4B,Net Banking,2400.64,2026-02-17,Success
PAY100260,260,FDDBD8C9-084A-49,Credit Card,1145.52,2024-10-02,Refunded
PAY100261,261,24485639-1D0E-4C,Net Banking,5616.0,2025-03-26,Success
PAY100262,262,44C2C92B-C375-42,UPI,15162.75,2025-03-10,Failed
PAY100263,263,20C67DD3-98A8-4E,Credit Card,820.76,2025-06-03,Success
PAY100264,264,844CEB18-0680-47,Debit Card,15233.4,2026-02-10,Success
PAY100265,265,BD66FD85-0560-41,Cash on Delivery,173769.92,2026-01-26,Success
PAY100266,266,2B0864BF-E76C-45,Debit Card,131805.52,2024-07-17,Success
PAY100267,267,26B8462B-8C2F-45,Cash on Delivery,3783.24,2024-11-22,Success
PAY100268,268,24085790-0EE8-47,Credit Card,3769.4,2026-07-23,Refunded
PAY100269,269,A3F24B85-3770-41,Net Banking,469.8,2025-06-29,Success
PAY100270,270,4A21C116-4F21-4A,Cash on Delivery,222.74,2025-10-14,Success
PAY100271,271,A9B0136E-CF69-45,Credit Card,2629.75,2025-04-11,Success
PAY100272,272,C0FD0007-3BE9-45,Cash on Delivery,486.68,2024-11-05,Success
PAY100273,273,91E0BCF9-EC95-4C,Cash on Delivery,8433.0,2025-10-01,Success
PAY100274,274,1EF2AE2A-F883-4C,Debit Card,148971.72,2026-06-05,Success
PAY100275,275,46C88867-43DB-45,UPI,43641.0,2026-01-19,Success
PAY100276,276,22E90651-0511-4E,UPI,524.0,2025-04-30,Failed
PAY100277,277,C818340C-6F22-45,Cash on Delivery,7427.16,2025-08-30,Success
PAY100278,278,1AEBCAA5-96EA-40,Debit Card,57922.2,2026-01-10,Failed
PAY100279,279,E2B667C3-D13A-43,UPI,7937.6,2026-01-16,Refunded
PAY100280,280,E07F3CFE-3B98-44,Net Banking,798.56,2025-10-21,Success
PAY100281,281,F2DB7FF2-9FB0-48,UPI,1848.0,2026-05-04,Failed
PAY100282,282,17026B61-18B6-43,Net Banking,1711.85,2026-06-01,Success
PAY100283,283,D9D3566C-2BCA-41,Credit Card,3302.88,2024-11-02,Refunded
PAY100284,284,66DEE560-380E-49,Credit Card,43712.64,2024-08-11,Success
PAY100285,285,8681F2A9-E518-48,UPI,1267.92,2026-06-06,Success
PAY100286,286,00F305AB-5DAD-45,Cash on Delivery,355799.2,2026-03-16,Success
PAY100287,287,F85D9BFC-7207-47,Credit Card,2291.04,2025-01-14,Success
PAY100288,288,042AB2A9-5956-42,Credit Card,2893.38,2026-04-18,Success
PAY100289,289,F6038525-8F41-45,Net Banking,12093.12,2026-07-11,Success
PAY100290,290,9FDC416B-71FA-4E,Net Banking,21000.0,2024-07-21,Failed
PAY100291,291,31E7DE3B-C214-4E,Credit Card,1149.12,2025-10-13,Success
PAY100292,292,1D779C36-938B-47,UPI,3622.3,2025-11-13,Success
PAY100293,293,50060735-B14C-4D,Cash on Delivery,287.28,2026-04-04,Failed
PAY100294,294,B0F16F60-B96E-4A,Net Banking,9636.99,2024-09-03,Refunded
PAY100295,295,919B7E42-0B1A-46,Credit Card,11740.48,2026-01-09,Success
PAY100296,296,F40BE7DA-EF69-44,Cash on Delivery,42085.0,2026-06-14,Success
PAY100297,297,C96C75E2-0A05-4C,Debit Card,1409.88,2025-01-07,Success
PAY100298,298,2CAB07C2-6B34-49,Debit Card,4250.99,2025-01-23,Success
PAY100299,299,6C4E5979-722D-46,Cash on Delivery,310260.16,2024-08-26,Refunded
PAY100300,300,4A0F64D8-5F39-42,Credit Card,274684.64,2025-11-29,Refunded
PAY100301,301,AB6736FD-75AE-4C,Net Banking,1489.2,2025-09-02,Success
PAY100302,302,6874B46E-BB2D-4C,Net Banking,5505.6,2024-10-28,Success
PAY100303,303,34E791B9-797B-49,Cash on Delivery,1536.8,2026-06-10,Success
PAY100304,304,AB4CB158-1664-45,Debit Card,94134.95,2025-03-25,Refunded
PAY100305,305,77713012-2954-47,Credit Card,2210.4,2024-12-23,Success
PAY100306,306,83F6B3C5-47DA-46,UPI,105695.12,2024-07-25,Success
PAY100307,307,4D660D0F-9FE7-4A,Net Banking,13305.24,2025-06-03,Success
PAY100308,308,DC000EDF-9712-4A,UPI,298282.14,2025-04-03,Success
PAY100309,309,4D4ACE1A-D7C9-43,UPI,166.53,2026-07-17,Success
PAY100310,310,0600A87B-B974-47,UPI,1530.9,2026-03-15,Failed
PAY100311,311,7826C446-12D3-43,Credit Card,1198.4,2025-10-02,Success
PAY100312,312,0DDB63B0-E9C0-44,Net Banking,2445.96,2025-09-05,Success
PAY100313,313,100FD640-2184-40,UPI,3302.88,2026-03-05,Success
PAY100314,314,476FD747-169F-42,Debit Card,15905.16,2025-10-11,Success
PAY100315,315,70B593AE-8E1F-43,Debit Card,83229.41,2026-04-24,Success
PAY100316,316,68346C77-4A6A-49,Debit Card,367155.63,2026-03-31,Success
PAY100317,317,BF4E0CAF-6FBB-4A,Net Banking,12706.92,2026-02-24,Refunded
PAY100318,318,A414D312-68BC-45,Cash on Delivery,148881.84,2024-08-05,Failed
PAY100319,319,951B9617-204E-4F,Credit Card,336874.86,2025-02-18,Refunded
PAY100320,320,73B15E45-770A-4B,Debit Card,20192.4,2025-08-19,Success
PAY100321,321,F9F7291F-5C62-43,Cash on Delivery,1633.05,2025-01-08,Success
PAY100322,322,BECF9EE2-0BAC-4E,Cash on Delivery,33596.25,2025-02-26,Success
PAY100323,323,C046B62B-C2A4-4F,Net Banking,865.05,2024-09-16,Success
PAY100324,324,910AC8A4-B641-43,Debit Card,11232.0,2024-08-28,Success
PAY100325,325,96E30330-1ED3-45,Cash on Delivery,619.5,2025-12-11,Success
PAY100326,326,A3CA9EE8-6066-44,Debit Card,45186.96,2025-08-28,Success
PAY100327,327,49DFF981-44AC-41,UPI,905.28,2026-02-25,Success
PAY100328,328,78210317-80FE-41,Credit Card,537.2,2025-12-09,Success
PAY100329,329,0C5E8CD1-B1EF-4F,Cash on Delivery,3340.0,2025-07-13,Success
PAY100330,330,1D2EDEF6-0A53-4B,Debit Card,877.2,2025-03-23,Success
PAY100331,331,BE6EEFC7-53B2-47,Net Banking,169942.5,2025-04-07,Failed
PAY100332,332,06784DD0-3CD2-4C,Debit Card,20605.0,2025-01-15,Refunded
PAY100333,333,477DA8A5-4EF9-4A,Credit Card,23491.44,2025-08-01,Success
PAY100334,334,4EB75B72-789F-4F,Debit Card,8726.32,2024-08-27,Success
PAY100335,335,54FF2120-631A-49,Cash on Delivery,2490.75,2026-03-02,Success
PAY100336,336,4E3583DF-FC73-4D,UPI,2687.35,2025-05-03,Success
PAY100337,337,B3E72E43-C32B-44,Credit Card,534.06,2025-06-21,Success
PAY100338,338,3B1F52BE-E0E7-4A,Credit Card,1483.02,2025-08-22,Refunded
PAY100339,339,5897BAE7-DB80-42,Debit Card,2577.96,2025-11-22,Success
PAY100340,340,66A1AC3D-A2D6-40,UPI,693.67,2026-02-26,Refunded
PAY100341,341,E4E622F5-8EA3-4F,Cash on Delivery,3112.5,2024-07-18,Success
PAY100342,342,74A7F7F7-0B35-44,Credit Card,4762.56,2026-01-14,Success
PAY100343,343,8B392D7B-1926-4E,Cash on Delivery,2113.2,2025-07-05,Success
PAY100344,344,D5114354-970A-48,Net Banking,6375.0,2024-08-13,Failed
PAY100345,345,AA69B8E7-149C-4F,Debit Card,23326.26,2026-03-22,Success
PAY100346,346,0EE8497D-CCC7-43,Net Banking,5484.9,2025-04-12,Refunded
PAY100347,347,ACC01191-D83D-45,Cash on Delivery,815.32,2025-06-01,Success
PAY100348,348,ACFA60FB-E3EA-44,Debit Card,1736.0,2024-07-29,Success
PAY100349,349,A4C6C311-AE81-4A,UPI,8690.88,2025-11-08,Success
PAY100350,350,E533CB79-5DD2-40,Credit Card,1438.3,2024-11-16,Success
PAY100351,351,1D83CC20-83D9-47,UPI,4417.12,2025-08-11,Success
PAY100352,352,DCD8F4F8-6C29-40,Cash on Delivery,64496.25,2026-01-07,Success
PAY100353,353,74D2BC74-0246-4E,UPI,26846.4,2025-09-02,Failed
PAY100354,354,32480D5E-B2D0-41,Net Banking,223509.04,2025-06-13,Success
PAY100355,355,977E5D0B-5593-4F,Cash on Delivery,3906.0,2024-08-29,Failed
PAY100356,356,35873367-D9CD-48,Debit Card,222874.0,2025-04-03,Refunded
PAY100357,357,9400EBF0-7C94-4C,Credit Card,13272.48,2024-10-03,Failed
PAY100358,358,93FEF469-1252-4D,Debit Card,25740.0,2026-03-05,Success
PAY100359,359,37DC87F4-C482-47,Net Banking,1234.2,2026-07-13,Success
PAY100360,360,B0495C2D-910E-45,Net Banking,3742.83,2024-11-30,Refunded
PAY100361,361,D6C5D2B7-D190-4E,Cash on Delivery,2043.36,2025-01-07,Success
PAY100362,362,00525344-79E1-4B,UPI,1388.8,2025-02-09,Success
PAY100363,363,A1135562-70D2-4A,UPI,2658.24,2025-01-05,Refunded
PAY100364,364,01C98B4D-E38A-4F,Debit Card,357543.9,2025-11-20,Success
PAY100365,365,1B906D93-8ED1-49,Debit Card,6033.36,2024-12-04,Success
PAY100366,366,0ACDFA4B-2DA6-4E,UPI,596.16,2026-01-04,Success
PAY100367,367,AAA93ED4-D6B0-49,UPI,213479.52,2026-01-02,Success
PAY100368,368,9DED25D0-4856-4D,UPI,5789.52,2026-05-04,Refunded
PAY100369,369,B04B43E1-9B9C-4D,UPI,5893.8,2025-01-31,Success
PAY100370,370,EADF8AD3-57F1-42,Net Banking,295.4,2026-03-29,Success
PAY100371,371,644CFDF7-59A8-46,Debit Card,30738.96,2024-08-18,Success
PAY100372,372,2DD99C22-7FF8-46,Net Banking,363131.1,2024-07-27,Failed
PAY100373,373,017C6445-2FB5-42,UPI,16485.72,2025-11-08,Refunded
PAY100374,374,5ED908E0-187B-4E,Net Banking,1214.4,2026-02-27,Success
PAY100375,375,D57317BA-0699-45,Net Banking,338361.12,2026-07-15,Refunded
PAY100376,376,29DF2F8E-DD9D-4F,UPI,6854.7,2024-08-14,Success
PAY100377,377,5601624D-F11B-45,UPI,7109.4,2026-03-21,Failed
PAY100378,378,E47EC334-6B7B-45,UPI,278081.58,2024-09-13,Success
PAY100379,379,957EFC33-6DEA-4B,Cash on Delivery,4489.2,2024-10-14,Success
PAY100380,380,78A31B4E-97ED-44,Debit Card,5191.2,2024-07-25,Success
PAY100381,381,53B9921C-6B1E-45,Cash on Delivery,1452.0,2025-02-10,Success
PAY100382,382,9DDAE346-E566-43,Credit Card,1324.8,2024-10-10,Failed
PAY100383,383,8A4BE89D-4F76-40,Cash on Delivery,16834.0,2025-11-30,Success
PAY100384,384,6D5FBE31-1900-41,UPI,4465.8,2024-10-03,Failed
PAY100385,385,075AA78B-0664-43,Debit Card,9975.84,2025-09-18,Failed
PAY100386,386,4048C981-9F9D-49,Debit Card,2340.0,2025-10-28,Refunded
PAY100387,387,9CBE395B-58C1-47,Credit Card,8726.32,2025-12-05,Success
PAY100388,388,D49F3645-9A4B-47,Debit Card,38360.85,2024-07-25,Success
PAY100389,389,BA791349-7DA9-4A,Cash on Delivery,2151.09,2026-06-28,Failed
PAY100390,390,A96D2C49-23A8-46,UPI,9141.5,2026-01-18,Success
PAY100391,391,5258039C-341C-4B,Net Banking,3781.2,2025-02-05,Success
PAY100392,392,F2990180-2CFA-47,Cash on Delivery,169942.5,2024-08-13,Success
PAY100393,393,51FAC851-E772-45,Debit Card,11589.88,2026-04-12,Success
PAY100394,394,1A72D7BC-A321-46,Credit Card,29364.3,2025-03-28,Success
PAY100395,395,D6A251A3-05DF-46,Cash on Delivery,5360.5,2025-09-09,Refunded
PAY100396,396,A9C8F046-3056-4B,Net Banking,245101.75,2026-03-18,Success
PAY100397,397,9C480C7F-5D9F-47,Cash on Delivery,275463.52,2025-06-19,Success
PAY100398,398,09A15397-3607-4C,Net Banking,11396.0,2026-07-12,Success
PAY100399,399,91598D76-6A26-4F,Cash on Delivery,10366.4,2025-09-27,Refunded
PAY100400,400,B66C03BE-CE18-47,Credit Card,9277.05,2026-02-12,Success
PAY100401,401,00E3E2B3-E9BB-4A,Net Banking,5796.4,2025-03-11,Success
PAY100402,402,324844DF-B44F-4A,Net Banking,576.6,2025-02-06,Success
PAY100403,403,934B984C-B821-4F,Net Banking,704.7,2026-03-07,Success
PAY100404,404,0F854CFD-A142-47,UPI,173770.2,2024-11-13,Success
PAY100405,405,FB80CBFE-30CA-4B,Debit Card,5165.82,2026-04-09,Success
PAY100406,406,D028C851-6C91-49,Credit Card,28567.32,2026-04-11,Success
PAY100407,407,3A45656C-CEB8-49,Net Banking,16800.0,2026-06-17,Success
PAY100408,408,3A8544EA-0433-4B,Credit Card,94134.95,2026-04-29,Success
PAY100409,409,2F89EAA1-22FE-4F,Net Banking,1275.0,2025-03-31,Success
PAY100410,410,EFF63B0A-4A69-4F,Debit Card,328386.5,2025-03-05,Failed
PAY100411,411,7A60B339-70A0-49,Net Banking,13670.4,2024-10-10,Success
PAY100412,412,F133B4F5-0A75-4B,Credit Card,21033.04,2024-08-03,Failed
PAY100413,413,3EABDFA5-EE16-40,Debit Card,10305.36,2025-10-26,Success
PAY100414,414,038328F8-6AA6-4C,Cash on Delivery,184702.48,2025-05-10,Success
PAY100415,415,23D35B23-4E1A-45,Debit Card,9477.2,2025-11-04,Success
PAY100416,416,4ED0DD31-087B-43,Cash on Delivery,302.84,2024-11-11,Success
PAY100417,417,1B31DEF4-BAB8-4C,Cash on Delivery,2490.75,2025-04-24,Success
PAY100418,418,2ABD42D8-8EDD-49,Credit Card,4410.0,2024-12-15,Success
PAY100419,419,E0823DDE-21D1-49,Cash on Delivery,469.8,2025-05-08,Failed
PAY100420,420,091AB5D2-1AC8-4B,UPI,622.5,2025-10-20,Success
PAY100421,421,20C19AB3-03F7-47,Net Banking,222660.0,2026-03-27,Failed
PAY100422,422,30A0167C-9C13-46,Cash on Delivery,1041.18,2025-05-04,Success
PAY100423,423,B4B31B9F-4435-4A,UPI,107429.76,2025-10-16,Refunded
PAY100424,424,F3EE1E10-7BCB-41,Debit Card,7523.76,2026-06-28,Failed
PAY100425,425,B48CBAD0-ED90-44,Net Banking,1436.4,2024-11-28,Success
PAY100426,426,39D83BE0-4A89-44,UPI,14023.56,2026-04-13,Success
PAY100427,427,E66C72CB-6FD2-42,Debit Card,146136.32,2025-03-04,Success
PAY100428,428,40CD8DD5-A2A1-4D,Debit Card,2773.8,2025-06-29,Success
PAY100429,429,BE2FA064-262B-42,Net Banking,691.6,2026-05-26,Failed
PAY100430,430,82902B19-1F45-47,Debit Card,93.98,2024-11-11,Failed
PAY100431,431,45701ECE-52B2-42,Credit Card,29182.2,2026-05-23,Success
PAY100432,432,27463DA8-CC6D-4E,Credit Card,11740.48,2024-10-03,Success
PAY100433,433,A27319FD-CA9B-44,Cash on Delivery,397918.4,2025-11-02,Failed
PAY100434,434,B71B0775-A504-48,UPI,222569.86,2025-04-06,Refunded
PAY100435,435,B7ABBCBA-5269-4D,Credit Card,260032.96,2024-12-17,Success
PAY100436,436,D50F2625-127E-42,Net Banking,2934.6,2025-07-14,Success
PAY100437,437,C733952B-15C8-45,Credit Card,111728.79,2026-05-24,Failed
PAY100438,438,AAFF2ACE-2D1D-47,UPI,12439.44,2025-10-15,Success
PAY100439,439,A3FA35CE-8438-44,UPI,59340.0,2024-10-31,Refunded
PAY100440,440,61DA6611-EFF3-4A,Cash on Delivery,1077.84,2025-10-22,Success
PAY100441,441,2905BB7E-23A8-41,Debit Card,1482.0,2025-04-24,Success
PAY100442,442,E91D6AB7-5B51-42,Credit Card,959.04,2024-10-16,Refunded
PAY100443,443,042CA146-22B1-4E,UPI,19288.8,2026-07-01,Failed
PAY100444,444,5E2275D0-646B-46,Debit Card,411.4,2025-11-18,Success
PAY100445,445,2E37DDBD-CC82-40,Net Banking,1922.1,2025-10-25,Failed
PAY100446,446,6321673A-69B2-41,Net Banking,1853.85,2024-12-29,Success
PAY100447,447,11A0D837-84F9-4B,Net Banking,14473.8,2025-02-04,Success
PAY100448,448,D2FB7201-5F86-40,Credit Card,751.2,2025-09-13,Success
PAY100449,449,057B1A53-F917-47,UPI,1387.34,2025-12-03,Success
PAY100450,450,F0E7E79D-5C00-4A,Credit Card,2490.0,2025-06-04,Refunded
PAY100451,451,C5899E8B-FFB3-4F,Debit Card,931.92,2024-12-07,Failed
PAY100452,452,2C74097F-2621-44,Net Banking,3477.6,2025-08-26,Failed
PAY100453,453,30C7393C-C1D5-40,Cash on Delivery,4569.8,2025-04-06,Success
PAY100454,454,6EE7B487-D6AF-40,UPI,1977.36,2025-09-19,Failed
PAY100455,455,3483D501-09C9-4F,Cash on Delivery,226018.95,2024-11-11,Success
PAY100456,456,E256BCD1-9C0D-44,Credit Card,20663.28,2024-09-08,Failed
PAY100457,457,536F9D8F-B75C-44,Cash on Delivery,32739.3,2026-05-21,Success
PAY100458,458,3C6E0A25-5A38-4A,Net Banking,5303.8,2026-04-08,Success
PAY100459,459,A8AAB165-D036-47,Debit Card,1945.8,2026-05-14,Success
PAY100460,460,22CF0E6E-23A7-49,Net Banking,291724.2,2025-04-25,Failed
PAY100461,461,54C42D49-2ED9-46,Cash on Delivery,15983.4,2024-12-03,Refunded
PAY100462,462,9CD6B95E-3248-49,Cash on Delivery,16800.0,2025-07-11,Success
PAY100463,463,80153DBA-2A54-4C,Debit Card,6636.24,2025-05-18,Success
PAY100464,464,38058BF4-1EB5-40,Cash on Delivery,6845.0,2026-06-28,Success
PAY100465,465,2BD9C4C3-3492-49,Net Banking,3199.6,2025-02-06,Success
PAY100466,466,362516D9-6650-45,UPI,2783.3,2025-10-28,Success
PAY100467,467,15FA7265-8806-4E,Debit Card,9876.6,2025-06-09,Success
PAY100468,468,3EC6EC2D-6A6C-46,Cash on Delivery,18379.52,2024-12-11,Success
PAY100469,469,89DC3C07-9E43-43,Net Banking,1564.62,2025-11-03,Refunded
PAY100470,470,06CD1751-0D99-45,Net Banking,15116.4,2024-08-20,Success
PAY100471,471,44552BFE-350C-47,Credit Card,1365.12,2025-09-20,Success
PAY100472,472,20A2E981-859D-45,Cash on Delivery,11836.41,2025-08-15,Success
PAY100473,473,619F314A-1D65-40,UPI,4736.97,2024-08-18,Success
PAY100474,474,F801509D-D154-44,UPI,17618.58,2025-04-25,Success
PAY100475,475,AA74750B-7C1B-4F,UPI,38694.6,2026-04-09,Success
PAY100476,476,17818B22-1A62-4A,UPI,23254.4,2025-04-22,Refunded
PAY100477,477,E951A582-B2BE-4D,Net Banking,1356.36,2026-05-30,Failed
PAY100478,478,6C70A7ED-4812-4C,Cash on Delivery,2154.33,2026-03-22,Success
PAY100479,479,C6AF8129-BAF0-4E,Cash on Delivery,2098.25,2025-02-01,Failed
PAY100480,480,FDF7890C-39FD-47,Credit Card,1039.2,2026-03-26,Success
PAY100481,481,EFAD0C66-3127-4D,Net Banking,475.09,2025-02-28,Success
PAY100482,482,04AB9AD7-C012-4D,Cash on Delivery,465.96,2025-05-29,Refunded
PAY100483,483,2C0B31F5-D56F-4D,Net Banking,17384.82,2025-09-24,Success
PAY100484,484,80BBA851-BA2B-4E,Cash on Delivery,17301.6,2026-04-25,Success
PAY100485,485,C8861F6A-16AE-4B,Credit Card,1345.4,2025-05-09,Success
PAY100486,486,74EC2C41-6FB0-40,Net Banking,99479.6,2026-06-10,Success
PAY100487,487,30C90480-EF8D-40,Cash on Delivery,122325.14,2026-02-03,Success
PAY100488,488,D52F23B0-8C1F-4B,Cash on Delivery,13106.94,2025-10-18,Success
PAY100489,489,889BE1A0-B59E-49,Debit Card,463469.3,2024-08-01,Success
PAY100490,490,10DBF305-F048-49,Credit Card,2839.2,2024-10-18,Success
PAY100491,491,780390DD-07B9-44,Net Banking,278592.5,2024-09-07,Failed
PAY100492,492,3657D925-5DDD-4A,Cash on Delivery,101697.66,2024-11-28,Success
PAY100493,493,5F0DD02A-8C00-4D,Net Banking,13106.94,2025-11-09,Success
PAY100494,494,FE18D21C-473A-47,Credit Card,5564.85,2026-03-26,Success
PAY100495,495,9403F13E-9266-42,Cash on Delivery,4882.5,2024-10-13,Success
PAY100496,496,CED8A32E-2CAF-49,Debit Card,1234.2,2025-09-28,Success
PAY100497,497,4B990E8A-C285-47,Net Banking,292101.25,2025-05-22,Success
PAY100498,498,FFA7508A-5099-45,UPI,8946.0,2024-08-29,Success
PAY100499,499,C29652D0-A531-46,Credit Card,148767.0,2024-08-22,Success
PAY100500,500,BB731C48-F6B8-42,UPI,1201.31,2025-06-17,Success
PAY100501,501,FD93B4DB-1623-43,Net Banking,12093.12,2024-11-15,Success
PAY100502,502,2B3E96BC-3230-4E,Debit Card,2191.44,2025-06-06,Success
PAY100503,503,D9A7B368-3C63-45,Credit Card,111437.0,2025-08-31,Success
PAY100504,504,BC77F1A6-3C6E-47,Net Banking,2226.0,2025-11-24,Success
PAY100505,505,3F4CEE38-4A2A-49,Cash on Delivery,1911.0,2025-09-27,Success
PAY100506,506,0E2FA8B9-D3D0-4E,Credit Card,1796.4,2025-01-25,Failed
PAY100507,507,8CBEA486-F903-45,UPI,196081.4,2026-06-04,Success
PAY100508,508,67D4BF30-10A4-4B,Net Banking,47638.5,2025-07-12,Success
PAY100509,509,983534B5-5C2A-40,Net Banking,146136.32,2025-04-20,Refunded
PAY100510,510,8E20D108-42D2-44,Cash on Delivery,4250.99,2026-07-15,Success
PAY100511,511,BD6F8AC2-4D68-40,Cash on Delivery,1113.0,2026-04-28,Success
PAY100512,512,74512747-5A1C-45,UPI,2509.2,2025-01-09,Refunded
PAY100513,513,DAF01DB5-6550-46,UPI,178182.48,2025-10-01,Success
PAY100514,514,A3EC7E3D-C955-46,Net Banking,120346.4,2025-12-14,Success
PAY100515,515,8A8EC86E-4B65-47,UPI,3023.28,2024-10-01,Success
PAY100516,516,8B44C369-79CB-40,Credit Card,7313.2,2025-08-21,Success
PAY100517,517,C272144E-5A4B-47,Credit Card,7172.64,2025-05-24,Success
PAY100518,518,49D6BD1E-02EE-40,Debit Card,537.47,2026-06-10,Success
PAY100519,519,AE4E2E82-CF13-4F,UPI,3955.52,2026-07-10,Failed
PAY100520,520,3C3F9420-8811-42,Debit Card,1530.9,2025-11-26,Refunded
PAY100521,521,C760FE08-4082-4D,Credit Card,950.18,2026-05-04,Failed
PAY100522,522,F2BA9F09-012E-4B,Net Banking,60505.32,2025-09-21,Failed
PAY100523,523,22E2F2ED-EA3C-46,Cash on Delivery,2015.9,2025-05-01,Success
PAY100524,524,5AF71E70-E5F3-42,Cash on Delivery,175.44,2024-09-07,Success
PAY100525,525,3605B1B2-511D-4C,Credit Card,11555.75,2025-12-06,Success
PAY100526,526,F30F049E-958D-4F,UPI,1729.8,2025-07-22,Success
PAY100527,527,6B69B7B6-25EA-44,Debit Card,11207.35,2025-05-26,Failed
PAY100528,528,F0F71E04-9203-45,Credit Card,478.88,2024-10-04,Success
PAY100529,529,5EA57848-16D7-47,Credit Card,905.28,2025-05-30,Failed
PAY100530,530,F3C15D43-B1BC-4F,Credit Card,166846.68,2026-05-05,Success
PAY100531,531,B823C6F7-9441-43,UPI,343355.8,2026-02-18,Failed
PAY100532,532,B4ADBEBC-22A8-4C,Credit Card,32739.3,2025-12-08,Success
PAY100533,533,63F6EE9B-9FB8-43,Credit Card,745.2,2026-07-12,Success
PAY100534,534,90D20231-EA13-45,Cash on Delivery,2493.96,2025-11-12,Success
PAY100535,535,38BC79FD-497C-4B,Debit Card,6219.72,2026-07-10,Success
PAY100536,536,C8D6A5C8-543F-4E,UPI,85474.48,2025-04-06,Success
PAY100537,537,2C38160E-34E8-41,Net Banking,200.76,2025-10-15,Success
PAY100538,538,CEA2D365-1D6B-4B,Credit Card,7564.32,2026-03-18,Failed
PAY100539,539,8480A813-7DFA-45,Cash on Delivery,132760.6,2025-02-28,Success
PAY100540,540,63D2FD4E-11DA-40,Net Banking,56546.16,2024-08-03,Success
PAY100541,541,6DF4B09E-92AB-4A,Debit Card,1638.3,2026-04-25,Success
PAY100542,542,6FF49682-DBF4-43,Credit Card,13872.0,2026-01-26,Failed
PAY100543,543,78432B94-4CAB-45,Debit Card,13305.24,2025-03-21,Failed
PAY100544,544,79DFB099-B34E-4D,Debit Card,10928.16,2025-02-16,Success
PAY100545,545,1DFA3922-6B7C-47,UPI,13907.64,2026-01-04,Success
PAY100546,546,571B4603-F7F6-4C,Net Banking,9097.65,2026-01-08,Success
PAY100547,547,22458B68-B620-44,Debit Card,7789.32,2025-10-12,Success
PAY100548,548,22CAD2C1-1093-48,Cash on Delivery,72931.05,2026-01-07,Success
PAY100549,549,D02E136E-26DE-4F,Credit Card,519.03,2024-10-22,Success
PAY100550,550,E9FD79F9-8C1B-41,Net Banking,1388.8,2025-07-27,Failed
PAY100551,551,704EEEC6-B216-46,Net Banking,19162.65,2025-10-08,Refunded
PAY100552,552,D0DCD97B-41D8-44,Cash on Delivery,22607.2,2024-08-06,Refunded
PAY100553,553,9158DBAB-8E78-4A,Debit Card,574.56,2024-12-14,Success
PAY100554,554,FD5B8EC2-E03C-41,UPI,14345.28,2025-01-11,Success
PAY100555,555,A3C06927-8E29-40,Debit Card,1867.5,2026-03-02,Failed
PAY100556,556,2521C952-BF24-46,Net Banking,2369.3,2025-06-27,Success
PAY100557,557,EDF8D4F3-DC4D-41,Net Banking,9699.3,2026-07-09,Success
PAY100558,558,90F4B983-142B-4E,UPI,905.28,2025-09-11,Failed
PAY100559,559,053AD926-D6D3-47,Net Banking,1415.04,2024-09-29,Success
PAY100560,560,F2B62C0E-97ED-47,UPI,1721.43,2024-08-23,Success
PAY100561,561,868EA763-78CA-4F,Cash on Delivery,1220.67,2026-02-07,Success
PAY100562,562,379643BA-813E-4B,Net Banking,9113.6,2025-05-09,Success
PAY100563,563,54BC70D8-2632-4A,Cash on Delivery,2394.4,2025-03-06,Success
PAY100564,564,C8D3949F-0CB6-41,Debit Card,4622.3,2025-01-28,Refunded
PAY100565,565,48AD5D4C-7CEF-4C,Net Banking,84590.28,2026-04-18,Success
PAY100566,566,A121EBBC-DCBC-4D,Debit Card,2225.94,2024-12-09,Failed
PAY100567,567,91B3DBDE-9C1A-4B,Debit Card,245101.75,2026-06-23,Failed
PAY100568,568,6081C342-EBEF-42,Debit Card,4189.68,2025-06-11,Failed
PAY100569,569,2103A36C-407A-46,Debit Card,1635.66,2025-10-07,Success
PAY100570,570,558BBB01-6B20-44,Credit Card,21856.32,2024-11-30,Success
PAY100571,571,756615C6-B06F-43,UPI,2892.24,2026-03-04,Refunded
PAY100572,572,BA59F221-78FD-42,Credit Card,681.12,2024-12-08,Success
PAY100573,573,985C1549-AE7D-4F,UPI,170756.8,2025-01-12,Success
PAY100574,574,1D7F9DB3-CD63-4E,Net Banking,143394.3,2025-12-24,Success
PAY100575,575,C2071042-3EFD-4A,Debit Card,5503.08,2025-11-09,Success
PAY100576,576,41385608-EEC9-45,Credit Card,418853.6,2025-11-08,Failed
PAY100577,577,5039A418-9088-43,Cash on Delivery,616.85,2024-12-24,Failed
PAY100578,578,425F1E6C-ECA8-49,UPI,34151.36,2025-09-11,Success
PAY100579,579,27D3A0E4-B60F-49,UPI,2462.28,2025-08-31,Refunded
PAY100580,580,CDE7391C-A562-4F,Net Banking,15162.75,2025-03-09,Success
PAY100581,581,838ECD8A-FDF5-40,Credit Card,92351.24,2024-12-22,Failed
PAY100582,582,761C95A7-449C-42,Cash on Delivery,16117.64,2026-06-12,Success
PAY100583,583,922FA329-2C27-42,Net Banking,5985.6,2025-09-29,Success
PAY100584,584,94118EBA-DBCB-49,Debit Card,495.6,2025-06-09,Failed
PAY100585,585,D0A5E7B5-68BC-43,Cash on Delivery,728.16,2025-09-08,Success
PAY100586,586,FDC01C56-9155-46,UPI,1587.52,2024-08-18,Refunded
PAY100587,587,E9C2B96F-C890-45,Net Banking,85474.48,2024-07-25,Success
PAY100588,588,DD994F4C-3D1C-41,Credit Card,861.84,2025-01-04,Failed
PAY100589,589,5A85A413-910C-47,Credit Card,2858.52,2026-04-06,Success
PAY100590,590,DF3803A1-DD0A-4D,Cash on Delivery,1162.0,2025-08-07,Success
PAY100591,591,1F86348A-E1A3-42,Debit Card,921.6,2025-08-22,Success
PAY100592,592,E01149D6-39F2-49,Net Banking,19727.35,2026-03-03,Success
PAY100593,593,9B1DA49D-B98E-42,Credit Card,35507.4,2025-09-10,Success
PAY100594,594,9136E9B3-62DB-49,Cash on Delivery,42564.6,2024-08-21,Success
PAY100595,595,13E4B1DD-6ED1-49,UPI,12539.6,2025-11-20,Refunded
PAY100596,596,9D3D7F5C-8939-48,UPI,4614.96,2026-05-28,Success
PAY100597,597,1D60595A-27BA-4C,Net Banking,102730.32,2025-06-25,Success
PAY100598,598,C23AEEDF-AAC9-40,Cash on Delivery,242087.4,2025-08-06,Success
PAY100599,599,471985F5-514C-4D,Net Banking,187852.24,2025-02-10,Failed
PAY100600,600,34200216-44CE-41,Cash on Delivery,111754.52,2025-05-24,Success
PAY100601,601,A24339D7-F970-47,UPI,4882.68,2025-06-27,Failed
PAY100602,602,4E0FC88E-0B04-4F,Net Banking,293346.24,2025-12-17,Success
PAY100603,603,D12920E0-03A4-48,Net Banking,65677.3,2024-09-19,Refunded
PAY100604,604,7B6D6662-A652-41,Cash on Delivery,3023.28,2024-08-08,Failed
PAY100605,605,72ACB7C7-EE73-48,Net Banking,2966.64,2025-07-29,Success
PAY100606,606,781F900E-6641-4F,Cash on Delivery,287293.32,2025-03-17,Failed
PAY100607,607,31422E64-C1A4-49,Cash on Delivery,16764.52,2026-01-07,Success
PAY100608,608,BCFB8CF3-83AB-4E,Credit Card,11232.0,2024-10-09,Success
PAY100609,609,9D9963AB-7226-4A,Cash on Delivery,909.42,2025-11-14,Success
PAY100610,610,82B20BAF-9FCC-42,Cash on Delivery,167541.44,2025-09-25,Success
PAY100611,611,A906E73B-32B8-49,Cash on Delivery,38022.45,2026-01-10,Success
PAY100612,612,3E621428-71D5-4B,Credit Card,1112.97,2024-10-18,Failed
PAY100613,613,56FC65AA-B039-4D,Credit Card,1149.12,2026-02-03,Success
PAY100614,614,E3444E5B-BB9D-4B,Net Banking,22329.0,2025-11-03,Success
PAY100615,615,0CFBDA88-AC52-4A,Cash on Delivery,1434.06,2024-11-09,Success
PAY100616,616,583B64EA-E667-42,Net Banking,262709.2,2026-07-06,Success
PAY100617,617,2F8F154F-8BD2-42,Cash on Delivery,622.5,2024-10-18,Success
PAY100618,618,C4E6636D-6F88-4F,Credit Card,2490.0,2025-07-21,Success
PAY100619,619,999B1886-FE6C-47,Net Banking,15419.04,2025-02-12,Refunded
PAY100620,620,D1BAC424-35BB-47,Cash on Delivery,8726.32,2026-05-26,Success
PAY100621,621,A085614C-E48F-40,Debit Card,397918.4,2026-02-02,Success
PAY100622,622,4A074078-0126-43,Credit Card,15444.0,2025-11-30,Success
PAY100623,623,6E4DB484-8418-4D,Cash on Delivery,5964.0,2026-01-22,Success
PAY100624,624,DAF82FED-3055-47,UPI,7048.8,2025-07-13,Success
PAY100625,625,66ACEE07-B869-46,UPI,3423.7,2024-12-23,Refunded
PAY100626,626,59DDD56B-291D-42,Credit Card,1074.94,2025-10-10,Success
PAY100627,627,6D9B2C02-32CB-47,UPI,95764.44,2025-04-24,Failed
PAY100628,628,5975470D-8AAF-42,Net Banking,21033.04,2025-11-19,Success
PAY100629,629,DECABA9A-A305-49,UPI,2184.48,2025-01-31,Success
PAY100630,630,7FDC347B-10F4-40,Cash on Delivery,4524.0,2025-12-31,Success
PAY100631,631,6C43B7E4-06B5-44,Credit Card,7098.0,2026-04-18,Refunded
PAY100632,632,1DEBEFA0-D095-43,Credit Card,367.2,2024-08-06,Failed
PAY100633,633,08411A2E-A250-41,Debit Card,1517.76,2026-01-04,Success
PAY100634,634,C92AAFB5-E10F-4A,UPI,2739.3,2025-01-04,Success
PAY100635,635,A96A3F20-8647-42,UPI,1367.28,2024-08-10,Refunded
PAY100636,636,93F422C7-4A9C-4C,Net Banking,6200.34,2026-05-17,Success
PAY100637,637,44E6C8B9-0610-41,Debit Card,14378.31,2024-08-03,Success
PAY100638,638,EB5040A8-47C3-49,Net Banking,1072.4,2025-02-27,Refunded
PAY100639,639,67BEFE62-8F69-4E,Debit Card,371100.0,2025-08-16,Success
PAY100640,640,84358498-DC85-49,UPI,144805.5,2026-06-19,Success
PAY100641,641,82B43FDB-D580-48,Debit Card,4680.0,2025-09-19,Success
PAY100642,642,002C7B79-2008-4A,Cash on Delivery,11497.59,2025-12-27,Refunded
PAY100643,643,6F856FD4-584D-48,Net Banking,115049.72,2025-11-16,Success
PAY100644,644,4DCDAC94-9BB9-42,Debit Card,9453.0,2024-10-15,Success
PAY100645,645,B6277A3A-418A-4D,Credit Card,8178.3,2025-09-09,Refunded
PAY100646,646,32E1ADB5-3A0C-4B,UPI,6399.2,2025-03-16,Success
PAY100647,647,C2273E10-8321-43,Credit Card,8786.7,2024-12-16,Success
PAY100648,648,639B21FC-D329-41,Net Banking,2133.12,2025-12-30,Success
PAY100649,649,C9767634-A78F-43,Debit Card,3389.85,2025-08-16,Refunded
PAY100650,650,9D7D2078-CC5F-43,Net Banking,1335.15,2025-01-24,Refunded
PAY100651,651,101F9F1A-08CA-48,Net Banking,6953.82,2025-08-28,Success
PAY100652,652,A8AF98D3-F79C-44,Cash on Delivery,717.03,2024-10-04,Success
PAY100653,653,F629AB2C-C865-48,UPI,38697.75,2025-02-16,Success
PAY100654,654,C5339D0D-9479-44,Cash on Delivery,341.82,2024-10-23,Success
PAY100655,655,FAB5F0AD-886B-45,Net Banking,2382.1,2024-08-05,Success
PAY100656,656,8493D088-D615-4D,Cash on Delivery,461.02,2026-03-30,Failed
PAY100657,657,B606B2E5-80B9-42,UPI,21823.4,2025-05-15,Success
PAY100658,658,7033F7D2-7F22-4C,Net Banking,9479.2,2025-11-10,Success
PAY100659,659,EAD981FF-B9F3-42,Debit Card,4556.8,2026-02-18,Refunded
PAY100660,660,9A4687DF-98C4-41,Credit Card,72398.55,2024-08-23,Success
PAY100661,661,898BD624-6E04-4E,Net Banking,772.34,2025-02-04,Success
PAY100662,662,4588845B-E1CA-4F,Credit Card,5958.0,2024-07-20,Success
PAY100663,663,1883866D-4EC8-46,Debit Card,2534.61,2025-10-25,Success
PAY100664,664,9DC9CE9A-793E-4B,Credit Card,214526.34,2025-04-26,Success
PAY100665,665,B2C49526-1C4A-44,Debit Card,22607.2,2024-08-05,Success
PAY100666,666,B87D9DEF-AA1E-42,Debit Card,42673.64,2024-07-28,Success
PAY100667,667,13D209C3-4E16-4B,Cash on Delivery,15500.85,2024-10-29,Refunded
PAY100668,668,201C1A63-78EF-4F,Credit Card,6444.9,2026-07-06,Success
PAY100669,669,7AB064F6-119F-4F,Debit Card,2369.3,2026-06-18,Success
PAY100670,670,CFE7C466-DE6B-4D,Cash on Delivery,1145.52,2025-03-05,Success
PAY100671,671,3C0287F2-DF07-40,Net Banking,1253.88,2025-12-26,Success
PAY100672,672,1497DFCA-B555-48,Cash on Delivery,4287.78,2025-06-01,Success
PAY100673,673,79A91E85-BFF6-4B,Net Banking,4452.15,2025-02-23,Refunded
PAY100674,674,7D782426-8209-44,Net Banking,3023.28,2026-01-14,Success
PAY100675,675,063C7A6E-6255-4C,UPI,6636.24,2024-09-21,Success
PAY100676,676,49B12DB9-E077-42,Debit Card,12439.44,2025-06-24,Success
PAY100677,677,43562917-3393-4A,Net Banking,3363.5,2024-12-29,Success
PAY100678,678,B2A128E6-6119-49,UPI,872.32,2024-09-25,Success
PAY100679,679,19AF3EA8-2046-47,Credit Card,672.7,2025-12-16,Success
PAY100680,680,9869F609-8E9D-49,Debit Card,39222.48,2025-03-20,Refunded
PAY100681,681,17782BC1-CF84-48,Cash on Delivery,55615.56,2025-05-05,Success
PAY100682,682,67BD9AD8-98BC-48,Net Banking,1162.0,2026-05-12,Success
PAY100683,683,E1644533-9C4A-4B,Debit Card,33899.22,2026-06-27,Failed
PAY100684,684,9421438F-CD74-49,Net Banking,2912.64,2024-07-20,Success
PAY100685,685,9927A167-EE8A-40,Credit Card,3499.2,2025-07-02,Success
PAY100686,686,723AD79B-E1C9-4C,UPI,1047.42,2026-06-12,Failed
PAY100687,687,4CB2C5F4-D985-41,Credit Card,80572.32,2025-07-31,Success
PAY100688,688,9EC98FC0-8550-41,UPI,28730.85,2026-06-22,Success
PAY100689,689,A1723085-9376-4B,Cash on Delivery,10096.2,2026-07-07,Failed
PAY100690,690,3F7FD58A-98B1-4C,Cash on Delivery,38547.96,2024-12-13,Failed
PAY100691,691,6949FDEF-8C87-44,Net Banking,498.64,2025-02-08,Success
PAY100692,692,CE8AA9B7-991B-40,Cash on Delivery,561.0,2025-05-09,Refunded
PAY100693,693,7CDF64BF-DA7D-4B,Net Banking,17849.65,2024-12-30,Refunded
PAY100694,694,2DD542A8-E626-41,Cash on Delivery,232.98,2025-11-07,Success
PAY100695,695,5ACC2574-8C66-41,Credit Card,15781.88,2024-12-10,Success
PAY100696,696,B356DF5C-AF93-42,UPI,5427.0,2025-11-17,Failed
PAY100697,697,FD4E3C18-9485-4D,UPI,232695.12,2025-04-19,Success
PAY100698,698,305E6268-F6AE-4C,UPI,163762.2,2026-04-18,Success
PAY100699,699,608E4224-96B4-45,Net Banking,3554.22,2025-01-25,Failed
PAY100700,700,2DDE0C98-2826-45,Debit Card,544.35,2025-07-26,Success
PAY100701,701,72EF77B5-95B7-40,Net Banking,18860.4,2026-06-19,Success
PAY100702,702,6FB4412E-7113-43,Cash on Delivery,1699.32,2026-01-12,Success
PAY100703,703,2B9D48FE-3150-45,Cash on Delivery,172.26,2025-07-26,Failed
PAY100704,704,2952F80F-643B-43,Net Banking,5048.1,2025-12-22,Failed
PAY100705,705,0A252C6A-548A-43,UPI,224583.24,2025-11-10,Success
PAY100706,706,F5B73EF1-0AE1-46,Debit Card,6574.5,2026-01-05,Success
PAY100707,707,2C1E1001-4C58-4D,UPI,175.44,2025-08-09,Refunded
PAY100708,708,35BAF232-1B4A-4A,Cash on Delivery,107429.76,2025-07-19,Success
PAY100709,709,09F12969-941C-45,Debit Card,11303.6,2024-10-17,Success
PAY100710,710,9E248D52-E219-43,Cash on Delivery,2471.7,2024-09-08,Success
PAY100711,711,C0E4A6A4-5031-48,Credit Card,445.48,2025-03-21,Success
PAY100712,712,7693ACA7-FF59-45,Debit Card,31484.25,2025-04-07,Success
PAY100713,713,4F9E3754-CC7C-44,Credit Card,198854.76,2025-05-03,Failed
PAY100714,714,D288433A-23B4-41,Credit Card,15116.4,2025-04-18,Failed
PAY100715,715,D947E137-5683-4F,UPI,247.8,2024-08-14,Success
PAY100716,716,43E1745E-826A-4B,Credit Card,1800.48,2025-03-16,Refunded
PAY100717,717,D56E9899-F80E-49,Debit Card,5519.12,2026-03-10,Success
PAY100718,718,724A6E41-CD8F-45,Credit Card,67977.0,2025-10-09,Success
PAY100719,719,49EFC6C7-08AB-48,Net Banking,3984.06,2025-03-03,Refunded
PAY100720,720,B4DF0D18-C9BD-4C,Credit Card,493.02,2024-09-11,Success
PAY100721,721,D8D6371B-C1D4-47,Net Banking,26544.96,2025-12-30,Refunded
PAY100722,722,0D9EE0E2-B4CE-4D,Net Banking,5958.0,2026-07-16,Success
PAY100723,723,A8E535DE-DB62-46,Net Banking,111300.18,2024-12-09,Success
PAY100724,724,2D9E5DCD-E47F-44,Cash on Delivery,3435.52,2025-04-08,Success
PAY100725,725,03B82670-E0A1-43,UPI,5165.82,2025-07-30,Success
PAY100726,726,FAF8A693-5187-41,Cash on Delivery,3004.8,2026-03-20,Success
PAY100727,727,221B8D24-B6B3-4B,Net Banking,11207.35,2025-02-12,Success
PAY100728,728,74D5B0F1-F071-47,Net Banking,170248.0,2025-04-20,Success
PAY100729,729,9899BFB7-1463-46,Debit Card,333854.79,2025-06-11,Success
PAY100730,730,C3AF49E1-C21A-41,Debit Card,145862.1,2025-05-02,Failed
PAY100731,731,F3BF7FC3-099B-49,Debit Card,344.96,2026-03-18,Success
PAY100732,732,19201C68-7CF1-46,Debit Card,13027.5,2025-04-24,Success
PAY100733,733,C7A62E94-EFC8-49,UPI,2782.08,2025-06-18,Success
PAY100734,734,82288024-A997-48,Cash on Delivery,45203.79,2026-04-16,Failed
PAY100735,735,DD4EB124-DEEE-43,Credit Card,5211.0,2025-11-14,Success
PAY100736,736,22F5D1DF-9F58-46,Credit Card,44545.62,2026-06-01,Failed
PAY100737,737,9C9501F4-6C04-45,Net Banking,4738.6,2025-12-30,Success
PAY100738,738,1095271D-12CB-43,Net Banking,83770.72,2026-06-03,Refunded
PAY100739,739,FFA4E926-21E5-45,UPI,1438.56,2025-08-08,Success
PAY100740,740,CE405B8B-1733-40,Debit Card,1953.0,2025-03-18,Success
PAY100741,741,D36DF05C-E6E9-46,Net Banking,4792.77,2026-05-11,Success
PAY100742,742,B016B9E9-A311-42,Cash on Delivery,262709.2,2025-09-02,Success
PAY100743,743,274E8DE6-7126-43,Net Banking,2184.48,2026-01-13,Success
PAY100744,744,9DB691C8-C6BB-46,Credit Card,15905.16,2026-05-04,Success
PAY100745,745,D6973C88-9240-4C,UPI,5519.12,2025-11-16,Success
PAY100746,746,02CAB467-B720-43,Credit Card,7788.48,2024-12-20,Success
PAY100747,747,3B23FF02-EEFB-45,Credit Card,81376.53,2026-05-22,Success
PAY100748,748,6002D952-83B2-4E,Credit Card,111437.0,2024-12-16,Success
PAY100749,749,F9D4A37F-0B60-4D,Cash on Delivery,38110.8,2025-04-17,Success
PAY100750,750,017496FD-D983-46,Credit Card,4002.0,2026-06-15,Success
PAY100751,751,9ED4FFFA-2391-47,UPI,12786.72,2024-09-20,Success
PAY100752,752,92C7A808-021C-4B,Cash on Delivery,218277.7,2025-11-08,Refunded
PAY100753,753,C019091E-7ABC-42,UPI,825.72,2026-01-07,Success
PAY100754,754,38643E33-07F5-49,UPI,6574.5,2024-08-10,Success
PAY100755,755,B3F1F61B-ED39-46,Credit Card,28730.85,2024-10-28,Success
PAY100756,756,61BF1ED8-E246-45,Debit Card,1732.0,2024-08-07,Refunded
PAY100757,757,BC263A3C-8226-4E,Cash on Delivery,21455.5,2025-01-29,Success
PAY100758,758,DACFC9CF-A44B-4E,Net Banking,5566.23,2024-11-21,Success
PAY100759,759,3D108AC5-2EC7-46,Cash on Delivery,5002.5,2026-06-01,Success
PAY100760,760,0BA2209C-8F1D-41,Debit Card,5717.04,2024-11-07,Success
PAY100761,761,90B210DA-8FB0-48,Cash on Delivery,1911.0,2025-05-20,Success
PAY100762,762,292934FB-3598-44,UPI,693.88,2025-06-04,Failed
PAY100763,763,7EF12208-0F0C-49,Credit Card,988.88,2024-10-14,Success
PAY100764,764,783B39C6-AB75-44,Credit Card,19041.75,2024-11-26,Success
PAY100765,765,C54113AC-7047-40,Debit Card,908.52,2025-08-30,Refunded
PAY100766,766,91730BD4-257A-47,UPI,8870.16,2025-01-01,Success
PAY100767,767,30080D2D-09C6-47,Debit Card,273023.4,2026-07-12,Success
PAY100768,768,9D67D352-06F4-43,Credit Card,222569.86,2024-09-04,Failed
PAY100769,769,A67B919C-52E8-48,Credit Card,1689.74,2025-09-20,Success
PAY100770,770,FBE02CDD-2454-46,UPI,695.52,2025-07-05,Failed
PAY100771,771,16A0A837-5BAD-45,Cash on Delivery,4739.6,2024-11-15,Success
PAY100772,772,F86BC503-096C-40,UPI,596.16,2025-07-09,Success
PAY100773,773,F3B24A2C-079D-43,Credit Card,3945.47,2026-01-02,Success
PAY100774,774,2BC31E9B-001F-44,Cash on Delivery,1275.0,2026-06-18,Refunded
PAY100775,775,1366A2A9-693D-4F,Net Banking,523662.8,2024-09-23,Failed
PAY100776,776,7427141E-B0CA-40,Credit Card,46175.62,2025-08-20,Success
PAY100777,777,A3B5DC34-1B9E-4B,Debit Card,16267.04,2025-01-23,Success
PAY100778,778,D7B75C3C-B769-49,UPI,4029.41,2025-11-03,Success
PAY100779,779,8CB1E7D3-7C50-4B,Debit Card,367155.63,2026-05-04,Refunded
PAY100780,780,58ABCF82-8058-42,Credit Card,469630.6,2024-08-15,Success
PAY100781,781,0FB84BD3-4E56-42,Net Banking,355799.2,2024-12-19,Success
PAY100782,782,8E6DAB37-75FC-4A,Credit Card,2295.24,2025-02-07,Success
PAY100783,783,09911E11-2EB4-41,Debit Card,1889.91,2025-03-16,Success
PAY100784,784,1D1BB815-DD2A-4B,Net Banking,10039.6,2026-06-29,Failed
PAY100785,785,1B6667F3-AB1A-49,Credit Card,281.94,2025-08-08,Success
PAY100786,786,3C94747A-76D3-45,UPI,8471.28,2024-12-29,Success
PAY100787,787,8E6C3A43-CA8E-45,Debit Card,498.64,2024-10-03,Refunded
PAY100788,788,253DD555-9313-42,Net Banking,110702.28,2025-06-22,Success
PAY100789,789,E404DCFD-CB47-49,UPI,109209.36,2025-10-28,Success
PAY100790,790,49179D12-A163-41,Net Banking,174866.7,2025-11-27,Refunded
PAY100791,791,634AEB83-51C6-47,Credit Card,3622.3,2025-04-19,Success
PAY100792,792,5CEBB0DF-7E67-43,Net Banking,1245.0,2026-06-27,Failed
PAY100793,793,80131562-489B-42,Net Banking,10731.8,2026-02-06,Success
PAY100794,794,074F4B4B-AF22-4D,Debit Card,15233.4,2026-03-29,Success
PAY100795,795,E446FB9E-4DDB-42,UPI,1482.0,2025-12-28,Refunded
PAY100796,796,E3630470-82BB-41,UPI,33888.4,2026-04-07,Refunded
PAY100797,797,38E11078-9BC2-49,UPI,691.6,2025-02-05,Success
PAY100798,798,D579A3C7-59B2-46,Debit Card,1181.6,2026-06-19,Success
PAY100799,799,7DB4AC0B-E64E-4E,Debit Card,1514.2,2026-07-13,Success
PAY100800,800,209290B8-23EB-4A,Credit Card,4857.45,2025-09-05,Success
PAY100801,801,2A57DE58-6151-49,UPI,121557.6,2026-02-17,Success
PAY100802,802,36CA5637-B6DE-45,Cash on Delivery,445.48,2025-01-26,Success
PAY100803,803,D40F0302-0EE8-41,Net Banking,212810.0,2025-06-28,Success
PAY100804,804,4E49F4DD-DEB7-4B,Credit Card,1356.36,2026-01-06,Success
PAY100805,805,439431F1-4E31-48,Credit Card,4568.72,2024-10-05,Success
PAY100806,806,78635E96-8633-46,Cash on Delivery,2605.5,2025-09-12,Refunded
PAY100807,807,0E1667FE-6ACC-44,Cash on Delivery,3402.16,2025-04-10,Success
PAY100808,808,1D07C671-A088-40,Cash on Delivery,122325.14,2025-12-23,Success
PAY100809,809,D0CC6558-8115-4B,Debit Card,3911.55,2025-02-14,Refunded
PAY100810,810,196968BE-A33A-47,Cash on Delivery,81038.4,2025-03-17,Success
PAY100811,811,C18DF13A-AF93-49,Cash on Delivery,9113.6,2025-02-24,Success
PAY100812,812,3D3AB066-22A6-46,UPI,4568.72,2026-05-16,Success
PAY100813,813,7A1B4C28-EC80-4E,UPI,582.96,2025-07-05,Success
PAY100814,814,0ED78573-E6F0-4C,Net Banking,28961.1,2024-09-09,Success
PAY100815,815,48891A37-A10E-4F,Debit Card,9545.95,2024-11-03,Success
PAY100816,816,4E5A5EE9-3E4D-4E,Debit Card,7487.1,2026-05-27,Refunded
PAY100817,817,551D1A31-9F9E-4E,Cash on Delivery,12706.92,2025-07-18,Success
PAY100818,818,238CD326-A9D5-4D,Credit Card,2205.0,2025-07-15,Failed
PAY100819,819,4A3C59F1-D24E-4E,Cash on Delivery,104732.56,2026-04-23,Refunded
PAY100820,820,FF582998-BA88-4A,Credit Card,11663.13,2024-08-13,Success
PAY100821,821,0D9D946C-4916-4C,Cash on Delivery,626.94,2025-09-28,Success
PAY100822,822,1D0DFE02-FC63-48,Cash on Delivery,11421.8,2025-01-06,Failed
PAY100823,823,B5F9A592-57D2-44,Credit Card,7665.06,2024-07-25,Success
PAY100824,824,2B295AA0-AF07-4A,Debit Card,463469.3,2024-08-11,Success
PAY100825,825,7A0690F5-8EF6-4B,UPI,8470.28,2024-09-01,Failed
PAY100826,826,17E560E0-43CA-43,Cash on Delivery,19041.75,2026-05-15,Success
PAY100827,827,DF9438D4-7C3F-45,Cash on Delivery,1367.84,2024-10-14,Failed
PAY100828,828,980B15F8-EBA7-46,Debit Card,114.84,2026-01-01,Success
PAY100829,829,4C4A1E0B-1DD6-45,Net Banking,4568.72,2025-10-09,Success
PAY100830,830,63ACD302-F900-49,Debit Card,1750.64,2025-03-07,Success
PAY100831,831,3EB1F130-7478-49,Credit Card,14279.72,2026-07-13,Success
PAY100832,832,6DA2E653-FC0E-46,Debit Card,114127.2,2025-07-24,Refunded
PAY100833,833,CF05AECA-89E1-42,Debit Card,1917.3,2024-09-26,Success
PAY100834,834,C0506D0E-33A4-4B,Credit Card,1846.0,2025-05-27,Success
PAY100835,835,C002F712-F115-4C,Debit Card,9300.51,2026-05-05,Refunded
PAY100836,836,BA7DA4FD-86E9-49,Credit Card,38110.8,2026-02-08,Failed
PAY100837,837,4226065A-75DF-43,Cash on Delivery,1041.6,2024-11-26,Success
PAY100838,838,8811A3C2-A584-48,Cash on Delivery,2904.0,2024-11-11,Success
PAY100839,839,C5AE6086-1B85-48,UPI,7636.76,2025-01-31,Success
PAY100840,840,E5AB8F05-0FF0-4D,Cash on Delivery,11420.5,2026-02-10,Success
PAY100841,841,D09E2D93-B361-49,Net Banking,5505.6,2024-09-07,Refunded
PAY100842,842,FA974D86-D3DC-45,Credit Card,9876.6,2025-12-31,Success
PAY100843,843,CF79CEE8-EDDE-4A,Net Banking,8419.4,2026-03-28,Failed
PAY100844,844,5A7E9E41-126E-45,Cash on Delivery,13907.64,2025-12-11,Success
PAY100845,845,445B3273-B92A-4A,Net Banking,526.32,2024-07-22,Success
PAY100846,846,C2959F40-CB83-4A,Net Banking,13740.48,2026-04-22,Success
PAY100847,847,6E183946-B831-4A,Cash on Delivery,2993.96,2026-01-05,Success
PAY100848,848,9BFFB3B2-C7B8-4A,Net Banking,921.6,2025-04-15,Success
PAY100849,849,6B09C88F-61B1-47,Cash on Delivery,2196.18,2024-08-27,Success
PAY100850,850,7ED9D7CA-2DCE-4F,UPI,149.04,2024-12-28,Success
PAY100851,851,96735841-F5D7-4A,UPI,347.2,2026-07-14,Success
PAY100852,852,91A32B88-39E2-40,Debit Card,1860.32,2025-11-07,Success
PAY100853,853,62BB37C9-231C-45,Credit Card,74220.0,2026-05-17,Success
PAY100854,854,A54F0D16-5D9E-46,Debit Card,23736.0,2026-02-26,Failed
PAY100855,855,1EEFB689-B5FD-47,Cash on Delivery,9477.2,2025-05-12,Success
PAY100856,856,86BEC4E2-392D-42,UPI,111284.93,2025-02-23,Success
PAY100857,857,FB103312-F23E-40,UPI,7098.0,2024-11-19,Success
PAY100858,858,565DB699-6968-46,Debit Card,1340.5,2025-05-10,Success
PAY100859,859,2D725B9F-4D97-48,Debit Card,9055.75,2024-08-07,Success
PAY100860,860,137BF62B-014A-4B,Debit Card,363131.1,2025-01-09,Success
PAY100861,861,DE3ED970-E3A6-45,Credit Card,6545.76,2025-05-23,Success
PAY100862,862,0EF81C0A-B165-4C,Credit Card,2272.64,2025-12-23,Refunded
PAY100863,863,D84F0848-B430-44,Net Banking,232.98,2025-03-30,Failed
PAY100864,864,CC826546-58E3-4D,Cash on Delivery,2839.2,2026-01-24,Refunded
PAY100865,865,D6284C37-1C77-43,Net Banking,1714.44,2025-03-25,Failed
PAY100866,866,3B34945E-B207-49,Debit Card,7405.2,2026-04-22,Refunded
PAY100867,867,603205A1-8789-44,Cash on Delivery,1730.4,2026-06-23,Success
PAY100868,868,0D879A9A-2AA3-46,Net Banking,7156.8,2024-09-20,Success
PAY100869,869,FA801A96-8519-40,Credit Card,109209.36,2026-02-17,Success
PAY100870,870,0E80E890-C2EC-48,Debit Card,16117.64,2026-02-08,Success
PAY100871,871,0186B983-751A-4C,Net Banking,15330.12,2026-02-01,Success
PAY100872,872,BB489E9A-F710-4E,Debit Card,30166.8,2025-12-02,Success
PAY100873,873,7208F6E6-BCA8-41,Credit Card,1843.2,2026-01-18,Success
PAY100874,874,E657A694-C45B-46,Net Banking,54442.2,2024-10-02,Success
PAY100875,875,BD44FB41-97F6-49,Debit Card,7816.5,2025-08-25,Refunded
PAY100876,876,703B5AAC-0C8A-41,UPI,1948.32,2024-11-22,Success
PAY100877,877,73203234-5B65-4C,Net Banking,289617.0,2024-11-07,Failed
PAY100878,878,6DB8D100-64C3-4E,Cash on Delivery,22813.47,2025-12-25,Success
PAY100879,879,39F2C001-2114-47,Net Banking,3134.7,2026-03-14,Success
PAY100880,880,243F1823-5F49-49,Credit Card,563.56,2024-09-20,Failed
PAY100881,881,8E70C78D-0D1F-40,Cash on Delivery,5087.76,2026-07-05,Success
PAY100882,882,32D4C789-EBD6-44,Net Banking,336874.86,2025-06-24,Success
PAY100883,883,A8A2C395-0CAF-49,Net Banking,375.92,2025-03-14,Success
PAY100884,884,DFEBA142-3F7A-42,Net Banking,6871.04,2024-08-14,Success
PAY100885,885,EC2B5B24-5DDE-49,Credit Card,41780.9,2025-05-18,Failed
PAY100886,886,135A601E-EAD0-4E,Debit Card,455.04,2026-06-11,Refunded
PAY100887,887,26365292-AEE2-48,Debit Card,2096.0,2025-12-20,Success
PAY100888,888,53269B30-8DBC-4D,Net Banking,596.16,2025-04-27,Refunded
PAY100889,889,A2B92CEA-65EE-46,Credit Card,1220.67,2024-11-28,Success
PAY100890,890,33E4204B-2DDF-4A,UPI,16764.52,2025-06-21,Success
PAY100891,891,22366EE8-3102-4F,Cash on Delivery,3866.94,2024-08-31,Success
PAY100892,892,C45113EA-3902-4D,Net Banking,186059.0,2024-10-19,Success
PAY100893,893,9723D811-6313-45,UPI,7481.88,2025-02-21,Success
PAY100894,894,BC89334E-2660-42,Debit Card,53714.88,2024-11-30,Success
PAY100895,895,E051DE0A-799A-45,UPI,222728.1,2025-08-19,Success
PAY100896,896,39BCB218-925F-40,UPI,6845.0,2025-06-05,Success
PAY100897,897,FB432F2B-A5D3-49,Debit Card,38042.4,2024-07-26,Success
PAY100898,898,AE09239A-CA93-4D,Debit Card,751.2,2025-11-03,Success
PAY100899,899,2B6A67E1-BE85-43,Debit Card,23326.26,2024-12-29,Success
PAY100900,900,960CD477-1C2B-48,UPI,10306.56,2025-02-12,Success
PAY100901,901,C83ACD70-D2AE-41,Debit Card,9349.04,2026-04-27,Failed
PAY100902,902,C1A6B143-B924-47,Credit Card,5850.0,2025-10-08,Refunded
PAY100903,903,9BEE0CD1-4653-43,UPI,302.84,2024-12-24,Success
PAY100904,904,D186097C-A4ED-4F,Cash on Delivery,3499.6,2024-08-26,Success
PAY100905,905,4C2989B2-1477-4E,Debit Card,3468.0,2025-07-14,Success
PAY100906,906,2A18F774-AAAB-4B,Credit Card,149.04,2024-09-25,Failed
PAY100907,907,48F72494-8447-41,Debit Card,5333.9,2026-04-07,Failed
PAY100908,908,89BE72F8-5E9E-40,Credit Card,2687.35,2025-12-23,Refunded
PAY100909,909,7E1DFAF8-2536-4B,Debit Card,7817.58,2024-09-30,Success
PAY100910,910,F810E988-9C56-4D,Cash on Delivery,3398.64,2025-09-30,Success
PAY100911,911,9BD0B5EC-E5EC-49,Credit Card,14023.56,2024-11-05,Success
PAY100912,912,D959FC58-FDDD-40,Net Banking,175.44,2025-05-24,Success
PAY100913,913,EA02A36E-C5A7-46,Net Banking,939.6,2024-09-12,Failed
PAY100914,914,B28973E7-B7C0-42,Cash on Delivery,2152.08,2025-11-18,Refunded
PAY100915,915,B46D72F1-B8D5-4F,Debit Card,2191.44,2026-04-10,Success
PAY100916,916,240A3FDE-E826-46,Net Banking,5259.5,2025-08-25,Success
PAY100917,917,22C17956-7740-4D,UPI,1846.64,2025-05-31,Failed
PAY100918,918,496C07DD-ED1B-43,Debit Card,74423.6,2025-07-12,Success
PAY100919,919,6F985541-6420-40,Credit Card,1057.9,2025-01-17,Refunded
PAY100920,920,32002539-6D75-43,Net Banking,978.75,2025-06-07,Success
PAY100921,921,DB449666-2F17-41,Credit Card,13027.5,2025-09-05,Success
PAY100922,922,64AA8F40-4CB4-48,Net Banking,992.75,2025-10-11,Success
PAY100923,923,9A53F89F-38F6-48,Debit Card,156.63,2026-05-08,Success
PAY100924,924,4E52503D-2469-4E,Debit Card,1664.28,2024-12-07,Success
PAY100925,925,7FCB3A29-4358-45,Cash on Delivery,68865.88,2024-11-22,Success
PAY100926,926,7DE461D0-D361-40,Credit Card,122325.14,2025-02-01,Failed
PAY100927,927,0ED0733D-0108-4D,Net Banking,1699.32,2025-08-26,Refunded
PAY100928,928,E80AA37B-6D82-4E,Cash on Delivery,8970.64,2024-09-13,Success
PAY100929,929,5994A933-BAA6-40,UPI,4489.2,2025-09-20,Failed
PAY100930,930,F397275D-BE31-47,UPI,335082.88,2024-10-22,Success
PAY100931,931,70C079A7-80D7-45,UPI,155130.08,2025-09-26,Success
PAY100932,932,1050902A-E188-4D,UPI,1780.86,2025-07-01,Success
PAY100933,933,5E856E9A-25F5-41,Cash on Delivery,19881.45,2026-07-14,Success
PAY100934,934,E17779DE-80DA-4B,Net Banking,435.6,2024-09-04,Success
PAY100935,935,4ED8276B-66B5-4C,Credit Card,38909.6,2025-02-22,Success
PAY100936,936,B8FCF8CD-B72D-47,UPI,92403.52,2024-07-23,Success
PAY100937,937,EE839716-35E4-45,Credit Card,19398.6,2026-01-05,Success
PAY100938,938,4F12AB10-36CA-41,Cash on Delivery,16320.7,2024-11-07,Success
PAY100939,939,12731AE7-7D03-47,Net Banking,1364.13,2025-02-06,Success
PAY100940,940,3498BA89-81D9-42,Debit Card,5302.5,2025-04-05,Refunded
PAY100941,941,7D4187C1-0217-4B,Cash on Delivery,2904.0,2026-05-30,Success
PAY100942,942,DF6A8E83-0726-49,Net Banking,672.7,2024-10-28,Success
PAY100943,943,6E366F00-01CD-49,Debit Card,50893.4,2024-09-17,Success
PAY100944,944,8EB58AA0-5D41-43,Net Banking,21823.4,2026-03-10,Refunded
PAY100945,945,5C5072CC-BBBE-4B,Credit Card,358485.75,2025-07-13,Refunded
PAY100946,946,5162EB8C-68CD-4C,Cash on Delivery,267.03,2025-01-17,Success
PAY100947,947,E4AA9E0F-60ED-49,UPI,2605.5,2024-08-28,Success
PAY100948,948,EF4779EC-165D-4C,Credit Card,4303.0,2025-12-28,Success
PAY100949,949,14D9B406-2091-49,Credit Card,1677.54,2026-06-29,Success
PAY100950,950,040BD131-7FBD-46,Credit Card,1200.32,2025-03-15,Refunded
PAY100951,951,953E2903-60EC-41,Credit Card,4722.34,2026-03-10,Success
PAY100952,952,D6A14B21-E3CD-4D,Net Banking,94306.44,2025-05-28,Success
PAY100953,953,0A27FA8A-FECE-4C,Debit Card,111728.79,2026-04-20,Success
PAY100954,954,F5362E25-A864-41,Credit Card,2620.0,2025-11-02,Success
PAY100955,955,64C92CC4-31B2-44,Cash on Delivery,2004.0,2024-09-24,Success
PAY100956,956,35C70CB7-6FBC-4F,UPI,11424.5,2024-09-10,Refunded
PAY100957,957,D7664299-6721-46,UPI,2439.5,2025-11-09,Success
PAY100958,958,EC02C05A-66E4-4A,Net Banking,5616.0,2026-02-06,Success
PAY100959,959,2BFD1E13-18A6-49,UPI,2658.24,2025-08-16,Success
PAY100960,960,A07B62FA-5BAB-4E,UPI,7523.76,2024-08-11,Success
PAY100961,961,7A18DD6E-9F49-4F,Net Banking,605218.5,2025-10-07,Success
PAY100962,962,8076DEA6-25F1-42,UPI,2457.0,2026-02-07,Failed
PAY100963,963,A3517B7C-4340-46,Debit Card,12200.28,2026-04-23,Failed
PAY100964,964,CE006AD0-F3C0-46,Credit Card,25408.35,2025-08-08,Success
PAY100965,965,A74C8C42-8B90-42,Net Banking,21425.49,2026-02-26,Refunded
PAY100966,966,9F7A5289-D915-48,UPI,9139.6,2026-07-11,Failed
PAY100967,967,FC50F1D5-1E65-41,Net Banking,875.32,2026-07-06,Success
PAY100968,968,5886B28D-5178-45,UPI,5287.36,2025-07-21,Refunded
PAY100969,969,DAE84A7F-DD22-48,Debit Card,668.22,2025-03-07,Success
PAY100970,970,71B8E46F-E0B0-43,Net Banking,325041.2,2024-10-28,Success
PAY100971,971,DD1CD23F-57DA-4B,Net Banking,503.01,2026-05-23,Success
PAY100972,972,3CF76356-4310-41,Cash on Delivery,7738.92,2025-07-16,Failed
PAY100973,973,C9ED0AEE-9E54-4E,UPI,14167.02,2025-03-16,Success
PAY100974,974,CB1FE596-E18B-40,Debit Card,1633.05,2026-07-03,Success
PAY100975,975,4147CB2D-ADB2-43,UPI,2929.5,2025-12-15,Success
PAY100976,976,7E23385D-73EA-4D,Cash on Delivery,82428.6,2025-02-20,Success
PAY100977,977,7834C10E-6A29-4D,Cash on Delivery,1867.5,2024-07-21,Success
PAY100978,978,F321D713-E1E0-44,Debit Card,143394.3,2026-06-30,Success
PAY100979,979,0FD27599-4CD2-4D,Net Banking,211390.24,2025-07-30,Success
PAY100980,980,39A55C6C-149F-4B,Credit Card,2038.72,2026-04-20,Success
PAY100981,981,EEAFEDF7-C161-4C,UPI,15500.85,2025-02-05,Success
PAY100982,982,31759CD9-1E35-44,Net Banking,537.47,2025-06-08,Refunded
PAY100983,983,66640DB7-7230-49,Cash on Delivery,3405.5,2025-04-26,Refunded
PAY100984,984,427E52EE-09BE-42,UPI,10079.5,2026-07-01,Failed
PAY100985,985,41F41F36-0426-4F,Cash on Delivery,2340.0,2025-10-17,Success
PAY100986,986,595A4843-3BC7-49,UPI,95.4,2025-01-27,Failed
PAY100987,987,F653F470-20C8-49,UPI,1297.2,2026-06-10,Success
PAY100988,988,00C60B3C-78FF-49,Cash on Delivery,1446.66,2025-05-12,Success
PAY100989,989,3BF01FF2-50A8-4E,Net Banking,6719.25,2026-01-27,Success
PAY100990,990,8B5B288C-9EFB-44,Debit Card,874.9,2025-06-20,Success
PAY100991,991,EB43356E-B382-4A,Cash on Delivery,3904.56,2025-05-20,Success
PAY100992,992,70723AAC-CF84-4A,Net Banking,19162.65,2025-06-10,Success
PAY100993,993,0885CC9B-4403-48,Cash on Delivery,226397.12,2024-08-05,Success
PAY100994,994,BEB3A79F-AC4D-43,Credit Card,25147.2,2024-09-14,Failed
PAY100995,995,A960CC92-077C-48,Credit Card,214014.5,2024-08-24,Failed
PAY100996,996,69F50DEA-5DC0-4E,Cash on Delivery,2593.47,2024-11-07,Success
PAY100997,997,79BC70B2-2C68-4D,UPI,815.32,2025-04-21,Success
PAY100998,998,E130D194-C355-4C,Debit Card,1917.3,2025-07-13,Success
PAY100999,999,3D597628-51A1-4E,Credit Card,19881.45,2026-01-02,Failed
PAY101000,1000,D69EB673-7041-4C,Cash on Delivery,397709.52,2026-07-07,Success
PAY101001,1001,5CA9DB12-D801-47,Cash on Delivery,167.67,2025-06-28,Failed
PAY101002,1002,CADA64A6-318E-42,Debit Card,2156.7,2026-03-10,Success
PAY101003,1003,CBA8226F-0EC9-48,Credit Card,18976.65,2024-09-15,Refunded
PAY101004,1004,E0C3EE12-D1E4-48,Net Banking,350.88,2024-09-12,Success
PAY101005,1005,EA3CEC56-397D-41,Cash on Delivery,2693.6,2025-05-29,Success
PAY101006,1006,25E7ED13-6582-41,UPI,563.56,2024-12-15,Success
PAY101007,1007,A73BDFA9-3B85-45,Net Banking,5360.5,2026-06-25,Success
PAY101008,1008,6F5D9B67-A25D-4B,Credit Card,6065.1,2026-05-21,Success
PAY101009,1009,6D132526-8227-40,Credit Card,536.2,2026-01-08,Refunded
PAY101010,1010,3658FAB0-8B19-49,Credit Card,714.0,2026-06-04,Success
PAY101011,1011,C47FED7A-793A-4C,Debit Card,4420.8,2026-05-19,Success
PAY101012,1012,2FE66A9D-AFA0-48,Debit Card,13740.48,2025-05-09,Success
PAY101013,1013,692688E3-B730-4F,Credit Card,7944.0,2025-07-23,Success
PAY101014,1014,F39012B5-7CBE-4D,Debit Card,140.89,2025-05-20,Refunded
PAY101015,1015,8D9AEE7E-9EDC-41,UPI,1483.02,2026-01-26,Success
PAY101016,1016,045CAA8A-0C42-46,Cash on Delivery,4944.4,2025-11-18,Refunded
PAY101017,1017,0B771268-762C-48,UPI,1362.2,2025-05-13,Success
PAY101018,1018,8C80F1FB-62CC-4C,Net Banking,25408.35,2025-06-09,Success
PAY101019,1019,0CCEB30A-0118-40,Net Banking,296880.0,2025-04-29,Success
PAY101020,1020,1C79C16D-19C1-47,Net Banking,383057.76,2025-05-23,Success
PAY101021,1021,D9D83B22-37BC-40,Net Banking,1638.3,2025-08-13,Success
PAY101022,1022,047AD803-D407-4C,UPI,4187.84,2025-10-26,Success
PAY101023,1023,BB955893-A15F-4F,Cash on Delivery,2346.93,2025-01-16,Refunded
PAY101024,1024,579AB8A0-FFCA-44,Net Banking,328386.5,2025-11-24,Refunded
PAY101025,1025,DA21C436-AD83-40,UPI,1483.79,2026-01-10,Success
PAY101026,1026,6ABF3F86-DE01-47,Credit Card,7559.64,2026-03-01,Success
PAY101027,1027,310E3205-81A9-4C,Debit Card,9586.5,2026-04-07,Success
PAY101028,1028,5DF33C00-AF07-43,Cash on Delivery,17849.65,2026-06-06,Refunded
PAY101029,1029,E9D56350-AA57-4F,Debit Card,2219.04,2025-01-25,Success
PAY101030,1030,7D984979-B2EB-4E,Cash on Delivery,15774.78,2025-01-17,Success
PAY101031,1031,47AEBFE5-EE16-47,Net Banking,9479.2,2025-05-09,Refunded
PAY101032,1032,3E139B98-C725-44,UPI,2219.04,2025-04-26,Failed
PAY101033,1033,3585B75C-938C-49,UPI,1718.28,2025-10-09,Success
PAY101034,1034,730CBCC7-6C0C-4D,Cash on Delivery,1452.0,2025-08-17,Success
PAY101035,1035,4432006B-9DE8-43,UPI,5674.86,2025-05-25,Success
PAY101036,1036,A9D58586-3B4C-49,Cash on Delivery,3781.2,2026-05-24,Success
PAY101037,1037,0EDEACE2-74B1-49,UPI,49020.35,2025-09-26,Failed
PAY101038,1038,787E95B5-D2F2-4A,UPI,3398.64,2024-09-23,Failed
PAY101039,1039,BC3A4894-B72C-41,UPI,83097.98,2025-10-26,Success
PAY101040,1040,8220264A-880D-41,Credit Card,47638.5,2025-10-23,Failed
PAY101041,1041,BE3F75B9-6DBA-40,Debit Card,8166.4,2025-09-01,Success
PAY101042,1042,EFCCE876-DBF1-4B,Cash on Delivery,31484.25,2025-10-29,Success
PAY101043,1043,7314C8A8-FF8E-49,Debit Card,2144.2,2025-11-15,Success
PAY101044,1044,F59708C3-98D9-41,UPI,248048.16,2026-01-12,Success
PAY101045,1045,DAF4931B-DF93-4F,Net Banking,38042.4,2025-06-14,Success
PAY101046,1046,3DFCFC06-D4E3-4B,Credit Card,6281.76,2025-01-20,Success
PAY101047,1047,B54BF627-335E-49,UPI,16474.16,2026-05-12,Refunded
PAY101048,1048,F6218406-481E-41,Credit Card,19727.35,2024-09-01,Refunded
PAY101049,1049,6B67D061-21E2-41,Net Banking,395416.56,2026-06-18,Failed
PAY101050,1050,997B59BC-A25D-44,Net Banking,2369.8,2025-03-18,Success
PAY101051,1051,077B4717-7F79-44,Debit Card,13106.94,2024-09-18,Success
PAY101052,1052,C2488C64-F5C9-48,Net Banking,2462.28,2025-04-19,Success
PAY101053,1053,DC1500BF-812F-46,UPI,2744.56,2025-02-11,Success
PAY101054,1054,A331A54F-5029-4F,Debit Card,1544.68,2025-07-04,Success
PAY101055,1055,34FD51E7-A4DC-4F,UPI,1384.98,2024-11-28,Success
PAY101056,1056,3AF05D2D-EDC5-42,Credit Card,38694.6,2026-01-10,Failed
PAY101057,1057,6B0EB58B-B8EB-4A,Cash on Delivery,3468.35,2025-04-06,Success
PAY101058,1058,478D6F35-9A9A-42,Cash on Delivery,7970.45,2025-07-31,Success
PAY101059,1059,5679751E-9EEF-4C,Credit Card,1409.88,2026-02-12,Failed
PAY101060,1060,69634198-0EFC-48,Debit Card,25251.0,2026-04-19,Success
PAY101061,1061,F9F05F44-D6C9-42,Credit Card,447.12,2025-08-05,Success
PAY101062,1062,772A7A8B-DA7E-42,Debit Card,98193.6,2026-05-27,Refunded
PAY101063,1063,638B51CC-F3A3-4E,Credit Card,296.4,2025-05-27,Success
PAY101064,1064,C5419FB3-A011-43,Net Banking,7253.4,2025-02-10,Success
PAY101065,1065,05F18B53-58A9-4C,Cash on Delivery,4987.92,2025-06-26,Success
PAY101066,1066,CFE3071F-CC8D-42,Credit Card,377485.2,2025-12-13,Success
PAY101067,1067,A8CC725D-3403-42,Net Banking,836.4,2026-03-13,Success
PAY101068,1068,D1AE9475-2EA8-43,Net Banking,1735.3,2024-12-26,Success
PAY101069,1069,7E052770-A23C-4C,Credit Card,80572.32,2025-03-12,Success
PAY101070,1070,FDAF1C4B-CD69-4F,UPI,55615.56,2024-10-30,Refunded
PAY101071,1071,6EAC3AAB-A853-46,Debit Card,92351.24,2025-05-22,Refunded
PAY101072,1072,A2C5876A-F6BD-4B,Credit Card,452.12,2025-07-02,Success
PAY101073,1073,7C297EBE-6155-42,Net Banking,283944.51,2024-08-16,Success
PAY101074,1074,852AF9CC-4AB8-49,Debit Card,13763.07,2025-11-17,Refunded
PAY101075,1075,5E188C8B-80A8-49,Cash on Delivery,77047.74,2025-04-22,Success
PAY101076,1076,5273FE36-137F-49,Debit Card,1122.0,2025-07-29,Success
PAY101077,1077,E143F1DB-C609-4F,Credit Card,2007.92,2025-10-30,Success
PAY101078,1078,B3704CB0-A065-46,Debit Card,6009.5,2025-07-21,Success
PAY101079,1079,ED5CB3B5-712E-4F,Cash on Delivery,12663.2,2026-04-15,Failed
PAY101080,1080,95967BE8-559B-4F,Net Banking,1267.92,2025-05-14,Success
PAY101081,1081,10B7822B-3704-43,Credit Card,65370.8,2024-11-05,Success
PAY101082,1082,7175E6B3-79E9-4B,Credit Card,98217.9,2026-03-17,Success
PAY101083,1083,029C5E7B-0878-4A,Cash on Delivery,330.0,2024-09-25,Success
PAY101084,1084,BFD9D615-EDB5-45,UPI,1061.28,2025-02-25,Refunded
PAY101085,1085,9C27F92B-EFC1-4F,Credit Card,25175.04,2025-11-15,Success
PAY101086,1086,8004C23A-A3A0-40,Cash on Delivery,545897.9,2025-10-27,Success
PAY101087,1087,13FEC8B4-C112-44,Credit Card,1669.5,2025-08-21,Success
PAY101088,1088,05E44006-A27C-44,Cash on Delivery,210321.32,2024-08-14,Success
PAY101089,1089,7547C9FF-AE1F-4F,Debit Card,6359.7,2025-08-09,Success
PAY101090,1090,F9DF7795-0A59-4D,UPI,10039.6,2026-03-28,Success
PAY101091,1091,C9432542-69DA-40,UPI,110702.28,2025-02-18,Success
PAY101092,1092,35991D63-C508-47,Credit Card,32739.3,2025-06-16,Failed
PAY101093,1093,AE64E980-8743-45,Cash on Delivery,33529.04,2026-07-05,Success
PAY101094,1094,AF5D8D43-BCC0-49,Cash on Delivery,525803.3,2024-12-11,Success
PAY101095,1095,C2F62882-550E-48,Credit Card,26213.88,2026-02-28,Success
PAY101096,1096,DF4D3124-DD37-42,UPI,142319.68,2025-04-27,Failed
PAY101097,1097,E6D8E305-FD86-41,Credit Card,7487.1,2024-11-17,Success
PAY101098,1098,9055CB5E-59AB-41,Credit Card,45214.4,2025-11-05,Success
PAY101099,1099,78BD71C2-9666-4D,Cash on Delivery,1395.24,2025-07-14,Failed
PAY101100,1100,E9B19708-197D-47,Cash on Delivery,66380.3,2025-01-23,Success
PAY101101,1101,113509EF-6893-49,Cash on Delivery,3142.26,2025-11-21,Refunded
PAY101102,1102,11B25729-F955-44,Cash on Delivery,605218.5,2026-01-31,Success
PAY101103,1103,03204013-198F-4A,Credit Card,101965.5,2025-04-14,Success
PAY101104,1104,199DEFF9-466D-46,Debit Card,523662.8,2024-11-14,Success
PAY101105,1105,E3D16F4F-7AFE-46,Cash on Delivery,296.4,2025-10-28,Refunded
PAY101106,1106,2C55E69F-0719-4A,Credit Card,461.66,2024-08-11,Success
PAY101107,1107,47836A98-E6F0-44,Cash on Delivery,1729.8,2024-07-19,Success
PAY101108,1108,8CFB5C6C-D886-4A,Credit Card,2260.6,2025-06-20,Success
PAY101109,1109,30532146-9DB1-47,Credit Card,291724.2,2026-07-20,Refunded
PAY101110,1110,0878D3BC-0E06-45,UPI,1329.12,2024-10-12,Success
PAY101111,1111,90E3311C-F528-47,UPI,7688.08,2025-01-06,Refunded
PAY101112,1112,19D1061F-47EF-4C,Credit Card,215020.8,2024-10-02,Success
PAY101113,1113,FB1E0086-0844-4F,UPI,197031.9,2025-08-11,Success
PAY101114,1114,01EA93AB-176E-46,Credit Card,5430.08,2026-05-09,Failed
PAY101115,1115,6F6FA744-984A-4B,UPI,2382.1,2024-07-31,Failed
PAY101116,1116,77F2168E-E178-41,Net Banking,5674.86,2026-05-11,Success
PAY101117,1117,984A5E5D-03F0-47,UPI,3662.01,2026-02-11,Success
PAY101118,1118,B2D3F200-E21D-4A,Cash on Delivery,122325.14,2025-11-21,Success
PAY101119,1119,57C7AB8F-D7AA-43,Net Banking,1066.56,2024-10-15,Success
PAY101120,1120,5FAF6E2D-430A-44,Cash on Delivery,358033.0,2026-07-18,Success
PAY101121,1121,CA97CB37-017C-4D,Cash on Delivery,26911.92,2024-08-20,Success
PAY101122,1122,E08E139D-6C89-4E,UPI,2849.0,2025-01-08,Success
PAY101123,1123,671558AD-68D9-49,Debit Card,37242.93,2026-05-19,Success
PAY101124,1124,6C4ADB95-E481-4F,Debit Card,979.2,2024-08-21,Success
PAY101125,1125,F391656C-6DE1-44,Cash on Delivery,5870.24,2025-06-26,Success
PAY101126,1126,36C28A18-1FF3-43,Credit Card,247.8,2025-08-17,Success
PAY101127,1127,B39B4AEE-651D-44,UPI,7559.64,2025-03-28,Success
PAY101128,1128,A571F260-C98A-48,Debit Card,2402.62,2025-06-30,Success
PAY101129,1129,A0C0A490-4C1C-45,Cash on Delivery,3314.46,2025-09-05,Success
PAY101130,1130,AF8D566D-1C95-4C,Net Banking,196387.2,2025-07-06,Failed
PAY101131,1131,35A2EBC1-8A3E-4A,Cash on Delivery,931.92,2026-02-19,Success
PAY101132,1132,C3A677DC-13A4-49,Debit Card,2007.92,2026-05-20,Success
PAY101133,1133,6D9450AB-9C0B-42,UPI,5165.82,2025-03-18,Success
PAY101134,1134,14C23AF8-8012-4D,Credit Card,226231.38,2025-12-03,Success
PAY101135,1135,29F69C45-F518-4F,UPI,561.0,2025-04-16,Success
PAY101136,1136,0599F163-DC18-42,Debit Card,2594.4,2026-05-06,Success
PAY101137,1137,EAAFE4FD-B874-4E,Debit Card,31881.8,2025-12-30,Success
PAY101138,1138,FF4446B4-8B1C-4D,UPI,5303.8,2026-02-18,Success
PAY101139,1139,9563608D-2C99-47,Cash on Delivery,3713.58,2026-05-06,Failed
PAY101140,1140,8DC4218D-682F-49,UPI,1399.08,2025-04-16,Refunded
PAY101141,1141,38EAAF43-9CEE-4C,Net Banking,2058.42,2025-07-25,Failed
PAY101142,1142,73FD57BE-CD9A-42,UPI,3789.52,2026-01-31,Success
PAY101143,1143,43BFBEE9-FE31-45,UPI,1385.6,2024-12-21,Success
PAY101144,1144,FA42AD56-9C99-4A,Cash on Delivery,571.2,2026-04-08,Success
PAY101145,1145,EBB3BE9C-91C2-49,Credit Card,9994.59,2026-03-07,Success
PAY101146,1146,9C4FEC96-682C-4F,Cash on Delivery,4187.84,2025-10-14,Success
PAY101147,1147,D5F93F18-561E-43,UPI,19833.44,2025-10-05,Success
PAY101148,1148,85AE2FE5-B9CE-46,Debit Card,14407.2,2025-08-28,Success
PAY101149,1149,969546D0-F49D-46,Credit Card,2094.84,2026-02-11,Success
PAY101150,1150,13CF6607-B4CB-47,Cash on Delivery,6103.35,2025-09-24,Failed
PAY101151,1151,BB268126-6AA5-4F,UPI,670.68,2024-11-24,Success
PAY101152,1152,9DECEE42-69FE-49,Credit Card,2868.12,2026-02-04,Success
PAY101153,1153,B278576F-1833-47,Debit Card,15497.46,2025-11-13,Success
PAY101154,1154,C5FB1E5B-B046-46,Net Banking,2369.8,2025-03-22,Success
PAY101155,1155,A95E8512-2AA6-44,Credit Card,24132.85,2024-12-25,Success
PAY101156,1156,D0068093-50F8-4A,Credit Card,677.97,2026-04-01,Success
PAY101157,1157,A9D312BF-AF44-49,Cash on Delivery,335.92,2024-11-16,Success
PAY101158,1158,952652A1-085B-45,Net Banking,5810.0,2024-12-30,Success
PAY101159,1159,2D870703-6447-43,Credit Card,147290.4,2024-12-18,Success
PAY101160,1160,EB7605B4-8926-44,UPI,1025.46,2025-05-03,Success
PAY101161,1161,3AACA893-629F-4E,Debit Card,2038.72,2025-06-18,Refunded
PAY101162,1162,69AF72E4-094D-4A,Credit Card,2697.5,2024-12-11,Refunded
PAY101163,1163,073DA242-97B6-4F,UPI,20605.0,2025-08-12,Success
PAY101164,1164,9F761D70-B739-4A,Debit Card,1558.95,2025-10-07,Success
PAY101165,1165,F3ACE266-4527-4C,Debit Card,9741.6,2024-12-21,Success
PAY101166,1166,3D9B9265-7B91-44,Net Banking,268.1,2025-09-11,Success
PAY101167,1167,FD2AB87F-5E7B-44,Cash on Delivery,37100.06,2025-03-18,Refunded
PAY101168,1168,3563D4CC-9E1E-4E,Net Banking,2543.88,2024-12-24,Success
PAY101169,1169,C9FCD39F-430D-44,Net Banking,8505.4,2025-01-01,Success
PAY101170,1170,73DF3EEB-81C8-4D,Credit Card,215020.8,2024-09-30,Success
PAY101171,1171,8F8C7343-CD0E-47,Cash on Delivery,2208.56,2024-11-14,Success
PAY101172,1172,5A9EEF47-C44E-4D,Credit Card,7715.52,2025-05-15,Success
PAY101173,1173,5F9572BF-4B7B-49,UPI,959.04,2025-07-21,Success
PAY101174,1174,6A9096BD-975E-40,Credit Card,546977.2,2026-01-27,Failed
PAY101175,1175,AE7F4FF2-2C00-41,Debit Card,9527.7,2024-10-28,Success
PAY101176,1176,95848C34-979F-44,Debit Card,3430.7,2024-10-23,Success
PAY101177,1177,03F34192-4E4C-49,Cash on Delivery,1048.0,2026-03-20,Success
PAY101178,1178,C884BB28-5092-41,Debit Card,839.3,2025-05-18,Success
PAY101179,1179,FE6B3CE9-6A19-47,Debit Card,3405.6,2026-02-26,Success
PAY101180,1180,ADF2A70B-D1A4-47,Credit Card,993.6,2026-07-12,Success
PAY101181,1181,07530393-F080-4D,Net Banking,2144.2,2025-05-15,Success
PAY101182,1182,41E25983-90C9-42,UPI,41780.9,2024-11-16,Success
PAY101183,1183,E73EC2EF-1411-49,Credit Card,7418.95,2025-04-10,Failed
PAY101184,1184,D17E9067-A9ED-44,Cash on Delivery,976.5,2025-05-21,Success
PAY101185,1185,92494321-CF07-48,UPI,7952.58,2025-02-07,Success
PAY101186,1186,7C943193-33DE-4B,Credit Card,2146.36,2026-04-10,Success
PAY101187,1187,176517EF-7926-40,UPI,5673.24,2024-12-05,Success
PAY101188,1188,F3D81224-6F06-42,Cash on Delivery,3023.28,2025-03-08,Success
PAY101189,1189,8BCEF11C-165B-42,Cash on Delivery,3398.64,2026-03-14,Success
PAY101190,1190,D81FF00B-5F3B-4D,Net Banking,85605.8,2026-03-20,Success
PAY101191,1191,8CFE1260-A095-43,Net Banking,225828.75,2025-02-13,Success
PAY101192,1192,163E3C4E-D952-4B,Net Banking,5165.82,2026-07-01,Success
PAY101193,1193,D72407E6-C8D6-45,Debit Card,864.32,2024-08-22,Success
PAY101194,1194,B0764962-C9DD-44,Credit Card,1690.56,2025-02-18,Success
PAY101195,1195,412EA35B-322A-47,Debit Card,54112.71,2024-10-24,Success
PAY101196,1196,E9984E62-369C-4E,Net Banking,244650.28,2026-01-29,Success
PAY101197,1197,CA4B8D3B-BC93-48,UPI,3373.2,2025-01-29,Success
PAY101198,1198,3B152066-C08A-4C,UPI,1164.9,2024-07-26,Success
PAY101199,1199,7483B999-28C1-47,Debit Card,397709.52,2026-05-04,Success
PAY101200,1200,B64F710A-3A1A-46,Cash on Delivery,4250.99,2025-03-09,Success
PAY101201,1201,10E62506-3C69-47,Debit Card,335263.56,2025-01-04,Success
PAY101202,1202,FF204441-9569-44,UPI,26291.3,2024-09-21,Success
PAY101203,1203,DEE7CBCD-15DA-4B,Debit Card,135611.37,2026-05-25,Success
PAY101204,1204,2CF20DD3-90BA-43,Credit Card,35709.15,2026-05-16,Success
PAY101205,1205,63789393-5F04-45,UPI,2154.33,2025-11-25,Success
PAY101206,1206,58402013-5355-45,Net Banking,12967.35,2025-11-01,Refunded
PAY101207,1207,5967D191-3555-49,UPI,10130.56,2025-10-12,Success
PAY101208,1208,3BE903C6-A5C2-40,Net Banking,1113.7,2025-06-05,Refunded
PAY101209,1209,0439EFFE-F30D-47,Net Banking,1699.32,2025-10-28,Success
PAY101210,1210,F3724110-283D-42,Cash on Delivery,26846.4,2025-08-18,Success
PAY101211,1211,2AC90CCA-BA34-4E,Net Banking,1065.8,2026-06-06,Refunded
PAY101212,1212,5183C34B-FE8D-48,UPI,17301.6,2025-09-17,Success
PAY101213,1213,A95F7831-F8BC-48,Credit Card,4235.64,2026-03-07,Success
PAY101214,1214,3D15DFCB-0C72-41,Debit Card,1077.84,2026-07-10,Success
PAY101215,1215,D9941B05-2432-4E,Net Banking,2128.4,2024-09-13,Success
PAY101216,1216,9254D1E8-580B-42,UPI,1809.6,2024-08-11,Success
PAY101217,1217,A6CDD240-0405-47,Debit Card,346.94,2025-05-28,Success
PAY101218,1218,72C3FBB7-492E-42,Debit Card,3197.4,2025-02-12,Success
PAY101219,1219,3B1232D0-522E-44,UPI,10497.6,2026-02-03,Failed
PAY101220,1220,0C0A5858-E2D7-44,Debit Card,10384.64,2026-07-07,Success
PAY101221,1221,26D5D07D-F162-4F,Cash on Delivery,60505.32,2025-04-20,Refunded
PAY101222,1222,55770DE5-2E23-43,UPI,1340.5,2025-03-02,Success
PAY101223,1223,94818FC0-E2A6-40,Cash on Delivery,7889.25,2025-10-29,Refunded
PAY101224,1224,A42AE5D0-DD10-45,Cash on Delivery,1679.6,2025-09-12,Success
PAY101225,1225,95ECD17B-62D8-44,Debit Card,7562.4,2024-08-24,Success
PAY101226,1226,E1CEF7BE-5AA3-4E,Credit Card,2929.5,2025-10-21,Success
PAY101227,1227,231AC818-EF81-49,UPI,545694.25,2025-10-09,Success
PAY101228,1228,768A0411-F9A8-4D,Credit Card,519.03,2024-11-16,Success
PAY101229,1229,8F0A0833-7430-4C,Credit Card,6033.36,2024-12-11,Refunded
PAY101230,1230,D886597A-5CC3-4F,Net Banking,923.0,2024-08-21,Refunded
PAY101231,1231,7B3F1896-21A7-48,UPI,16332.8,2025-03-30,Success
PAY101232,1232,425DD418-2313-44,Debit Card,537.47,2024-12-20,Failed
PAY101233,1233,AF96DC0C-11FF-49,Credit Card,109209.36,2024-07-22,Success
PAY101234,1234,660C69E7-A3C5-45,Credit Card,683.92,2024-11-01,Failed
PAY101235,1235,65F355AA-48E7-42,Credit Card,1382.4,2025-02-18,Success
PAY101236,1236,C960E177-8D8C-4B,UPI,8424.0,2024-09-26,Failed
PAY101237,1237,B0FFD6D5-6448-47,Credit Card,1709.1,2025-05-29,Success
PAY101238,1238,9F45C47F-1435-46,Cash on Delivery,13438.5,2026-04-25,Success
PAY101239,1239,556F3D57-8F83-40,UPI,2550.0,2025-10-01,Success
PAY101240,1240,E1FA1B65-0B80-4D,Cash on Delivery,382.32,2025-03-29,Refunded
PAY101241,1241,3956A003-7508-4B,Net Banking,3789.52,2025-10-25,Success
PAY101242,1242,A1C02B10-70B0-43,UPI,704.45,2025-09-21,Success
PAY101243,1243,BE06C863-001E-4D,UPI,5484.9,2025-12-21,Success
PAY101244,1244,1A9F0A33-FDDA-40,UPI,47582.5,2024-12-26,Success
PAY101245,1245,127425E8-59B2-4B,Credit Card,16764.52,2025-02-21,Success
PAY101246,1246,7DB6128F-F15C-46,Cash on Delivery,281.78,2025-01-12,Success
PAY101247,1247,5D1540E0-32ED-40,UPI,170248.0,2024-10-07,Success
PAY101248,1248,D9EAD2B6-ACBC-46,Credit Card,1185.6,2025-03-03,Success
PAY101249,1249,054DF654-8328-4C,Credit Card,3489.28,2025-06-24,Success
PAY101250,1250,0AAA31C3-4997-46,Debit Card,2593.47,2026-06-22,Refunded
PAY101251,1251,766A6F66-B84D-4F,Net Banking,1992.6,2026-01-10,Refunded
PAY101252,1252,A314479B-1F7A-4F,Cash on Delivery,1456.32,2024-08-08,Success
PAY101253,1253,A865A5C7-4FA2-46,Cash on Delivery,32138.94,2026-03-26,Success
PAY101254,1254,A7EF628F-D994-4B,Credit Card,1867.76,2026-07-09,Failed
PAY101255,1255,84FBFE20-98EF-43,Net Banking,509.68,2025-11-12,Success
PAY101256,1256,D797B77C-D9E7-48,UPI,2795.9,2026-02-17,Refunded
PAY101257,1257,B5833383-0CAF-41,Credit Card,586.92,2025-09-03,Success
PAY101258,1258,4D88CD30-9821-4A,Cash on Delivery,18889.36,2025-10-03,Success
PAY101259,1259,812B0CE1-35C4-42,Net Banking,113198.56,2026-05-25,Failed
PAY101260,1260,F340D885-3F6E-42,UPI,3904.56,2025-05-05,Success
PAY101261,1261,F91460E2-94F9-41,Net Banking,28549.5,2025-10-14,Success
PAY101262,1262,1AB099DB-328F-44,UPI,10185.12,2024-10-04,Failed
PAY101263,1263,79252F39-F388-4E,Cash on Delivery,1383.2,2025-04-05,Failed
PAY101264,1264,704662E3-78CC-42,Credit Card,909.42,2025-08-03,Success
PAY101265,1265,A65E3188-500E-4B,Cash on Delivery,358485.75,2024-08-01,Success
PAY101266,1266,77B2E0C0-724D-42,UPI,10039.6,2026-05-19,Success
PAY101267,1267,667313FA-B51D-46,UPI,7405.2,2026-06-12,Success
PAY101268,1268,F60ED60F-3D79-41,UPI,538537.5,2024-09-07,Success
PAY101269,1269,B4370E14-EC96-43,UPI,15635.16,2024-08-16,Refunded
PAY101270,1270,10CAB7FC-F9B1-44,Cash on Delivery,10957.5,2024-09-05,Success
PAY101271,1271,11239FD9-416D-4B,Net Banking,5557.44,2025-12-20,Success
PAY101272,1272,B297409B-DBA3-42,Cash on Delivery,13742.08,2024-12-17,Success
PAY101273,1273,60A5F49C-202D-45,Net Banking,215020.8,2026-01-12,Refunded
PAY101274,1274,45B6D341-12BC-48,Cash on Delivery,14378.31,2026-07-08,Success
PAY101275,1275,0BF3A06D-4ECF-46,Net Banking,4991.44,2026-05-14,Success
PAY101276,1276,D0AE2060-B026-4D,UPI,10516.52,2025-02-21,Failed
PAY101277,1277,3AC40632-018F-43,Debit Card,9113.6,2026-01-02,Success
PAY101278,1278,C9285EDA-296D-4B,UPI,3338.91,2026-04-10,Success
PAY101279,1279,E0998D28-DCE5-47,Debit Card,18350.76,2025-08-27,Success
PAY101280,1280,4F6C92EA-0AEA-4C,Credit Card,12600.0,2025-11-17,Success
PAY101281,1281,940D6E39-7BC8-4E,Cash on Delivery,13763.07,2025-08-31,Failed
PAY101282,1282,1CFB3B0E-6D15-44,Debit Card,17456.4,2025-07-22,Success
PAY101283,1283,9679FCB0-639B-44,Credit Card,4066.76,2024-10-16,Success
PAY101284,1284,08438107-9795-45,UPI,26291.3,2026-06-19,Success
PAY101285,1285,7A99A0C4-5F6F-45,UPI,60173.2,2026-01-20,Success
PAY101286,1286,8505B85D-35AF-49,Debit Card,245484.0,2026-05-02,Success
PAY101287,1287,DE02188A-C9C7-46,Debit Card,85714.6,2025-12-13,Refunded
PAY101288,1288,CA273264-95F6-48,Net Banking,16509.24,2024-12-01,Success
PAY101289,1289,06871580-9DF4-47,Credit Card,315481.98,2026-06-24,Success
PAY101290,1290,E50DA694-3DD2-42,UPI,26630.55,2025-05-06,Success
PAY101291,1291,1956051D-DAC4-44,Debit Card,104.16,2026-02-16,Success
PAY101292,1292,71F36A22-0181-40,UPI,333.06,2025-05-29,Success
PAY101293,1293,220F313E-1857-4A,Net Banking,16367.55,2024-12-01,Success
PAY101294,1294,E7525051-51C9-4E,Net Banking,14283.66,2026-01-27,Success
PAY101295,1295,91F3086F-D1D6-45,Debit Card,2369.8,2024-08-12,Failed
PAY101296,1296,B14283B5-DFB8-43,Debit Card,6350.08,2024-09-24,Success
PAY101297,1297,0E0E04A6-4E3B-4C,Credit Card,13784.64,2024-11-08,Success
PAY101298,1298,CB383B25-543D-4B,Cash on Delivery,36353.2,2026-03-06,Success
PAY101299,1299,2A987291-7463-4D,Cash on Delivery,83561.8,2024-08-14,Success
PAY101300,1300,C21E035F-6DFE-44,Debit Card,5566.6,2026-02-05,Success
PAY101301,1301,1985698A-A7EA-4B,Cash on Delivery,4764.2,2025-08-21,Success
PAY101302,1302,0C415A69-6AC8-4F,Credit Card,5717.04,2025-04-18,Success
PAY101303,1303,B7B0DACF-CA09-43,Credit Card,2490.0,2026-01-19,Success
PAY101304,1304,6F4C83A1-8C31-42,UPI,4680.0,2024-08-02,Success
PAY101305,1305,7842952C-1D32-4A,Debit Card,202596.0,2025-10-15,Success
PAY101306,1306,7C5B462B-DF0F-4C,Credit Card,753.88,2025-02-11,Failed
PAY101307,1307,4D761506-9E65-4F,Credit Card,3779.82,2026-02-05,Success
PAY101308,1308,47272FE6-A12D-47,Net Banking,15419.04,2025-01-08,Success
PAY101309,1309,C1FEFD57-0F16-4D,Cash on Delivery,1365.12,2026-04-16,Success
PAY101310,1310,42F22306-8994-46,Debit Card,2094.84,2025-07-02,Success
PAY101311,1311,F6BE2939-BF6C-47,Cash on Delivery,486.68,2026-04-17,Success
PAY101312,1312,0DB585D5-4BB3-46,Credit Card,5484.9,2026-02-14,Success
PAY101313,1313,BB63F557-459C-4F,UPI,7616.7,2026-06-30,Refunded
PAY101314,1314,D0698FED-2127-40,Cash on Delivery,2198.25,2025-01-09,Success
PAY101315,1315,BD7A6728-EF16-4E,Credit Card,2007.92,2025-08-31,Success
PAY101316,1316,C366A536-FF9D-41,Net Banking,48637.0,2026-04-12,Success
PAY101317,1317,A98E0A59-A03A-43,UPI,8690.88,2026-04-17,Success
PAY101318,1318,DF79065A-3CA7-41,UPI,2276.64,2024-12-12,Success
PAY101319,1319,60DAF0C1-6327-47,Cash on Delivery,93926.12,2025-04-06,Refunded
PAY101320,1320,1F813828-FF3D-4A,Cash on Delivery,8662.68,2024-11-20,Refunded
PAY101321,1321,3258726B-721C-49,Credit Card,5135.55,2026-02-02,Success
PAY101322,1322,7D6D2C7A-9961-40,Net Banking,218277.7,2026-04-23,Success
PAY101323,1323,1FF3DF7B-5105-42,UPI,2433.4,2026-07-07,Success
PAY101324,1324,7DE2A769-B7DA-4B,Credit Card,4807.6,2026-06-16,Success
PAY101325,1325,FED8FB04-A3F0-4B,Cash on Delivery,1388.8,2024-10-28,Success
PAY101326,1326,66300ED5-AFCA-49,Cash on Delivery,2340.0,2025-10-20,Failed
PAY101327,1327,991DA387-6EBB-4D,Debit Card,1305.6,2026-03-26,Success
PAY101328,1328,A446779E-1EEE-48,Debit Card,497398.0,2025-10-20,Refunded
PAY101329,1329,A16BB6A0-EF01-41,Debit Card,134287.2,2025-08-03,Success
PAY101330,1330,B8DAD320-13D3-4A,Credit Card,21175.7,2026-05-25,Success
PAY101331,1331,05078CDE-5208-4D,Net Banking,54604.68,2025-06-20,Success
PAY101332,1332,FE645214-E30E-4B,Net Banking,704.45,2024-10-21,Success
PAY101333,1333,FD6D36E9-C011-48,Debit Card,41979.0,2025-10-18,Success
PAY101334,1334,FDF630E2-3BBC-42,UPI,8095.75,2025-03-03,Success
PAY101335,1335,CB666458-88C9-43,Cash on Delivery,1456.32,2025-02-20,Success
PAY101336,1336,13096B68-D108-4F,UPI,3194.24,2025-04-29,Failed
PAY101337,1337,1A36A982-D414-44,Cash on Delivery,114.84,2024-09-17,Success
PAY101338,1338,17B393F8-080A-41,UPI,1273.0,2026-05-16,Success
PAY101339,1339,0998CBF1-AB41-46,UPI,1181.6,2026-04-09,Success
PAY101340,1340,BD6424A2-1EFD-45,Debit Card,964.46,2026-03-20,Refunded
PAY101341,1341,F4D04626-8584-48,Net Banking,538537.5,2025-02-06,Success
PAY101342,1342,82DF7E15-58AC-42,Debit Card,1181.6,2026-06-23,Success
PAY101343,1343,083A6480-636D-40,Debit Card,121043.7,2025-10-08,Success
PAY101344,1344,344DEC01-5807-4F,Net Banking,1085.4,2025-01-22,Success
PAY101345,1345,F06CF9F6-CF86-46,UPI,8400.0,2026-03-27,Success
PAY101346,1346,188E3EF9-B839-48,Cash on Delivery,681.36,2026-06-17,Success
PAY101347,1347,5A4A0618-91AF-46,UPI,142.8,2025-09-18,Success
PAY101348,1348,5C77D160-9C74-4D,UPI,76084.8,2024-09-02,Refunded
PAY101349,1349,7047E651-A8AF-49,Cash on Delivery,7890.94,2026-02-03,Success
PAY101350,1350,15471BDA-9AF1-40,UPI,3405.6,2024-11-21,Success
PAY101351,1351,08EF7726-6861-4E,Net Banking,229.68,2026-03-27,Success
PAY101352,1352,D65D8953-B92E-49,Net Banking,1709.8,2025-06-27,Failed
PAY101353,1353,E20C80D4-3EE5-47,Net Banking,274684.64,2025-11-24,Success
PAY101354,1354,94DAA21E-B771-40,Net Banking,7604.49,2024-09-22,Refunded
PAY101355,1355,1D715E09-ACF5-4C,Net Banking,57923.4,2026-06-04,Success
PAY101356,1356,6F1DDAD5-E601-4B,Debit Card,1340.5,2024-12-04,Success
PAY101357,1357,57DF1B3C-F6B0-43,Cash on Delivery,51159.8,2026-05-22,Success
PAY101358,1358,16D6E77E-76B0-4A,Debit Card,1306.8,2025-12-23,Success
PAY101359,1359,74096A37-658D-43,Debit Card,4489.2,2026-02-14,Refunded
PAY101360,1360,93969411-90BF-4C,Cash on Delivery,5367.6,2025-08-05,Failed
PAY101361,1361,7BC31914-9E5C-4E,Net Banking,3367.0,2024-08-21,Failed
PAY101362,1362,92E67313-8E3A-43,Credit Card,4592.7,2026-02-20,Success
PAY101363,1363,4FE41645-2868-40,Cash on Delivery,12712.44,2025-05-05,Success
PAY101364,1364,D383606F-A28D-45,UPI,12705.42,2025-12-15,Success
PAY101365,1365,0C2E06E9-C63D-44,Debit Card,15905.16,2025-02-08,Success
PAY101366,1366,5CC5B0D0-7073-4B,Net Banking,6746.4,2025-05-31,Refunded
PAY101367,1367,431DE3A6-B20D-45,Credit Card,28814.4,2025-07-28,Failed
PAY101368,1368,3980DA91-5508-47,Debit Card,25146.78,2025-04-30,Success
PAY101369,1369,6694D9CA-EC54-48,Debit Card,18100.08,2026-05-30,Refunded
PAY101370,1370,07AEE141-9D37-40,Cash on Delivery,148971.72,2026-01-30,Success
PAY101371,1371,89FB05C9-A43E-49,UPI,1048.0,2025-08-29,Refunded
PAY101372,1372,BA906CE9-127D-4B,Net Banking,143017.56,2025-11-15,Success
PAY101373,1373,8C4BB0FD-645E-4D,Cash on Delivery,15126.33,2025-04-09,Success
PAY101374,1374,25424087-F806-4C,Debit Card,561458.1,2025-10-25,Refunded
PAY101375,1375,54F23855-75E8-42,Credit Card,5935.16,2024-12-10,Success
PAY101376,1376,929E1CAC-229E-4C,Cash on Delivery,2114.82,2025-09-17,Success
PAY101377,1377,548A132D-0D76-45,Cash on Delivery,222874.0,2024-09-11,Success
PAY101378,1378,583E8766-61C2-43,UPI,180815.16,2024-09-12,Success
PAY101379,1379,5BCA7A7A-6037-46,Debit Card,41670.72,2025-05-26,Success
PAY101380,1380,63AB8010-4128-4A,Cash on Delivery,4128.6,2025-08-24,Failed
PAY101381,1381,1FB2FB73-44B3-46,Credit Card,26183.04,2025-12-29,Success
PAY101382,1382,864F72F4-71A4-4E,Debit Card,10331.64,2025-06-19,Success
PAY101383,1383,63BAF8B2-40EF-47,Debit Card,8166.4,2025-11-10,Success
PAY101384,1384,4992A88B-6D21-4B,Cash on Delivery,276755.7,2026-04-07,Success
PAY101385,1385,2FEBF65E-6AFA-48,UPI,1219.75,2026-07-15,Success
PAY101386,1386,62FD3E89-BAEE-43,Debit Card,8400.0,2025-02-13,Failed
PAY101387,1387,4C75AAF1-B346-43,Net Banking,13555.36,2024-07-20,Success
PAY101388,1388,89AC54A7-4CE7-48,Credit Card,3501.28,2024-09-04,Success
PAY101389,1389,FA261DAA-093F-4C,Net Banking,2334.7,2025-08-31,Success
PAY101390,1390,E82B14A0-9972-4E,Credit Card,85714.6,2025-09-07,Success
PAY101391,1391,ADA6E161-EA7F-43,Debit Card,2824.25,2025-07-29,Failed
PAY101392,1392,8FE313BC-0EBF-45,Debit Card,90187.85,2026-02-03,Success
PAY101393,1393,0A22D117-222B-47,Debit Card,5087.76,2025-08-18,Success
PAY101394,1394,F477A6A0-6FD5-4C,UPI,15376.16,2025-01-25,Success
PAY101395,1395,0368BE18-668F-4A,Net Banking,15245.01,2025-01-04,Failed
PAY101396,1396,EE0DFDC4-80B9-4C,UPI,4938.3,2025-07-14,Success
PAY101397,1397,7CFA4F2C-3320-45,Net Banking,6065.1,2025-09-01,Success
PAY101398,1398,DB9B63FC-20AF-4F,Credit Card,3073.6,2026-07-17,Refunded
PAY101399,1399,897E0162-8483-41,UPI,1064.2,2025-10-30,Success
PAY101400,1400,0805FADE-51CA-41,UPI,14279.72,2025-02-24,Refunded
PAY101401,1401,8C630672-486A-4E,Credit Card,9269.25,2025-02-25,Success
PAY101402,1402,5CB02739-F045-47,Cash on Delivery,16572.3,2024-12-10,Failed
PAY101403,1403,883EED64-5335-4E,Cash on Delivery,6842.88,2026-02-20,Success
PAY101404,1404,202C73A3-E536-4A,Cash on Delivery,28910.97,2026-01-19,Success
PAY101405,1405,3BE8870D-73B0-40,Credit Card,1095.72,2024-12-01,Success
PAY101406,1406,E9583A71-AC1D-45,Credit Card,33890.22,2025-05-22,Success
PAY101407,1407,3467C685-BFD7-45,Cash on Delivery,28910.97,2024-08-30,Success
PAY101408,1408,877EE273-54AD-47,Cash on Delivery,172.26,2025-10-19,Success
PAY101409,1409,101F3DE8-13A7-4F,Cash on Delivery,660.0,2026-05-10,Success
PAY101410,1410,0C02BCFF-5B64-46,Debit Card,49583.6,2026-07-12,Failed
PAY101411,1411,462CA09D-7058-41,Net Banking,5302.5,2026-06-07,Refunded
PAY101412,1412,E6E43ED3-243E-45,UPI,7405.2,2025-06-20,Failed
PAY101413,1413,AF8A10A4-96A9-46,Cash on Delivery,1514.2,2025-05-15,Success
PAY101414,1414,9780DF22-50F2-44,Debit Card,15444.0,2026-01-23,Success
PAY101415,1415,F6ED6C86-F036-45,UPI,20592.0,2026-05-03,Success
PAY101416,1416,C17E368F-CB8C-42,Net Banking,14121.25,2025-01-03,Success
PAY101417,1417,2E11B487-55F8-46,Net Banking,2671.29,2026-03-06,Success
PAY101418,1418,970AE480-D9EC-43,UPI,4118.54,2026-07-12,Success
PAY101419,1419,2EE79D94-C978-41,Debit Card,469.8,2024-09-13,Success
PAY101420,1420,1D192C69-9FBE-44,Cash on Delivery,111635.4,2025-11-09,Failed
PAY101421,1421,385EDE94-EDEC-43,Debit Card,131009.76,2025-07-09,Success
PAY101422,1422,CC29C937-F1D3-4B,Cash on Delivery,12539.6,2025-09-04,Success
PAY101423,1423,456CF39B-F437-46,Credit Card,211390.24,2024-11-18,Success
PAY101424,1424,6FD8988B-D391-43,UPI,3089.36,2024-08-13,Success
PAY101425,1425,0CC74694-3790-49,Cash on Delivery,3345.6,2025-06-07,Success
PAY101426,1426,621A6CA7-0F28-4B,Cash on Delivery,74423.6,2025-03-22,Success
PAY101427,1427,C47344D0-4426-4D,Cash on Delivery,28974.7,2025-01-31,Success
PAY101428,1428,AEBFAD68-33F8-45,Cash on Delivery,23100.88,2025-07-02,Refunded
PAY101429,1429,40E3DBAB-7C42-43,Net Banking,2774.68,2025-03-16,Success
PAY101430,1430,3589131B-B821-45,Cash on Delivery,10031.68,2025-04-17,Success
PAY101431,1431,A60107B5-94A0-4C,Cash on Delivery,1336.0,2026-04-30,Failed
PAY101432,1432,31A5BAA5-CEEA-41,Credit Card,6958.25,2025-03-04,Success
PAY101433,1433,68137F70-0F9E-4F,UPI,5796.4,2026-01-06,Success
PAY101434,1434,99B37756-BD38-4B,UPI,156.63,2024-07-31,Success
PAY101435,1435,E9F331AF-411B-4A,Debit Card,11928.0,2025-05-21,Failed
PAY101436,1436,824EE674-CF40-43,Net Banking,2411.1,2025-07-14,Success
PAY101437,1437,9193D6AD-E464-4D,Net Banking,1450.68,2025-09-01,Success
PAY101438,1438,906D3995-4C41-4D,UPI,3320.0,2025-09-11,Failed
PAY101439,1439,F943D8FD-AB00-4C,Debit Card,387825.2,2025-10-31,Success
PAY101440,1440,C35F38F2-5166-40,Credit Card,5669.73,2025-03-19,Failed
PAY101441,1441,F78A7EA5-CD23-4B,Credit Card,286.2,2025-10-28,Success
PAY101442,1442,49147ECB-32D9-4D,Debit Card,65942.88,2025-04-09,Success
PAY101443,1443,8698F05D-5BA1-42,UPI,34151.36,2025-11-26,Success
PAY101444,1444,2C18BE4F-F3CF-4C,UPI,2490.75,2024-09-12,Success
PAY101445,1445,0A1AB81D-B1E8-4D,Cash on Delivery,18318.72,2025-03-29,Success
PAY101446,1446,7F0A955E-0C70-4F,Cash on Delivery,26911.92,2025-04-13,Success
PAY101447,1447,AB3553A3-A69F-43,UPI,1809.6,2025-01-13,Success
PAY101448,1448,1169EA88-EA15-4B,UPI,699.54,2025-10-10,Success
PAY101449,1449,BAF8F5D6-DDDC-43,Debit Card,212810.0,2026-01-21,Failed
PAY101450,1450,EF59FB92-C438-47,Credit Card,81038.4,2025-03-09,Failed
PAY101451,1451,A351D997-59C7-4A,UPI,14969.8,2024-09-25,Success
PAY101452,1452,B9565CF5-B84A-4E,Cash on Delivery,3203.5,2025-11-01,Success
PAY101453,1453,D171CD73-3604-44,Net Banking,905.28,2025-04-21,Refunded
PAY101454,1454,93CFCE6D-5F9B-4E,UPI,21048.5,2026-05-12,Success
PAY101455,1455,07575746-D790-41,Net Banking,45214.4,2025-01-18,Success
PAY101456,1456,5C4C8441-245A-42,Cash on Delivery,152169.6,2025-06-14,Success
PAY101457,1457,B6373C18-5D2A-45,Credit Card,111728.79,2025-11-07,Success
PAY101458,1458,DA570C3D-5AD2-46,UPI,5206.08,2025-07-26,Success
PAY101459,1459,550B008F-819F-46,Credit Card,276755.7,2024-09-13,Success
PAY101460,1460,CAB336A0-27F6-46,Cash on Delivery,4739.6,2025-03-27,Success
PAY101461,1461,95AB38B0-68AA-49,Debit Card,122955.84,2025-03-01,Success
PAY101462,1462,B966F4F9-9BDD-4B,Credit Card,7109.4,2024-10-15,Success
PAY101463,1463,89596EF5-9537-42,Net Banking,2842.14,2026-01-20,Success
PAY101464,1464,2D18BB73-5E27-4A,Net Banking,22175.4,2024-11-28,Success
PAY101465,1465,FD89DC4F-863B-4C,Debit Card,72398.55,2025-07-13,Success
PAY101466,1466,F31A6FF0-5A92-4A,UPI,3656.6,2025-07-01,Success
PAY101467,1467,25B1D6A3-9A3F-43,Credit Card,2883.0,2026-03-24,Success
PAY101468,1468,F8E41B95-6E7D-40,UPI,2782.08,2024-08-14,Refunded
PAY101469,1469,412A16A1-4D8E-48,Cash on Delivery,1596.3,2025-08-28,Failed
PAY101470,1470,4017F500-62F1-43,Debit Card,533.28,2026-05-10,Failed
PAY101471,1471,B60144BE-C2E2-43,UPI,997.28,2025-09-16,Failed
PAY101472,1472,4D43B134-4100-47,UPI,2967.58,2025-09-28,Success
PAY101473,1473,5D9CA0AB-1B75-4C,Debit Card,125104.56,2025-04-29,Success
PAY101474,1474,90D3B6A4-2D9C-4D,UPI,148400.24,2025-03-24,Success
PAY101475,1475,9AC540B8-B0B8-44,Cash on Delivery,31881.8,2025-11-07,Success
PAY101476,1476,539368D9-5715-4C,UPI,801.09,2025-10-31,Success
PAY101477,1477,F6C08118-D402-4C,Cash on Delivery,1529.28,2025-05-16,Success
PAY101478,1478,6D05BA3A-39F0-4F,Debit Card,297763.68,2026-03-25,Success
PAY101479,1479,9D2693A9-1003-43,Credit Card,3495.8,2025-10-30,Refunded
PAY101480,1480,36E42AFE-58BC-49,Cash on Delivery,72398.55,2025-03-01,Failed
PAY101481,1481,13666736-42F8-4D,Debit Card,512.4,2026-03-25,Success
PAY101482,1482,A048178A-A85C-45,Net Banking,4524.0,2025-03-10,Success
PAY101483,1483,069C8D72-6F1B-48,Net Banking,1296.48,2025-09-19,Success
PAY101484,1484,CB69FC58-45A3-4A,UPI,528.95,2024-11-14,Refunded
PAY101485,1485,ECAE4D0D-0843-42,UPI,5698.0,2025-04-28,Success
PAY101486,1486,082F07A2-F379-4C,Debit Card,8690.88,2024-08-26,Failed
PAY101487,1487,3F32EDDF-3A5A-46,Credit Card,20333.04,2026-01-19,Failed
PAY101488,1488,08A3CC45-2008-41,Debit Card,1928.88,2026-05-13,Refunded
PAY101489,1489,0623005C-D7F2-4E,Net Banking,1796.4,2025-12-06,Success
PAY101490,1490,61DDCA45-F107-4B,Debit Card,13326.12,2025-02-05,Success
PAY101491,1491,92584927-D127-4B,Credit Card,167541.44,2024-08-02,Success
PAY101492,1492,7FB2952B-8815-46,Credit Card,3844.04,2026-03-20,Success
PAY101493,1493,6E4C85D1-E6AE-49,Debit Card,247.8,2026-07-16,Success
PAY101494,1494,569A832C-9AEF-4A,UPI,2899.64,2025-02-25,Success
PAY101495,1495,E93864DB-8F69-4A,Debit Card,4288.4,2026-02-13,Success
PAY101496,1496,BE10DD46-CE9F-4C,Cash on Delivery,20192.4,2025-03-29,Success
PAY101497,1497,79F003C8-9461-44,Debit Card,29729.8,2026-06-16,Success
PAY101498,1498,4826F7A9-DE90-46,Credit Card,35604.0,2025-09-18,Failed
PAY101499,1499,26010756-7877-45,Cash on Delivery,17003.96,2026-03-01,Success
PAY101500,1500,14C229B1-0F5D-43,Cash on Delivery,8058.82,2024-08-30,Success
PAY101501,1501,62C94905-92A0-4F,Cash on Delivery,9876.6,2025-01-16,Success
PAY101502,1502,8E079379-91AB-46,Credit Card,1281.4,2024-12-18,Success
PAY101503,1503,F3CF5CB8-13DF-46,Net Banking,2725.72,2025-03-22,Success
PAY101504,1504,59BD5F88-49AB-45,Credit Card,1024.8,2026-05-10,Refunded
PAY101505,1505,464F2422-EFF8-48,Cash on Delivery,898.8,2025-08-14,Success
PAY101506,1506,72378AAD-B7B1-49,Net Banking,3136.5,2026-04-20,Success
PAY101507,1507,A4EA619B-05AB-4E,Debit Card,130016.48,2026-01-27,Success
PAY101508,1508,6E6E17C3-B2FB-47,Debit Card,7665.06,2024-08-20,Refunded
PAY101509,1509,9CFB65E6-CE27-48,Cash on Delivery,166053.42,2025-09-26,Refunded
PAY101510,1510,A02E1AEA-1423-42,Credit Card,9329.58,2025-02-24,Success
PAY101511,1511,45342142-8EEF-45,Net Banking,8981.88,2025-07-10,Failed
PAY101512,1512,5DC065E0-85A5-43,Credit Card,5935.16,2024-11-20,Refunded
PAY101513,1513,F5A34E2B-F849-4A,Cash on Delivery,111754.52,2025-02-20,Success
PAY101514,1514,72AD451F-5313-41,Debit Card,1632.0,2026-02-23,Success
PAY101515,1515,1F4DF6F1-22C9-41,Credit Card,1993.68,2026-06-25,Success
PAY101516,1516,30993874-35CA-48,UPI,2892.24,2025-09-06,Failed
PAY101517,1517,1F9E86CB-9DEB-49,Net Banking,4076.6,2026-03-11,Success
PAY101518,1518,A1A57CB4-6838-44,Net Banking,4209.7,2025-09-06,Success
PAY101519,1519,C251BEA5-7EA9-4A,Debit Card,1729.0,2025-07-28,Success
PAY101520,1520,7C65C6B8-A369-4F,UPI,704.7,2024-08-11,Success
PAY101521,1521,849D0A28-A868-45,Net Banking,340.68,2025-11-20,Success
PAY101522,1522,62F8350F-CA74-4F,Credit Card,11006.16,2025-08-01,Success
PAY101523,1523,01DF3594-9B2B-41,UPI,399.84,2026-05-26,Success
PAY101524,1524,6A7DD982-B36D-45,UPI,14167.02,2024-12-30,Success
PAY101525,1525,AC635EE8-2F50-42,Debit Card,11740.48,2026-06-04,Success
PAY101526,1526,0B042782-F4AA-46,Debit Card,563.56,2025-01-09,Success
PAY101527,1527,62694C09-1098-4A,Net Banking,325041.2,2025-07-22,Refunded
PAY101528,1528,C2ACD886-48D7-4E,UPI,1701.08,2025-11-19,Failed
PAY101529,1529,A090B2AF-DE38-40,UPI,2544.48,2025-09-09,Success
PAY101530,1530,40CD76C2-34CA-4B,Debit Card,7665.06,2025-12-16,Success
PAY101531,1531,B9235844-32A7-45,Net Banking,140.89,2025-03-27,Success
PAY101532,1532,529ED49D-DE58-4D,Cash on Delivery,148440.0,2025-07-24,Success
PAY101533,1533,21456112-0098-4B,Cash on Delivery,328186.32,2024-12-07,Success
PAY101534,1534,89D10183-CAF8-4B,Credit Card,5505.6,2024-11-13,Success
PAY101535,1535,CAF49EC4-60D5-4A,Debit Card,58798.5,2024-12-20,Success
PAY101536,1536,4E3E1EBD-F42D-49,Debit Card,527222.08,2024-12-13,Success
PAY101537,1537,F32C1996-8F75-4A,Cash on Delivery,28762.43,2025-12-30,Success
PAY101538,1538,E27577D3-BF80-4C,Debit Card,4792.77,2025-09-20,Success
PAY101539,1539,72E7BD35-0420-4B,Cash on Delivery,16942.56,2024-12-17,Success
PAY101540,1540,ECBB30ED-C809-4F,UPI,1025.46,2025-01-11,Success
PAY101541,1541,B719C672-1988-4A,Debit Card,185500.3,2025-08-30,Success
PAY101542,1542,F4B4798D-BC0A-42,Credit Card,1528.8,2024-10-30,Refunded
PAY101543,1543,AA9EA17D-3599-48,Net Banking,15126.33,2025-02-13,Success
PAY101544,1544,233994D5-8152-4D,UPI,23911.35,2025-04-01,Failed
PAY101545,1545,D9FAFDDC-E0F7-4A,Credit Card,539.5,2025-10-25,Success
PAY101546,1546,3B2C4C16-2AC4-44,Debit Card,1853.85,2024-09-13,Refunded
PAY101547,1547,B1BCA157-182B-44,Credit Card,11589.88,2025-10-23,Refunded
PAY101548,1548,F4FDD5EE-BDBF-4E,Credit Card,2603.04,2025-09-29,Success
PAY101549,1549,9B45F720-DF7E-41,UPI,7654.5,2024-07-27,Success
PAY101550,1550,A33E3F27-73F0-42,Credit Card,3349.5,2025-07-22,Failed
PAY101551,1551,9C0C5476-ECEB-47,Net Banking,2284.9,2025-05-23,Refunded
PAY101552,1552,532B3102-FBC8-47,Net Banking,830.0,2026-04-05,Refunded
PAY101553,1553,ED8396A6-BC2E-44,Cash on Delivery,366682.8,2026-04-07,Success
PAY101554,1554,58B716EC-E3E1-4B,UPI,2273.55,2025-05-17,Success
PAY101555,1555,D5BEEF1E-3204-45,Debit Card,16367.55,2025-06-07,Success
PAY101556,1556,97948C7F-59C3-44,Debit Card,246.51,2026-03-29,Success
PAY101557,1557,E4C9F7B6-DBAC-45,Credit Card,57922.2,2024-12-08,Success
PAY101558,1558,11F4F068-3E13-46,Credit Card,2276.64,2024-08-06,Success
PAY101559,1559,9C140E83-F7FA-42,Net Banking,12705.42,2025-10-30,Success
PAY101560,1560,A0141103-8CF3-46,Credit Card,13438.5,2026-03-13,Success
PAY101561,1561,9A53911D-6B0E-4A,Net Banking,2842.14,2025-09-02,Refunded
PAY101562,1562,EF8CF310-E2BA-44,Cash on Delivery,7566.48,2025-05-31,Success
PAY101563,1563,2184E34F-E514-4A,Credit Card,7654.5,2025-07-17,Failed
PAY101564,1564,6E3B0CBB-17DC-45,Cash on Delivery,890.43,2025-05-07,Success
PAY101565,1565,FED8C8D0-EB15-46,UPI,283944.51,2025-04-23,Success
PAY101566,1566,F31F0CE6-D6AA-40,UPI,6123.6,2026-02-02,Success
PAY101567,1567,30D5B7D2-E855-45,Cash on Delivery,13089.48,2026-04-11,Success
PAY101568,1568,562A0B3E-F299-42,Net Banking,2304.0,2024-12-24,Success
PAY101569,1569,F86EAA66-5559-4E,Cash on Delivery,346.4,2025-10-05,Success
PAY101570,1570,4013CE20-3D29-41,Debit Card,10079.5,2025-07-17,Success
PAY101571,1571,E8D26FD6-6DDE-47,Cash on Delivery,9385.64,2026-06-12,Success
PAY101572,1572,1E778585-724E-4A,Cash on Delivery,19171.08,2025-08-14,Success
PAY101573,1573,1E8D3002-08E3-49,Credit Card,3477.6,2026-01-23,Success
PAY101574,1574,A2FA385B-6EEB-4A,Credit Card,230878.1,2025-11-14,Success
PAY101575,1575,C148A344-A66F-4F,Cash on Delivery,8178.3,2025-07-07,Failed
PAY101576,1576,5F2EC74A-648E-4B,Credit Card,186.48,2025-11-08,Success
PAY101577,1577,637FC050-0B05-46,UPI,655.32,2026-03-07,Success
PAY101578,1578,21EAFCA3-7EA6-44,Credit Card,2966.64,2024-11-17,Refunded
PAY101579,1579,DB3973E9-5346-48,Debit Card,2993.96,2025-02-19,Success
PAY101580,1580,7D8115C1-4906-4B,UPI,1201.31,2024-10-09,Success
PAY101581,1581,74C5D49C-6130-45,Cash on Delivery,265521.2,2026-06-04,Success
PAY101582,1582,8D4AF912-BD71-4D,Cash on Delivery,691.6,2024-11-17,Success
PAY101583,1583,3D8B25A3-9E9C-49,UPI,1064.2,2024-10-26,Success
PAY101584,1584,E316B416-6EF7-4D,Net Banking,38694.6,2026-04-17,Success
PAY101585,1585,37FA2564-1503-4C,Cash on Delivery,7465.5,2025-03-18,Success
PAY101586,1586,F78E603A-3642-44,Debit Card,198959.2,2025-02-27,Success
PAY101587,1587,427BB5B4-9ED2-4B,Cash on Delivery,317085.36,2025-10-11,Success
PAY101588,1588,F4130C6C-0D7F-4A,UPI,4991.44,2026-01-14,Success
PAY101589,1589,1D09642E-9602-4A,UPI,281.94,2025-06-29,Success
PAY101590,1590,A2CD7C46-9E40-4A,Credit Card,377225.76,2025-05-05,Refunded
PAY101591,1591,5D5B9F71-16CE-47,UPI,10264.32,2025-07-18,Success
PAY101592,1592,087FA8FD-2895-49,UPI,57922.2,2024-07-19,Failed
PAY101593,1593,DE7E9FF6-8167-44,Debit Card,68571.68,2025-01-09,Success
PAY101594,1594,713D37F0-24FE-46,UPI,1558.95,2024-09-20,Refunded
PAY101595,1595,6AB1878E-BBD2-4E,Net Banking,11421.8,2025-06-25,Success
PAY101596,1596,B2588FD8-394C-47,UPI,8400.0,2026-07-10,Success
PAY101597,1597,C4866310-D328-4A,Cash on Delivery,2490.75,2025-10-25,Success
PAY101598,1598,BBEA3621-DEF0-4B,Cash on Delivery,19171.08,2025-01-07,Success
PAY101599,1599,2AF1791F-5EA4-47,Credit Card,4489.2,2024-12-10,Success
PAY101600,1600,3A56B4F0-E33D-4C,UPI,26512.5,2025-11-10,Success
PAY101601,1601,B3EB2177-8665-41,Cash on Delivery,2477.16,2025-04-19,Success
PAY101602,1602,5F00C578-76E8-46,Cash on Delivery,38042.4,2025-03-27,Success
PAY101603,1603,88437DD8-E172-4A,UPI,22607.2,2026-05-29,Failed
PAY101604,1604,4E1E0A0D-D6D1-4E,Debit Card,3157.98,2024-12-26,Success
PAY101605,1605,0BBF8EDC-47B3-4C,Cash on Delivery,6286.8,2025-03-24,Success
PAY101606,1606,072E7475-5C47-42,UPI,6553.47,2025-08-28,Success
PAY101607,1607,84FD75B5-54F6-4A,Debit Card,262709.2,2026-04-19,Success
PAY101608,1608,250DCE74-1D0F-45,UPI,7048.8,2025-09-09,Success
PAY101609,1609,B2411C07-2D67-4E,Debit Card,10384.64,2025-05-04,Success
PAY101610,1610,25746E90-C33C-48,UPI,1164.9,2026-03-20,Success
PAY101611,1611,D0871CDD-747F-47,Debit Card,34285.84,2024-12-01,Failed
PAY101612,1612,3EF6DE0F-3A63-4C,Debit Card,66380.3,2026-01-27,Success
PAY101613,1613,553DF027-3922-4A,Cash on Delivery,1398.32,2025-04-27,Success
PAY101614,1614,59AFCD6C-7ACF-40,Debit Card,94648.17,2025-10-02,Refunded
PAY101615,1615,9977C241-C2D0-4F,Credit Card,9455.4,2026-04-22,Refunded
PAY101616,1616,71CF9340-BCC4-45,Credit Card,427.68,2025-12-28,Success
PAY101617,1617,1509B3D8-943F-46,Cash on Delivery,29750.16,2026-03-28,Success
PAY101618,1618,ACD79C2A-A8FD-4D,Debit Card,1128.28,2025-08-05,Success
PAY101619,1619,5A409087-7E52-49,Net Banking,930.16,2025-06-18,Failed
PAY101620,1620,A579387D-45A2-4A,Net Banking,12249.6,2025-10-22,Success
PAY101621,1621,24B96511-1341-4E,Credit Card,153694.8,2025-02-02,Success
PAY101622,1622,DDAB6DDF-3380-4F,Debit Card,10130.56,2025-06-13,Failed
PAY101623,1623,A3FAB6EF-7503-46,Net Banking,2400.64,2025-03-31,Success
PAY101624,1624,0A6A4809-229E-48,Cash on Delivery,81376.53,2024-11-14,Failed
PAY101625,1625,786C3962-6F57-4E,Debit Card,20357.36,2026-06-07,Success
PAY101626,1626,F837B6F4-9F5B-45,Net Banking,1362.24,2024-08-07,Refunded
PAY101627,1627,E78C7F95-99DB-44,UPI,538537.5,2025-05-28,Success
PAY101628,1628,10C41FC5-6245-40,Debit Card,1507.76,2024-07-20,Success
PAY101629,1629,0B59E97C-FA3F-43,Net Banking,3857.76,2025-11-04,Failed
PAY101630,1630,229BA7DE-D670-4F,Net Banking,1305.6,2025-06-19,Success
PAY101631,1631,E14E3B4B-A790-4A,UPI,5566.23,2024-11-08,Success
PAY101632,1632,33098CC7-B60E-4D,Net Banking,3238.3,2025-11-13,Failed
PAY101633,1633,E8E7D3CE-92CB-47,Credit Card,51428.76,2026-07-09,Success
PAY101634,1634,118F093E-8B1E-43,UPI,20416.0,2026-01-25,Success
PAY101635,1635,46BCB4C5-C07E-43,Net Banking,924.0,2026-03-31,Success
PAY101636,1636,1CD8B543-351A-4A,Net Banking,1529.04,2025-03-15,Success
PAY101637,1637,C2896B42-7854-49,UPI,11928.87,2026-07-04,Success
PAY101638,1638,51FA0EFB-3048-4B,Credit Card,185500.3,2025-11-06,Failed
PAY101639,1639,401906E2-EC9C-47,UPI,7203.6,2024-12-16,Success
PAY101640,1640,14ED395C-B5EA-45,UPI,386516.0,2025-09-13,Refunded
PAY101641,1641,A5852D7D-4A98-4C,Credit Card,65370.8,2025-05-03,Success
PAY101642,1642,063194EC-0345-42,Credit Card,1538.32,2026-03-03,Success
PAY101643,1643,FC2CACD0-0864-4F,Credit Card,21815.8,2024-11-09,Success
PAY101644,1644,02F2972E-9889-4D,Credit Card,3590.55,2025-03-18,Success
PAY101645,1645,AF48BFC6-B320-4D,Net Banking,166458.82,2024-09-08,Failed
PAY101646,1646,24F97130-D604-46,Debit Card,12088.23,2025-05-28,Success
PAY101647,1647,BE702FB7-D4DF-4B,Credit Card,215020.8,2025-07-29,Success
PAY101648,1648,91B27679-41DE-49,UPI,268776.0,2025-06-14,Refunded
PAY101649,1649,561720FF-2333-4D,Cash on Delivery,693.88,2024-12-01,Success
PAY101650,1650,CCF5D7BB-DE7C-41,UPI,1911.6,2025-06-25,Failed
PAY101651,1651,F807D7F4-B801-4A,Debit Card,463469.3,2025-10-15,Success
PAY101652,1652,351AF13F-0966-43,Net Banking,17003.96,2026-06-16,Success
PAY101653,1653,F5A3D09D-1308-41,Net Banking,39222.48,2024-09-30,Success
PAY101654,1654,97E39D36-3582-40,Debit Card,904.8,2026-05-13,Success
PAY101655,1655,55BFAE7B-339D-46,Net Banking,246.51,2025-03-11,Success
PAY101656,1656,A0AAF8C9-2D32-4E,UPI,6528.28,2026-01-07,Success
PAY101657,1657,355A3C46-C5D8-4B,Cash on Delivery,1744.64,2024-12-03,Success
PAY101658,1658,3B833AC4-18EB-4A,Debit Card,1564.62,2025-03-11,Success
PAY101659,1659,77E7F8A6-242F-4B,Debit Card,4365.8,2024-12-06,Success
PAY101660,1660,4981B766-B271-4B,Debit Card,31484.25,2025-02-24,Success
PAY101661,1661,FAB7AA30-3A0A-44,Debit Card,1468.8,2025-09-28,Success
PAY101662,1662,F5E21D74-F30C-43,Cash on Delivery,2686.0,2024-07-22,Success
PAY101663,1663,3B10BCF6-80E9-49,UPI,2275.2,2024-10-15,Refunded
PAY101664,1664,F7C9E765-2E44-4D,Cash on Delivery,9244.6,2025-01-20,Success
PAY101665,1665,AA1BA645-F2D4-4E,UPI,21425.49,2025-01-29,Success
PAY101666,1666,4B88C24E-75FE-4C,UPI,2208.56,2025-02-04,Failed
PAY101667,1667,FFD6C65A-3728-46,Net Banking,169797.84,2024-09-26,Failed
PAY101668,1668,DA99147F-E64B-4C,Net Banking,12345.75,2024-10-17,Success
PAY101669,1669,DA315C19-4878-4F,UPI,1164.9,2025-07-15,Refunded
PAY101670,1670,E2A8C4BE-4C44-47,Debit Card,16800.0,2025-04-08,Failed
PAY101671,1671,2A4DA050-03EE-4E,Debit Card,8981.88,2024-11-03,Failed
PAY101672,1672,C7D195F4-0377-4A,UPI,988.68,2025-05-01,Refunded
PAY101673,1673,09676BB9-DEA9-41,Net Banking,278077.8,2024-08-15,Refunded
PAY101674,1674,64DD5B1B-4DEE-4A,Credit Card,1732.0,2024-12-13,Failed
PAY101675,1675,4D912360-2256-41,Cash on Delivery,7793.28,2026-07-09,Refunded
PAY101676,1676,A9F7B42C-5060-46,Net Banking,14910.0,2025-02-20,Refunded
PAY101677,1677,0BB0071E-0864-47,Cash on Delivery,9069.84,2026-05-31,Success
PAY101678,1678,0CF777B8-3AEB-48,Net Banking,2275.2,2025-08-03,Success
PAY101679,1679,A4BC7DCE-4033-4D,Net Banking,281.94,2025-02-17,Success
PAY101680,1680,94B64DA2-F2E9-46,Credit Card,4938.3,2025-03-23,Success
PAY101681,1681,DD2789A1-2AF7-46,Credit Card,1022.04,2025-06-10,Failed
PAY101682,1682,121B5EF9-A629-49,Debit Card,1701.08,2025-03-29,Refunded
PAY101683,1683,28E8E3B2-61E8-4B,Debit Card,14473.8,2025-10-31,Success
PAY101684,1684,7C263512-DBF1-4D,Debit Card,107707.5,2026-01-10,Refunded
PAY101685,1685,ACEC59B2-EC59-48,Cash on Delivery,104920.02,2026-04-21,Refunded
PAY101686,1686,1D0310FD-469C-40,UPI,86884.96,2026-02-08,Success
PAY101687,1687,7FDA08F8-A19B-4D,Debit Card,7481.88,2025-05-01,Success
PAY101688,1688,28151248-9EF5-48,Debit Card,6804.2,2024-12-31,Success
PAY101689,1689,7B69197A-F97E-4F,Debit Card,4015.84,2025-07-06,Success
PAY101690,1690,D726CF8C-F2FD-4C,Credit Card,310260.16,2024-08-25,Failed
PAY101691,1691,E8ED8A0B-9F5C-45,Cash on Delivery,335095.9,2026-01-08,Success
PAY101692,1692,E76D82DE-79F2-44,UPI,3594.9,2026-03-30,Success
PAY101693,1693,3DE951E8-3BC4-4E,UPI,19833.44,2025-07-23,Success
PAY101694,1694,46DA968D-1AE0-4B,Cash on Delivery,3656.6,2026-07-31,Refunded
PAY101695,1695,118B9224-8418-4A,Net Banking,976.5,2026-01-10,Success
PAY101696,1696,5C6DEB2D-7331-4A,Net Banking,469630.6,2025-12-17,Refunded
PAY101697,1697,A46DD1B6-206E-4C,Cash on Delivery,11297.0,2025-01-15,Failed
PAY101698,1698,0A8098A2-A668-42,Credit Card,5186.94,2025-06-22,Success
PAY101699,1699,4A708274-6AA8-4E,Cash on Delivery,2605.5,2024-08-09,Success
PAY101700,1700,6E99D0BA-AFC6-42,Debit Card,253770.84,2026-04-17,Failed
PAY101701,1701,A8A564CB-2152-47,Credit Card,346.02,2025-05-09,Success
PAY101702,1702,81DD05DF-FAEB-4E,Credit Card,1452.0,2025-04-01,Success
PAY101703,1703,8BD3D366-6596-4E,Net Banking,6870.24,2025-12-04,Success
PAY101704,1704,ACC21A91-D410-45,Net Banking,2093.92,2025-01-30,Success
PAY101705,1705,9E79DC92-999B-45,Credit Card,2233.8,2026-06-26,Success
PAY101706,1706,35230441-43A7-43,Cash on Delivery,310060.2,2025-05-29,Success
PAY101707,1707,ADF5FE3A-C969-47,Credit Card,218277.7,2025-02-26,Success
PAY101708,1708,06AEF2FB-9CBD-49,Cash on Delivery,867.35,2024-10-31,Failed
PAY101709,1709,176AE22B-B200-47,Debit Card,36353.2,2026-07-15,Refunded
PAY101710,1710,70CB79E9-0058-4D,Debit Card,694.12,2025-10-08,Success
PAY101711,1711,5A49F50B-6592-40,Cash on Delivery,4699.2,2024-12-19,Success
PAY101712,1712,22D81C2C-E52B-42,UPI,19398.6,2026-01-21,Success
PAY101713,1713,8680C15C-3F5A-4C,Debit Card,3142.26,2025-04-14,Success
PAY101714,1714,6ECD3EE8-7085-42,Credit Card,1024.8,2026-06-13,Success
PAY101715,1715,C6A3D6C2-C9FA-43,Debit Card,3842.0,2025-02-26,Success
PAY101716,1716,9AE77429-3331-41,UPI,1749.8,2025-04-04,Success
PAY101717,1717,EB4188CF-15BF-4E,Cash on Delivery,3238.3,2026-01-08,Failed
PAY101718,1718,EBD34F01-BDB0-46,Debit Card,714.0,2025-04-12,Success
PAY101719,1719,CAAF5960-A0C4-41,UPI,1645.6,2024-08-29,Success
PAY101720,1720,476F5C17-960F-44,Net Banking,3501.28,2024-08-18,Success
PAY101721,1721,F22F3476-9443-48,Cash on Delivery,1019.36,2025-08-07,Success
PAY101722,1722,1D834577-6693-40,Credit Card,9428.0,2025-07-30,Failed
PAY101723,1723,B2EE5E9B-F7A9-49,Net Banking,1809.6,2026-07-04,Success
PAY101724,1724,537DF98A-8174-4B,Cash on Delivery,5081.67,2026-06-18,Success
PAY101725,1725,DF3AE682-3A1B-4B,Net Banking,90331.5,2025-04-08,Success
PAY101726,1726,7A35A2EC-9514-4C,Credit Card,537.47,2025-09-06,Success
PAY101727,1727,C2F0099B-EA21-44,Cash on Delivery,22012.32,2024-07-28,Failed
PAY101728,1728,E006D158-8D4D-49,Debit Card,12786.72,2025-07-21,Failed
PAY101729,1729,2E177883-F3B7-4B,UPI,1357.92,2025-09-14,Success
PAY101730,1730,CCCB708C-282C-47,UPI,12345.75,2024-07-21,Success
PAY101731,1731,1ACB258D-088B-49,Net Banking,484174.8,2025-06-18,Failed
PAY101732,1732,FA05EE2C-279E-41,Debit Card,62552.28,2026-04-04,Success
PAY101733,1733,9EF93D84-499B-41,UPI,11740.48,2025-02-01,Success
PAY101734,1734,818D609F-F64E-43,Debit Card,8585.44,2025-11-18,Success
PAY101735,1735,D563CB75-2BBD-40,Cash on Delivery,8652.0,2026-02-23,Failed
PAY101736,1736,2DF08397-73C9-40,Cash on Delivery,41780.9,2025-09-28,Success
PAY101737,1737,7EA3A50C-59C7-43,Debit Card,1112.97,2024-11-10,Success
PAY101738,1738,7E67BE53-5230-47,Net Banking,55560.96,2025-01-18,Success
PAY101739,1739,AE7B70DD-65EB-43,Net Banking,355799.2,2024-11-24,Refunded
PAY101740,1740,F7995CCB-3D32-41,Cash on Delivery,53564.9,2025-09-30,Success
PAY101741,1741,407BA9BC-91B2-4B,Debit Card,9545.95,2025-01-08,Refunded
PAY101742,1742,04743D71-C602-4C,Credit Card,2284.36,2025-03-10,Success
PAY101743,1743,6487F22B-3F41-47,Credit Card,74485.86,2025-09-08,Success
PAY101744,1744,7838B572-E05B-4F,Debit Card,6920.64,2026-06-08,Refunded
PAY101745,1745,11231C63-9780-45,Cash on Delivery,1922.1,2025-02-13,Success
PAY101746,1746,C980B1E3-4DA5-46,Cash on Delivery,11589.88,2025-10-10,Success
PAY101747,1747,5FA534D1-16E7-47,UPI,797.28,2024-10-18,Success
PAY101748,1748,849CFECB-D297-4C,UPI,16484.0,2025-01-07,Success
PAY101749,1749,58D4AC28-6777-4B,Debit Card,45214.4,2025-03-06,Success
PAY101750,1750,6BA9A7BF-048F-42,Cash on Delivery,94306.44,2026-03-07,Success
PAY101751,1751,0CE1D2E0-A877-4E,Debit Card,19833.44,2024-11-08,Success
PAY101752,1752,4B8A7C13-C151-43,Cash on Delivery,7485.66,2025-03-26,Success
PAY101753,1753,7E7AC82C-573D-49,UPI,2912.64,2025-09-19,Success
PAY101754,1754,BF6D5123-F37E-4C,UPI,10668.41,2024-10-30,Success
PAY101755,1755,79D38072-591F-48,UPI,111284.93,2026-03-04,Success
PAY101756,1756,11F903F6-397F-4F,UPI,90407.58,2025-08-30,Success
PAY101757,1757,B0A3DDDC-55CF-49,Credit Card,1362.24,2025-11-28,Success
PAY101758,1758,4906EF1E-FEB6-41,Credit Card,2495.72,2025-09-11,Success
PAY101759,1759,E67C4446-01C9-4F,Credit Card,10185.12,2025-12-30,Failed
PAY101760,1760,70A4033B-DD2E-4A,Debit Card,65942.88,2024-12-19,Success
PAY101761,1761,AC81557D-6BE3-41,Net Banking,660.0,2025-06-11,Success
PAY101762,1762,DA666048-4B9C-4B,UPI,9139.6,2025-12-11,Success
PAY101763,1763,B2648264-E73D-4A,Net Banking,85129.2,2025-04-25,Refunded
PAY101764,1764,74DA3F22-7289-42,Credit Card,3832.53,2026-05-13,Success
PAY101765,1765,EA2EF4FB-AD7C-40,Credit Card,3004.8,2025-04-07,Success
PAY101766,1766,4E0FFA04-CF76-43,Debit Card,1074.94,2026-03-01,Failed
PAY101767,1767,B2C7C2F8-493F-4E,Net Banking,20416.0,2024-09-16,Success
PAY101768,1768,459B4115-32F6-4B,Credit Card,5964.0,2024-09-14,Success
PAY101769,1769,72333F63-FC7E-41,Debit Card,3076.64,2025-09-15,Success
PAY101770,1770,FB64E813-9AB4-4A,Credit Card,111728.79,2026-01-08,Failed
PAY101771,1771,FADAB8C1-5254-43,Cash on Delivery,4102.2,2026-05-24,Success
PAY101772,1772,078916CB-7625-44,Net Banking,81536.9,2024-12-01,Success
PAY101773,1773,E97EF844-B1A0-44,UPI,9455.4,2024-11-03,Failed
PAY101774,1774,E0EF1581-45D7-4D,UPI,22813.47,2025-11-25,Failed
PAY101775,1775,ED82B853-5486-46,Net Banking,7203.6,2025-12-09,Refunded
PAY101776,1776,51D93F26-AA4B-41,Cash on Delivery,1587.52,2024-10-27,Success
PAY101777,1777,FEDFC7D8-4F74-45,Debit Card,2507.76,2025-01-27,Failed
PAY101778,1778,22C94F46-23D2-45,Cash on Delivery,2625.96,2025-06-29,Success
PAY101779,1779,361A514C-2557-45,UPI,104920.02,2024-09-27,Success
PAY101780,1780,E6A391D8-E225-4B,Credit Card,5964.0,2025-10-28,Success
PAY101781,1781,41EED8D9-9957-44,Credit Card,364655.25,2025-04-14,Failed
PAY101782,1782,14A2058B-C438-4D,Debit Card,1446.12,2025-01-05,Success
PAY101783,1783,D5875018-92AE-46,Credit Card,5433.45,2025-02-01,Success
PAY101784,1784,2506092F-DE3A-4B,Debit Card,5303.8,2024-11-01,Success
PAY101785,1785,E55096C7-E37F-49,Debit Card,5870.24,2025-01-07,Refunded
PAY101786,1786,0F58B13B-236B-45,UPI,75631.65,2025-04-23,Success
PAY101787,1787,D4DA0EF2-F677-4E,Debit Card,2068.56,2025-05-25,Refunded
PAY101788,1788,E44131D2-BBE1-49,UPI,233681.0,2025-04-28,Success
PAY101789,1789,29CDFB58-FEA1-46,Net Banking,2507.76,2025-07-02,Success
PAY101790,1790,E9F105EF-3BA1-47,Debit Card,1345.4,2026-01-15,Success
PAY101791,1791,C561399F-C2B3-4A,Net Banking,38022.45,2025-09-06,Failed
PAY101792,1792,92E5F057-4F32-49,Credit Card,5923.7,2025-08-08,Failed
PAY101793,1793,AD1B75FB-E79E-44,Net Banking,556424.65,2025-10-19,Success
PAY101794,1794,38881776-13F5-42,Cash on Delivery,3477.6,2024-10-06,Success
PAY101795,1795,644D3E70-BECD-49,UPI,90883.0,2025-12-01,Success
PAY101796,1796,C0F4DE43-48C9-4B,Net Banking,12573.6,2026-04-23,Success
PAY101797,1797,22D4F00E-E356-4E,Cash on Delivery,30166.8,2025-12-30,Success
PAY101798,1798,5400FE13-2B4B-41,UPI,2629.75,2026-06-30,Success
PAY101799,1799,E1E41715-0026-41,Net Banking,3662.01,2025-04-16,Success
PAY101800,1800,2066BF4C-C52A-45,Credit Card,12306.6,2025-06-05,Success
PAY101801,1801,975F3DEA-0726-40,Debit Card,16572.3,2024-10-07,Refunded
PAY101802,1802,9BE7F8C6-8F0C-46,Cash on Delivery,12573.6,2025-08-09,Success
PAY101803,1803,F15E8BE4-01E8-4B,UPI,556424.65,2025-03-22,Refunded
PAY101804,1804,D065DFA1-F96E-44,Credit Card,65478.6,2025-05-28,Success
PAY101805,1805,44680294-0D53-4A,UPI,704.7,2025-04-11,Success
PAY101806,1806,60AD5FE3-67E7-40,Net Banking,162076.8,2025-02-14,Success
PAY101807,1807,3E3A9D5C-89AA-43,Cash on Delivery,1992.6,2026-02-02,Success
PAY101808,1808,E62DDEC1-02C2-43,Credit Card,26877.0,2025-10-20,Success
PAY101809,1809,C2226715-6E5B-4B,UPI,3710.82,2024-08-31,Success
PAY101810,1810,DE2744DF-4DCF-4C,Cash on Delivery,265521.2,2026-01-02,Success
PAY101811,1811,AD753FCC-418A-43,Net Banking,387825.2,2025-02-15,Failed
PAY101812,1812,9ADBE6C3-E756-47,Credit Card,62012.04,2024-12-19,Success
PAY101813,1813,F4622988-4F4F-4D,Net Banking,4904.4,2026-04-21,Success
PAY101814,1814,E27C8C48-E1EB-4A,Net Banking,4102.2,2025-03-25,Success
PAY101815,1815,D35023AA-1018-4E,UPI,49096.8,2024-09-07,Success
PAY101816,1816,B1B00BF3-EAD5-44,UPI,1850.55,2025-03-23,Success
PAY101817,1817,246AA6C6-1D7A-47,Credit Card,2284.9,2025-03-11,Success
PAY101818,1818,5C20E49E-3566-47,Net Banking,3023.28,2025-03-05,Refunded
PAY101819,1819,C65FAC15-0D8A-40,Cash on Delivery,296.4,2025-08-13,Failed
PAY101820,1820,7A5DA83E-DEDF-41,Credit Card,2507.92,2025-09-27,Success
PAY101821,1821,B5A21853-408A-41,Net Banking,2191.44,2026-06-12,Success
PAY101822,1822,986140B9-7274-46,Net Banking,3752.75,2025-04-19,Refunded
PAY101823,1823,D7988292-CC3F-4F,Debit Card,398.64,2026-05-07,Success
PAY101824,1824,480ED3C9-4AAF-49,Debit Card,93926.12,2026-05-19,Success
PAY101825,1825,7D8FD867-DD2B-42,Cash on Delivery,41780.9,2026-01-14,Refunded
PAY101826,1826,F9E1BA63-26CF-44,Debit Card,2133.12,2026-06-15,Success
PAY101827,1827,C96FB765-2C08-48,Net Banking,6609.2,2026-01-01,Success
PAY101828,1828,C72CFF8E-3F8D-4E,Cash on Delivery,1258.95,2026-02-26,Success
PAY101829,1829,03F2412C-0F0F-4D,UPI,2858.52,2025-02-01,Failed
PAY101830,1830,76084D4D-A196-47,Credit Card,1744.64,2026-02-04,Refunded
PAY101831,1831,D539B985-0826-46,Debit Card,26669.5,2024-08-27,Failed
PAY101832,1832,8DBD19EC-5B50-4B,Credit Card,11385.99,2026-05-16,Failed
PAY101833,1833,E13C9062-D6E2-45,Credit Card,371.7,2025-06-19,Success
PAY101834,1834,FB4E21D1-D982-40,Net Banking,25240.5,2025-01-21,Success
PAY101835,1835,474D092E-FFA7-4A,UPI,1586.85,2026-04-01,Success
PAY101836,1836,34EA8D12-CF25-4F,Credit Card,1597.12,2024-12-22,Success
PAY101837,1837,0FBAC164-99A2-49,Credit Card,15181.32,2025-05-06,Success
PAY101838,1838,D743F5EE-9424-4D,Credit Card,1732.0,2025-07-13,Success
PAY101839,1839,76CF04CC-C44B-40,Debit Card,1074.4,2026-04-11,Success
PAY101840,1840,7E4E585A-604A-4C,Debit Card,10863.6,2025-04-09,Success
PAY101841,1841,6C42FF74-91D7-48,Debit Card,11038.24,2025-12-08,Success
PAY101842,1842,3D98CBEB-187C-4F,Credit Card,3594.9,2025-09-28,Success
PAY101843,1843,2DE90F61-BBEB-43,Net Banking,349.77,2025-04-15,Success
PAY101844,1844,9F29F2D1-0BC3-44,Credit Card,699.54,2026-06-22,Failed
PAY101845,1845,B0DD39A8-B9CD-4D,Cash on Delivery,4150.0,2025-11-19,Success
PAY101846,1846,E163E2A8-D0F5-49,Debit Card,3825.0,2025-10-09,Success
PAY101847,1847,10F3DA29-3A34-40,Cash on Delivery,17941.28,2025-10-16,Success
PAY101848,1848,4DCFA2C7-307B-4D,Credit Card,699.54,2025-06-08,Success
PAY101849,1849,1E074944-E1E0-42,Net Banking,46201.76,2025-10-15,Success
PAY101850,1850,DCCD8B92-7D8A-4E,Credit Card,3100.17,2024-11-16,Success
PAY101851,1851,01FE8C46-FCA4-4C,Cash on Delivery,466.94,2025-08-09,Success
PAY101852,1852,BAC47F7D-0604-45,Debit Card,170948.96,2025-04-07,Success
PAY101853,1853,1209997D-09D1-49,Net Banking,172.48,2025-07-25,Success
PAY101854,1854,8FC01A4D-1A61-46,Cash on Delivery,652.8,2024-10-31,Success
PAY101855,1855,34B646A4-B820-45,UPI,5367.6,2025-04-27,Success
PAY101856,1856,8189F7FE-5C00-4D,Cash on Delivery,3468.35,2026-06-16,Success
PAY101857,1857,B675396E-BA56-46,Net Banking,275463.52,2026-04-26,Success
PAY101858,1858,686558EE-3B89-4C,Cash on Delivery,4291.1,2024-09-02,Failed
PAY101859,1859,B8AB173C-A2CA-4A,Cash on Delivery,1842.75,2024-10-12,Success
PAY101860,1860,A24865A4-F108-4E,Cash on Delivery,4209.7,2025-10-24,Success
PAY101861,1861,F64FAEAF-B762-4A,Cash on Delivery,2400.64,2024-11-24,Success
PAY101862,1862,EB6587B7-FE6B-48,Net Banking,315481.98,2025-06-29,Refunded
PAY101863,1863,33E422E3-1D36-4B,UPI,503.01,2026-06-13,Success
PAY101864,1864,92FA8CC4-4AD9-4D,Credit Card,21033.04,2024-10-25,Success
PAY101865,1865,6B936F0A-A19B-45,Cash on Delivery,2178.0,2025-01-28,Success
PAY101866,1866,58EB4E50-3124-48,Credit Card,9458.1,2026-02-07,Success
PAY101867,1867,6983121C-B080-4F,Debit Card,5678.4,2024-09-11,Success
PAY101868,1868,A3E292F6-FB65-44,Debit Card,335.34,2026-07-17,Success
PAY101869,1869,70926A9A-2609-41,Cash on Delivery,533.28,2025-04-24,Success
PAY101870,1870,E17AB141-B750-4F,Credit Card,1362.86,2026-02-05,Success
PAY101871,1871,D1D95EF3-36D5-42,Credit Card,226491.12,2025-12-21,Refunded
PAY101872,1872,2A7515A3-CB8F-48,UPI,89260.2,2025-09-30,Success
PAY101873,1873,F175BC02-D965-4D,Cash on Delivery,25740.0,2025-03-09,Success
PAY101874,1874,2BDB81BF-D9A9-4B,Credit Card,80572.32,2024-10-15,Success
PAY101875,1875,EC129062-A012-4B,Cash on Delivery,1482.0,2026-04-10,Success
PAY101876,1876,3914090D-24D4-46,Debit Card,1147.62,2025-07-11,Success
PAY101877,1877,DDA9A5C0-627A-42,UPI,12786.72,2025-02-22,Success
PAY101878,1878,272A6867-1339-40,Cash on Delivery,416.64,2024-12-19,Success
PAY101879,1879,D352C177-7411-4F,Net Banking,4002.0,2025-12-09,Failed
PAY101880,1880,8AB7E591-E496-48,Cash on Delivery,3182.28,2026-06-03,Success
PAY101881,1881,33C85704-9A2A-4E,Net Banking,178182.48,2025-06-04,Success
PAY101882,1882,62470D61-44AF-40,Cash on Delivery,5802.72,2025-11-04,Failed
PAY101883,1883,BEEFC3B5-1B55-42,Cash on Delivery,3619.2,2025-06-29,Failed
PAY101884,1884,0E4DAA1C-0ECA-46,UPI,7146.3,2024-10-09,Success
PAY101885,1885,7606F788-6FF6-4D,UPI,1415.04,2025-06-07,Success
PAY101886,1886,AD1CF019-567A-48,Cash on Delivery,2495.7,2024-07-27,Success
PAY101887,1887,82229758-84B0-4D,UPI,378592.68,2026-01-18,Success
PAY101888,1888,10F489E6-EC2A-46,Net Banking,188612.88,2024-07-30,Failed
PAY101889,1889,55E1B6A0-1687-4E,Debit Card,187656.84,2025-09-04,Success
PAY101890,1890,5E93E359-D148-44,Net Banking,14378.31,2025-12-20,Failed
PAY101891,1891,9E2452FD-E3C3-44,Debit Card,99427.38,2026-01-24,Success
PAY101892,1892,06481C58-5BFF-42,Debit Card,815.32,2024-08-29,Success
PAY101893,1893,00C6D66C-9228-40,Cash on Delivery,111231.12,2024-12-24,Success
PAY101894,1894,0DB48E95-1459-47,Debit Card,45203.79,2025-07-03,Success
PAY101895,1895,981A7FA1-1323-4C,Cash on Delivery,5081.67,2026-07-01,Success
PAY101896,1896,3ED55725-8A95-47,Credit Card,561.0,2025-03-20,Success
PAY101897,1897,59D9288D-0B36-44,Credit Card,5294.38,2026-04-04,Refunded
PAY101898,1898,5C0FBE75-3B73-4D,UPI,21048.5,2026-06-23,Success
PAY101899,1899,D6A5D41C-0CBE-47,UPI,3023.28,2025-06-16,Success
PAY101900,1900,515AE87F-494D-4B,UPI,419.65,2025-12-03,Success
PAY101901,1901,FEDF2E9B-5762-44,UPI,1195.92,2024-08-28,Failed
PAY101902,1902,D47A2187-A055-4C,Credit Card,165316.74,2026-04-17,Success
PAY101903,1903,2E9E93C0-26B5-4E,Net Banking,672.7,2024-11-16,Success
PAY101904,1904,3DD7BC04-7DBE-47,Cash on Delivery,101965.5,2026-05-31,Success
PAY101905,1905,8A365F94-060D-4D,UPI,6507.6,2025-09-18,Success
PAY101906,1906,5A147BDF-CCE4-46,Credit Card,43712.64,2024-12-08,Success
PAY101907,1907,02FAA5E1-E3B9-48,UPI,206013.48,2024-08-12,Refunded
PAY101908,1908,CBFF963A-591A-44,Net Banking,469.8,2024-08-08,Success
PAY101909,1909,BFBDD4CE-7535-4B,Debit Card,1041.6,2026-07-16,Refunded
PAY101910,1910,70E08F2F-E20E-43,Net Banking,5656.8,2026-07-07,Refunded
PAY101911,1911,83B8A8A8-64C2-4E,Credit Card,24248.25,2026-06-18,Success
PAY101912,1912,1853626E-9F7A-4F,Net Banking,3345.6,2024-08-15,Success
PAY101913,1913,29084FBE-45CA-46,Debit Card,2992.8,2025-11-06,Success
PAY101914,1914,CB897121-2711-46,Debit Card,86287.29,2026-05-30,Success
PAY101915,1915,74AFF9F7-6C6D-43,Credit Card,933.88,2026-05-06,Success
PAY101916,1916,B14F55DD-DA20-41,UPI,2445.96,2026-01-30,Success
PAY101917,1917,CE0BFE4C-E407-4E,Net Banking,5554.9,2026-01-15,Success
PAY101918,1918,96777A82-FC5F-46,Credit Card,71159.84,2026-06-11,Success
PAY101919,1919,0A3DE515-3758-4A,Debit Card,17177.6,2025-05-30,Success
PAY101920,1920,E7246183-AF93-44,Net Banking,199365.8,2026-06-20,Success
PAY101921,1921,08BA7533-87CC-47,UPI,378592.68,2026-03-25,Success
PAY101922,1922,C3FC8A76-5CD0-42,Credit Card,5503.08,2024-09-02,Success
PAY101923,1923,F04CF9F7-7EB5-45,Credit Card,3089.36,2025-03-21,Success
PAY101924,1924,41E9654E-6D15-42,Debit Card,3837.68,2025-01-03,Failed
PAY101925,1925,11BDE126-6D12-49,Net Banking,1643.58,2024-09-22,Success
PAY101926,1926,BFEE1299-5368-49,UPI,6628.92,2025-10-14,Refunded
PAY101927,1927,B880DB49-C2E2-47,Net Banking,4648.0,2026-06-08,Success
PAY101928,1928,F1226EB0-0B9A-4E,UPI,173.01,2025-01-28,Success
PAY101929,1929,365C8AFD-DA26-4C,Debit Card,3779.82,2025-05-01,Success
PAY101930,1930,6A802DED-106B-4B,Credit Card,21390.0,2026-06-15,Success
PAY101931,1931,C9A67FD4-0371-43,Credit Card,82428.6,2024-09-11,Success
PAY101932,1932,9C674A58-B1F8-46,Credit Card,11038.24,2025-08-27,Refunded
PAY101933,1933,380F8183-3F07-48,Net Banking,7405.2,2025-05-13,Success
PAY101934,1934,BE11CD93-72E8-40,Debit Card,693.88,2025-11-08,Success
PAY101935,1935,E0F00545-B0CD-43,Credit Card,16942.56,2025-08-24,Failed
PAY101936,1936,3CEBC169-1B3A-4E,UPI,6835.2,2025-11-06,Success
PAY101937,1937,6C65C6D5-841D-4F,Debit Card,823.65,2024-10-15,Failed
PAY101938,1938,1F6E262C-EF79-48,Credit Card,375704.48,2025-02-08,Success
PAY101939,1939,DDF77E53-8697-4F,UPI,6642.64,2024-08-02,Success
PAY101940,1940,A0A21F65-E2AD-4D,Cash on Delivery,497136.9,2025-11-09,Success
PAY101941,1941,D6AD33C8-D7AB-4F,Net Banking,437581.76,2026-02-21,Success
PAY101942,1942,EBD67B67-C834-4D,Debit Card,1365.12,2025-06-28,Success
PAY101943,1943,8C979132-585D-44,Cash on Delivery,1900.36,2024-11-18,Success
PAY101944,1944,80417608-43EF-46,Credit Card,38697.75,2026-03-18,Success
PAY101945,1945,199F45DA-2E72-46,UPI,2198.25,2026-05-23,Refunded
PAY101946,1946,3B3B8633-CC7F-4B,Credit Card,1153.2,2024-07-29,Success
PAY101947,1947,804CCEF9-B540-4C,Net Banking,125342.7,2026-03-07,Success
PAY101948,1948,CC2458A9-4F1F-45,Debit Card,148767.0,2025-07-12,Failed
PAY101949,1949,A5216584-6EED-41,Cash on Delivery,7793.28,2025-11-15,Success
PAY101950,1950,4C680896-4D1A-49,Credit Card,10366.4,2025-03-19,Success
PAY101951,1951,46FEAC23-8EC2-45,Debit Card,7542.4,2026-04-26,Success
PAY101952,1952,70C041EA-FD1F-4C,UPI,278081.58,2025-08-09,Success
PAY101953,1953,247FAA0F-B0E1-44,UPI,104920.02,2025-01-27,Success
PAY101954,1954,B2C98F6F-4CBF-4C,Debit Card,27110.72,2025-03-20,Failed
PAY101955,1955,E009C6D0-1FFE-40,Net Banking,978.75,2024-11-19,Refunded
PAY101956,1956,F14678F5-372B-42,Debit Card,2936.25,2024-08-30,Failed
PAY101957,1957,483C709B-31F5-44,Debit Card,4792.77,2026-04-03,Failed
PAY101958,1958,7F70AF3A-0E54-45,Net Banking,278592.5,2024-11-12,Success
PAY101959,1959,D7EA569F-7B86-48,Credit Card,4556.8,2024-11-04,Success
PAY101960,1960,B4B67222-813D-44,Cash on Delivery,5015.84,2025-08-11,Success
PAY101961,1961,6A3C8C1F-FA9A-45,Debit Card,910.08,2024-08-15,Success
PAY101962,1962,61043CE4-AED7-40,Cash on Delivery,16474.16,2025-07-19,Success
PAY101963,1963,F5879D22-A14A-4D,Debit Card,1810.56,2025-01-22,Success
PAY101964,1964,AACED26F-0394-46,Net Banking,9741.6,2024-09-08,Failed
PAY101965,1965,C70DE628-CB5B-48,Cash on Delivery,671.84,2026-02-02,Success
PAY101966,1966,00F02E87-2173-4F,Debit Card,14437.8,2025-11-10,Success
PAY101967,1967,C13E87DC-19E9-4E,UPI,1678.6,2025-05-02,Failed
PAY101968,1968,D978F748-0478-44,Debit Card,1818.84,2024-10-16,Failed
PAY101969,1969,70066FB6-22D6-42,Cash on Delivery,4648.0,2025-08-15,Success
PAY101970,1970,C5F821D8-65EC-46,Debit Card,3320.0,2024-10-18,Success
PAY101971,1971,444C4B76-E7FB-49,Cash on Delivery,185500.3,2024-10-28,Success
PAY101972,1972,CE02327D-1312-46,Debit Card,1060.76,2026-03-27,Success
PAY101973,1973,C3E15D76-BD72-41,UPI,11579.04,2026-06-06,Success
PAY101974,1974,C2CB7AA5-F2C9-48,UPI,1709.1,2025-10-18,Success
PAY101975,1975,EC07EBB8-EB1D-4E,Credit Card,206597.64,2025-12-27,Success
PAY101976,1976,48D39EA9-C384-41,Credit Card,186214.65,2025-01-16,Success
PAY101977,1977,674F21E9-28B6-41,UPI,1060.76,2024-08-26,Success
PAY101978,1978,3BD8A575-202D-41,Net Banking,436718.32,2024-09-18,Refunded
PAY101979,1979,9FAADA27-0815-4E,Net Banking,15905.16,2025-01-23,Failed
PAY101980,1980,0A25ED7B-8414-41,Debit Card,6920.64,2025-10-25,Success
PAY101981,1981,FA447422-8897-45,UPI,215415.0,2025-03-20,Success
PAY101982,1982,840A20CB-BE39-4C,Credit Card,6847.4,2025-02-01,Success
PAY101983,1983,5B78FA09-D32B-43,Debit Card,874.9,2025-01-01,Failed
PAY101984,1984,57848339-453D-42,Debit Card,3073.6,2025-12-25,Refunded
PAY101985,1985,1A96741F-CA7F-44,Credit Card,4200.0,2025-09-01,Success
PAY101986,1986,F5C4D028-4429-4F,Credit Card,45165.75,2025-11-19,Success
PAY101987,1987,8C5597B1-24C9-4D,Cash on Delivery,326.4,2025-11-18,Failed
PAY101988,1988,4603BF73-2D8D-4E,Cash on Delivery,1452.0,2025-10-26,Success
PAY101989,1989,7D4BA9E1-25CA-49,Cash on Delivery,81536.9,2024-09-30,Refunded
PAY101990,1990,6B681EA0-F162-4C,Net Banking,3586.8,2025-05-21,Success
PAY101991,1991,2C5C06FF-9090-47,Net Banking,90331.5,2025-03-07,Success
PAY101992,1992,79BC932C-95BA-45,Credit Card,728.16,2025-06-19,Failed
PAY101993,1993,8C385633-8661-4B,UPI,4235.64,2024-11-08,Success
PAY101994,1994,E499833E-78AE-4B,Net Banking,9982.8,2026-05-24,Success
PAY101995,1995,2C4D8EDC-2341-4D,Cash on Delivery,2178.0,2026-05-13,Success
PAY101996,1996,34BCB314-A6F7-46,Cash on Delivery,1112.97,2025-04-04,Success
PAY101997,1997,FFC52A47-EEAD-42,UPI,1362.2,2025-11-05,Success
PAY101998,1998,C4D87FCB-8F78-46,Debit Card,313.26,2026-04-25,Refunded
PAY101999,1999,05098E7C-2C76-4C,Net Banking,2411.1,2025-03-24,Success
PAY102000,2000,B3D96967-0AF8-4B,UPI,1564.62,2025-03-01,Success
PAY102001,2001,7FEC2BEF-00D5-4C,Credit Card,8946.0,2025-05-13,Success
PAY102002,2002,D10E3741-0C37-44,Net Banking,81038.4,2026-01-04,Refunded
PAY102003,2003,65EF1D2D-487A-45,Credit Card,32665.32,2024-10-02,Success
PAY102004,2004,38509AAA-8F3E-48,Debit Card,93926.12,2024-11-26,Success
PAY102005,2005,E5C47DD2-7503-45,Debit Card,17384.55,2026-03-13,Success
PAY102006,2006,7CEC6B66-454D-4B,Credit Card,7141.83,2025-10-25,Success
PAY102007,2007,F4929A10-E1BE-4C,Debit Card,244650.28,2026-03-27,Success
PAY102008,2008,3584965F-61BD-4C,Net Banking,12249.6,2026-03-11,Success
PAY102009,2009,8263AFA5-3F1C-44,UPI,689.92,2025-08-03,Success
PAY102010,2010,E6A0C7DF-4DB0-41,Net Banking,172.26,2025-05-31,Success
PAY102011,2011,42E6E8BD-B3BF-4F,Credit Card,85605.8,2025-09-18,Success
PAY102012,2012,71C3F329-3D5F-4A,Debit Card,5484.9,2024-09-23,Success
PAY102013,2013,049C4A84-1F87-40,Debit Card,4182.0,2025-08-27,Refunded
PAY102014,2014,69F2AEA8-1FEC-4C,UPI,60505.32,2025-01-19,Refunded
PAY102015,2015,71329D85-F67D-41,Cash on Delivery,692.8,2025-06-24,Refunded
PAY102016,2016,9640A2B5-2591-41,UPI,13305.24,2025-01-28,Failed
PAY102017,2017,21D2946B-C5A3-4F,Credit Card,1810.56,2024-09-29,Refunded
PAY102018,2018,BD823664-AAE5-4B,Net Banking,45378.99,2026-06-03,Failed
PAY102019,2019,13919DB6-63B8-4F,Cash on Delivery,1101.6,2026-05-30,Success
PAY102020,2020,8F493E57-EA14-42,Cash on Delivery,10957.5,2026-05-17,Success
PAY102021,2021,3DE663BC-0479-4F,Net Banking,1633.05,2024-08-26,Success
PAY102022,2022,9C8A039A-61A2-4B,UPI,694.4,2025-03-20,Failed
PAY102023,2023,E216A6F8-8621-43,Credit Card,838.35,2025-05-21,Failed
PAY102024,2024,3E6CFA6B-0A24-49,Net Banking,2310.0,2025-12-15,Success
PAY102025,2025,39965EF0-D04B-46,Net Banking,211390.24,2025-12-13,Refunded
PAY102026,2026,0DE67D3D-8EDB-44,UPI,1079.0,2024-10-05,Success
PAY102027,2027,AC88B152-3227-48,UPI,9244.6,2026-07-11,Success
PAY102028,2028,39F6B793-A239-40,Credit Card,1400.82,2025-07-04,Success
PAY102029,2029,C5844490-2CCD-4F,Debit Card,14971.32,2026-07-03,Success
PAY102030,2030,D951B4AA-5229-49,Credit Card,11928.0,2026-01-07,Success
PAY102031,2031,6A79B3D1-69B6-49,Debit Card,3510.0,2025-06-17,Failed
PAY102032,2032,02B2D456-588D-45,Debit Card,340409.52,2024-09-27,Failed
PAY102033,2033,AFCFF94A-8BC8-4A,Debit Card,1709.1,2025-08-01,Success
PAY102034,2034,FB4423C0-DD6B-46,Cash on Delivery,792.65,2025-05-12,Success
PAY102035,2035,1570790F-5436-49,Cash on Delivery,7098.0,2025-10-17,Success
PAY102036,2036,0E56121E-AE44-48,UPI,11042.8,2025-10-03,Success
PAY102037,2037,02471A19-9031-4E,UPI,93926.12,2025-01-03,Success
PAY102038,2038,FA8F8EC9-60DB-44,Credit Card,30688.68,2025-08-07,Success
PAY102039,2039,8D335E79-D086-42,UPI,7970.45,2025-12-29,Success
PAY102040,2040,504030A7-731D-45,Credit Card,65942.88,2025-05-19,Success
PAY102041,2041,8F563916-752D-4E,Cash on Delivery,7691.6,2026-03-05,Success
PAY102042,2042,A48E48C1-49F8-4D,UPI,6574.5,2025-01-24,Refunded
PAY102043,2043,2E977EDB-FADE-49,UPI,377485.2,2025-10-10,Success
PAY102044,2044,C69AFB55-6B61-4C,Net Banking,287.28,2025-01-08,Success
PAY102045,2045,2BF1D268-0BE7-49,Cash on Delivery,173.01,2025-03-09,Success
PAY102046,2046,04090F01-1197-45,Cash on Delivery,224583.24,2024-07-31,Success
PAY102047,2047,5BD6705C-976F-46,Credit Card,71606.6,2025-01-20,Failed
PAY102048,2048,6F7F5866-BD95-49,UPI,281778.36,2025-08-15,Success
PAY102049,2049,331D5EE7-B17A-4F,Cash on Delivery,3036.0,2026-07-16,Success
PAY102050,2050,4B10608C-77F4-42,Credit Card,1065.8,2025-03-05,Success
PAY102051,2051,363D1601-35F8-47,Net Banking,2470.95,2025-02-23,Success
PAY102052,2052,CFF86314-199E-4E,Cash on Delivery,113198.56,2026-05-29,Success
PAY102053,2053,8019DDED-9C3E-4A,Credit Card,2276.64,2026-05-19,Refunded
PAY102054,2054,349B808C-4DB2-4A,Net Banking,12186.45,2026-03-04,Success
PAY102055,2055,D99C4901-C297-43,Cash on Delivery,7405.2,2025-03-27,Success
PAY102056,2056,F156F872-9991-4A,Debit Card,3032.55,2024-08-24,Success
PAY102057,2057,0E6F4911-C0A8-41,Debit Card,382.32,2024-08-21,Success
PAY102058,2058,34BB82EB-ECEA-44,Cash on Delivery,2225.94,2025-04-07,Success
PAY102059,2059,F2BF0EE8-0CBA-45,Credit Card,90331.5,2026-07-03,Failed
PAY102060,2060,C8C47778-8CB8-42,Credit Card,349.77,2026-04-02,Success
PAY102061,2061,056F16F5-C0CD-4E,Cash on Delivery,2346.41,2026-05-27,Success
PAY102062,2062,FA33D067-0507-42,Net Banking,7999.0,2024-12-29,Success
PAY102063,2063,95731883-4C6C-40,Credit Card,1214.4,2024-09-16,Success
PAY102064,2064,C1D5125A-2C73-4A,Credit Card,15635.16,2024-10-15,Success
PAY102065,2065,2ACA92B2-D470-4B,Net Banking,298282.14,2024-10-14,Success
PAY102066,2066,B1954012-4E6E-40,Cash on Delivery,4083.2,2025-06-02,Success
PAY102067,2067,90C322CA-5288-4A,Net Banking,20357.36,2025-03-19,Success
PAY102068,2068,4A7750FE-F584-4E,Net Banking,10264.32,2025-09-14,Success
PAY102069,2069,FE93A984-B4F5-48,Credit Card,11787.6,2025-03-21,Success
PAY102070,2070,D4DB5259-CB28-48,Cash on Delivery,1638.3,2025-12-10,Success
PAY102071,2071,83621F17-2DBF-4D,Debit Card,845.28,2025-12-01,Success
PAY102072,2072,56C7443C-AEE9-42,UPI,125104.56,2025-09-30,Refunded
PAY102073,2073,6D16B2F7-DB86-46,Debit Card,5561.55,2026-02-01,Success
PAY102074,2074,0511F992-B1B1-4F,Cash on Delivery,2978.4,2024-09-07,Success
PAY102075,2075,5E7CD001-2E47-40,Cash on Delivery,1446.66,2025-03-13,Success
PAY102076,2076,D1B153D1-01CE-40,Debit Card,13272.48,2024-08-26,Refunded
PAY102077,2077,08E8B219-8E0E-45,Debit Card,1050.32,2026-06-13,Success
PAY102078,2078,D5CD5484-D512-44,Net Banking,3844.04,2024-07-22,Failed
PAY102079,2079,65A3A0E1-DDA5-48,UPI,3112.5,2025-03-18,Success
PAY102080,2080,E824FCA3-1068-48,Net Banking,2892.24,2026-04-15,Success
PAY102081,2081,B6853ED9-7E05-4D,Cash on Delivery,9527.7,2026-01-15,Success
PAY102082,2082,BDE627C4-D0AB-42,Net Banking,497398.0,2024-09-29,Failed
PAY102083,2083,31C76FBF-5E11-4E,UPI,2184.48,2025-06-30,Success
PAY102084,2084,58CDA494-E52A-43,UPI,28583.1,2024-09-05,Success
PAY102085,2085,E525DA72-A02F-4F,Credit Card,4938.3,2025-02-24,Success
PAY102086,2086,CA4E51EA-E942-40,Debit Card,17164.4,2024-11-15,Success
PAY102087,2087,2E3FBB90-E2AA-44,UPI,3819.0,2026-01-19,Success
PAY102088,2088,597C9C80-FE5F-45,UPI,5155.92,2026-04-01,Success
PAY102089,2089,2F3E7D9F-2C27-48,UPI,14283.66,2026-03-19,Success
PAY102090,2090,16E993B6-143D-46,Debit Card,2020.2,2026-03-23,Success
PAY102091,2091,5CE2F80A-C3B5-4A,UPI,5673.24,2025-10-14,Success
PAY102092,2092,057E483A-B87C-44,UPI,28567.32,2025-02-06,Success
PAY102093,2093,DF5508D3-BDF0-44,Debit Card,6936.0,2026-06-12,Success
PAY102094,2094,4B309B7A-148A-47,Cash on Delivery,51159.8,2026-03-17,Success
PAY102095,2095,CB4DED86-F3A7-41,Cash on Delivery,707.52,2025-03-05,Success
PAY102096,2096,08A13B33-C06C-42,Cash on Delivery,109395.44,2026-01-30,Failed
PAY102097,2097,BE62DA67-CCD9-49,Net Banking,10519.0,2025-03-03,Success
PAY102098,2098,7251CBE6-C959-4C,Cash on Delivery,2965.2,2024-10-10,Success
PAY102099,2099,5E44BAF6-55AF-4D,Cash on Delivery,14969.8,2025-03-14,Success
PAY102100,2100,BD60567D-153C-4A,Credit Card,556424.65,2025-07-02,Failed
PAY102101,2101,F428D3C1-A8E8-4C,Credit Card,2863.8,2025-09-25,Success
PAY102102,2102,8E083DCC-5274-40,Net Banking,10860.16,2026-02-27,Success
PAY102103,2103,356FD190-2BFA-4E,Credit Card,2993.96,2025-07-06,Success
PAY102104,2104,DA710874-53EE-4F,Debit Card,1918.84,2026-01-30,Success
PAY102105,2105,57E060EE-71C4-48,Net Banking,355799.2,2026-03-22,Success
PAY102106,2106,3228FF11-4B8D-49,Debit Card,4263.2,2025-01-10,Success
PAY102107,2107,FBFB8977-F96F-42,Net Banking,17142.92,2026-02-15,Success
PAY102108,2108,77A4CFF0-0CA4-47,UPI,3256.2,2024-11-04,Refunded
PAY102109,2109,2508620D-9AFC-46,Net Banking,8095.75,2024-12-06,Success
PAY102110,2110,D6EACE09-42EF-4C,UPI,3294.27,2025-04-03,Success
PAY102111,2111,CA3B448F-87D1-47,UPI,17384.82,2025-12-28,Success
PAY102112,2112,D0F06F78-3296-48,Cash on Delivery,2400.64,2025-09-06,Success
PAY102113,2113,318D5C1C-E6FA-4C,UPI,528.95,2025-04-23,Success
PAY102114,2114,ABA6008E-7186-47,Net Banking,1275.0,2025-06-03,Success
PAY102115,2115,A776A6AD-FBC7-49,UPI,3489.28,2025-08-10,Refunded
PAY102116,2116,984C9182-1F2F-4B,Net Banking,7487.1,2026-05-30,Success
PAY102117,2117,EADF4B3F-1451-4A,Cash on Delivery,494.34,2025-09-03,Success
PAY102118,2118,A4D5855D-6ECC-47,Credit Card,571.2,2026-01-09,Success
PAY102119,2119,D6C3F2D4-BB97-45,Net Banking,7941.57,2025-08-10,Success
PAY102120,2120,E45B0256-E904-4B,Credit Card,122955.84,2026-01-29,Success
PAY102121,2121,D75310F4-C80B-43,UPI,11385.99,2025-05-24,Success
PAY102122,2122,56548A0D-A2D4-4B,Net Banking,10267.5,2025-11-16,Success
PAY102123,2123,2590C8EB-EECE-48,UPI,7665.06,2025-09-07,Success
PAY102124,2124,DEC851A7-A29D-4E,Credit Card,153694.8,2026-05-31,Success
PAY102125,2125,AB82FCDB-5981-40,Debit Card,8471.28,2025-06-04,Failed
PAY102126,2126,56BF0FFB-1A1E-41,UPI,209.95,2025-06-30,Success
PAY102127,2127,691889F6-C261-46,Debit Card,619.5,2026-01-03,Failed
PAY102128,2128,E6802602-59C6-44,Net Banking,640.7,2025-07-09,Success
PAY102129,2129,D350482F-71CB-4F,Cash on Delivery,3630.0,2025-02-14,Success
PAY102130,2130,A58D0E62-3323-40,Net Banking,214526.34,2025-11-13,Success
PAY102131,2131,D7CDBE63-F18E-40,UPI,18176.6,2024-11-28,Success
PAY102132,2132,58493639-F892-4A,Debit Card,4235.64,2024-08-28,Success
PAY102133,2133,9686F770-FFD8-48,Credit Card,302.84,2024-09-01,Success
PAY102134,2134,5E59936A-BE4E-4A,Cash on Delivery,8124.3,2026-03-05,Success
PAY102135,2135,2D457790-401C-4B,Net Banking,804.3,2026-04-05,Success
PAY102136,2136,9488E9F4-40F7-42,UPI,187852.24,2024-11-14,Success
PAY102137,2137,0CC2A155-0578-4E,UPI,1538.32,2025-05-07,Failed
PAY102138,2138,3386C87E-0F20-40,Net Banking,12546.0,2026-03-08,Refunded
PAY102139,2139,26DA887B-0105-4B,Net Banking,2898.2,2024-09-03,Success
PAY102140,2140,257B3B46-B88E-47,Net Banking,5294.38,2025-01-02,Success
PAY102141,2141,28427492-A5FD-4B,Debit Card,7487.1,2026-06-21,Success
PAY102142,2142,A8D82138-C676-45,Cash on Delivery,49583.6,2025-06-16,Refunded
PAY102143,2143,35139387-C17D-40,Cash on Delivery,12400.68,2026-07-05,Refunded
PAY102144,2144,D62A240A-6667-47,Credit Card,3476.91,2025-12-16,Failed
PAY102145,2145,77EF608C-918A-4C,Cash on Delivery,499.59,2026-02-19,Success
PAY102146,2146,063270F9-BB59-43,UPI,200.76,2024-12-24,Refunded
PAY102147,2147,CAFBF716-5362-49,Debit Card,1953.0,2026-02-07,Success
PAY102148,2148,C498C93B-CE46-4A,Cash on Delivery,1122.0,2024-09-09,Success
PAY102149,2149,4CF9AE69-C0F8-4B,Net Banking,28762.43,2025-04-20,Failed
PAY102150,2150,DDBDA0C8-19A0-45,Credit Card,1452.0,2026-02-08,Failed
PAY102151,2151,BA0D2BF0-C9C0-4D,Debit Card,6542.64,2026-07-05,Failed
PAY102152,2152,C7296BDA-5865-4A,UPI,668.0,2024-12-28,Refunded
PAY102153,2153,871ACB88-943E-4B,Cash on Delivery,7559.64,2025-02-20,Success
PAY102154,2154,FC53A6A2-C239-4F,Net Banking,3896.64,2025-12-10,Failed
PAY102155,2155,1C3D8C46-AC2D-43,Cash on Delivery,4736.9,2024-10-13,Success
PAY102156,2156,B06E6D26-CD03-4D,Net Banking,76084.8,2024-10-24,Success
PAY102157,2157,1D4B5CEE-E70C-4A,UPI,1748.85,2025-09-08,Failed
PAY102158,2158,36581442-7F6F-40,Cash on Delivery,2962.08,2024-09-04,Success
PAY102159,2159,4320AF2A-DFA5-4B,Credit Card,21178.2,2025-10-17,Success
PAY102160,2160,2AABC9CA-2A1A-41,UPI,357543.9,2025-08-27,Success
PAY102161,2161,1BC09DDE-C57C-40,Cash on Delivery,57922.2,2025-08-10,Failed
PAY102162,2162,284AE85A-6F93-41,Credit Card,25682.58,2026-01-24,Refunded
PAY102163,2163,8A68B220-E0C4-45,Debit Card,537.47,2024-07-24,Success
PAY102164,2164,93975CD6-BCC1-4D,Debit Card,599.2,2026-02-02,Success
PAY102165,2165,23D1ABCB-BCB5-42,Debit Card,3861.7,2025-06-16,Success
PAY102166,2166,DCE47FB5-C137-49,Credit Card,15774.78,2026-05-05,Success
PAY102167,2167,1D0B26AB-392A-48,Credit Card,295.4,2025-01-05,Success
PAY102168,2168,FD4CD9EC-6EE3-4B,Credit Card,11052.0,2024-09-05,Success
PAY102169,2169,F6F10FA2-485B-41,Credit Card,44853.2,2025-09-26,Success
PAY102170,2170,AC1423F1-C5E9-4E,Debit Card,202541.22,2025-08-05,Success
PAY102171,2171,F3EA4295-6EB7-41,UPI,9528.4,2026-01-08,Success
PAY102172,2172,6310B61E-5A67-43,Credit Card,629.85,2026-02-17,Success
PAY102173,2173,8BBDABDC-A6C5-40,UPI,8527.2,2026-03-03,Refunded
PAY102174,2174,F880C808-6D02-42,Cash on Delivery,206597.64,2026-07-01,Success
PAY102175,2175,F29E14EB-BAEC-4F,Credit Card,1692.42,2025-02-24,Failed
PAY102176,2176,910E4148-3044-44,Debit Card,6724.41,2025-07-25,Failed
PAY102177,2177,0AA64A1A-6E1B-47,Credit Card,7146.3,2025-08-08,Success
PAY102178,2178,8C55419D-383D-40,Net Banking,681.43,2025-09-15,Refunded
PAY102179,2179,EF4BD78E-68E8-47,UPI,519.65,2024-09-05,Success
PAY102180,2180,0A3A7BEF-0FAA-44,Cash on Delivery,576.6,2024-12-30,Success
PAY102181,2181,5CDC9E4A-C7BE-4A,Debit Card,407684.5,2026-02-06,Success
PAY102182,2182,0DB015E2-2FEA-43,UPI,415489.9,2025-06-23,Success
PAY102183,2183,E9433EB4-F742-43,Credit Card,3837.68,2025-08-09,Success
PAY102184,2184,6D9E9AEC-AAA7-49,Net Banking,1214.4,2025-08-23,Success
PAY102185,2185,7F9C53F6-2776-40,UPI,12790.8,2024-10-27,Success
PAY102186,2186,9A4A3743-72AD-4C,Credit Card,2796.64,2025-12-17,Failed
PAY102187,2187,595EF097-1C5D-40,UPI,16001.7,2026-01-17,Success
PAY102188,2188,33871F33-E7C7-41,Debit Card,59506.8,2025-03-05,Success
PAY102189,2189,641312CD-E1A5-48,Net Banking,4260.0,2026-04-14,Success
PAY102190,2190,2F03BD83-21AD-45,Debit Card,8572.2,2024-08-21,Refunded
PAY102191,2191,91A989B4-6B38-41,Debit Card,6518.16,2025-12-07,Success
PAY102192,2192,C1CAE7D2-F211-4D,Debit Card,163696.5,2026-06-23,Success
PAY102193,2193,E1C598C3-688E-4E,Net Banking,326.4,2025-04-05,Success
PAY102194,2194,33EB6945-7365-4E,Debit Card,1643.58,2024-11-12,Success
PAY102195,2195,C0774B21-CE98-44,Net Banking,19033.0,2025-12-09,Success
PAY102196,2196,4531A089-F808-45,UPI,724.91,2026-04-19,Success
PAY102197,2197,C6D0D58D-2832-45,UPI,3953.6,2025-10-09,Refunded
PAY102198,2198,C8B4BD84-2572-4A,Credit Card,1538.32,2026-06-09,Success
PAY102199,2199,1B4A04B9-894E-4E,Net Banking,1219.75,2025-10-04,Success
PAY102200,2200,F6E1889F-A71F-4B,UPI,98217.9,2024-08-28,Success
PAY102201,2201,484D3DAE-2C42-46,Credit Card,11296.74,2026-06-26,Success
PAY102202,2202,E7527FE7-B6B9-47,Credit Card,139893.36,2025-02-07,Success
PAY102203,2203,BAD4B141-0BF6-4D,UPI,2291.04,2026-04-27,Success
PAY102204,2204,E07CC341-316F-41,Debit Card,1060.76,2025-09-26,Failed
PAY102205,2205,A24448C4-4A06-4B,Net Banking,3723.0,2025-09-15,Failed
PAY102206,2206,18B5A719-FA69-4A,Debit Card,8834.24,2025-05-24,Failed
PAY102207,2207,654E60B9-B3D8-47,Net Banking,2403.8,2025-03-01,Success
PAY102208,2208,2163A88D-4699-44,Debit Card,497398.0,2025-01-03,Success
PAY102209,2209,978DFF62-9BE0-4F,Cash on Delivery,4243.04,2025-01-04,Success
PAY102210,2210,317AB28F-AD8D-4F,Net Banking,12363.0,2025-12-03,Success
PAY102211,2211,7BEB43AB-5C59-4D,Credit Card,1729.8,2024-11-09,Success
PAY102212,2212,A8976264-E77F-49,Credit Card,3854.76,2025-03-18,Failed
PAY102213,2213,954C07F9-1E24-46,UPI,7465.5,2025-04-24,Success
PAY102214,2214,0A17F809-460A-49,Credit Card,1034.28,2025-12-09,Success
PAY102215,2215,DA41F9E2-3441-49,UPI,2773.8,2024-10-01,Refunded
PAY102216,2216,F6A68BC0-CB4A-4F,UPI,4674.52,2026-01-13,Success
PAY102217,2217,E8546B85-8EED-42,Cash on Delivery,218793.15,2025-04-02,Success
PAY102218,2218,FB59D7B1-5A9C-47,UPI,29182.2,2024-08-30,Success
PAY102219,2219,F35DCB0B-821C-49,Credit Card,59340.0,2026-03-06,Success
PAY102220,2220,0830FFC7-34DB-45,Credit Card,3808.35,2026-06-20,Success
PAY102221,2221,03FEB734-D750-41,UPI,1586.85,2024-09-23,Success
PAY102222,2222,8A535D34-2B5C-42,Cash on Delivery,4250.99,2026-05-12,Success
PAY102223,2223,385925C5-9971-41,Cash on Delivery,10928.16,2025-03-02,Success
PAY102224,2224,530E148C-37F0-45,Debit Card,1436.4,2024-09-21,Refunded
PAY102225,2225,71F99CA3-42AD-45,Net Banking,5566.6,2025-12-10,Success
PAY102226,2226,78CAE47B-7955-46,Credit Card,3495.8,2025-01-21,Success
PAY102227,2227,DFE2A7C3-8B46-44,UPI,117597.0,2024-08-05,Success
PAY102228,2228,013AF6CE-94AF-47,UPI,980.88,2025-11-09,Success
PAY102229,2229,6C158693-AD4D-4D,Debit Card,947.38,2025-01-26,Failed
PAY102230,2230,B18553A9-4C72-43,Cash on Delivery,5964.0,2025-10-24,Success
PAY102231,2231,DCF2F74D-23F3-48,Net Banking,1438.3,2026-05-27,Success
PAY102232,2232,6739F6E3-F77B-4B,Credit Card,21815.8,2025-11-10,Refunded
PAY102233,2233,635D2E27-CF0A-46,Debit Card,21033.04,2025-10-23,Success
PAY102234,2234,2C312D57-6DA2-4B,UPI,13980.8,2024-09-04,Success
PAY102235,2235,8F792009-BE91-44,Cash on Delivery,7048.8,2025-02-10,Success
PAY102236,2236,298B4D00-E786-4B,Credit Card,143213.2,2025-03-04,Failed
PAY102237,2237,DC5ADB54-BF7C-43,Cash on Delivery,9269.25,2024-11-17,Success
PAY102238,2238,4652EF1E-0380-40,Cash on Delivery,44384.25,2025-08-17,Success
PAY102239,2239,796C451F-25BA-4F,Credit Card,15419.04,2025-05-13,Success
PAY102240,2240,7D551770-B4FB-4C,UPI,196081.4,2025-05-22,Success
PAY102241,2241,F36E8972-DDF7-4E,Net Banking,7340.8,2024-12-19,Refunded
PAY102242,2242,6C984654-3C37-4E,Net Banking,109179.58,2025-08-26,Success
PAY102243,2243,31B781B6-BD37-46,Net Banking,368676.0,2026-02-24,Success
PAY102244,2244,501BCE09-BCA7-49,Debit Card,2093.92,2025-12-22,Success
PAY102245,2245,FDACD4D5-F784-41,Debit Card,19041.75,2025-09-10,Success
PAY102246,2246,A1A5807D-44D9-45,Credit Card,5985.6,2025-02-23,Success
PAY102247,2247,8647E6A3-6884-47,UPI,23911.35,2026-05-19,Success
PAY102248,2248,3C07A732-450A-44,Cash on Delivery,2744.56,2025-02-04,Success
PAY102249,2249,CA7BCBD8-1023-4D,UPI,1066.56,2025-05-30,Success
PAY102250,2250,A2BF6ACA-F10A-45,Debit Card,1483.02,2026-06-19,Refunded
PAY102251,2251,0A659D59-42FD-4A,Debit Card,72706.4,2024-12-19,Failed
PAY102252,2252,F3EA9065-A871-49,Cash on Delivery,367.2,2024-12-12,Success
PAY102253,2253,5BED6731-9742-46,Credit Card,23736.0,2025-03-17,Success
PAY102254,2254,32D4408D-6F1B-4D,Credit Card,964.44,2025-03-05,Success
PAY102255,2255,CCCEFF93-EF7A-4E,Cash on Delivery,67513.74,2026-05-26,Success
PAY102256,2256,F51850C9-526E-46,UPI,34151.36,2025-04-03,Success
PAY102257,2257,D7DFE07D-F430-4A,Debit Card,274684.64,2025-07-08,Success
PAY102258,2258,27DE334A-3D95-4B,Net Banking,37100.06,2026-05-03,Success
PAY102259,2259,F165FBF3-E437-41,Cash on Delivery,8375.68,2026-01-31,Success
PAY102260,2260,E6FDF75C-6D41-46,Credit Card,10264.32,2025-07-15,Success
PAY102261,2261,FC9C6C1B-9D46-46,Net Banking,2198.25,2026-02-21,Refunded
PAY102262,2262,22421BEB-1404-48,Debit Card,55615.56,2025-08-20,Refunded
PAY102263,2263,6CB0372F-7257-43,UPI,11740.48,2026-07-11,Success
PAY102264,2264,3E9514B7-302F-4D,Net Banking,2534.61,2024-12-21,Refunded
PAY102265,2265,CA48F638-C1AC-44,Credit Card,36637.44,2026-07-08,Refunded
PAY102266,2266,D3CFA641-C126-4B,Debit Card,346.02,2024-12-10,Refunded
PAY102267,2267,335C44D0-3278-4C,UPI,59340.0,2024-08-19,Success
PAY102268,2268,EB09AA10-FC88-4E,Net Banking,2739.3,2025-04-04,Success
PAY102269,2269,01AD2752-D283-4C,Cash on Delivery,2075.0,2025-10-12,Failed
PAY102270,2270,DE8F56DE-4644-4F,Cash on Delivery,25175.04,2025-12-13,Refunded
PAY102271,2271,694E884F-A50A-48,Cash on Delivery,1079.0,2025-12-23,Failed
PAY102272,2272,4D762E17-C7F4-44,Credit Card,28730.85,2024-07-23,Failed
PAY102273,2273,81B7DAE2-BF69-41,Net Banking,567349.2,2025-05-11,Success
PAY102274,2274,2269E486-691C-45,Credit Card,11868.0,2026-07-07,Refunded
PAY102275,2275,2368E8C1-001E-46,Cash on Delivery,7146.3,2025-09-15,Success
PAY102276,2276,E6145522-30FA-46,Debit Card,115049.72,2025-05-26,Refunded
PAY102277,2277,066EDC86-678E-4B,Credit Card,1699.32,2025-01-09,Success
PAY102278,2278,1612B946-B755-44,UPI,4224.35,2025-03-25,Success
PAY102279,2279,61C57C79-39CA-40,Net Banking,2004.0,2026-02-01,Success
PAY102280,2280,B1C52F6D-DF30-4A,Credit Card,3084.25,2025-04-07,Success
PAY102281,2281,7C74B1EE-6BB4-48,Debit Card,18976.65,2026-03-20,Success
PAY102282,2282,EEE8BC13-6EB6-46,UPI,125104.56,2024-12-02,Success
PAY102283,2283,BEEC7A33-86C5-4B,Debit Card,16117.64,2026-01-26,Success
PAY102284,2284,0C8F5AEC-9DD8-40,Net Banking,3422.5,2025-09-28,Success
PAY102285,2285,CA8589BD-3EEC-4B,Cash on Delivery,2154.33,2025-07-31,Failed
PAY102286,2286,5833CA9A-2F54-40,Credit Card,256.2,2026-06-05,Success
PAY102287,2287,B35A3A08-C0EA-4B,Credit Card,26213.88,2024-08-20,Success
PAY102288,2288,A8CB34A8-A986-42,UPI,6507.6,2025-04-16,Success
PAY102289,2289,D5A69418-25EE-4B,Cash on Delivery,4243.04,2024-11-27,Success
PAY102290,2290,6EC6CCEE-8364-49,Net Banking,14245.0,2024-08-22,Success
PAY102291,2291,F04EB04F-ACA1-43,Credit Card,180663.0,2024-12-06,Success
PAY102292,2292,5AAE2A61-C872-42,Debit Card,16320.7,2025-11-08,Refunded
PAY102293,2293,6A2D41B2-3D5B-40,Net Banking,13740.48,2024-07-30,Failed
PAY102294,2294,ED214EC9-874C-4A,Cash on Delivery,253770.84,2026-01-25,Refunded
PAY102295,2295,5604B1FF-0029-4A,Cash on Delivery,94306.44,2024-10-23,Success
PAY102296,2296,B48593F9-4ECA-40,Credit Card,692.8,2025-10-17,Refunded
PAY102297,2297,E1CDB738-8C09-41,UPI,171211.6,2024-12-26,Success
PAY102298,2298,866ABD75-1541-44,Net Banking,244770.42,2026-06-19,Failed
PAY102299,2299,1EA0602E-974C-42,UPI,2295.24,2025-07-21,Failed
PAY102300,2300,45473313-D485-45,Net Banking,2942.64,2024-09-13,Success
PAY102301,2301,5830BB71-F1B4-40,Credit Card,16572.3,2025-09-12,Success
PAY102302,2302,1CF06872-B6AF-46,Credit Card,1305.6,2025-01-01,Failed
PAY102303,2303,2076EB8B-7550-4F,Debit Card,113092.32,2025-07-19,Success
PAY102304,2304,FA22734C-3E24-41,Net Banking,25829.1,2025-02-21,Refunded
PAY102305,2305,5C79CE30-9793-43,Cash on Delivery,16940.56,2025-05-03,Failed
PAY102306,2306,5EA568D7-97EC-4E,Credit Card,6545.25,2025-02-27,Success
PAY102307,2307,F575E8A5-6A72-43,Net Banking,605218.5,2026-01-28,Refunded
PAY102308,2308,117D928C-4078-43,Credit Card,31468.8,2024-08-19,Success
PAY102309,2309,13167DD0-DC0B-4A,Cash on Delivery,15682.5,2024-09-10,Success
PAY102310,2310,66633369-B88C-4B,Credit Card,2148.8,2025-03-27,Success
PAY102311,2311,BF315011-13F0-4D,Cash on Delivery,482.12,2026-03-04,Success
PAY102312,2312,7CBB2826-F674-4C,UPI,2004.0,2026-02-21,Success
PAY102313,2313,90763137-7585-45,UPI,7415.4,2026-01-18,Success
PAY102314,2314,F6C8E4DE-1D5B-4E,Credit Card,2400.64,2024-12-07,Failed
PAY102315,2315,00532C35-3314-41,Net Banking,17849.65,2025-08-23,Failed
PAY102316,2316,7B8944CF-D880-48,Cash on Delivery,2992.8,2025-10-04,Success
PAY102317,2317,92CBCB05-DB76-4C,Net Banking,26911.92,2025-10-05,Success
PAY102318,2318,2DA70B6D-9596-42,Debit Card,704.7,2024-10-12,Success
PAY102319,2319,3FF989C3-E222-4F,Debit Card,875.32,2025-01-28,Success
PAY102320,2320,7E96C1EC-3BB5-42,Cash on Delivery,26630.55,2025-05-09,Success
PAY102321,2321,52AF6204-1608-42,UPI,988.68,2024-09-03,Failed
PAY102322,2322,195A4604-CF86-47,UPI,13091.52,2024-12-20,Success
PAY102323,2323,2E0BC6E7-68E2-40,Credit Card,498.64,2025-05-25,Success
PAY102324,2324,517ED23C-A938-49,Cash on Delivery,213686.2,2025-12-13,Success
PAY102325,2325,6C7264AB-77AB-44,Debit Card,173.01,2025-11-08,Success
PAY102326,2326,AA83A2BA-CF98-4D,Debit Card,32739.3,2025-05-05,Refunded
PAY102327,2327,721CD57B-5F26-45,Debit Card,1399.08,2025-11-10,Refunded
PAY102328,2328,07D845A4-4A98-43,Credit Card,5923.7,2024-11-23,Success
PAY102329,2329,C1C53071-EEDE-4E,Cash on Delivery,25240.5,2025-06-11,Success
PAY102330,2330,E38D91B0-20CF-41,Net Banking,2149.88,2025-12-11,Success
PAY102331,2331,8C8D4145-263A-45,UPI,64496.25,2025-12-20,Success
PAY102332,2332,E0C53752-AFB0-4C,Credit Card,4347.3,2024-08-27,Success
PAY102333,2333,86000F9A-1D2E-46,Cash on Delivery,2210.4,2025-07-16,Success
PAY102334,2334,405D407B-186C-4A,Net Banking,19041.75,2026-06-15,Success
PAY102335,2335,55CFE875-2108-47,Net Banking,92403.52,2025-05-06,Success
PAY102336,2336,FF847427-575A-45,Net Banking,232.98,2026-07-05,Failed
PAY102337,2337,3AD044A1-9E0B-48,Debit Card,2144.2,2026-06-01,Refunded
PAY102338,2338,91E1F0E2-9342-45,Net Banking,3640.8,2024-12-29,Refunded
PAY102339,2339,B7EC465F-54F8-49,Net Banking,5850.0,2026-06-12,Failed
PAY102340,2340,D2FB05EC-7EEB-4A,Cash on Delivery,4764.2,2026-07-14,Success
PAY102341,2341,31B32AD3-274F-42,Net Banking,101965.5,2025-06-26,Success
PAY102342,2342,2FF846C3-1393-46,Debit Card,85714.6,2025-01-12,Refunded
PAY102343,2343,92483CAB-2714-46,Debit Card,494.34,2024-12-30,Success
PAY102344,2344,32C9CDAD-69F2-44,Cash on Delivery,3476.91,2024-11-12,Success
PAY102345,2345,AF074E46-98FF-48,UPI,494.34,2025-12-31,Success
PAY102346,2346,46D09302-FE48-40,Credit Card,23100.88,2026-01-17,Success
PAY102347,2347,107D2F7F-5245-40,Cash on Delivery,5100.0,2025-02-01,Success
PAY102348,2348,D5929A79-A223-47,Credit Card,202541.22,2024-09-22,Success
PAY102349,2349,903879BC-6710-49,Debit Card,3402.16,2026-02-04,Success
PAY102350,2350,1A574650-B6BA-4C,UPI,16940.56,2025-05-23,Success
PAY102351,2351,7BABEF7D-E285-4D,Debit Card,3501.28,2025-02-11,Success
PAY102352,2352,926F048B-C695-4C,Net Banking,35709.15,2025-07-05,Success
PAY102353,2353,791B8480-9EC9-47,UPI,1025.88,2026-04-14,Failed
PAY102354,2354,CDAB69E5-C80A-47,Net Banking,838.35,2026-04-24,Refunded
PAY102355,2355,3E2BE903-D61F-40,Debit Card,16975.2,2025-01-20,Success
PAY102356,2356,28D5F900-99A9-42,Net Banking,3781.2,2026-07-09,Success
PAY102357,2357,788B16E3-4E4E-4B,Cash on Delivery,4303.0,2024-07-28,Success
PAY102358,2358,C3027711-EF5D-49,Credit Card,4674.52,2025-03-03,Failed
PAY102359,2359,AFB93471-111A-4C,UPI,10178.68,2026-06-22,Success
PAY102360,2360,1F26EEA9-B73F-46,UPI,1219.75,2026-04-23,Success
PAY102361,2361,AA3F4366-E80D-42,Net Banking,399.84,2026-05-31,Success
PAY102362,2362,F9344C24-BD0E-4B,UPI,12712.44,2025-09-28,Success
PAY102363,2363,8E607469-6177-46,Credit Card,143812.15,2024-11-08,Failed
PAY102364,2364,F70862BF-59DE-43,Cash on Delivery,4189.68,2025-07-23,Success
PAY102365,2365,05A5BAFD-6036-46,Debit Card,5287.36,2026-06-16,Success
PAY102366,2366,AB673614-4825-40,UPI,3492.64,2025-04-10,Success
PAY102367,2367,250E158E-0E87-46,Debit Card,13685.76,2026-03-30,Success
PAY102368,2368,AD4E4B8D-77F0-46,Debit Card,2495.7,2026-06-27,Failed
PAY102369,2369,ECD4469D-7E6D-41,Cash on Delivery,6636.24,2026-03-07,Success
PAY102370,2370,438B2CE9-5EF6-4E,UPI,1438.3,2025-02-25,Failed
PAY102371,2371,105DF4A4-B296-4E,Credit Card,9176.0,2024-12-18,Success
PAY102372,2372,FBED7A0E-4527-4B,Net Banking,2284.9,2024-10-24,Failed
PAY102373,2373,87C5C226-3E87-49,UPI,2982.0,2025-01-10,Success
PAY102374,2374,5901B7EA-349B-4A,Cash on Delivery,16320.7,2024-10-15,Success
PAY102375,2375,565B9F6E-E20C-46,Cash on Delivery,1808.48,2025-02-03,Success
PAY102376,2376,0F330260-2324-45,UPI,420642.64,2025-11-29,Success
PAY102377,2377,FF122463-253E-49,UPI,2178.0,2024-12-16,Success
PAY102378,2378,3D29678B-54BB-41,Credit Card,4031.8,2025-02-20,Success
PAY102379,2379,357D423E-6418-48,Net Banking,2133.12,2025-04-02,Success
PAY102380,2380,60FE6C05-33CA-45,Debit Card,244610.7,2026-04-26,Success
PAY102381,2381,8E3B063E-5A18-40,Debit Card,2619.48,2026-05-02,Failed
PAY102382,2382,54EDD4CA-2E2A-4C,UPI,199140.9,2025-06-07,Success
PAY102383,2383,8E9BBBC5-968E-49,Debit Card,21254.95,2024-09-17,Failed
PAY102384,2384,27A5A758-8096-47,Cash on Delivery,2842.14,2026-03-15,Success
PAY102385,2385,ECC5FC14-4185-4F,UPI,1501.1,2024-12-16,Success
PAY102386,2386,0F98AEDC-7E25-40,Credit Card,16485.72,2025-10-18,Success
PAY102387,2387,86A8D3BB-4150-45,UPI,1048.0,2024-11-03,Success
PAY102388,2388,22BDC5F2-0732-4D,Debit Card,9398.4,2026-05-07,Success
PAY102389,2389,35C0B343-D457-4D,Cash on Delivery,519.03,2025-10-15,Success
PAY102390,2390,6809C0AD-ADD3-47,Debit Card,9444.68,2024-08-12,Success
PAY102391,2391,C3F66C8A-D51B-44,Cash on Delivery,509.68,2026-02-04,Success
PAY102392,2392,63754B8F-3DDA-49,UPI,4805.24,2025-10-31,Failed
PAY102393,2393,FDB03D85-965B-48,Net Banking,8278.68,2026-06-09,Success
PAY102394,2394,D4C2A4C9-39AC-4E,Debit Card,7048.8,2025-08-14,Success
PAY102395,2395,79CBAA3C-4544-49,Net Banking,1528.8,2025-10-14,Failed
PAY102396,2396,648363A5-A5CA-4A,Debit Card,988.88,2026-05-29,Success
PAY102397,2397,747C6172-FB53-48,Cash on Delivery,20416.0,2025-12-17,Success
PAY102398,2398,4579DEA5-0036-41,Debit Card,3367.0,2025-02-26,Success
PAY102399,2399,A8CC4B71-F272-46,Net Banking,1686.6,2025-09-26,Failed
PAY102400,2400,8515B653-AEAE-4F,UPI,9479.2,2025-10-15,Refunded
PAY102401,2401,79B9FEA2-A350-41,Net Banking,886.2,2024-11-24,Failed
PAY102402,2402,DDA7E24D-8B6D-43,Net Banking,1147.62,2026-01-12,Success
PAY102403,2403,C866A997-5E90-4F,Debit Card,5081.67,2026-06-03,Success
PAY102404,2404,C281E9C4-8688-42,Debit Card,6023.76,2026-02-12,Success
PAY102405,2405,5A3EF43E-1154-46,Debit Card,53755.2,2025-10-29,Failed
PAY102406,2406,4578FB6D-E271-48,UPI,1388.8,2025-11-30,Success
PAY102407,2407,9F3B1880-CFE8-49,UPI,72398.55,2026-04-23,Success
PAY102408,2408,2EB60245-0E99-41,Credit Card,5796.4,2025-03-28,Success
PAY102409,2409,BF780C70-4FF1-4B,Debit Card,5557.68,2024-07-30,Success
PAY102410,2410,54FB76FF-6567-49,Credit Card,10494.75,2025-10-27,Success
PAY102411,2411,54CCAF20-45D1-40,UPI,6399.2,2025-12-14,Success
PAY102412,2412,A2DF4123-D443-41,Cash on Delivery,2808.0,2025-04-23,Success
PAY102413,2413,84A3296C-F3FA-45,Cash on Delivery,218359.16,2026-06-16,Success
PAY102414,2414,1AC9E3ED-E6CB-41,Net Banking,1821.6,2025-12-13,Success
PAY102415,2415,0589E9D7-0DF0-4F,Net Banking,249.32,2026-05-08,Success
PAY102416,2416,0A31D569-C49D-41,Net Banking,5870.24,2024-08-09,Success
PAY102417,2417,98565F3E-9175-49,Cash on Delivery,5237.1,2025-05-24,Refunded
PAY102418,2418,7AF79C8B-84CA-4D,Debit Card,2178.0,2024-11-17,Success
PAY102419,2419,6BD3DB8C-023E-44,Credit Card,1596.3,2026-05-24,Failed
PAY102420,2420,376939CF-CBF3-49,Debit Card,137342.32,2025-08-19,Success
PAY102421,2421,33D27772-C364-45,UPI,20326.68,2025-08-02,Success
PAY102422,2422,505DEF86-6D9E-45,UPI,109209.36,2025-06-07,Refunded
PAY102423,2423,595121E1-4E1D-4F,Cash on Delivery,2965.2,2024-12-28,Failed
PAY102424,2424,C13D139F-7449-48,Debit Card,2086.56,2024-09-20,Success
PAY102425,2425,E019A38B-B91B-44,UPI,128412.9,2024-08-20,Success
PAY102426,2426,62EAA7A0-8F81-46,Cash on Delivery,3842.0,2026-03-27,Success
PAY102427,2427,C8E04FE6-9B1E-43,Credit Card,406882.65,2024-10-05,Success
PAY102428,2428,73D5732B-052C-4F,Debit Card,147061.05,2026-04-04,Success
PAY102429,2429,4B730FB5-0A72-4F,UPI,8527.2,2026-01-30,Success
PAY102430,2430,CCDA05A4-1AC6-46,Cash on Delivery,188269.9,2026-06-21,Success
PAY102431,2431,A26A5FF0-81D9-45,Credit Card,4451.88,2026-03-15,Success
PAY102432,2432,BF768A19-51B5-44,Cash on Delivery,340.68,2024-07-31,Success
PAY102433,2433,7292493E-953C-4A,Credit Card,198959.2,2025-05-01,Success
PAY102434,2434,7A52D006-63C9-4D,Debit Card,567349.2,2026-06-09,Failed
PAY102435,2435,7C662A87-3B44-41,Cash on Delivery,25251.0,2025-10-25,Success
PAY102436,2436,AE0271F3-2505-47,Credit Card,7672.17,2026-03-20,Failed
PAY102437,2437,11D81E24-DE82-48,Cash on Delivery,9175.38,2024-10-13,Success
PAY102438,2438,492B6A0E-62D8-43,Debit Card,692.04,2025-02-28,Success
PAY102439,2439,38B205C7-3BBB-45,Debit Card,223322.76,2025-09-14,Success
PAY102440,2440,8671AD92-5FB8-47,Cash on Delivery,36018.0,2025-07-19,Success
PAY102441,2441,3376A595-D157-47,Net Banking,3435.52,2025-10-03,Success
PAY102442,2442,86D7F1A6-411B-4C,Debit Card,422.67,2026-05-26,Success
PAY102443,2443,C6C84A7B-5DC0-44,Cash on Delivery,4292.72,2026-04-12,Success
PAY102444,2444,BF967A57-2EAC-47,Credit Card,10163.34,2024-11-19,Refunded
PAY102445,2445,438C82BB-574D-41,UPI,72398.55,2025-08-28,Success
PAY102446,2446,297B1AF8-6A46-4A,UPI,5206.08,2024-08-29,Failed
PAY102447,2447,7D2744F1-CD81-4A,Debit Card,27279.25,2025-05-09,Failed
PAY102448,2448,E3011CF6-3F5B-4D,Credit Card,5844.96,2025-02-22,Success
PAY102449,2449,E1668594-A365-4A,Net Banking,1362.24,2026-07-24,Refunded
PAY102450,2450,2C8BD51F-2510-41,Credit Card,1069.2,2025-12-01,Success
PAY102451,2451,7217F206-3BAD-40,Net Banking,74485.86,2026-03-22,Success
PAY102452,2452,DA8345A9-B69F-42,Cash on Delivery,146996.25,2025-03-01,Success
PAY102453,2453,ED036324-5180-4C,Cash on Delivery,626.52,2025-11-19,Success
PAY102454,2454,DC87CE6E-398A-45,Cash on Delivery,46652.52,2025-03-10,Refunded
PAY102455,2455,62A61E79-58DF-4E,UPI,10494.75,2026-04-30,Success
PAY102456,2456,BABAE644-A530-4C,Credit Card,287.28,2026-04-07,Success
PAY102457,2457,29E92579-CD32-4F,Net Banking,1061.28,2025-02-10,Success
PAY102458,2458,AF4E0668-1392-42,Cash on Delivery,44853.2,2026-01-18,Failed
PAY102459,2459,01048E01-F259-4D,Cash on Delivery,8726.32,2024-07-21,Success
PAY102460,2460,081715FB-D8DC-4A,Debit Card,6790.08,2025-07-03,Refunded
PAY102461,2461,165EA9AD-4EC6-4F,Net Banking,56483.7,2026-07-14,Failed
PAY102462,2462,78FFF92E-78AC-4B,Net Banking,2402.62,2026-05-27,Success
PAY102463,2463,D6A538A2-85CE-4D,Credit Card,1310.64,2026-07-13,Success
PAY102464,2464,E2D6B5CC-E256-4D,Cash on Delivery,281778.36,2024-08-15,Success
PAY102465,2465,4D38E596-DFB2-47,Cash on Delivery,20310.75,2026-06-28,Success
PAY102466,2466,8A5733BC-89E7-48,Debit Card,6545.76,2026-02-21,Success
PAY102467,2467,C8AF012E-51C3-48,Debit Card,39666.88,2024-10-28,Success
PAY102468,2468,24BB0FFD-0711-40,Credit Card,15233.4,2025-01-31,Success
PAY102469,2469,1038AA35-60B3-46,Cash on Delivery,297763.68,2024-11-24,Refunded
PAY102470,2470,CF9964F6-D5FC-48,Debit Card,173.01,2026-04-04,Success
PAY102471,2471,A189A232-BBED-40,Debit Card,96531.4,2026-02-17,Success
PAY102472,2472,1AC4FC49-6E4E-47,UPI,964.46,2026-06-02,Refunded
PAY102473,2473,41ED96DF-3C8B-42,Debit Card,8133.52,2025-07-04,Success
PAY102474,2474,7DBBB6D5-CF04-4B,Cash on Delivery,4029.41,2026-06-03,Failed
PAY102475,2475,73766D04-B23E-40,UPI,93926.12,2026-04-04,Success
PAY102476,2476,0D5057A7-CF3A-4D,Credit Card,105695.12,2024-09-04,Success
PAY102477,2477,D79705F3-50C7-42,Credit Card,16485.72,2025-09-19,Success
PAY102478,2478,90A61DD2-493C-48,Net Banking,2402.62,2026-04-17,Success
PAY102479,2479,2B1A279D-7AFB-4A,Net Banking,10888.44,2026-02-21,Success
PAY102480,2480,DD61E808-3C0E-43,Net Banking,146996.25,2025-03-17,Success
PAY102481,2481,8D3A90DE-4CF3-42,Debit Card,6845.0,2026-02-10,Success
PAY102482,2482,C6016CDA-0929-4C,Net Banking,9055.75,2026-04-20,Success
PAY102483,2483,89F5C15E-34E3-4B,Net Banking,8870.16,2025-02-20,Success
PAY102484,2484,888F9327-39C7-40,Credit Card,54604.68,2024-09-01,Success
PAY102485,2485,4A6BD5D8-F8A8-44,Debit Card,4168.26,2024-10-02,Success
PAY102486,2486,6BE25597-9EC3-4A,Credit Card,4882.5,2024-08-03,Success
PAY102487,2487,9309EDF0-5BCD-48,Debit Card,798.56,2025-10-26,Refunded
PAY102488,2488,37607C63-96C5-48,Net Banking,717.03,2025-03-05,Success
PAY102489,2489,116DAE4B-0CA7-40,UPI,2725.72,2026-05-23,Success
PAY102490,2490,E01290E2-623A-49,Cash on Delivery,7146.3,2025-06-06,Success
PAY102491,2491,4D7AAD1A-FC46-4E,Cash on Delivery,6528.28,2025-04-15,Success
PAY102492,2492,AB4C7594-6BC7-4B,Credit Card,9137.44,2024-11-18,Success
PAY102493,2493,1973DE5C-4EFA-4C,Credit Card,47472.0,2026-05-17,Success
PAY102494,2494,0FCE0906-CC64-47,Net Banking,137731.76,2025-11-22,Success
PAY102495,2495,D1020E65-9061-45,Cash on Delivery,28814.4,2025-06-27,Failed
PAY102496,2496,949709CA-DD94-45,Cash on Delivery,3015.52,2025-11-06,Success
PAY102497,2497,193A85E0-0345-42,Debit Card,447.12,2026-03-02,Success
PAY102498,2498,B0208472-3812-49,Cash on Delivery,420642.64,2025-01-25,Success
PAY102499,2499,8AD2635C-A572-4C,Credit Card,1498.0,2026-03-04,Success
PAY102500,2500,C0B39002-BEC9-41,Credit Card,260032.96,2025-08-22,Failed
PAY102501,2501,305B2D9C-81EC-46,Credit Card,4738.6,2026-06-06,Success
PAY102502,2502,AEA8EDCC-64B1-47,Credit Card,3499.6,2025-01-03,Refunded
PAY102503,2503,E604A623-1147-49,UPI,185500.3,2026-01-22,Success
PAY102504,2504,EAC768A7-BD51-46,Net Banking,298.08,2026-07-30,Refunded
PAY102505,2505,3489374D-0E7B-45,Debit Card,2001.0,2025-11-13,Success
PAY102506,2506,A765C371-8B6B-4B,Net Banking,12355.62,2026-06-23,Success
PAY102507,2507,7B20F889-BF8B-4C,Cash on Delivery,15477.84,2025-10-20,Success
PAY102508,2508,884AFDA4-9C3B-48,Credit Card,86287.29,2025-03-26,Success
PAY102509,2509,547341BD-FFDD-40,UPI,4568.2,2025-09-17,Success
PAY102510,2510,462AF5D0-31BA-4D,Credit Card,111754.52,2025-11-03,Refunded
PAY102511,2511,EDC0063C-480A-48,Cash on Delivery,58420.25,2025-01-20,Success
PAY102512,2512,A5D49539-9DE9-45,UPI,17618.58,2025-10-14,Refunded
PAY102513,2513,8018DEA1-A3CA-41,Debit Card,4977.0,2025-01-27,Success
PAY102514,2514,C205A6DA-E6D4-41,Credit Card,836.4,2025-07-27,Success
PAY102515,2515,2122A913-F462-4F,Debit Card,5015.84,2025-01-08,Success
PAY102516,2516,A09C06DB-82B2-47,Credit Card,32728.8,2025-05-04,Success
PAY102517,2517,E37590EF-C625-4F,Credit Card,36018.0,2025-08-12,Success
PAY102518,2518,74660DD8-C453-49,Net Banking,166195.96,2025-09-13,Refunded
PAY102519,2519,3774A39C-BF6C-4A,Debit Card,2467.4,2025-07-05,Refunded
PAY102520,2520,2CFADF8D-5126-4B,Debit Card,166846.68,2025-06-04,Failed
PAY102521,2521,0C8EC3C8-181B-43,Cash on Delivery,5360.5,2025-02-21,Success
PAY102522,2522,55257FBF-5328-4D,Cash on Delivery,1928.92,2026-06-07,Success
PAY102523,2523,3BB883DA-FBEC-45,UPI,947.38,2025-06-15,Success
PAY102524,2524,7C3ECD50-8AED-44,Credit Card,81536.9,2025-08-10,Success
PAY102525,2525,7D2251D6-116C-41,Credit Card,1112.97,2025-05-28,Success
PAY102526,2526,F678CF1B-FD2F-4F,Credit Card,4150.0,2026-07-12,Success
PAY102527,2527,45678EED-6074-4E,Cash on Delivery,3585.15,2026-04-03,Success
PAY102528,2528,3693D289-F9D5-4E,Debit Card,15774.78,2024-10-17,Success
PAY102529,2529,BBCA98CF-90E4-4F,Credit Card,199.92,2026-05-06,Success
PAY102530,2530,315A59EB-ECA2-40,Net Banking,8841.6,2024-08-07,Success
PAY102531,2531,30813A70-E29F-4D,Cash on Delivery,43553.76,2025-08-16,Success
PAY102532,2532,0B3D8FBF-39C1-43,UPI,115844.4,2025-05-06,Success
PAY102533,2533,D0437813-39AD-4B,Debit Card,2507.76,2025-04-25,Success
PAY102534,2534,2D766C2E-30A6-4D,UPI,493.02,2025-10-12,Refunded
PAY102535,2535,36562943-9C85-44,Net Banking,753.88,2025-12-12,Success
PAY102536,2536,0A0FD14F-ED26-45,Credit Card,2210.4,2025-06-28,Failed
PAY102537,2537,1F0EC590-DE5F-43,Cash on Delivery,567349.2,2025-08-07,Success
PAY102538,2538,04F90E13-22C7-42,Credit Card,188269.9,2025-07-08,Success
PAY102539,2539,CAC264F9-CEBE-4A,Cash on Delivery,36353.2,2025-05-09,Success
PAY102540,2540,541F5475-3CB6-42,UPI,1821.6,2025-08-09,Success
PAY102541,2541,8D054620-9DC4-4C,Net Banking,1679.6,2024-11-06,Success
PAY102542,2542,9BF2C3E6-DD5E-4F,Debit Card,2395.68,2025-11-04,Failed
PAY102543,2543,3056D9D3-4805-45,UPI,11891.92,2025-01-28,Success
PAY102544,2544,6D46008F-7B70-44,Net Banking,1074.4,2024-12-28,Success
PAY102545,2545,035C549E-0861-45,Net Banking,1721.43,2026-03-07,Success
PAY102546,2546,BFFD03F5-5DAD-4C,Cash on Delivery,1729.0,2025-07-04,Success
PAY102547,2547,5E11FDF5-75B1-43,Net Banking,10519.0,2026-06-19,Refunded
PAY102548,2548,677E61A7-6F0B-4D,Net Banking,10709.79,2025-08-04,Refunded
PAY102549,2549,D0ADB594-8EBC-45,UPI,2184.48,2025-04-07,Refunded
PAY102550,2550,3B5B52CB-2609-40,Debit Card,8375.68,2024-09-05,Success
PAY102551,2551,DA448E32-585D-42,Debit Card,38022.45,2025-04-07,Failed
PAY102552,2552,076E03E3-1267-47,Credit Card,447.12,2024-12-31,Success
PAY102553,2553,40C6856A-533D-4A,Cash on Delivery,1664.28,2026-06-05,Success
PAY102554,2554,E5384C95-C1D8-48,UPI,298438.8,2025-12-02,Success
PAY102555,2555,C81E2B9D-3989-43,UPI,3819.0,2026-04-26,Refunded
PAY102556,2556,67AC9F85-A93D-45,Debit Card,5844.96,2024-08-06,Success
PAY102557,2557,92919A6A-C5F9-45,Debit Card,1928.48,2026-02-15,Success
PAY102558,2558,CA2E18DD-EF31-49,Net Banking,128211.72,2026-02-13,Success
PAY102559,2559,B5BCCBE3-13D7-4B,Debit Card,6046.56,2026-01-20,Success
PAY102560,2560,44B70240-40E8-4F,Debit Card,10264.32,2024-10-14,Success
PAY102561,2561,4D087420-8C4C-4C,Cash on Delivery,99682.9,2024-10-04,Failed
PAY102562,2562,747E65EB-E7CC-4F,Credit Card,331.2,2025-12-17,Refunded
PAY102563,2563,F197D006-36A4-4C,UPI,2038.72,2025-02-12,Success
PAY102564,2564,46667E5B-57C1-4F,Net Banking,2410.6,2025-11-19,Success
PAY102565,2565,4CB418F1-FE87-48,UPI,2325.4,2024-08-06,Refunded
PAY102566,2566,BFD8F962-3221-4C,Cash on Delivery,375.92,2024-08-12,Refunded
PAY102567,2567,8BABB0A0-C8A5-4A,Net Banking,163762.2,2025-11-23,Success
PAY102568,2568,BA8A3CF5-FA97-47,Debit Card,1746.32,2025-11-15,Success
PAY102569,2569,88A2D82F-5499-49,UPI,964.46,2025-08-24,Success
PAY102570,2570,66F28EE0-6C11-42,Cash on Delivery,2863.8,2024-11-26,Success
PAY102571,2571,B7DF3B52-F541-47,UPI,2158.0,2025-04-02,Success
PAY102572,2572,CF167F43-882B-41,Cash on Delivery,792.65,2025-01-13,Failed
PAY102573,2573,24433718-FFEA-40,Credit Card,397709.52,2025-12-19,Success
PAY102574,2574,F571F158-B174-4D,Cash on Delivery,1780.86,2025-09-06,Success
PAY102575,2575,F69AC76D-92AC-4D,Debit Card,489540.84,2025-08-17,Refunded
PAY102576,2576,20030CF3-B6DD-4C,Cash on Delivery,19660.41,2025-10-24,Success
PAY102577,2577,707F36C4-706F-41,Cash on Delivery,745.2,2026-06-23,Refunded
PAY102578,2578,93620D6B-5EBE-4E,Net Banking,12706.92,2024-08-17,Failed
PAY102579,2579,FBA4704C-E937-43,Credit Card,2899.64,2025-04-26,Success
PAY102580,2580,E912D4C0-948D-48,Cash on Delivery,1618.5,2024-12-26,Failed
PAY102581,2581,B2C02087-06AE-4A,Cash on Delivery,387825.2,2025-01-31,Success
PAY102582,2582,35D5553D-F6B9-48,Cash on Delivery,9444.68,2026-04-28,Failed
PAY102583,2583,6A416C3D-1CF0-4B,UPI,9097.65,2026-06-18,Success
PAY102584,2584,3BB8397F-357D-45,UPI,6777.68,2024-11-11,Success
PAY102585,2585,13DF0B9B-512F-48,Net Banking,1041.18,2025-01-07,Success
PAY102586,2586,F41852BA-D75B-4C,Credit Card,2912.64,2025-11-14,Success
PAY102587,2587,B8CE48F5-7D28-4C,Cash on Delivery,14734.5,2025-05-15,Success
PAY102588,2588,F2BCDB70-0EA3-46,Cash on Delivery,11928.87,2025-07-31,Success
PAY102589,2589,B18DE3BF-2D07-4D,UPI,1911.0,2024-08-31,Success
PAY102590,2590,21A49FB6-C433-4B,Credit Card,7340.8,2025-05-21,Success
PAY102591,2591,7FC7F412-FFB0-47,Net Banking,4260.0,2026-03-17,Success
PAY102592,2592,0AB5654E-3A99-4B,UPI,30738.96,2026-03-26,Success
PAY102593,2593,AA891CA1-5DAD-4D,Debit Card,359.28,2025-11-18,Success
PAY102594,2594,9BD001D1-9497-4F,Credit Card,375.92,2026-01-11,Success
PAY102595,2595,E374C459-1CDD-40,UPI,4118.54,2025-04-03,Success
PAY102596,2596,57E127FC-1D91-46,Cash on Delivery,19637.28,2025-05-03,Success
PAY102597,2597,DC2FD88B-7C0E-4A,Net Banking,1669.5,2026-04-28,Success
PAY102598,2598,7C389CD3-CB82-4B,Credit Card,54442.2,2024-08-18,Success
PAY102599,2599,B47100F3-4CA4-4B,Credit Card,1811.15,2025-08-05,Success
PAY102600,2600,36F27D13-36EE-4B,UPI,37211.8,2025-03-22,Success
PAY102601,2601,5F20D8A0-82AC-46,Net Banking,222462.24,2025-03-13,Success
PAY102602,2602,915640E9-5110-41,Net Banking,13148.75,2024-08-15,Refunded
PAY102603,2603,F6A19FED-22C0-45,Debit Card,17931.6,2025-07-29,Success
PAY102604,2604,6A5F9BBE-A3DC-4D,Debit Card,475.09,2025-02-11,Success
PAY102605,2605,2C7775FA-B04E-4B,UPI,2647.19,2024-12-05,Success
PAY102606,2606,2A4C4248-5647-46,Credit Card,13670.4,2025-06-24,Success
PAY102607,2607,88925F78-3015-42,Net Banking,3314.46,2025-08-27,Success
PAY102608,2608,C18FFE5E-721A-48,Debit Card,1890.6,2024-11-09,Success
PAY102609,2609,4BDF4DD0-D2EB-46,UPI,83097.98,2025-08-09,Success
PAY102610,2610,913699E9-5966-4E,Net Banking,1482.0,2024-07-28,Success
PAY102611,2611,1816DCB5-B148-4B,Cash on Delivery,1856.79,2026-05-25,Failed
PAY102612,2612,D18D70B1-D981-43,UPI,1635.66,2025-05-24,Success
PAY102613,2613,0526E7DB-3695-49,Net Banking,964.46,2026-06-08,Success
PAY102614,2614,03DBB6FB-6AD8-4E,Debit Card,104920.02,2025-01-05,Success
PAY102615,2615,0B322476-F811-46,Net Banking,2210.4,2025-11-24,Success
PAY102616,2616,CACDC9CB-B1D5-49,Credit Card,6542.64,2025-04-29,Refunded
PAY102617,2617,0C28D546-9076-4D,Net Banking,16942.56,2025-08-11,Refunded
PAY102618,2618,D06D5093-58DB-46,UPI,2075.0,2025-02-12,Success
PAY102619,2619,6BBE06DF-3E7E-41,Debit Card,14283.66,2026-07-02,Refunded
PAY102620,2620,0EFB95DE-C7D5-42,Debit Card,59506.8,2025-07-15,Failed
PAY102621,2621,2C086718-5969-43,Net Banking,3256.2,2025-11-07,Success
PAY102622,2622,70D82D36-3907-45,Cash on Delivery,1095.72,2025-06-14,Success
PAY102623,2623,AAD7CCCE-0889-49,Cash on Delivery,182670.4,2026-03-05,Success
PAY102624,2624,03FD9DB8-8112-45,Credit Card,21210.0,2024-12-02,Success
PAY102625,2625,CE7F43F9-7CE8-46,Debit Card,5378.75,2025-12-11,Refunded
PAY102626,2626,7821FA2D-DD7A-42,Net Banking,4121.0,2025-08-09,Success
PAY102627,2627,F5D36916-858F-42,Cash on Delivery,20511.0,2025-02-21,Success
PAY102628,2628,90F2B242-9324-46,Debit Card,222462.24,2026-06-06,Success
PAY102629,2629,2460A63C-EEF9-4D,Debit Card,1420.0,2026-02-16,Success
PAY102630,2630,5374F0F2-1ECF-44,UPI,3178.11,2024-11-23,Success
PAY102631,2631,A201F0A3-02E1-45,UPI,370775.44,2025-11-20,Failed
PAY102632,2632,0F89AA83-D0D1-4D,Debit Card,3955.52,2026-03-22,Success
PAY102633,2633,DED2F1C8-8205-49,Net Banking,128408.7,2024-11-24,Success
PAY102634,2634,4E56F37B-755D-42,UPI,36534.08,2026-06-26,Failed
PAY102635,2635,ECE3CC26-2631-42,Net Banking,6393.36,2025-05-27,Success
PAY102636,2636,4FEB6DC9-3C22-4A,Net Banking,5519.12,2026-01-31,Success
PAY102637,2637,B1B499EC-AB84-4C,Credit Card,1683.0,2025-08-10,Failed
PAY102638,2638,597C7DC7-5309-47,Net Banking,2936.25,2026-05-05,Success
PAY102639,2639,3FB055C6-5E47-46,UPI,3645.95,2025-09-27,Success
PAY102640,2640,D521CD31-43A7-4F,Credit Card,1446.36,2025-07-13,Success
PAY102641,2641,F5DCB5C5-4AEA-43,Net Banking,728.16,2025-10-27,Success
PAY102642,2642,8DD258FB-B272-48,Net Banking,525803.3,2024-09-29,Success
PAY102643,2643,75ADA4D3-B47D-4F,Cash on Delivery,1993.68,2026-06-18,Success
PAY102644,2644,0D5E0FA3-E69D-4E,Cash on Delivery,1489.2,2026-05-31,Success
PAY102645,2645,81598669-E224-4E,Debit Card,10908.75,2025-07-09,Success
PAY102646,2646,55A4DE1E-9257-46,UPI,2260.6,2024-10-28,Success
PAY102647,2647,96FEFC4E-96B2-4C,Debit Card,2892.24,2025-04-16,Success
PAY102648,2648,AA7B51F0-3CB5-4F,Debit Card,17618.58,2026-06-27,Success
PAY102649,2649,71F9222B-C1B6-4B,UPI,298282.14,2025-03-05,Success
PAY102650,2650,0DFE1D1D-23C9-46,Credit Card,1672.8,2025-08-18,Success
PAY102651,2651,D95FBE89-FECA-4C,Debit Card,4699.2,2026-05-06,Success
PAY102652,2652,C58EEE39-844B-47,UPI,23372.6,2025-11-12,Success
PAY102653,2653,EA5F7E42-D432-4A,Net Banking,34285.84,2025-12-07,Failed
PAY102654,2654,DB55ABD8-7EC6-4D,Debit Card,58798.5,2026-03-21,Success
PAY102655,2655,BF6A26A4-46F1-4A,UPI,4452.15,2026-03-12,Refunded
PAY102656,2656,144FD220-DBC1-42,Net Banking,144805.5,2025-07-17,Success
PAY102657,2657,B38DD307-812F-40,Debit Card,5669.73,2026-05-28,Success
PAY102658,2658,C10185E5-D00D-41,Net Banking,694.4,2025-05-31,Success
PAY102659,2659,0D90B400-9606-46,Credit Card,325506.12,2025-01-13,Success
PAY102660,2660,A5E5F41F-F888-45,UPI,3142.26,2026-04-27,Success
PAY102661,2661,7C2F69DF-B248-49,Cash on Delivery,3630.0,2026-04-05,Success
PAY102662,2662,AC96ECB2-5A50-40,Debit Card,463469.3,2025-03-10,Success
PAY102663,2663,667FF820-F963-40,UPI,10485.6,2025-03-22,Success
PAY102664,2664,74026E12-C7E7-4B,UPI,2936.25,2024-10-27,Failed
PAY102665,2665,E3FDB76E-4191-49,Cash on Delivery,53564.9,2024-09-19,Success
PAY102666,2666,9EBA4664-FD3E-46,Net Banking,528.95,2025-09-15,Success
PAY102667,2667,13D84B82-91D5-46,Net Banking,301988.16,2025-08-25,Success
PAY102668,2668,E0BB3460-1DDF-42,Net Banking,273023.4,2025-08-20,Success
PAY102669,2669,A9305B8C-604D-4F,Debit Card,36075.14,2024-11-05,Success
PAY102670,2670,373053EC-D2C7-48,Credit Card,190212.0,2026-01-31,Success
PAY102671,2671,20E87054-4E21-44,Credit Card,7715.52,2025-12-05,Failed
PAY102672,2672,98C3704A-4C43-4F,Cash on Delivery,1391.65,2024-12-02,Refunded
PAY102673,2673,38583FA6-6719-4A,Credit Card,6315.96,2025-08-09,Refunded
PAY102674,2674,8F85BDF3-4724-4A,Debit Card,48637.0,2026-06-25,Success
PAY102675,2675,49E5BFAC-257A-4F,Cash on Delivery,2471.7,2025-04-25,Success
PAY102676,2676,EDC65205-9388-4B,Net Banking,12186.45,2025-02-17,Success
PAY102677,2677,D61608C6-8064-4E,Net Banking,4991.4,2026-05-11,Success
PAY102678,2678,D83F8FAA-C2F5-44,UPI,950.18,2025-06-11,Success
PAY102679,2679,FB4445FB-34B4-42,Debit Card,3271.32,2025-10-22,Success
PAY102680,2680,4C2213D9-30BA-43,Debit Card,109395.44,2025-09-10,Success
PAY102681,2681,50A93033-BF8B-40,Credit Card,3499.6,2025-07-27,Success
PAY102682,2682,3FEEEBD7-53CD-49,Debit Card,13841.28,2024-10-16,Success
PAY102683,2683,5A17D873-0292-43,Credit Card,1594.56,2026-06-17,Refunded
PAY102684,2684,9CAA02D7-DE31-45,Net Banking,90883.0,2026-04-17,Success
PAY102685,2685,46D30CCF-94A2-45,Net Banking,3402.16,2026-04-14,Success
PAY102686,2686,120E6ACD-37EF-40,Debit Card,11421.8,2025-05-20,Success
PAY102687,2687,B6BDA820-8B38-49,Net Banking,289617.0,2025-03-10,Success
PAY102688,2688,B42B3254-7326-4B,Credit Card,15477.84,2026-01-14,Success
PAY102689,2689,C4CD8892-9CF5-4D,Credit Card,498.64,2026-01-26,Success
PAY102690,2690,C1316537-E9AD-43,UPI,17384.55,2026-04-25,Success
PAY102691,2691,3482B23E-1288-43,UPI,222874.0,2025-12-09,Success
PAY102692,2692,2E75BBB1-BBFA-44,Credit Card,14121.25,2025-10-29,Success
PAY102693,2693,CC703886-E71F-47,Credit Card,49096.8,2025-06-20,Success
PAY102694,2694,9AFC6FF1-794C-40,Net Banking,1721.43,2026-03-08,Failed
PAY102695,2695,2DD0EE6E-F395-4C,UPI,2395.68,2026-02-16,Refunded
PAY102696,2696,F2988DF4-AE63-4D,Cash on Delivery,4736.9,2026-07-01,Failed
PAY102697,2697,BE71D5A1-DE34-40,Cash on Delivery,9055.75,2024-08-25,Success
PAY102698,2698,2920B665-A946-41,Cash on Delivery,4287.78,2024-08-16,Success
PAY102699,2699,4FB3EAF5-6A30-4A,Net Banking,82428.6,2025-08-04,Success
PAY102700,2700,4D43851A-D066-40,Credit Card,387825.2,2025-04-20,Success
PAY102701,2701,37A28666-00F8-46,Cash on Delivery,539.5,2024-10-17,Refunded
PAY102702,2702,593EFAFF-C1E5-40,UPI,2263.2,2024-10-11,Success
PAY102703,2703,207E1CA0-AF82-49,Debit Card,2208.56,2025-12-11,Success
PAY102704,2704,4B5F6F9B-E4D7-40,Credit Card,2962.08,2025-01-14,Success
PAY102705,2705,F44040C1-7060-4A,Credit Card,9176.0,2025-07-27,Failed
PAY102706,2706,8F0CA11B-D044-44,Net Banking,2278.4,2026-04-08,Failed
PAY102707,2707,402EA792-EC96-41,Cash on Delivery,10163.34,2026-04-07,Success
PAY102708,2708,6FB7413F-36F3-4D,Debit Card,838.35,2026-06-02,Success
PAY102709,2709,C91B154E-9D19-46,UPI,3578.4,2026-02-25,Success
PAY102710,2710,5D69B812-7BBF-44,Cash on Delivery,122385.21,2025-09-11,Success
PAY102711,2711,0FAEA375-4CAC-46,UPI,1953.0,2026-03-14,Success
PAY102712,2712,F64634E9-04D5-42,UPI,538537.5,2024-11-08,Success
PAY102713,2713,2F433590-8B54-4B,UPI,1674.75,2025-11-23,Success
PAY102714,2714,BC3416E1-E8C2-40,Net Banking,263611.04,2025-12-19,Success
PAY102715,2715,AB1B9E08-2F41-49,Cash on Delivery,230878.1,2024-07-27,Success
PAY102716,2716,628C6058-F9C5-4C,UPI,449166.48,2025-12-30,Success
PAY102717,2717,FE600F7E-7331-4A,Cash on Delivery,16509.24,2025-04-26,Success
PAY102718,2718,39835DB2-AC28-49,UPI,397709.52,2024-09-14,Success
PAY102719,2719,5DB1D4DF-86BF-48,Credit Card,2276.64,2026-01-01,Success
PAY102720,2720,1E7D11E3-0B31-41,UPI,5259.5,2025-07-06,Success
PAY102721,2721,28550638-E96F-49,Net Banking,45186.96,2025-10-11,Success
PAY102722,2722,B9558B37-2A1C-4B,Credit Card,2894.76,2024-08-23,Success
PAY102723,2723,8F5EC5DF-D687-4D,Credit Card,34912.8,2025-05-16,Success
PAY102724,2724,69306C52-7ADF-48,Net Banking,10031.68,2025-12-10,Refunded
PAY102725,2725,D825F5D8-FF01-4F,UPI,2805.0,2026-07-18,Success
PAY102726,2726,D70D9EE6-1D7B-4D,Net Banking,3670.4,2025-11-11,Success
PAY102727,2727,8905500A-95E9-4C,Credit Card,904.8,2025-06-22,Success
PAY102728,2728,4EA5C250-0780-4E,Cash on Delivery,10331.64,2025-03-05,Success
PAY102729,2729,BFE90DB2-D460-4C,Debit Card,40927.84,2025-03-13,Success
PAY102730,2730,4F02CE46-43D3-46,Credit Card,1068.12,2025-02-28,Success
PAY102731,2731,DD846A55-4E8D-45,Cash on Delivery,2210.4,2025-03-24,Success
PAY102732,2732,9374608A-0500-42,UPI,2778.84,2025-12-21,Failed
PAY102733,2733,845854B6-101F-4C,Credit Card,11396.0,2026-06-23,Success
PAY102734,2734,B0F55EE4-B249-49,Cash on Delivery,2284.9,2026-03-09,Success
PAY102735,2735,45C29D20-D941-44,Cash on Delivery,1821.6,2025-02-14,Success
PAY102736,2736,173BFFAF-0646-4C,Debit Card,4189.68,2026-01-23,Refunded
PAY102737,2737,F0C97770-3E82-41,Credit Card,2934.6,2025-11-02,Success
PAY102738,2738,F1E5B5EF-0151-48,Cash on Delivery,1420.0,2025-07-21,Success
PAY102739,2739,2BB3AAD3-2D68-48,Debit Card,2495.72,2025-01-01,Success
PAY102740,2740,3BA5A980-7DE7-4E,Credit Card,347539.84,2025-11-19,Success
PAY102741,2741,9A7566ED-A8C6-41,UPI,7564.32,2025-12-26,Refunded
PAY102742,2742,268B1EBB-12F0-43,Debit Card,109395.44,2026-02-11,Success
PAY102743,2743,2C094BE7-9D80-4B,Debit Card,2643.68,2025-06-09,Success
PAY102744,2744,612EDE4D-2BB6-49,Credit Card,4263.2,2026-02-18,Success
PAY102745,2745,AAC87E2C-85EA-4C,Cash on Delivery,622.5,2024-10-22,Success
PAY102746,2746,9F60D4D2-E852-4D,UPI,416147.05,2025-06-11,Success
PAY102747,2747,1DB91B82-CC00-4B,Debit Card,1730.4,2026-02-12,Success
PAY102748,2748,1E3FB3E0-56A0-41,Debit Card,2931.0,2026-06-02,Success
PAY102749,2749,02247EF8-89F6-4C,Cash on Delivery,36018.0,2025-08-30,Success
PAY102750,2750,4F082F59-7F81-4E,Credit Card,211390.24,2025-03-16,Success
PAY102751,2751,1FAF313C-CBD2-41,Cash on Delivery,13872.0,2025-06-12,Success
PAY102752,2752,09FC6670-E6B6-41,Credit Card,437581.76,2024-12-08,Success
PAY102753,2753,9A22CB13-B605-4B,Credit Card,13397.4,2024-11-23,Success
PAY102754,2754,812FE50D-7D60-41,Debit Card,17107.2,2026-07-01,Refunded
PAY102755,2755,B4CEEEF9-1573-46,Credit Card,7146.3,2026-05-26,Refunded
PAY102756,2756,BA8C673B-73AC-41,Cash on Delivery,2619.48,2026-03-29,Success
PAY102757,2757,6468499E-A276-44,UPI,110702.28,2025-11-06,Success
PAY102758,2758,93B7A9EF-E7AC-4D,UPI,19162.65,2025-02-08,Success
PAY102759,2759,89F1C428-98C8-4F,Net Banking,2658.24,2026-05-07,Success
PAY102760,2760,4CBF4CC6-61E1-44,Debit Card,6719.25,2025-10-27,Success
PAY102761,2761,7726661B-899F-49,Debit Card,1324.8,2025-08-05,Success
PAY102762,2762,DA841565-3C18-42,Credit Card,347539.84,2026-06-17,Refunded
PAY102763,2763,5B878FD8-854D-4D,Credit Card,3659.25,2025-10-19,Success
PAY102764,2764,9C0E5A97-B74E-40,Net Banking,5287.36,2024-08-24,Success
PAY102765,2765,83DE3B78-D604-4C,Cash on Delivery,4648.0,2025-07-31,Refunded
PAY102766,2766,A490DCA6-3913-4E,Net Banking,180519.6,2024-12-20,Success
PAY102767,2767,EB3487C1-93EC-4A,Credit Card,2849.0,2025-04-14,Success
PAY102768,2768,2C0719EF-1493-46,UPI,80572.32,2025-03-29,Success
PAY102769,2769,DDECEFCA-0586-4A,Cash on Delivery,2177.4,2025-07-08,Success
PAY102770,2770,D98A6ACC-731F-48,Debit Card,74440.92,2025-04-28,Success
PAY102771,2771,1C3EF95C-9AC6-45,Net Banking,7968.12,2025-07-25,Failed
PAY102772,2772,88168257-2B43-4F,Cash on Delivery,2488.5,2024-12-12,Failed
PAY102773,2773,ED7F54D8-7DA9-4D,Credit Card,452.64,2025-06-03,Success
PAY102774,2774,C64BA128-0C7E-41,Debit Card,1844.08,2026-03-07,Refunded
PAY102775,2775,7FD79EF1-764D-49,Net Banking,4592.7,2025-04-15,Success
PAY102776,2776,F23B58E1-3AFB-4B,Net Banking,1836.0,2025-11-26,Success
PAY102777,2777,BD377344-2AB8-4B,Credit Card,23326.26,2025-02-26,Success
PAY102778,2778,D8892546-D6A6-44,Debit Card,2620.0,2025-10-31,Success
PAY102779,2779,69429777-2CDA-41,Net Banking,2899.64,2025-10-09,Success
PAY102780,2780,59C631C8-C844-4E,Credit Card,226491.12,2026-05-19,Success
PAY102781,2781,9F8DF3CE-7741-4F,Cash on Delivery,2433.4,2025-04-02,Refunded
PAY102782,2782,215793D5-448B-4C,Credit Card,1273.0,2025-03-09,Success
PAY102783,2783,A50DEE8D-5FA3-4B,Credit Card,7564.32,2026-03-22,Refunded
PAY102784,2784,722FA401-A406-48,UPI,33529.04,2025-04-16,Success
PAY102785,2785,179F0EB3-63BE-47,Net Banking,28520.0,2025-07-16,Success
PAY102786,2786,EAA4AF31-183A-4F,UPI,447018.08,2025-04-18,Success
PAY102787,2787,8837DD8F-CF68-4A,Cash on Delivery,4648.0,2026-01-20,Success
PAY102788,2788,57F113A1-3F7A-4E,Cash on Delivery,422.64,2024-09-05,Success
PAY102789,2789,B6B048A4-4F3F-4C,Net Banking,68865.88,2026-02-26,Success
PAY102790,2790,B5162A94-35BA-41,Cash on Delivery,371100.0,2025-04-10,Success
PAY102791,2791,4C9D5B49-D1EE-4D,UPI,253770.84,2025-04-23,Refunded
PAY102792,2792,56DF11F7-516E-4E,Debit Card,283944.51,2024-11-18,Success
PAY102793,2793,171C9BA3-B4E9-4D,Credit Card,10366.4,2024-10-06,Success
PAY102794,2794,52D905F0-5FC6-48,Net Banking,226231.38,2025-05-06,Success
PAY102795,2795,63B673AC-84F8-48,UPI,12587.52,2024-09-11,Success
PAY102796,2796,5A25FA38-170D-45,Debit Card,832.65,2026-01-09,Success
PAY102797,2797,42F2621D-BD82-45,UPI,4002.0,2025-03-10,Success
PAY102798,2798,60B46231-A26F-44,Credit Card,681.1,2025-09-29,Success
PAY102799,2799,402727F1-6143-4F,Net Banking,6518.16,2025-04-19,Failed
PAY102800,2800,07A66912-1A86-48,Net Banking,838.35,2024-12-22,Success
PAY102801,2801,AABF358A-7EFF-47,Debit Card,482.12,2025-07-02,Success
PAY102802,2802,5A386FCD-7C7D-43,Debit Card,332391.92,2026-04-01,Success
PAY102803,2803,DBC72D43-EC81-48,Credit Card,38946.6,2026-06-07,Success
PAY102804,2804,2D60E6A1-AE5F-43,Net Banking,509.68,2026-04-02,Success
PAY102805,2805,954DC4FC-8B4B-49,UPI,1335.15,2024-07-24,Success
PAY102806,2806,F5579E08-5A19-4F,Net Banking,163762.2,2024-12-11,Failed
PAY102807,2807,E406C40A-D0EF-4C,Credit Card,105160.66,2024-07-24,Success
PAY102808,2808,EA6DD3DE-F809-46,Cash on Delivery,33899.22,2024-12-02,Refunded
PAY102809,2809,51EF6789-DFF9-41,Cash on Delivery,5294.38,2026-04-03,Success
PAY102810,2810,AD8D74EB-FE24-48,UPI,8585.44,2025-09-11,Success
PAY102811,2811,ABFA23B4-205D-44,Credit Card,35604.0,2025-09-15,Failed
PAY102812,2812,7B285A46-9B0D-42,Debit Card,1760.76,2025-11-23,Success
PAY102813,2813,AC3EAA5D-4149-4F,UPI,4722.34,2024-10-05,Success
PAY102814,2814,A2F11D98-38E1-4D,UPI,90331.5,2026-05-17,Success
PAY102815,2815,CFAAF2AB-B55E-42,Cash on Delivery,10738.56,2026-05-30,Success
PAY102816,2816,6C25B481-B378-4D,Net Banking,452.12,2025-10-28,Success
PAY102817,2817,250E0449-4F92-47,Credit Card,525803.3,2024-10-06,Success
PAY102818,2818,7445C19A-86B0-4C,Cash on Delivery,42085.0,2025-06-22,Failed
PAY102819,2819,063CCF58-A9F1-41,UPI,596.16,2025-08-30,Failed
PAY102820,2820,7F087CAE-D95A-42,Net Banking,988.68,2025-08-20,Success
PAY102821,2821,EDD43612-89FE-4C,Credit Card,2225.94,2026-04-04,Success
PAY102822,2822,0B8517EF-15F4-4B,UPI,4187.84,2024-09-11,Success
PAY102823,2823,E955D659-0663-4E,Credit Card,2550.0,2024-10-25,Success
PAY102824,2824,8967FECA-EF3D-44,Debit Card,17112.5,2025-07-03,Success
PAY102825,2825,C11549DE-E420-46,Credit Card,462.0,2025-07-02,Failed
PAY102826,2826,C6747E02-2DF1-41,UPI,672.7,2026-03-23,Failed
PAY102827,2827,899B110A-4BAD-4B,Credit Card,83561.8,2024-10-17,Success
PAY102828,2828,E8991B07-E514-45,Net Banking,23100.88,2024-10-25,Success
PAY102829,2829,8E108DB0-FC0E-4B,Net Banking,2666.4,2025-06-06,Success
PAY102830,2830,D5CC3BC7-1044-45,Net Banking,836.4,2025-11-11,Success
PAY102831,2831,B35E783D-C0B6-43,Cash on Delivery,2883.0,2025-11-14,Success
PAY102832,2832,A8378B81-29A3-42,Debit Card,1253.88,2025-01-18,Success
PAY102833,2833,9681EFC1-3FE2-45,Cash on Delivery,8766.0,2025-08-09,Success
PAY102834,2834,4ED2A5E8-1134-48,Cash on Delivery,48265.7,2025-07-23,Failed
PAY102835,2835,11609DD2-0871-44,Net Banking,909.42,2026-03-13,Success
PAY102836,2836,986025F8-95F7-4C,Cash on Delivery,27515.4,2026-05-18,Refunded
PAY102837,2837,979626B2-0619-45,Debit Card,629.85,2024-11-20,Success
PAY102838,2838,C84B93A7-3254-46,Credit Card,2156.7,2025-06-03,Success
PAY102839,2839,5094DB29-0493-40,Net Banking,110702.28,2025-12-04,Success
PAY102840,2840,AB0309CB-18FD-4E,Cash on Delivery,2507.76,2024-12-21,Success
PAY102841,2841,0E67B13E-5107-4B,Net Banking,6359.7,2025-01-04,Success
PAY102842,2842,69079B82-B3D4-44,Credit Card,12873.3,2025-09-18,Success
PAY102843,2843,B7EC7DAE-07B3-47,Net Banking,660.0,2024-11-30,Success
PAY102844,2844,4B08BA38-C672-41,Credit Card,12355.62,2026-02-14,Success
PAY102845,2845,AA14DB07-5F95-45,UPI,2616.96,2026-02-12,Refunded
PAY102846,2846,04899D27-93F3-42,Net Banking,16834.0,2025-12-02,Success
PAY102847,2847,5DB63A75-FD27-47,Cash on Delivery,3001.5,2026-06-01,Refunded
PAY102848,2848,3AE9EEFC-F919-42,Debit Card,368676.0,2025-06-13,Success
PAY102849,2849,769C5964-E80E-4A,Credit Card,1460.04,2025-07-14,Success
PAY102850,2850,744F46EA-7539-46,Net Banking,34973.34,2026-04-16,Refunded
PAY102851,2851,AC74A026-15D2-47,Credit Card,282996.4,2025-04-18,Success
PAY102852,2852,298FFDEA-FC9E-48,Debit Card,155130.08,2024-08-25,Refunded
PAY102853,2853,F4977D87-F5A5-44,Cash on Delivery,4031.8,2025-05-17,Success
PAY102854,2854,4672A5DC-1E51-42,Cash on Delivery,3915.0,2024-11-20,Success
PAY102855,2855,BE4B5C92-7FC3-4D,Debit Card,13996.8,2026-06-12,Success
PAY102856,2856,DEA4C286-87F9-48,Net Banking,15444.0,2025-02-01,Success
PAY102857,2857,A25AA500-E8AC-46,Cash on Delivery,5727.57,2025-02-10,Failed
PAY102858,2858,D4C91806-CCA6-46,UPI,898.8,2025-03-04,Success
PAY102859,2859,9AC3E70A-747D-46,Credit Card,1362.2,2024-12-10,Success
PAY102860,2860,27430DFE-9FF3-43,UPI,7156.8,2025-08-17,Success
PAY102861,2861,A6183EEF-E67E-4E,Debit Card,1088.7,2025-03-03,Refunded
PAY102862,2862,90EE61F8-B448-4C,UPI,10911.7,2026-03-08,Success
PAY102863,2863,6D22E268-ABC4-46,Cash on Delivery,33899.22,2025-01-09,Failed
PAY102864,2864,AF3B52E4-9B3B-42,Credit Card,4991.4,2025-09-23,Success
PAY102865,2865,331A1D54-A160-42,Debit Card,1003.8,2026-01-16,Success
PAY102866,2866,7CD38356-8979-46,UPI,21856.32,2025-06-02,Failed
PAY102867,2867,F3204C30-C818-4D,Credit Card,2044.29,2025-05-26,Success
PAY102868,2868,3A09338F-AD5F-4A,UPI,6936.0,2026-03-07,Success
PAY102869,2869,BF36C23E-FB0B-45,Net Banking,4692.82,2026-02-04,Success
PAY102870,2870,CB7C4F80-071F-45,Cash on Delivery,15208.98,2025-06-08,Success
PAY102871,2871,6C9C3991-5832-4D,UPI,2805.0,2025-09-04,Success
PAY102872,2872,ACD9EE2B-8505-45,UPI,527222.08,2026-05-10,Success
PAY102873,2873,F80FE5F8-576C-4B,Cash on Delivery,6545.76,2026-06-30,Success
PAY102874,2874,8BED38D9-6BB4-4F,Credit Card,26213.88,2026-05-23,Refunded
PAY102875,2875,C58F0AC8-3AC1-4F,UPI,101965.5,2026-04-21,Success
PAY102876,2876,75473658-2F98-46,Credit Card,81038.4,2025-09-11,Success
PAY102877,2877,BFDFB496-C2A6-49,Net Banking,923.32,2024-11-14,Success
PAY102878,2878,E4E8D401-FC89-4D,Cash on Delivery,8095.75,2025-12-06,Success
PAY102879,2879,7894704D-7805-4D,Debit Card,3594.9,2025-01-26,Success
PAY102880,2880,5D09BBC6-C098-42,Net Banking,8124.3,2026-06-16,Success
PAY102881,2881,919B55BE-CA69-4B,Net Banking,2044.29,2026-06-21,Success
PAY102882,2882,4009FAD0-C6A8-44,Net Banking,3061.8,2024-10-31,Success
PAY102883,2883,3677613A-2A21-49,Credit Card,1391.65,2026-06-03,Success
PAY102884,2884,FA3D2A15-00DD-47,UPI,923.32,2025-01-24,Success
PAY102885,2885,B1583E45-DAF2-43,UPI,109179.58,2025-05-30,Refunded
PAY102886,2886,6DA0E169-8E5A-42,UPI,1656.0,2025-06-06,Success
PAY102887,2887,AE5D3FEF-738E-44,UPI,988.88,2024-11-15,Success
PAY102888,2888,7393F273-71A1-4F,UPI,382.2,2025-02-23,Success
PAY102889,2889,0E7D630E-103B-47,Credit Card,5564.85,2025-10-25,Success
PAY102890,2890,0DD770DB-2458-4B,Credit Card,519.65,2025-03-06,Failed
PAY102891,2891,CDAD8692-339D-48,Net Banking,3594.9,2026-03-27,Refunded
PAY102892,2892,535FFE44-095F-4E,Debit Card,1730.4,2024-09-29,Success
PAY102893,2893,073599A5-CF5E-45,UPI,7816.5,2026-01-11,Success
PAY102894,2894,615D385B-F7AC-4A,Cash on Delivery,15500.85,2025-05-09,Success
PAY102895,2895,564D9972-EEF8-42,Debit Card,1918.08,2026-07-14,Refunded
PAY102896,2896,3D7A1D03-D1E1-45,UPI,122385.21,2024-10-19,Success
PAY102897,2897,8F51DC78-D1B2-4E,Debit Card,61477.92,2025-09-02,Failed
PAY102898,2898,4E79CBAF-0429-49,Debit Card,19543.95,2026-07-16,Success
PAY102899,2899,CB1D9B70-F73A-45,Credit Card,22813.47,2026-04-02,Success
PAY102900,2900,C4B7158B-5082-46,UPI,2331.84,2026-01-08,Refunded
PAY102901,2901,7CAEFDBC-8901-45,UPI,704.45,2025-08-13,Success
PAY102902,2902,91E2B6B9-F443-40,Credit Card,4443.12,2026-05-17,Success
PAY102903,2903,7C25012E-1466-4E,Debit Card,4363.16,2026-06-29,Success
PAY102904,2904,3B793FB3-AAC7-41,Credit Card,2992.8,2025-07-19,Success
PAY102905,2905,0A0C84AD-6DF5-48,Net Banking,2196.18,2025-02-10,Success
PAY102906,2906,B396E908-B1E9-47,Cash on Delivery,187656.84,2026-03-09,Success
PAY102907,2907,B697F7E6-6875-4F,Debit Card,12355.62,2025-10-10,Success
PAY102908,2908,10866734-A2C3-40,Net Banking,364655.25,2024-11-10,Failed
PAY102909,2909,3200FF21-34DF-4D,Debit Card,9585.54,2024-10-31,Success
PAY102910,2910,FE80FD76-0BF9-41,Net Banking,10264.32,2025-08-17,Success
PAY102911,2911,05716C9C-E2DD-4D,Debit Card,341.96,2025-07-27,Success
PAY102912,2912,57758780-0623-42,Cash on Delivery,707.52,2024-12-26,Success
PAY102913,2913,DE41030A-3CB1-43,Debit Card,2113.2,2025-09-23,Success
PAY102914,2914,B3C67CF6-B5F4-43,UPI,85605.8,2025-03-28,Success
PAY102915,2915,EC1E6B43-2C9B-45,UPI,287.28,2024-10-15,Success
PAY102916,2916,E92226A9-29B1-49,UPI,2121.52,2026-04-08,Success
PAY102917,2917,7688DF89-3836-43,Net Banking,2887.56,2024-07-30,Failed
PAY102918,2918,38B79270-04F4-43,Net Banking,605218.5,2025-01-06,Success
PAY102919,2919,6BBBF6A6-DE93-42,Net Banking,148400.24,2025-02-19,Success
PAY102920,2920,3401A532-CD82-41,Credit Card,11385.99,2025-09-17,Success
PAY102921,2921,161A621C-4F37-46,Debit Card,222569.86,2025-03-17,Success
PAY102922,2922,30B13333-358D-43,Credit Card,473240.85,2025-10-25,Success
PAY102923,2923,0F4C2EF8-5CF5-41,Cash on Delivery,11296.74,2025-06-04,Success
PAY102924,2924,4221896E-4745-44,Debit Card,1612.41,2026-07-08,Success
PAY102925,2925,E2545BF3-44E1-4C,Credit Card,707.52,2025-03-14,Success
PAY102926,2926,9B35DEE0-1510-4F,Debit Card,2457.0,2024-11-02,Success
PAY102927,2927,2111A9C9-9385-42,UPI,1748.88,2026-01-14,Success
PAY102928,2928,A33C4FB3-AF73-4D,Credit Card,11303.6,2024-11-13,Success
PAY102929,2929,B4B909D4-609D-4B,Cash on Delivery,1019.36,2026-07-09,Success
PAY102930,2930,F4B11637-9AF6-49,Debit Card,173.01,2024-07-22,Success
PAY102931,2931,05207063-FF38-41,Net Banking,363131.1,2024-10-07,Success
PAY102932,2932,691A2A4A-57CC-40,Cash on Delivery,3594.9,2025-03-10,Success
PAY102933,2933,0DA0D4E5-385E-4B,Credit Card,21425.49,2026-01-16,Success
PAY102934,2934,9029BBE0-3992-45,Cash on Delivery,19543.95,2025-08-11,Success
PAY102935,2935,9F023F19-D92D-41,Debit Card,4168.26,2025-04-22,Success
PAY102936,2936,0779DBA2-C64C-45,Cash on Delivery,13272.48,2025-07-13,Success
PAY102937,2937,4C4D97E4-7A79-44,Cash on Delivery,6153.28,2025-02-10,Success
PAY102938,2938,EB53D5DD-9D35-4E,Cash on Delivery,4792.77,2025-02-10,Success
PAY102939,2939,FCB9AC0A-C251-4D,Credit Card,3857.84,2026-03-28,Success
PAY102940,2940,F75C8620-12B2-44,Net Banking,3402.16,2026-04-24,Success
PAY102941,2941,8F41348A-A7E2-48,Net Banking,996.3,2024-11-25,Success
PAY102942,2942,F9A0F32D-4E81-4A,Credit Card,2671.29,2024-10-24,Success
PAY102943,2943,B23C3E91-4779-44,Cash on Delivery,5455.85,2026-06-16,Failed
PAY102944,2944,54CAFC7B-1AB8-44,Credit Card,30417.96,2026-04-11,Success
PAY102945,2945,92B3F8EF-55DB-49,Credit Card,469.9,2025-10-11,Success
PAY102946,2946,09AB818A-6B5A-4D,Debit Card,15682.5,2024-09-19,Success
PAY102947,2947,438FE315-085D-49,UPI,982.98,2025-05-12,Success
PAY102948,2948,59B353BF-87DD-43,Debit Card,5097.96,2026-03-17,Success
PAY102949,2949,81F62038-2C6D-42,Credit Card,3076.64,2025-08-31,Failed
PAY102950,2950,9501FC37-A88F-4E,Credit Card,17340.0,2025-05-08,Success
PAY102951,2951,7C28E7FE-200C-4D,UPI,486.68,2025-01-15,Success
PAY102952,2952,F2C21C91-CDDE-40,Net Banking,1437.96,2025-04-13,Success
PAY102953,2953,2DB116C2-FE2C-49,UPI,2725.72,2025-09-16,Refunded
PAY102954,2954,9B7E9A4D-D883-44,Debit Card,3640.8,2026-06-27,Success
PAY102955,2955,4205DFE0-A641-43,Net Banking,11297.0,2024-10-30,Failed
PAY102956,2956,28C7534C-77AF-49,Net Banking,39666.88,2025-08-05,Success
PAY102957,2957,6E76F2B6-B373-4E,Cash on Delivery,10436.4,2026-02-24,Success
PAY102958,2958,328751C8-E0F8-46,Cash on Delivery,7709.52,2024-08-15,Success
PAY102959,2959,5F948EF1-6460-4F,Debit Card,12546.0,2025-07-19,Success
PAY102960,2960,B25E1B87-9E8B-43,Credit Card,69946.68,2025-07-11,Failed
PAY102961,2961,B21FA2EC-3311-41,Cash on Delivery,2782.5,2024-08-11,Success
PAY102962,2962,6F7D96AC-0612-43,Debit Card,1228.5,2025-02-15,Refunded
PAY102963,2963,387C8269-BA7F-45,UPI,5850.0,2025-04-22,Success
PAY102964,2964,8A4BD4C5-1B15-4C,Net Banking,23611.7,2024-10-11,Success
PAY102965,2965,07269BDD-8995-44,Credit Card,8981.88,2024-07-27,Failed
PAY102966,2966,F1A91B9C-81EC-4C,Cash on Delivery,13305.24,2024-09-14,Success
PAY102967,2967,5D3E3249-91BF-42,UPI,346.94,2026-01-02,Success
PAY102968,2968,CD66AFBD-015B-4B,Cash on Delivery,6920.64,2026-06-28,Success
PAY102969,2969,A11DB7EE-AC86-4D,UPI,933.88,2025-09-12,Success
PAY102970,2970,7C131E57-8DA7-41,Credit Card,95764.44,2025-12-07,Refunded
PAY102971,2971,47164893-542C-40,UPI,208.32,2025-11-17,Success
PAY102972,2972,98562399-671E-4E,Debit Card,525803.3,2026-03-09,Success
PAY102973,2973,10386C46-26F0-46,UPI,323122.5,2025-06-09,Success
PAY102974,2974,613E44BF-DFF8-4B,Credit Card,1748.88,2025-11-13,Success
PAY102975,2975,81912108-4D69-48,Credit Card,4224.35,2026-03-12,Refunded
PAY102976,2976,65EEE662-2126-4C,UPI,1630.64,2025-06-27,Success
PAY102977,2977,3015D6AE-822F-42,UPI,13555.36,2024-08-16,Success
PAY102978,2978,CA73A5C6-F591-41,Net Banking,197031.9,2025-06-15,Failed
PAY102979,2979,66180312-0928-4A,Debit Card,4991.44,2025-06-10,Success
PAY102980,2980,C304DC2E-5B29-41,Debit Card,11740.48,2026-05-04,Success
PAY102981,2981,C5143684-B542-49,Net Banking,2658.24,2025-12-07,Refunded
PAY102982,2982,6863EF41-3219-4D,Cash on Delivery,1220.67,2025-03-19,Success
PAY102983,2983,D0F64D55-F871-46,UPI,6399.2,2026-01-24,Success
PAY102984,2984,59473481-C3DA-4C,UPI,437581.76,2025-11-28,Success
PAY102985,2985,55F5843E-D384-4C,UPI,326.4,2024-08-27,Success
PAY102986,2986,D8AAA030-22F7-43,Debit Card,6261.84,2026-06-07,Success
PAY102987,2987,A17D2A76-33FE-45,Debit Card,175260.75,2025-04-02,Success
PAY102988,2988,5B1C627E-9735-40,UPI,1211.36,2025-03-12,Success
PAY102989,2989,7A6C0524-B970-43,Cash on Delivery,844.87,2026-05-30,Failed
PAY102990,2990,397E789F-85F3-4D,UPI,244129.59,2025-07-15,Success
PAY102991,2991,1BBF1BE4-4054-46,Cash on Delivery,2007.92,2026-06-20,Refunded
PAY102992,2992,3A48CEE1-F90A-4F,UPI,65478.6,2024-12-19,Refunded
PAY102993,2993,3E66A8A8-5DF8-4C,Debit Card,173.47,2026-03-25,Success
PAY102994,2994,A2552DA3-BC7A-43,UPI,452462.76,2026-01-19,Success
PAY102995,2995,8BAA5FCC-0CBD-4F,Net Banking,298438.8,2025-11-15,Refunded
PAY102996,2996,4727061D-3E77-48,UPI,422780.48,2025-01-08,Success
PAY102997,2997,685661BC-8739-4F,UPI,2428.8,2025-05-14,Success
PAY102998,2998,6327A4E1-460A-46,UPI,1389.42,2025-02-26,Success
PAY102999,2999,5F3E3165-A953-4A,Net Banking,1362.2,2025-06-13,Success
PAY103000,3000,3F7468E7-41E6-4A,UPI,1047.42,2025-01-07,Success
PAY103001,3001,2E4C482F-1017-40,Net Banking,1860.32,2025-10-31,Success
PAY103002,3002,BF05AEB9-D1C4-47,Net Banking,681.43,2025-10-01,Failed
PAY103003,3003,2ABB8FC0-B661-49,Cash on Delivery,59506.8,2024-12-16,Failed
PAY103004,3004,5F173F95-A61D-4E,Cash on Delivery,225828.75,2025-06-14,Failed
PAY103005,3005,8E114663-2D85-4C,Debit Card,6777.68,2025-10-07,Success
PAY103006,3006,3AA176AC-0667-40,Net Banking,2233.8,2025-10-01,Success
PAY103007,3007,38523FA8-0CD2-46,Cash on Delivery,4879.0,2025-03-28,Success
PAY103008,3008,40EACD3F-447F-42,Cash on Delivery,7788.48,2024-12-07,Failed
PAY103009,3009,67728ECD-F5F6-40,Credit Card,2151.09,2024-11-14,Success
PAY103010,3010,1B8E9906-66BF-4B,Net Banking,660.0,2024-12-27,Success
PAY103011,3011,8309E33C-1254-44,Cash on Delivery,3109.86,2024-10-17,Success
PAY103012,3012,B641E1C9-2FA9-42,Net Banking,234.9,2024-09-21,Success
PAY103013,3013,F332E666-E2A2-47,Credit Card,1041.18,2026-05-15,Success
PAY103014,3014,184C3D35-7B1D-4C,Debit Card,3819.0,2025-09-06,Refunded
PAY103015,3015,F5DD00C2-0A22-43,Net Banking,3844.04,2024-08-22,Success
PAY103016,3016,77817EC7-A16B-4F,UPI,1245.0,2024-09-30,Success
PAY103017,3017,2D696E73-34DD-4C,UPI,4977.0,2025-04-29,Success
PAY103018,3018,D5D887CC-3B07-47,Debit Card,2978.25,2025-07-13,Success
PAY103019,3019,9026BFE6-1AC1-4A,Cash on Delivery,3023.28,2025-03-02,Success
PAY103020,3020,1351F378-AFAC-46,Debit Card,988.68,2025-10-23,Success
PAY103021,3021,75E1F8D6-1BAD-49,Net Banking,2263.2,2024-08-29,Success
PAY103022,3022,8819EBEA-64AD-45,Cash on Delivery,7191.5,2024-12-28,Success
PAY103023,3023,81E88EC5-F58A-4B,UPI,130016.48,2025-02-26,Failed
PAY103024,3024,6AA7AD70-EC29-41,Cash on Delivery,8472.75,2025-06-24,Success
PAY103025,3025,39E53817-8CBC-40,Cash on Delivery,188612.88,2025-04-18,Success
PAY103026,3026,35784F23-DD73-46,Net Banking,68571.68,2024-11-20,Success
PAY103027,3027,031CD441-2BB7-42,Debit Card,231909.6,2024-07-31,Success
PAY103028,3028,BC8C6E9E-3457-43,Credit Card,1948.32,2025-05-29,Success
PAY103029,3029,604EA31D-B710-4C,UPI,17177.6,2025-04-27,Success
PAY103030,3030,3DB76C5F-8784-4C,Net Banking,2210.4,2025-07-27,Success
PAY103031,3031,7F9CA5B2-0284-4C,UPI,2001.0,2026-04-28,Failed
PAY103032,3032,7FF5697A-F837-4F,Cash on Delivery,2260.6,2024-12-15,Success
PAY103033,3033,60181740-FE2C-40,Net Banking,1536.8,2025-09-12,Success
PAY103034,3034,E325B7FF-5690-40,Credit Card,1329.12,2025-01-08,Refunded
PAY103035,3035,AB7A4220-9BBC-4B,Credit Card,3808.35,2025-04-20,Success
PAY103036,3036,D65CF731-178F-48,Cash on Delivery,21425.96,2026-03-29,Success
PAY103037,3037,09554512-D6F2-40,Debit Card,1721.43,2025-12-07,Success
PAY103038,3038,1CE366D3-E056-4E,Cash on Delivery,12306.6,2025-01-06,Success
PAY103039,3039,B3CDA25B-29AB-40,Cash on Delivery,4420.8,2025-10-11,Failed
PAY103040,3040,123DE485-410B-42,Cash on Delivery,4524.0,2025-12-21,Refunded
PAY103041,3041,A354ED66-13BF-4B,Credit Card,44545.62,2025-01-12,Success
PAY103042,3042,A6183E04-3C07-43,Debit Card,15126.33,2025-02-18,Success
PAY103043,3043,943F12B1-291F-4F,UPI,640.7,2024-10-29,Success
PAY103044,3044,F477F00D-6DFC-4E,Debit Card,111728.79,2025-11-25,Success
PAY103045,3045,660D5F70-7F81-4A,Net Banking,11891.92,2025-03-14,Success
PAY103046,3046,428C8A1E-0466-4A,Debit Card,2170.8,2026-01-28,Success
PAY103047,3047,8FE2E690-ABA4-4A,Credit Card,2244.0,2026-03-19,Failed
PAY103048,3048,739C607F-2EC6-47,Cash on Delivery,1517.76,2025-07-28,Success
PAY103049,3049,302EF8D0-0A67-43,UPI,7564.32,2024-09-24,Success
PAY103050,3050,5FBED3B8-2E5E-48,Credit Card,169180.56,2025-09-10,Success
PAY103051,3051,72DC9280-8571-4A,Debit Card,245101.75,2024-09-27,Success
PAY103052,3052,C432C654-CA8A-43,UPI,602.28,2025-05-03,Refunded
PAY103053,3053,31A05125-461B-45,Credit Card,1446.36,2025-07-10,Success
PAY103054,3054,61230274-34DB-43,Cash on Delivery,15500.85,2024-07-21,Failed
PAY103055,3055,C68CBC8C-8279-40,UPI,567349.2,2025-01-28,Success
PAY103056,3056,756D5ED9-1803-4E,UPI,2308.3,2025-05-04,Refunded
PAY103057,3057,9204EA01-48FE-41,Net Banking,5870.24,2024-11-19,Success
PAY103058,3058,E6AF4527-52AA-4B,Net Banking,1267.92,2025-05-03,Success
PAY103059,3059,052A2D36-C14C-47,UPI,1065.8,2025-07-27,Refunded
PAY103060,3060,CBE0852A-001E-44,Cash on Delivery,223509.04,2025-07-09,Success
PAY103061,3061,4323C589-DE70-45,Debit Card,281778.36,2026-02-16,Success
PAY103062,3062,F01811F8-FD43-41,Net Banking,6797.28,2026-05-13,Success
PAY103063,3063,53AAC475-3F00-4A,Debit Card,1672.8,2025-11-01,Success
PAY103064,3064,C6E03B00-F103-4C,Credit Card,33888.4,2025-06-01,Success
PAY103065,3065,D1FD9C31-B5F2-41,Debit Card,110211.16,2025-09-26,Success
PAY103066,3066,6BF93BD9-ECE0-4D,UPI,9189.76,2025-08-08,Success
PAY103067,3067,2406B28C-5283-48,UPI,596.16,2025-07-05,Failed
PAY103068,3068,9F088E80-F086-43,Net Banking,32971.44,2024-09-03,Success
PAY103069,3069,C0CA8A04-D01D-46,Debit Card,49020.35,2024-08-28,Success
PAY103070,3070,2CB38B70-6910-49,Cash on Delivery,2196.18,2024-09-24,Success
PAY103071,3071,0C800839-33DA-4E,UPI,2033.91,2024-08-19,Success
PAY103072,3072,CF3D1454-2671-47,UPI,31434.0,2025-07-05,Success
PAY103073,3073,56793B06-233A-47,UPI,55105.58,2026-01-03,Refunded
PAY103074,3074,1E7B22DF-B885-40,Cash on Delivery,3321.32,2025-01-22,Success
PAY103075,3075,55F5A1B3-C820-43,Debit Card,1465.5,2025-01-15,Success
PAY103076,3076,435E1530-3DD7-49,Cash on Delivery,104732.56,2025-10-15,Refunded
PAY103077,3077,A37F2B93-4F27-46,Credit Card,4417.12,2025-09-08,Refunded
PAY103078,3078,CC2FE3C9-45E6-4E,Cash on Delivery,24133.44,2025-09-26,Success
PAY103079,3079,35C1B40C-0C72-41,Debit Card,20989.5,2026-01-24,Success
PAY103080,3080,258D78C9-99A3-4D,Net Banking,973.36,2026-05-09,Success
PAY103081,3081,043C622E-864B-4B,Net Banking,4699.2,2026-07-21,Refunded
PAY103082,3082,C8D85C50-2D5C-48,UPI,182670.4,2025-06-01,Success
PAY103083,3083,68EDBA09-9CF9-44,Debit Card,77047.74,2026-01-23,Success
PAY103084,3084,6DFA68A2-A49F-43,Debit Card,12345.75,2025-03-22,Refunded
PAY103085,3085,EB2563E0-CB33-48,UPI,8419.4,2024-09-18,Refunded
PAY103086,3086,9B2A997E-3440-47,Debit Card,4938.3,2024-10-28,Success
PAY103087,3087,2EAD176A-BCF8-49,Cash on Delivery,26183.04,2024-11-09,Success
PAY103088,3088,DCC6CE05-4690-42,UPI,2340.0,2024-07-31,Failed
PAY103089,3089,583897E5-5E3C-4B,Cash on Delivery,11532.12,2026-03-02,Failed
PAY103090,3090,F8D2F2B5-D65E-4D,UPI,124024.08,2026-06-11,Success
PAY103091,3091,0E490D14-0E9D-41,Cash on Delivery,1742.4,2024-11-05,Success
PAY103092,3092,B1F4B38D-E4F1-41,Net Banking,1977.76,2025-03-16,Refunded
PAY103093,3093,7FC43DBD-41A8-48,Cash on Delivery,29729.8,2025-07-19,Success
PAY103094,3094,CDA935EA-6AC1-4F,Credit Card,49096.8,2025-07-16,Refunded
PAY103095,3095,56FDC880-8096-41,Cash on Delivery,7968.12,2025-03-11,Success
PAY103096,3096,07A79550-E824-44,Cash on Delivery,681.1,2026-02-12,Success
PAY103097,3097,793A106D-D646-4F,Credit Card,17003.96,2024-12-21,Success
PAY103098,3098,F6F1B2F0-A2AF-4A,Credit Card,7788.48,2025-07-22,Success
PAY103099,3099,62B06886-B94B-45,Credit Card,3866.94,2025-02-28,Refunded
PAY103100,3100,E5BCD547-E66F-4F,UPI,132760.6,2024-12-26,Success
PAY103101,3101,502B076B-66CC-4A,Net Banking,499.59,2025-11-14,Success
PAY103102,3102,F8FAAA25-24D7-43,Cash on Delivery,2783.3,2026-01-28,Failed
PAY103103,3103,9483815C-7C19-44,Credit Card,886.2,2025-09-11,Success
PAY103104,3104,EC74DC47-CDC7-40,Cash on Delivery,1664.28,2025-08-28,Success
PAY103105,3105,7407DB72-2EFE-46,UPI,877.2,2025-11-12,Success
PAY103106,3106,6207F67E-81C1-45,Net Banking,1630.64,2026-06-29,Success
PAY103107,3107,1C2D8E29-A4A5-4C,Cash on Delivery,88197.75,2024-08-27,Success
PAY103108,3108,2EEB9394-5525-43,Debit Card,2562.8,2025-09-16,Success
PAY103109,3109,D7881081-E699-49,Debit Card,33988.5,2025-07-20,Refunded
PAY103110,3110,B071EE58-4C5E-41,Debit Card,69302.64,2025-03-28,Success
PAY103111,3111,671C0C0C-3E03-4A,Net Banking,6273.0,2025-05-29,Failed
PAY103112,3112,A22EBF14-03FF-49,Cash on Delivery,33596.25,2026-07-08,Success
PAY103113,3113,395FB8B1-9723-4F,Debit Card,213.84,2024-12-13,Failed
PAY103114,3114,D90C9020-32CD-44,Net Banking,16408.8,2025-04-19,Success
PAY103115,3115,BCA55A3F-53DD-44,Cash on Delivery,3984.06,2026-04-01,Success
PAY103116,3116,F10F5A8D-191E-40,Debit Card,6845.0,2026-01-15,Refunded
PAY103117,3117,C818984B-1F1D-4F,Net Banking,10306.56,2025-11-09,Success
PAY103118,3118,2E9E699D-F47C-47,Credit Card,5802.72,2025-07-14,Success
PAY103119,3119,1BFB9196-F649-4B,Net Banking,199365.8,2024-11-17,Refunded
PAY103120,3120,31496E90-5462-4B,UPI,497398.0,2026-03-07,Failed
PAY103121,3121,B611CCE0-FF4B-48,UPI,4420.8,2025-12-11,Success
PAY103122,3122,496158DC-21C3-4B,Credit Card,23911.35,2025-04-21,Success
PAY103123,3123,5B017420-AEAF-49,Net Banking,2585.7,2025-06-16,Success
PAY103124,3124,94A928DE-34B9-44,Net Banking,340.68,2024-11-27,Success
PAY103125,3125,F15E3F52-8613-4A,Debit Card,245101.75,2025-05-08,Failed
PAY103126,3126,CC2C58A2-AE88-40,UPI,85129.2,2026-01-16,Failed
PAY103127,3127,2382059A-0978-4E,Net Banking,999.6,2025-11-20,Failed
PAY103128,3128,D7232791-E01A-40,Net Banking,2982.0,2025-08-26,Success
PAY103129,3129,35B5A3B6-2BAC-4C,Cash on Delivery,8204.4,2026-02-22,Success
PAY103130,3130,11FEDB52-2E48-47,Debit Card,20357.36,2025-09-15,Success
PAY103131,3131,80D1DA80-F1B2-40,Cash on Delivery,2629.75,2025-07-07,Success
PAY103132,3132,4C287C00-F23B-46,Credit Card,3585.15,2026-04-13,Success
PAY103133,3133,866E6665-E091-4D,Cash on Delivery,419.65,2025-11-23,Success
PAY103134,3134,80BD654E-8135-49,Credit Card,7691.6,2025-04-14,Success
PAY103135,3135,1B06DC70-A81C-42,Cash on Delivery,283944.51,2025-01-29,Success
PAY103136,3136,FEE19E86-2D8F-48,Net Banking,10758.96,2026-02-08,Success
PAY103137,3137,59C3826D-FE27-4D,Net Banking,115049.72,2024-10-29,Refunded
PAY103138,3138,344ED568-15A9-48,Cash on Delivery,190.8,2026-01-28,Failed
PAY103139,3139,F3A35AF3-4539-4B,Cash on Delivery,33888.4,2025-08-25,Failed
PAY103140,3140,3BE13428-87F2-44,Cash on Delivery,2759.56,2025-08-21,Success
PAY103141,3141,A22B2879-7878-45,UPI,17384.55,2026-07-10,Success
PAY103142,3142,1F1D0740-8494-47,Credit Card,6219.72,2025-02-05,Success
PAY103143,3143,C4875C65-9B8C-40,Cash on Delivery,273023.4,2024-11-07,Success
PAY103144,3144,E824F65F-0B17-48,Debit Card,820.76,2024-11-16,Refunded
PAY103145,3145,0617277A-809F-49,Net Banking,26846.4,2026-01-03,Success
PAY103146,3146,2E866D6A-5127-4E,Cash on Delivery,4347.3,2025-07-12,Success
PAY103147,3147,11A8E417-10D7-46,Net Banking,3795.33,2025-06-11,Success
PAY103148,3148,C7433378-D901-44,Net Banking,115049.72,2026-02-07,Success
PAY103149,3149,8AF0CEFE-5773-45,Debit Card,2966.64,2026-05-09,Success
PAY103150,3150,953AE3CE-253C-41,Debit Card,3971.0,2026-05-30,Success
PAY103151,3151,73E20CCD-0930-46,Net Banking,2307.5,2025-05-07,Success
PAY103152,3152,B9F8E905-B24C-4A,Debit Card,2759.56,2025-03-04,Success
PAY103153,3153,4B13174E-CA3E-43,Cash on Delivery,3915.0,2026-05-01,Success
PAY103154,3154,11B6F14C-7F9C-42,UPI,3264.14,2025-03-28,Refunded
PAY103155,3155,4CB7F260-FB01-4F,Cash on Delivery,51159.8,2025-05-27,Success
PAY103156,3156,B1E95AF1-EBC9-40,Net Banking,20333.8,2025-06-16,Success
PAY103157,3157,25716C67-C4BF-41,UPI,5087.76,2026-07-14,Success
PAY103158,3158,7492873D-E38D-47,Cash on Delivery,11740.48,2026-07-28,Refunded
PAY103159,3159,B88093BB-C046-4F,UPI,717.03,2025-04-11,Refunded
PAY103160,3160,90356B94-0319-41,Debit Card,419.65,2025-01-27,Success
PAY103161,3161,45079988-4D05-4F,Net Banking,453879.36,2026-01-07,Failed
PAY103162,3162,B97814E2-CCDB-4D,Debit Card,4235.14,2024-08-05,Success
PAY103163,3163,732D4552-159B-4E,Net Banking,26669.5,2025-05-23,Success
PAY103164,3164,6EEC0D90-2764-4A,Cash on Delivery,174866.7,2024-11-19,Success
PAY103165,3165,E1E50A11-EDE6-4C,Cash on Delivery,55560.96,2025-12-10,Success
PAY103166,3166,4715A9EF-1A5B-40,UPI,10436.4,2025-12-03,Success
PAY103167,3167,27618282-242F-42,Debit Card,4420.8,2026-05-20,Success
PAY103168,3168,AFB9CFCA-8C85-41,Debit Card,182670.4,2026-04-20,Success
PAY103169,3169,41019ACC-9F75-45,UPI,330.0,2025-12-14,Failed
PAY103170,3170,ACF30FD2-CF3A-41,Debit Card,214526.34,2026-03-23,Refunded
PAY103171,3171,8F67F433-8FCD-46,Debit Card,4200.0,2024-08-25,Success
PAY103172,3172,F0FD1CC6-43B3-48,Debit Card,4291.1,2026-01-19,Success
PAY103173,3173,78C1F1ED-0AB3-4E,Net Banking,6286.8,2024-08-08,Success
PAY103174,3174,92C969B4-AFA8-44,UPI,128408.7,2025-02-28,Success
PAY103175,3175,B6D8EA76-A1D1-4B,Cash on Delivery,2305.1,2025-04-08,Success
PAY103176,3176,B5251C75-EF5A-4E,Credit Card,346.4,2025-04-02,Success
PAY103177,3177,1984215C-70F8-45,UPI,801.09,2025-06-02,Failed
PAY103178,3178,92A8DC3C-5A16-4A,Cash on Delivery,19543.95,2024-07-24,Success
PAY103179,3179,FE038F78-47DA-41,Cash on Delivery,51597.0,2025-09-04,Success
PAY103180,3180,E4F4B389-DEDE-4A,Credit Card,471532.2,2025-06-28,Refunded
PAY103181,3181,57830FCE-668D-43,Net Banking,3321.32,2025-02-08,Failed
PAY103182,3182,5260C601-24E7-46,UPI,1389.36,2026-02-17,Refunded
PAY103183,3183,2DBCD287-F67C-48,Cash on Delivery,185387.72,2024-11-20,Refunded
PAY103184,3184,EDEAE61C-DFF9-47,Cash on Delivery,3340.0,2025-10-12,Success
PAY103185,3185,F5E326F5-DAE7-48,Credit Card,489300.56,2024-12-21,Success
PAY103186,3186,B49ABD8E-D6B2-46,Debit Card,260654.88,2025-06-19,Success
PAY103187,3187,1C45999B-6C0F-4C,Credit Card,3743.58,2025-04-29,Success
PAY103188,3188,284CE988-DECD-42,Cash on Delivery,1748.85,2025-02-01,Success
PAY103189,3189,AC6D8BA1-A9F0-46,Credit Card,15376.16,2024-08-30,Success
PAY103190,3190,961CE3AE-ED0C-43,Cash on Delivery,6293.76,2026-03-03,Success
PAY103191,3191,541F1C80-B970-47,Credit Card,13980.8,2026-01-04,Failed
PAY103192,3192,1D2133EF-2161-4A,Net Banking,1711.85,2025-05-03,Success
PAY103193,3193,DD69F22D-930A-47,Credit Card,2596.16,2025-05-17,Success
PAY103194,3194,DCC17184-1AD5-4F,UPI,99682.9,2026-03-10,Success
PAY103195,3195,A1BA8EF4-962D-47,UPI,5656.8,2024-08-23,Success
PAY103196,3196,94CF7801-60C5-4E,Cash on Delivery,13685.76,2026-03-10,Refunded
PAY103197,3197,30A26E36-E188-49,Net Banking,1889.91,2025-12-06,Success
PAY103198,3198,39BD4C64-7FC0-41,Cash on Delivery,262709.2,2026-06-03,Failed
PAY103199,3199,0A0B2E2D-1360-47,Cash on Delivery,27774.5,2026-03-22,Success
PAY103200,3200,1AF63AE2-DC0A-48,UPI,10231.96,2026-01-26,Refunded
PAY103201,3201,34DA06A7-9456-46,Cash on Delivery,2178.0,2026-05-06,Refunded
PAY103202,3202,057CA273-CCC1-40,Net Banking,1992.6,2025-07-22,Refunded
PAY103203,3203,157E21C7-3850-47,Credit Card,1735.3,2024-11-08,Success
PAY103204,3204,78965CF1-6348-42,Debit Card,1725.36,2026-06-29,Success
PAY103205,3205,33B243DF-9D88-4B,Net Banking,38694.6,2025-01-09,Success
PAY103206,3206,3418F35B-025D-4E,UPI,3619.2,2024-08-22,Refunded
PAY103207,3207,CBB4ECC8-80BC-49,Credit Card,89091.24,2026-03-28,Failed
PAY103208,3208,885DC232-644F-46,UPI,3379.48,2024-09-09,Success
PAY103209,3209,634C8A91-9B2B-4E,Cash on Delivery,28910.97,2025-04-07,Success
PAY103210,3210,CECF1473-8392-40,Debit Card,4314.9,2026-03-27,Failed
PAY103211,3211,2346E802-9783-4F,UPI,220009.68,2025-05-01,Success
PAY103212,3212,CBE31DA6-0169-40,UPI,2796.64,2025-04-01,Success
PAY103213,3213,B29D1128-B8E9-4F,Cash on Delivery,14969.8,2026-04-28,Success
PAY103214,3214,4742FE4F-1B85-4C,Net Banking,4303.0,2026-05-20,Success
PAY103215,3215,5C76739B-4E1F-47,Cash on Delivery,3320.0,2025-10-01,Success
PAY103216,3216,7AC22F73-FD2C-4D,Debit Card,32728.8,2024-12-04,Success
PAY103217,3217,8DCD029B-F593-4D,Cash on Delivery,5148.0,2025-03-02,Success
PAY103218,3218,41DB0EC8-0F7C-40,Net Banking,908.52,2026-03-04,Refunded
PAY103219,3219,0BBD79B3-1770-42,Net Banking,10497.6,2024-09-29,Failed
PAY103220,3220,56ACA810-6EF4-4E,Debit Card,7566.48,2025-09-11,Success
PAY103221,3221,855B3AC7-9579-46,Debit Card,503.01,2024-12-31,Success
PAY103222,3222,8B629F73-AC48-40,Credit Card,5616.0,2025-02-06,Success
PAY103223,3223,52D71281-D00A-45,UPI,166053.42,2025-03-22,Failed
PAY103224,3224,CC7505C9-3110-46,Credit Card,3422.5,2024-10-21,Success
PAY103225,3225,7DEC15C3-9233-40,Credit Card,517.14,2025-02-10,Success
PAY103226,3226,ACF1C9C7-18F5-49,Credit Card,5097.96,2024-12-29,Failed
PAY103227,3227,882CE68F-8CAD-46,UPI,534.06,2025-10-18,Success
PAY103228,3228,2F463D90-949D-45,Cash on Delivery,1356.36,2025-04-27,Success
PAY103229,3229,87949D07-2960-4C,Debit Card,9636.99,2025-04-20,Success
PAY103230,3230,00A97965-8564-4C,Net Banking,278077.8,2026-03-04,Success
PAY103231,3231,1CAF7DDD-FE62-49,Debit Card,9727.4,2026-04-19,Success
PAY103232,3232,680B18CF-0401-48,Credit Card,14378.31,2026-03-23,Success
PAY103233,3233,1568069F-E484-4D,UPI,7029.36,2025-06-09,Success
PAY103234,3234,99966BF2-48C4-48,Cash on Delivery,68571.68,2025-12-14,Refunded
PAY103235,3235,D93B35A9-7A6F-47,Debit Card,9139.6,2024-12-07,Success
PAY103236,3236,7958DEBA-7C3A-4A,Cash on Delivery,750.55,2026-01-06,Refunded
PAY103237,3237,C326F424-217D-4E,UPI,43712.64,2024-11-24,Success
PAY103238,3238,739FBE79-72BC-48,Credit Card,67798.44,2026-04-02,Success
PAY103239,3239,D8C6A356-87ED-4A,Cash on Delivery,1911.0,2025-09-08,Success
PAY103240,3240,DA98777A-28EC-4F,Cash on Delivery,1808.48,2024-10-08,Success
PAY103241,3241,7B56FC56-6D7A-42,Credit Card,8419.4,2026-07-02,Refunded
PAY103242,3242,66F83815-85E9-48,Cash on Delivery,3781.2,2026-03-13,Success
PAY103243,3243,AFA21EF4-4579-4A,Cash on Delivery,21455.5,2025-07-06,Success
PAY103244,3244,57C1D061-5C99-48,Credit Card,15181.32,2025-06-10,Success
PAY103245,3245,488D1079-3910-45,Credit Card,1395.24,2024-12-22,Success
PAY103246,3246,B3C2EEC2-8196-46,UPI,1514.2,2025-02-22,Success
PAY103247,3247,421E84F8-A8D4-4F,Credit Card,2759.56,2024-08-01,Success
PAY103248,3248,61C2C5A5-186C-49,Cash on Delivery,6375.0,2026-04-25,Success
PAY103249,3249,B3242CF6-C855-43,Net Banking,3340.0,2025-03-16,Success
PAY103250,3250,33AC06D9-9312-47,UPI,844.87,2026-07-07,Success
PAY103251,3251,32D66320-EC4F-4B,Cash on Delivery,218277.7,2026-07-12,Success
PAY103252,3252,74F455C8-70E5-4C,UPI,152169.6,2025-06-20,Success
PAY103253,3253,16AA2DB4-A988-48,UPI,3373.2,2024-12-01,Success
PAY103254,3254,B68D5E70-F3F9-48,Debit Card,15907.5,2024-07-28,Success
PAY103255,3255,D55F03E2-95BD-47,Net Banking,823.65,2024-08-23,Success
PAY103256,3256,8092C666-5B78-41,Cash on Delivery,153694.8,2025-09-17,Success
PAY103257,3257,A51CD71B-62E4-40,Credit Card,692.8,2025-12-30,Success
PAY103258,3258,D8805BCB-5F5B-42,Cash on Delivery,4524.0,2025-03-19,Success
PAY103259,3259,DAAE748C-8E98-4F,UPI,478.88,2025-04-27,Success
PAY103260,3260,9DD758BC-3BA7-48,Debit Card,38547.96,2024-11-24,Success
PAY103261,3261,E6484664-A1E6-40,Cash on Delivery,7894.95,2024-11-16,Refunded
PAY103262,3262,172F7E55-FDF1-4F,UPI,8876.85,2025-06-04,Success
PAY103263,3263,05534AF4-E0FB-4F,Cash on Delivery,3100.17,2025-03-30,Success
PAY103264,3264,6F0C7336-0E2A-48,Net Banking,4062.15,2025-09-20,Success
PAY103265,3265,ECE39D03-3D5E-40,Cash on Delivery,728.8,2024-08-13,Success
PAY103266,3266,313918BD-09DA-45,UPI,9453.0,2024-10-19,Success
PAY103267,3267,CB247DF1-8521-4C,Cash on Delivery,7890.94,2025-09-21,Success
PAY103268,3268,5BE83226-449C-4F,Net Banking,7407.45,2026-03-17,Success
PAY103269,3269,86C0D92D-149D-48,Credit Card,1677.54,2025-04-13,Success
PAY103270,3270,2E339D88-E1FC-4B,UPI,111635.4,2025-01-20,Success
PAY103271,3271,EB67B9FB-604D-48,Debit Card,341.82,2024-09-22,Refunded
PAY103272,3272,628BB27A-588F-45,Credit Card,111284.93,2025-04-19,Success
PAY103273,3273,8BDCD048-9CF5-42,Cash on Delivery,1365.12,2025-11-20,Success
PAY103274,3274,5678A6C6-845E-4D,UPI,15116.4,2026-03-24,Success
PAY103275,3275,0F4A4850-4D11-4B,UPI,5566.6,2025-06-23,Success
PAY103276,3276,72CC26A2-0171-4A,Credit Card,10264.32,2025-06-14,Success
PAY103277,3277,6581A9E9-7B9D-4A,Net Banking,4118.25,2026-06-23,Success
PAY103278,3278,9D6F948D-CA57-48,Net Banking,43553.76,2025-02-01,Success
PAY103279,3279,926BEA70-DE5D-46,Net Banking,1436.4,2026-02-13,Success
PAY103280,3280,5C0DF93D-23BC-45,Cash on Delivery,666.12,2025-10-31,Failed
PAY103281,3281,02918B35-874B-47,UPI,2849.0,2025-02-07,Success
PAY103282,3282,1F99387B-CC5F-41,Net Banking,422780.48,2026-04-21,Success
PAY103283,3283,287D0650-EF61-46,UPI,18227.2,2025-09-05,Success
PAY103284,3284,D1D9C982-54BE-49,Credit Card,3630.0,2025-10-06,Success
PAY103285,3285,9C3079C7-5845-46,Debit Card,26184.6,2024-11-10,Success
PAY103286,3286,80342A96-D65F-4A,Cash on Delivery,275463.52,2025-07-20,Success
PAY103287,3287,ECC8CF23-2159-44,Cash on Delivery,4882.68,2025-01-27,Refunded
PAY103288,3288,9CAB3A1A-7A7E-46,Credit Card,619.5,2025-07-19,Success
PAY103289,3289,50A221D7-55D9-49,Net Banking,2495.7,2025-01-02,Success
PAY103290,3290,18CA4A25-52A9-48,UPI,29351.2,2025-06-02,Refunded
PAY103291,3291,D75A20AC-2C14-42,Net Banking,30738.96,2026-07-04,Success
PAY103292,3292,97819A79-61B9-43,Cash on Delivery,128412.9,2025-05-30,Success
PAY103293,3293,E3244A8E-840C-4E,Credit Card,36534.08,2025-06-19,Refunded
PAY103294,3294,88A322EE-EA70-4B,UPI,41670.72,2025-02-17,Success
PAY103295,3295,F5FBB519-2F15-4B,Net Banking,1362.86,2025-11-23,Success
PAY103296,3296,A72EE514-BA9F-47,UPI,7415.4,2025-05-15,Success
PAY103297,3297,55D4A015-9161-49,Cash on Delivery,592.8,2025-05-27,Success
PAY103298,3298,3BF5B8D8-67B9-4A,UPI,222660.0,2025-01-04,Success
PAY103299,3299,EC0E3DDD-0EBF-40,Debit Card,3645.95,2024-11-20,Success
PAY103300,3300,65F36DE7-3B58-4D,UPI,622.5,2024-07-24,Success
PAY103301,3301,7A180D28-442F-4A,Cash on Delivery,5850.0,2026-07-18,Success
PAY103302,3302,D3120C1C-DF36-46,UPI,8931.6,2025-06-08,Success
PAY103303,3303,8CB04BE3-D2AC-4E,Net Banking,427.68,2024-11-06,Success
PAY103304,3304,4332A7B0-660F-44,Credit Card,1345.4,2026-04-10,Success
PAY103305,3305,552207CE-25C0-42,UPI,1271.94,2025-11-24,Failed
PAY103306,3306,8C554526-45AE-47,Debit Card,134287.2,2025-10-28,Success
PAY103307,3307,45075FCA-DCC8-48,Net Banking,471532.2,2025-11-11,Refunded
PAY103308,3308,EFFF9931-C14E-40,Credit Card,2591.6,2026-01-21,Success
PAY103309,3309,237E51CD-1E1A-48,Credit Card,42802.9,2026-04-24,Failed
PAY103310,3310,3569BE87-DD4E-48,Credit Card,7415.4,2025-11-26,Success
PAY103311,3311,B366F04D-5EE8-40,UPI,21178.2,2025-01-11,Success
PAY103312,3312,55D0D962-AE4C-43,Debit Card,21856.32,2025-09-01,Success
PAY103313,3313,0C2D3746-7F66-47,UPI,1855.41,2025-06-04,Success
PAY103314,3314,438D1A55-5BEB-41,UPI,12629.1,2025-08-16,Success
PAY103315,3315,C16A3E6A-8611-43,Credit Card,3015.52,2025-10-14,Failed
PAY103316,3316,2379042A-8F15-47,Net Banking,2912.64,2026-03-21,Refunded
PAY103317,3317,169EC40D-9C49-49,UPI,22012.32,2026-04-03,Success
PAY103318,3318,EF6852D9-885C-48,Debit Card,4822.3,2026-02-01,Success
PAY103319,3319,C7F53D7C-3318-4A,UPI,13685.76,2025-01-15,Success
PAY103320,3320,CD4EFD9F-207D-40,Credit Card,20326.68,2025-06-28,Success
PAY103321,3321,D5159C26-B169-40,Debit Card,1003.8,2025-04-23,Success
PAY103322,3322,A1612B05-B89C-49,Debit Card,534.06,2025-04-28,Success
PAY103323,3323,D46F97E0-98EF-43,Cash on Delivery,6261.84,2024-09-02,Success
PAY103324,3324,6B35A844-00C1-44,Cash on Delivery,1165.92,2026-03-20,Success
PAY103325,3325,A7753DA8-AB7B-4A,Debit Card,8496.6,2024-11-30,Success
PAY103326,3326,0B4651A8-1348-47,Credit Card,3379.48,2026-05-27,Success
PAY103327,3327,B6F18B8D-9540-40,Credit Card,220422.32,2025-05-18,Refunded
PAY103328,3328,3417D49C-6BA2-40,UPI,17384.55,2025-04-15,Refunded
PAY103329,3329,9BA46F9D-28FC-42,Credit Card,9516.5,2025-03-31,Refunded
PAY103330,3330,EF96EB85-21EB-4D,Credit Card,693.67,2025-08-06,Success
PAY103331,3331,EB65CEDC-331C-4C,Debit Card,434424.8,2025-06-09,Success
PAY103332,3332,F4DC77E2-FBD5-40,Debit Card,12587.52,2025-01-19,Success
PAY103333,3333,00530764-EC84-4A,Net Banking,2548.4,2024-12-06,Success
PAY103334,3334,751806A2-2392-41,Cash on Delivery,292101.25,2025-09-03,Refunded
PAY103335,3335,DA434244-0F6D-41,Credit Card,12400.68,2024-08-31,Success
PAY103336,3336,88B0C83D-9A91-45,Credit Card,839.8,2025-11-25,Refunded
PAY103337,3337,6077CB9C-4990-4D,Cash on Delivery,4150.0,2025-11-02,Success
PAY103338,3338,077E805E-0422-42,Debit Card,1757.34,2025-10-06,Success
PAY103339,3339,B96435AE-6645-42,Credit Card,1660.66,2025-03-15,Success
PAY103340,3340,48D2B5C7-B17B-47,Cash on Delivery,7890.94,2025-02-16,Success
PAY103341,3341,F9CCE2CB-CD83-42,UPI,4150.0,2024-09-26,Success
PAY103342,3342,F2F41151-AB72-41,UPI,7156.8,2024-12-04,Success
PAY103343,3343,050BDD24-B3D3-4C,Credit Card,2842.14,2026-05-04,Success
PAY103344,3344,D9F2148F-7E25-4B,Cash on Delivery,130957.2,2025-12-30,Failed
PAY103345,3345,D675A7E5-C4C1-40,UPI,25408.35,2024-07-27,Success
PAY103346,3346,07C7BA72-F513-46,Cash on Delivery,16248.6,2025-06-26,Success
PAY103347,3347,CBB22D4B-FEB1-43,UPI,58420.25,2025-01-08,Success
PAY103348,3348,D3846F42-C5A3-47,Credit Card,1701.05,2025-12-13,Success
PAY103349,3349,1BED7848-9358-44,Credit Card,2284.36,2025-02-07,Success
PAY103350,3350,7A0CF120-DD69-4B,Credit Card,9516.5,2026-06-27,Success
PAY103351,3351,0A1AC4EC-7F35-4D,Debit Card,143812.15,2025-08-23,Refunded
PAY103352,3352,2C0C7B92-DB4A-4C,Credit Card,188612.88,2026-03-03,Success
PAY103353,3353,E418A1C1-A0AA-40,Debit Card,20326.68,2026-05-03,Failed
PAY103354,3354,21F1AC13-E1D5-49,Cash on Delivery,26911.92,2026-07-09,Success
PAY103355,3355,C4337483-9884-4A,Cash on Delivery,9954.0,2026-05-30,Success
PAY103356,3356,3CFDD3CC-0E3D-4B,Credit Card,4594.88,2025-10-04,Success
PAY103357,3357,F64DF590-DE38-42,UPI,6439.08,2024-10-23,Success
PAY103358,3358,4BCC79DD-7A18-40,Debit Card,8931.6,2025-07-24,Failed
PAY103359,3359,E3A72E04-9519-4B,UPI,372204.6,2024-09-17,Failed
PAY103360,3360,05753465-41C1-49,Debit Card,2931.0,2026-02-17,Success
PAY103361,3361,EAB7714C-AF2D-47,Debit Card,6545.76,2026-06-14,Success
PAY103362,3362,B0D65BD6-5D01-4F,Net Banking,11425.05,2025-12-02,Success
PAY103363,3363,267A926E-79A4-4E,Cash on Delivery,10375.0,2025-01-18,Success
PAY103364,3364,2DEDB4BC-CC00-44,UPI,3514.68,2025-03-23,Success
PAY103365,3365,F6CD782C-FDA6-41,Net Banking,12873.3,2026-01-20,Success
PAY103366,3366,93EEDE19-E7A1-43,Cash on Delivery,9329.58,2025-12-20,Success
PAY103367,3367,035BD77D-C981-40,Cash on Delivery,170756.8,2025-02-02,Success
PAY103368,3368,0BCACC77-A050-46,UPI,495.6,2025-07-11,Success
PAY103369,3369,17D1BCBA-4F6A-45,Debit Card,81536.9,2025-06-07,Success
PAY103370,3370,A048538A-1553-43,Net Banking,10384.64,2025-01-17,Success
PAY103371,3371,6107A064-B057-45,Cash on Delivery,7481.88,2025-09-24,Success
PAY103372,3372,BFC15D60-6074-4B,Debit Card,59506.8,2024-12-05,Success
PAY103373,3373,44A77361-45AF-45,UPI,34989.39,2025-01-05,Success
PAY103374,3374,DC85E80F-4C13-45,Net Banking,4622.3,2026-01-04,Success
PAY103375,3375,FE248B09-673E-4D,Cash on Delivery,347.2,2024-07-19,Success
PAY103376,3376,A60C391B-6B72-41,Net Banking,298282.14,2025-12-30,Refunded
PAY103377,3377,48691AEE-6C45-4C,Debit Card,6852.3,2026-03-15,Failed
PAY103378,3378,3EFD1A29-7866-41,Debit Card,590.8,2025-12-16,Refunded
PAY103379,3379,9F7764FF-6710-41,Cash on Delivery,3430.7,2026-06-15,Success
PAY103380,3380,0DC85D46-B368-40,Cash on Delivery,3713.58,2026-03-01,Success
PAY103381,3381,3C997E8A-AC62-45,UPI,23216.76,2025-03-06,Success
PAY103382,3382,1E1E69FF-1ECE-4B,Credit Card,167155.5,2026-06-14,Refunded
PAY103383,3383,76D98A09-F2C6-49,UPI,131805.52,2026-05-06,Success
PAY103384,3384,951C0E9E-72CA-41,Net Banking,12442.5,2026-06-28,Success
PAY103385,3385,253B6180-678F-46,Debit Card,2966.64,2025-12-04,Failed
PAY103386,3386,8E56731C-2FB3-4F,Cash on Delivery,21815.8,2024-12-24,Success
PAY103387,3387,720FD12A-E126-48,Cash on Delivery,4031.8,2025-11-25,Success
PAY103388,3388,86FEE70B-C0C9-44,Net Banking,98257.32,2025-01-18,Success
PAY103389,3389,CF178E0E-EADE-45,Cash on Delivery,223509.04,2026-05-01,Success
PAY103390,3390,B3FE8954-50F8-45,Debit Card,155130.08,2025-04-03,Success
PAY103391,3391,5812EE3C-2564-4A,Credit Card,27279.25,2026-01-06,Success
PAY103392,3392,CDDE396E-7BEE-43,Debit Card,26630.55,2025-04-02,Refunded
PAY103393,3393,D2615818-A7B2-48,Credit Card,1810.56,2026-05-21,Success
PAY103394,3394,E6A4557A-3FF2-4D,Debit Card,8124.3,2026-05-18,Success
PAY103395,3395,1248E6A5-92E4-46,Debit Card,28549.5,2025-10-18,Success
PAY103396,3396,DE2C6BD7-0792-4A,Credit Card,4200.0,2025-02-23,Failed
PAY103397,3397,F1421407-963E-46,Cash on Delivery,607.2,2026-04-16,Success
PAY103398,3398,CE8DEBFB-994F-47,Cash on Delivery,1502.4,2026-04-01,Failed
PAY103399,3399,D46C174E-88A0-40,Cash on Delivery,9398.4,2025-02-08,Failed
PAY103400,3400,7A412A53-A268-47,Net Banking,69451.2,2024-09-09,Success
PAY103401,3401,F8F48E80-F1F8-4B,Cash on Delivery,2507.92,2025-12-29,Success
PAY103402,3402,D920942F-35F7-47,Cash on Delivery,1153.2,2024-07-19,Success
PAY103403,3403,98BB58FC-90A2-4D,UPI,1656.0,2024-12-20,Success
PAY103404,3404,88C5CF9F-46CC-45,Net Banking,41780.9,2026-05-16,Success
PAY103405,3405,40B3092D-34DC-4E,Cash on Delivery,475.09,2025-04-01,Success
PAY103406,3406,2111946B-3EE2-4D,Debit Card,1434.06,2025-06-17,Refunded
PAY103407,3407,60727C29-19D8-4B,Credit Card,2629.75,2025-06-22,Refunded
PAY103408,3408,FFACFFFF-A85F-45,UPI,1948.32,2026-03-20,Success
PAY103409,3409,3041AB4D-1509-41,UPI,175.44,2026-06-27,Success
PAY103410,3410,ACBAE94C-5C22-42,Credit Card,2225.94,2024-11-07,Success
PAY103411,3411,ADD1EA09-7C6C-48,Credit Card,2324.0,2025-09-10,Refunded
PAY103412,3412,5971046C-D08A-42,Net Banking,9141.5,2025-07-28,Success
PAY103413,3413,476207F7-87D3-42,Cash on Delivery,12790.8,2026-05-05,Success
PAY103414,3414,E41A7C37-86E8-42,Net Banking,26213.88,2024-10-02,Success
PAY103415,3415,7B2EBCE4-49C5-44,Net Banking,21823.4,2024-10-11,Success
PAY103416,3416,6C5AC3A1-DEF6-4E,Cash on Delivery,333854.79,2025-06-24,Success
PAY103417,3417,091FA0D8-79A1-4C,Credit Card,286.2,2024-09-30,Success
PAY103418,3418,D0359C7F-0EC7-40,Credit Card,12066.72,2025-12-28,Success
PAY103419,3419,146F8846-FF42-40,UPI,4076.6,2026-04-06,Success
PAY103420,3420,9B986643-E954-4D,Net Banking,113198.56,2024-11-28,Failed
PAY103421,3421,174D76ED-4660-41,Net Banking,5844.96,2026-06-05,Success
PAY103422,3422,DC1FD79B-763D-4E,Credit Card,63846.9,2024-11-10,Success
PAY103423,3423,3C4591DD-79F5-4A,Debit Card,109602.24,2024-10-17,Success
PAY103424,3424,ACE94CB7-AF92-4B,Cash on Delivery,9477.2,2026-02-28,Failed
PAY103425,3425,A1DE9B92-10B5-43,Credit Card,199140.9,2025-05-15,Success
PAY103426,3426,84A1DE4C-4269-43,UPI,3435.12,2024-07-25,Success
PAY103427,3427,921F0086-1884-41,UPI,3129.24,2025-01-28,Success
PAY103428,3428,E1B6E0D3-40DC-49,Credit Card,422.67,2025-07-28,Failed
PAY103429,3429,8A7DF7F8-1CED-44,Credit Card,1362.2,2025-06-17,Success
PAY103430,3430,F3E5D96F-6220-42,Debit Card,4029.41,2025-02-09,Success
PAY103431,3431,6724D118-125D-4B,Net Banking,5237.1,2025-09-30,Success
PAY103432,3432,4B88D7F8-A7C3-41,Debit Card,109395.44,2026-07-02,Success
PAY103433,3433,465884E5-CFC4-4B,Debit Card,2490.0,2025-09-30,Success
PAY103434,3434,2D565932-2503-4D,Net Banking,1842.75,2026-04-29,Success
PAY103435,3435,D37628FF-159D-4A,Cash on Delivery,2113.2,2025-04-25,Success
PAY103436,3436,DF4800A8-1491-49,Credit Card,11042.8,2026-07-02,Success
PAY103437,3437,BE89F776-0111-4A,Debit Card,8178.3,2026-07-18,Success
PAY103438,3438,A0512159-73E5-42,Debit Card,34151.36,2024-07-18,Failed
PAY103439,3439,4E288DB3-AFE4-47,Net Banking,7418.95,2026-02-10,Success
PAY103440,3440,88BC2DFB-91A5-45,Net Banking,526.32,2025-12-04,Failed
PAY103441,3441,BBD189A2-EFE1-4A,Cash on Delivery,127686.0,2025-01-23,Success
PAY103442,3442,D8F2DA46-8CD8-4F,Debit Card,2462.28,2025-12-27,Success
PAY103443,3443,997BE82F-721E-42,Credit Card,38909.6,2025-07-01,Success
PAY103444,3444,9837297D-A74B-43,Cash on Delivery,2304.0,2026-05-01,Failed
PAY103445,3445,24FD2C55-1942-47,Debit Card,27110.72,2025-07-24,Success
PAY103446,3446,6A209A3D-BC22-44,Net Banking,2824.25,2026-03-07,Success
PAY103447,3447,6A085A78-9B00-40,Debit Card,3468.0,2025-05-12,Success
PAY103448,3448,794A6ECF-9143-42,UPI,287.1,2025-10-06,Refunded
PAY103449,3449,49B1C47B-1192-43,UPI,4451.37,2026-02-24,Success
PAY103450,3450,20A70B02-345E-45,Debit Card,4392.36,2025-07-12,Success
PAY103451,3451,6AB459DA-7B35-4A,Net Banking,699.16,2024-09-09,Success
PAY103452,3452,B8A8738C-F69F-49,UPI,9458.1,2024-10-28,Failed
PAY103453,3453,60650962-BB71-45,UPI,57922.2,2025-02-15,Refunded
PAY103454,3454,F471E449-7589-47,Credit Card,1340.5,2024-11-13,Success
PAY103455,3455,79E9DE1E-DAE0-4D,Cash on Delivery,282404.85,2024-08-25,Failed
PAY103456,3456,5EECBE13-01FE-49,UPI,15477.84,2026-02-09,Success
PAY103457,3457,3816B6E0-8EAB-42,UPI,1894.76,2026-07-05,Success
PAY103458,3458,DB203616-C5CB-49,Cash on Delivery,3569.93,2025-09-11,Success
PAY103459,3459,D4B13E3B-E59C-4B,Cash on Delivery,34989.39,2026-05-13,Success
PAY103460,3460,BE3CDD27-9E8F-4F,UPI,2693.6,2025-05-07,Success
PAY103461,3461,29F0DE93-0A3A-42,Credit Card,3976.29,2025-12-09,Success
PAY103462,3462,A57E0E07-8FDD-45,UPI,1992.03,2026-06-15,Failed
PAY103463,3463,6D76FE4B-BCF7-41,UPI,8572.2,2024-12-20,Success
PAY103464,3464,8E3CDBD9-D15C-40,Net Banking,1660.66,2026-01-27,Success
PAY103465,3465,E93AE2C4-CCC5-4B,Debit Card,8095.75,2026-03-24,Success
PAY103466,3466,0F297BE4-7367-42,UPI,2115.8,2024-08-01,Failed
PAY103467,3467,907BF9C4-5B19-4A,Net Banking,997.28,2025-03-07,Failed
PAY103468,3468,3C574437-C046-42,Net Banking,16408.8,2025-06-01,Refunded
PAY103469,3469,CBAC3AA8-A5E1-45,UPI,20663.28,2025-11-01,Success
PAY103470,3470,84F1EB57-30D3-42,Cash on Delivery,1025.46,2024-08-17,Success
PAY103471,3471,426DA448-D329-4A,Net Banking,1362.86,2024-11-21,Refunded
PAY103472,3472,B8BA3F79-1B32-4A,Net Banking,2244.0,2026-04-16,Success
PAY103473,3473,11AB0EB9-B94A-4B,Net Banking,427.68,2026-06-05,Success
PAY103474,3474,97329B38-6B76-49,Net Banking,1633.05,2025-06-06,Success
PAY103475,3475,006B4920-B7E5-43,UPI,681.1,2026-01-09,Success
PAY103476,3476,9ECE6176-53D4-4A,Cash on Delivery,764.4,2025-06-21,Success
PAY103477,3477,5B9849CD-9768-49,Net Banking,93926.12,2025-05-16,Success
PAY103478,3478,22679D5A-BCE8-48,Credit Card,8766.0,2026-02-19,Success
PAY103479,3479,24E7194F-CE73-4B,Debit Card,5850.0,2025-03-04,Failed
PAY103480,3480,44CCA97B-93D7-43,Debit Card,4187.84,2026-04-14,Failed
PAY103481,3481,5E71B34E-6046-48,Net Banking,420642.64,2025-11-15,Success
PAY103482,3482,773F990C-8EF1-45,Net Banking,2686.0,2025-09-08,Success
PAY103483,3483,B4994DC4-C7ED-41,Debit Card,45378.99,2025-08-31,Success
PAY103484,3484,E0F6A7AF-9715-4C,Net Banking,1085.4,2025-01-02,Success
PAY103485,3485,660921CD-6EE4-4F,UPI,567349.2,2025-11-19,Success
PAY103486,3486,E98F306F-A40E-4C,Credit Card,10306.56,2025-11-15,Success
PAY103487,3487,8BB4A3D9-4976-4C,Debit Card,1948.32,2025-02-08,Success
PAY103488,3488,2808A830-857D-49,Credit Card,222660.0,2025-02-17,Success
PAY103489,3489,F519E6FA-CDBA-4C,Cash on Delivery,185500.3,2026-05-12,Refunded
PAY103490,3490,BAA7B30D-C7EF-40,Net Banking,1174.5,2024-07-29,Success
PAY103491,3491,F6EF795B-14D2-48,Cash on Delivery,11975.84,2026-03-23,Success
PAY103492,3492,7F6C320E-8808-4F,Cash on Delivery,3644.0,2025-03-21,Failed
PAY103493,3493,A76A2100-E67C-42,Net Banking,1701.08,2025-10-24,Success
PAY103494,3494,E7B63C4A-2429-44,Cash on Delivery,1918.84,2025-01-06,Success
PAY103495,3495,21B4C008-1284-4D,UPI,4002.0,2024-11-20,Failed
PAY103496,3496,A8C9EE13-B01A-48,Credit Card,2208.56,2026-03-15,Success
PAY103497,3497,E8CBB9DD-DFCB-4F,Net Banking,276755.7,2025-05-26,Success
PAY103498,3498,E5EA31BE-9F0F-4A,Debit Card,2210.4,2025-07-26,Success
PAY103499,3499,31527829-BF1B-41,Credit Card,3569.93,2024-10-13,Success
PAY103500,3500,B33FE9A8-CFF9-45,Debit Card,1228.5,2024-11-04,Success
PAY103501,3501,12862584-D3BE-4B,Credit Card,3395.04,2025-06-04,Success
PAY103502,3502,AA20B32E-09DC-4A,UPI,341.82,2026-06-27,Refunded
PAY103503,3503,8647B168-C48D-42,Net Banking,17618.58,2025-06-19,Success
PAY103504,3504,6D25B8A4-592F-46,UPI,10928.16,2025-01-12,Success
PAY103505,3505,C4D76058-2CCA-48,UPI,211390.24,2025-04-22,Failed
PAY103506,3506,FBFAE2BF-A272-44,Debit Card,470674.75,2024-08-23,Success
PAY103507,3507,4A637FE4-FC52-47,Credit Card,128412.9,2025-06-26,Success
PAY103508,3508,2ACF45C2-3386-43,Net Banking,161265.6,2026-02-07,Success
PAY103509,3509,074AEE4A-ED70-4E,Debit Card,12469.8,2025-04-15,Success
PAY103510,3510,8C03FA4A-23EC-42,UPI,933.88,2026-01-10,Refunded
PAY103511,3511,C1849456-7391-46,UPI,655.32,2024-11-15,Refunded
PAY103512,3512,C32B65E6-FBC1-4C,Credit Card,6663.06,2025-03-13,Success
PAY103513,3513,8EE484A7-1D37-4F,Debit Card,367155.63,2025-01-24,Refunded
PAY103514,3514,30B060AA-70AB-48,Debit Card,134038.36,2025-05-17,Success
PAY103515,3515,119E99E0-F25A-4E,Credit Card,482.22,2026-07-13,Success
PAY103516,3516,76AEEFF4-9298-4C,Debit Card,4822.3,2026-04-30,Success
PAY103517,3517,EDBC929A-1B42-4C,Credit Card,55560.96,2025-09-14,Success
PAY103518,3518,EE131BAE-FEFC-4D,UPI,434424.8,2024-08-26,Success
PAY103519,3519,9F50FABB-214A-4B,Cash on Delivery,1701.08,2026-03-13,Success
PAY103520,3520,E7BB538A-1BCB-4D,Net Banking,2097.48,2026-06-26,Refunded
PAY103521,3521,4ED2C8FB-FBB8-44,UPI,98257.32,2026-05-19,Success
PAY103522,3522,B62CE7CB-0890-4A,Cash on Delivery,35604.0,2024-08-06,Failed
PAY103523,3523,3E82FC48-43CB-4E,Net Banking,77303.2,2026-06-22,Success
PAY103524,3524,03C1E1F5-860D-4A,Net Banking,62552.28,2026-03-09,Failed
PAY103525,3525,0CF0D35B-05D4-47,Debit Card,2875.92,2025-05-07,Success
PAY103526,3526,5194434A-1F31-43,Credit Card,2007.92,2026-02-18,Failed
PAY103527,3527,1D2C2871-F8C9-41,Debit Card,694.4,2026-02-10,Success
PAY103528,3528,CEF193F4-C1A9-49,Credit Card,1768.8,2025-05-01,Failed
PAY103529,3529,60C9D14A-0A71-42,Debit Card,3756.0,2025-12-06,Success
PAY103530,3530,750E21FF-B40D-44,Net Banking,6009.5,2025-09-24,Success
PAY103531,3531,181E2A84-0DAF-42,Debit Card,93926.12,2025-11-24,Refunded
PAY103532,3532,921746A7-7BC6-4E,Cash on Delivery,556424.65,2025-05-26,Refunded
PAY103533,3533,9B35665C-CF52-49,Debit Card,7203.6,2024-08-12,Refunded
PAY103534,3534,F6EE4EF8-E39B-48,Credit Card,1034.28,2024-08-15,Refunded
PAY103535,3535,9C1885DA-B093-45,Net Banking,312761.4,2025-11-08,Success
PAY103536,3536,50E0D10E-231C-4A,UPI,30688.68,2025-08-21,Success
PAY103537,3537,C52DEC61-4B3E-4E,UPI,2967.58,2025-10-30,Success
PAY103538,3538,15687A98-7C7F-45,Cash on Delivery,1324.8,2025-02-14,Success
PAY103539,3539,F06F9549-5389-43,UPI,2858.52,2026-06-07,Success
PAY103540,3540,B526F79E-31AE-48,Debit Card,10039.6,2024-12-21,Refunded
PAY103541,3541,DC6D2C64-B080-46,Cash on Delivery,65942.88,2025-06-19,Success
PAY103542,3542,30FC4D7B-C90D-47,Credit Card,4568.2,2025-01-11,Failed
PAY103543,3543,5EC55D20-8F85-42,Cash on Delivery,11573.28,2025-11-30,Refunded
PAY103544,3544,F7B902D2-9F4E-48,Credit Card,9449.55,2025-05-26,Success
PAY103545,3545,075E4E84-02DE-49,UPI,249293.94,2026-01-27,Success
PAY103546,3546,A223DBCE-BAB1-4A,UPI,14971.32,2026-03-16,Success
PAY103547,3547,4DDBF704-B687-45,Debit Card,15781.88,2024-10-07,Failed
PAY103548,3548,83FD90D7-BF01-4F,UPI,2942.64,2025-07-06,Success
PAY103549,3549,A8E9078D-F1E1-42,Credit Card,278592.5,2025-11-06,Success
PAY103550,3550,5CD66461-6CD9-44,Net Banking,692.8,2025-07-06,Success
PAY103551,3551,BE16F736-E0FF-41,Credit Card,20416.0,2024-12-16,Success
PAY103552,3552,203A2B4D-2F2A-4D,Cash on Delivery,11385.99,2025-09-09,Success
PAY103553,3553,295F75C1-3928-4E,Debit Card,125104.56,2025-06-02,Success
PAY103554,3554,E5BD9E86-AE24-45,Debit Card,95.4,2024-08-12,Success
PAY103555,3555,7E45611A-5AC9-4A,Debit Card,32752.44,2025-02-06,Success
PAY103556,3556,552F0AF0-F08D-47,Credit Card,1335.15,2024-10-28,Failed
PAY103557,3557,CB81B2DA-FFDF-4A,Net Banking,242087.4,2024-09-01,Refunded
PAY103558,3558,3F26E4D4-46F8-4D,UPI,867.35,2025-06-12,Success
PAY103559,3559,EA325B57-A19B-4A,Cash on Delivery,27774.5,2025-03-01,Success
PAY103560,3560,9EF50CA8-43F9-4A,Debit Card,2596.16,2026-03-02,Success
PAY103561,3561,F9306204-AEEE-44,Cash on Delivery,8841.6,2025-01-06,Refunded
PAY103562,3562,D7B7B686-9424-43,Cash on Delivery,17142.92,2026-07-02,Success
PAY103563,3563,FE25A76B-0346-43,Net Banking,41911.3,2024-10-14,Success
PAY103564,3564,82A9198A-6088-40,Cash on Delivery,15890.55,2024-09-30,Success
PAY103565,3565,78183B9F-01D2-49,Cash on Delivery,186214.65,2024-11-24,Success
PAY103566,3566,C0F845A5-89EF-44,Cash on Delivery,9477.2,2025-04-09,Success
PAY103567,3567,867D2D32-77CE-49,Net Banking,4807.6,2025-11-29,Success
PAY103568,3568,F3C27EBF-41A7-44,Debit Card,5872.86,2025-01-10,Failed
PAY103569,3569,27AA6981-F54B-4A,Cash on Delivery,5103.15,2024-12-05,Success
PAY103570,3570,B2B50540-30F2-40,UPI,9876.6,2025-02-15,Success
PAY103571,3571,AD1551F5-7F49-4E,UPI,2507.76,2026-06-04,Success
PAY103572,3572,DCD74CBE-3264-40,Credit Card,28762.43,2025-11-18,Success
PAY103573,3573,1414DF14-6AEC-4C,UPI,1384.98,2025-09-01,Success
PAY103574,3574,CEBCDF8A-7F5F-4B,UPI,9189.76,2025-07-19,Success
PAY103575,3575,ED72C3F5-E70C-4F,Credit Card,36637.44,2025-03-19,Success
PAY103576,3576,A86AC061-D6AD-41,Net Banking,170248.0,2025-02-20,Success
PAY103577,3577,46809D65-7ED7-44,Net Banking,8058.82,2026-02-24,Success
PAY103578,3578,6DBA5D57-92CF-4F,Credit Card,167123.6,2024-12-26,Success
PAY103579,3579,EEA04569-5D8A-46,Cash on Delivery,5681.6,2026-02-14,Success
PAY103580,3580,DF2AFC8A-AD58-4F,Cash on Delivery,10373.88,2026-04-26,Success
PAY103581,3581,BFA727FC-CE38-47,UPI,574.56,2026-04-21,Success
PAY103582,3582,301CD600-C104-43,Cash on Delivery,1446.12,2025-07-07,Success
PAY103583,3583,1C477575-2D94-4B,Credit Card,166846.68,2024-07-28,Success
PAY103584,3584,306CEFB6-2A30-44,UPI,169638.48,2025-04-20,Success
PAY103585,3585,AD187D8E-64AE-4A,UPI,11891.92,2024-11-07,Success
PAY103586,3586,7ACAA671-A276-46,Debit Card,415489.9,2025-02-19,Success
PAY103587,3587,56D372EC-721D-45,Net Banking,1690.56,2025-08-27,Success
PAY103588,3588,E695DDFC-08A6-48,Credit Card,484174.8,2024-10-25,Success
PAY103589,3589,187D9D45-C947-46,UPI,1400.82,2025-08-31,Refunded
PAY103590,3590,5B8AC586-805F-40,UPI,1165.92,2026-04-01,Success
PAY103591,3591,A9BD5D8D-0B97-47,Credit Card,2462.28,2025-09-22,Success
PAY103592,3592,D1220538-7C6F-4F,UPI,26291.3,2026-07-04,Success
PAY103593,3593,3430CD5C-00AB-4C,Credit Card,2156.94,2025-09-02,Success
PAY103594,3594,BA0AD241-9381-49,UPI,792.65,2024-10-24,Success
PAY103595,3595,A68D036C-764A-41,Cash on Delivery,12200.28,2025-09-03,Success
PAY103596,3596,344DADFF-C80E-49,Net Banking,1296.48,2024-12-01,Success
PAY103597,3597,F4F575A3-A03C-41,Net Banking,278081.58,2025-12-30,Success
PAY103598,3598,A9068560-B0E2-4D,UPI,3769.4,2024-08-25,Success
PAY103599,3599,E07F89EB-8978-4D,Credit Card,874.9,2025-04-12,Failed
PAY103600,3600,0146DD0B-84C7-45,Debit Card,3112.5,2025-12-19,Failed
PAY103601,3601,E797246A-EB10-4A,Debit Card,21000.0,2026-07-09,Refunded
PAY103602,3602,B75B9964-664B-4B,UPI,20592.7,2025-08-11,Success
PAY103603,3603,6AC92547-E6D4-43,Cash on Delivery,107510.4,2025-07-28,Success
PAY103604,3604,8BB4C3B2-905C-48,UPI,2912.64,2025-12-30,Refunded
PAY103605,3605,756EF550-4DDF-48,UPI,16800.0,2024-11-05,Success
PAY103606,3606,D6485266-E0FD-49,Credit Card,2148.8,2024-09-29,Success
PAY103607,3607,BAAFC57B-AA5E-40,Cash on Delivery,94306.44,2025-03-03,Success
PAY103608,3608,75C82D26-C129-4F,Cash on Delivery,31157.28,2024-10-17,Success
PAY103609,3609,8351599B-2E5C-4C,Credit Card,8124.3,2025-07-14,Success
PAY103610,3610,C152C817-00DF-43,Net Banking,12899.25,2025-11-20,Success
PAY103611,3611,C8889F78-ABEF-41,Cash on Delivery,6933.45,2026-04-30,Success
PAY103612,3612,C144B761-02BE-47,UPI,803.04,2024-11-22,Success
PAY103613,3613,BA5EB0AD-A338-47,Debit Card,1850.55,2026-03-04,Success
PAY103614,3614,FB23C2F9-07FB-41,UPI,115846.8,2025-05-05,Success
PAY103615,3615,170019B2-B221-47,Net Banking,2439.5,2025-02-06,Success
PAY103616,3616,2C91D7F0-85B3-44,Net Banking,1890.6,2026-01-25,Success
PAY103617,3617,8461991D-69CB-47,UPI,554.76,2024-08-26,Success
PAY103618,3618,4D231B3B-2594-47,Cash on Delivery,223509.04,2024-11-23,Failed
PAY103619,3619,2172D9B7-B06E-4D,Debit Card,1709.1,2024-11-04,Success
PAY103620,3620,86365AC4-15D3-41,Net Banking,614.25,2026-01-31,Failed
PAY103621,3621,20CD564D-76F6-48,Debit Card,11025.0,2025-08-06,Success
PAY103622,3622,27BA4A38-DB48-43,Cash on Delivery,14969.8,2026-05-19,Success
PAY103623,3623,D63A4D91-489C-48,Credit Card,8931.6,2024-09-05,Success
PAY103624,3624,E91C7866-7A8C-4F,Cash on Delivery,728.16,2025-06-10,Refunded
PAY103625,3625,0F8B0FC0-5C46-41,Net Banking,29351.2,2025-12-11,Refunded
PAY103626,3626,5A2EE50C-912F-4C,Debit Card,1039.3,2026-06-19,Refunded
PAY103627,3627,7BA35201-2A50-48,Debit Card,517.14,2026-02-26,Success
PAY103628,3628,F107DDF8-250A-4B,Net Banking,990.0,2026-02-21,Success
PAY103629,3629,30A1D489-B77B-42,Net Banking,1986.0,2026-06-03,Success
PAY103630,3630,12D4460A-0C1A-4B,Net Banking,14378.31,2026-03-21,Success
PAY103631,3631,9D89B18D-285F-4E,Credit Card,401.52,2025-04-07,Success
PAY103632,3632,0F8539FD-0733-4E,Cash on Delivery,74220.0,2026-04-11,Success
PAY103633,3633,A308A35D-F7EC-40,Debit Card,12958.0,2025-05-12,Refunded
PAY103634,3634,240BEEB5-42E4-43,UPI,2773.8,2024-08-02,Success
PAY103635,3635,3A13D71F-9E9B-41,Credit Card,7156.8,2026-02-13,Success
PAY103636,3636,508BEEAE-99E4-44,UPI,6854.7,2024-09-17,Refunded
PAY103637,3637,84FF01CF-B646-40,Net Banking,10738.56,2026-01-02,Failed
PAY103638,3638,052BF70D-1FF8-4D,Cash on Delivery,13091.52,2026-05-28,Success
PAY103639,3639,DF089AC7-90AF-43,Credit Card,839.3,2025-08-08,Success
PAY103640,3640,C1367178-F675-41,Debit Card,11303.6,2024-11-06,Refunded
PAY103641,3641,7F0DCFB4-073B-4F,Net Banking,567349.2,2024-12-13,Success
PAY103642,3642,4D2DFC30-60C3-4F,UPI,99682.9,2025-01-14,Success
PAY103643,3643,140F57DC-5E3D-42,Debit Card,83561.8,2024-11-24,Success
PAY103644,3644,9B986B43-0CBB-49,Cash on Delivery,26911.92,2025-05-24,Success
PAY103645,3645,32321E49-3C16-4B,UPI,247.8,2025-04-15,Failed
PAY103646,3646,5E68D0FF-71BD-40,Cash on Delivery,4200.0,2025-11-19,Refunded
PAY103647,3647,18761B7F-B955-47,Debit Card,2346.93,2025-03-20,Failed
PAY103648,3648,DB25A897-722C-48,UPI,298.08,2026-06-22,Success
PAY103649,3649,1D3E3BC3-30FE-48,Debit Card,1200.32,2025-07-26,Failed
PAY103650,3650,6FB8252C-300A-47,Cash on Delivery,14971.32,2026-01-23,Success
PAY103651,3651,DE750B75-70FB-4D,Net Banking,11589.88,2026-07-02,Failed
PAY103652,3652,768351E7-76C9-4D,Credit Card,111754.52,2025-04-24,Success
PAY103653,3653,21C9C5EC-9776-48,UPI,34151.36,2024-10-01,Success
PAY103654,3654,7A5E1C36-3324-44,Cash on Delivery,1220.67,2024-11-14,Success
PAY103655,3655,3BCB47B5-7622-45,Credit Card,2310.0,2024-12-08,Refunded
PAY103656,3656,E57E46C3-7E9E-40,Net Banking,717.03,2024-11-10,Success
PAY103657,3657,8CD1C3AC-1D03-46,Cash on Delivery,226939.68,2026-04-26,Success
PAY103658,3658,BF8B6F3A-83DC-48,Credit Card,13056.56,2024-08-02,Success
PAY103659,3659,1F2F353F-0063-45,Credit Card,1749.8,2026-05-08,Success
PAY103660,3660,3CDA3950-EE5A-4C,Debit Card,4303.0,2025-09-01,Success
PAY103661,3661,4C4826E8-8156-40,Debit Card,1041.18,2025-02-13,Success
PAY103662,3662,CDF3B43F-7FA6-4C,Credit Card,8375.68,2026-02-03,Success
PAY103663,3663,F3C561B9-D7E6-49,Net Banking,670.68,2025-01-27,Refunded
PAY103664,3664,A4F35A82-BBD1-4B,Net Banking,142.8,2025-03-30,Success
PAY103665,3665,B6C3533C-7074-4A,Net Banking,221404.56,2026-02-05,Success
PAY103666,3666,37920969-C135-40,Net Banking,30417.96,2026-06-22,Failed
PAY103667,3667,11FE56C1-527A-46,Net Banking,4361.6,2025-10-16,Refunded
PAY103668,3668,A0805275-DE8C-49,Debit Card,4410.0,2024-12-16,Success
PAY103669,3669,77A6EA20-C2CC-44,Debit Card,1701.08,2024-09-06,Success
PAY103670,3670,65FBC444-AF65-42,Debit Card,109138.85,2026-01-10,Success
PAY103671,3671,555FC867-FDB8-49,UPI,20357.36,2026-06-15,Success
PAY103672,3672,3C16D2A3-002D-45,Credit Card,3963.25,2024-11-05,Success
PAY103673,3673,CE74FF0E-12D7-44,Debit Card,8382.26,2024-12-26,Success
PAY103674,3674,15074A49-BCA0-4F,Net Banking,4150.0,2025-03-12,Success
PAY103675,3675,846F36D7-507F-4E,Debit Card,4568.72,2024-07-24,Success
PAY103676,3676,D52E35DB-7DAB-47,UPI,180815.16,2025-09-30,Success
PAY103677,3677,6FAF40AC-B52B-4F,Debit Card,3816.72,2024-10-20,Refunded
PAY103678,3678,FF44451C-5F7E-49,Net Banking,65504.88,2024-10-19,Success
PAY103679,3679,4A8D8B3D-E3E4-4F,Net Banking,5272.02,2026-07-10,Success
PAY103680,3680,CF0331FE-FFF3-46,Debit Card,1721.43,2025-05-07,Success
PAY103681,3681,30830794-2305-4B,Credit Card,871.2,2025-03-20,Refunded
PAY103682,3682,1E812513-AD97-40,Credit Card,1709.1,2026-01-30,Success
PAY103683,3683,EA8B9013-4169-4D,UPI,2441.34,2026-02-13,Success
PAY103684,3684,F173A92E-376C-44,Credit Card,732.75,2025-03-03,Success
PAY103685,3685,9C38A29D-EF55-42,Credit Card,419.9,2026-05-21,Success
PAY103686,3686,B7FEC0D6-D799-4E,Debit Card,9636.99,2024-12-14,Refunded
PAY103687,3687,CB0F192F-FEAE-4E,Debit Card,3495.8,2025-01-24,Success
PAY103688,3688,3682A4E2-8F52-4C,UPI,28762.43,2024-07-28,Success
PAY103689,3689,C7D83594-812B-4E,Credit Card,3182.28,2024-08-03,Success
PAY103690,3690,A7804F09-BDBF-4D,Debit Card,1692.42,2025-02-23,Success
PAY103691,3691,581F2147-058D-47,Credit Card,4150.0,2025-04-28,Success
PAY103692,3692,CAFC2F9B-8881-41,Credit Card,2883.0,2026-05-14,Success
PAY103693,3693,9065E2A0-3BF8-47,Net Banking,55718.5,2024-10-12,Success
PAY103694,3694,9E9AE5A8-C1B6-4A,Credit Card,1305.6,2024-10-10,Failed
PAY103695,3695,61F84B09-C9FA-44,Credit Card,7139.86,2026-06-05,Success
PAY103696,3696,43594877-73DB-4C,Net Banking,2291.04,2024-12-22,Success
PAY103697,3697,B3F0ED14-A8C8-4E,Debit Card,2495.7,2026-01-06,Success
PAY103698,3698,C1D99656-72F5-48,Debit Card,1438.56,2026-06-12,Success
PAY103699,3699,A4279775-F471-43,Net Banking,11232.0,2025-05-21,Success
PAY103700,3700,19972D12-7D4B-4A,Credit Card,4103.8,2024-08-07,Success
PAY103701,3701,1C9D1BB9-CA6E-49,Cash on Delivery,1558.95,2026-05-30,Success
PAY103702,3702,FD73CB58-D5D2-4F,Debit Card,415489.9,2025-07-11,Refunded
PAY103703,3703,F26BC511-80EE-4C,Net Banking,7485.66,2025-07-26,Failed
PAY103704,3704,A3C9B228-3D3F-47,Net Banking,3663.75,2026-01-31,Success
PAY103705,3705,6B64C44A-E03E-4D,Cash on Delivery,14167.02,2024-11-21,Success
PAY103706,3706,585DEE12-E857-4F,Net Banking,3302.88,2024-07-26,Success
PAY103707,3707,21FD4E35-88F2-49,Credit Card,1047.42,2026-03-23,Success
PAY103708,3708,339E9DD4-D62F-4D,Cash on Delivery,1162.0,2025-05-11,Success
PAY103709,3709,F8078B46-2654-4A,UPI,1699.32,2024-11-08,Success
PAY103710,3710,1B78A733-E71F-4F,Credit Card,692.8,2025-06-01,Success
PAY103711,3711,6F690F32-1E06-4A,UPI,2490.75,2025-06-23,Success
PAY103712,3712,F0BAF4E8-9A2D-49,Credit Card,50893.4,2026-05-23,Success
PAY103713,3713,B46F2AEC-01D2-43,Credit Card,8178.3,2024-09-09,Success
PAY103714,3714,865876D3-6CE5-4B,Net Banking,668.22,2025-01-14,Success
PAY103715,3715,FE435516-A96E-4E,Debit Card,2773.8,2024-07-25,Success
PAY103716,3716,313E4447-94DD-42,Debit Card,2868.12,2025-09-15,Failed
PAY103717,3717,F7A4DC78-64C7-44,UPI,8585.44,2026-01-19,Success
PAY103718,3718,61A3D9A7-F3FC-45,Net Banking,947.38,2026-05-05,Success
PAY103719,3719,30FBA2B7-6ABB-49,Debit Card,2340.0,2024-08-27,Refunded
PAY103720,3720,4B82647D-A704-45,Credit Card,57923.4,2024-11-11,Success
PAY103721,3721,B99ACBB1-65DB-4C,Net Banking,21175.7,2025-03-19,Failed
PAY103722,3722,26501D57-9354-41,Net Banking,1050.32,2025-12-05,Success
PAY103723,3723,B028A02B-B18F-47,Cash on Delivery,2043.36,2026-06-03,Failed
PAY103724,3724,5A3A1E4B-A5D6-4B,Cash on Delivery,332391.92,2024-10-05,Success
PAY103725,3725,7FDC8AC8-1C02-40,Debit Card,4736.9,2025-02-06,Success
PAY103726,3726,399BB3BC-E348-47,Debit Card,371100.0,2025-03-20,Success
PAY103727,3727,6EB185FC-3D5F-43,Net Banking,7590.66,2026-06-14,Success
PAY103728,3728,3AFA87F6-C4C6-41,Cash on Delivery,2966.64,2026-05-06,Refunded
PAY103729,3729,E2CEE174-663A-4D,Net Banking,10331.64,2025-11-03,Success
PAY103730,3730,07A534DF-7501-4E,Net Banking,20333.04,2026-04-25,Success
PAY103731,3731,357029FE-BB2C-45,Cash on Delivery,1294.02,2026-01-22,Success
PAY103732,3732,B7B03A5D-A823-41,Debit Card,84590.28,2026-05-21,Success
PAY103733,3733,F4BED745-D1FA-46,Debit Card,1725.36,2024-10-30,Failed
PAY103734,3734,B5DCB76D-B469-4C,UPI,9458.1,2024-11-12,Success
PAY103735,3735,4F84EEDE-71B1-4C,Credit Card,1599.8,2024-09-20,Refunded
PAY103736,3736,F0076541-E435-40,Cash on Delivery,5430.08,2025-06-17,Success
PAY103737,3737,37555097-164F-46,Cash on Delivery,28762.43,2024-12-16,Success
PAY103738,3738,0C280F61-B8EE-49,Cash on Delivery,20147.05,2025-02-22,Success
PAY103739,3739,89E31F05-ABAC-4D,Cash on Delivery,1415.04,2025-01-07,Refunded
PAY103740,3740,A6AD6679-B033-4B,Net Banking,175.44,2025-11-30,Success
PAY103741,3741,737FB3C8-9440-4E,UPI,7465.5,2025-12-04,Success
PAY103742,3742,01A77FF7-E097-41,UPI,2795.9,2024-11-09,Success
PAY103743,3743,2E155CCD-8594-4E,UPI,2260.6,2026-01-02,Refunded
PAY103744,3744,70F35752-10F6-4C,Net Banking,6315.96,2026-01-15,Refunded
PAY103745,3745,CA8DB4CA-41DA-40,Net Banking,4592.7,2024-08-05,Success
PAY103746,3746,52732A64-10A4-40,UPI,2739.3,2026-04-10,Refunded
PAY103747,3747,37AD2A66-EEA9-4B,Cash on Delivery,220009.68,2024-08-05,Success
PAY103748,3748,D959D973-D20A-47,UPI,5360.5,2026-01-29,Success
PAY103749,3749,17704AA5-8ED8-4A,Credit Card,65008.24,2026-04-23,Success
PAY103750,3750,FEB868D3-F22D-41,Cash on Delivery,15376.16,2026-04-07,Success
PAY103751,3751,92D840E7-2020-4B,Debit Card,4622.3,2024-10-22,Refunded
PAY103752,3752,C02C352F-FBCF-44,Credit Card,12539.6,2025-12-17,Success
PAY103753,3753,97862332-50DB-48,Net Banking,13438.5,2026-03-24,Success
PAY103754,3754,14EDE857-89C9-4C,Net Banking,14040.0,2025-08-09,Success
PAY103755,3755,D8F80744-947B-46,Net Banking,2477.16,2025-02-19,Refunded
PAY103756,3756,AE415EA8-C97A-46,Credit Card,3781.2,2026-01-26,Success
PAY103757,3757,BE356D7B-A320-49,Debit Card,71697.15,2024-11-28,Success
PAY103758,3758,6333950A-8FE4-49,Debit Card,1885.6,2026-04-03,Success
PAY103759,3759,1F155372-2930-4C,Debit Card,85124.0,2025-11-26,Failed
PAY103760,3760,3C30537D-3F43-46,Credit Card,422780.48,2025-06-18,Success
PAY103761,3761,3553B6E1-EC03-40,UPI,3061.8,2026-04-02,Success
PAY103762,3762,79DA9D81-F265-4C,UPI,57922.2,2026-07-05,Refunded
PAY103763,3763,B837B770-2584-40,UPI,2078.6,2025-10-20,Failed
PAY103764,3764,533B6087-7783-43,Net Banking,5211.0,2024-08-26,Refunded
PAY103765,3765,10056F91-AEEA-42,Debit Card,115049.72,2026-01-18,Failed
PAY103766,3766,C4234E65-A1DB-44,Cash on Delivery,3972.0,2024-10-07,Success
PAY103767,3767,CA796A71-21C5-4E,Net Banking,395416.56,2025-09-05,Failed
PAY103768,3768,31DC1C6B-4478-4F,Cash on Delivery,187656.84,2026-03-29,Success
PAY103769,3769,90461EDC-3873-45,Net Banking,40714.72,2025-02-16,Success
PAY103770,3770,F0914CD8-5650-40,UPI,3816.72,2024-09-11,Success
PAY103771,3771,3B4F24F7-7801-4E,Debit Card,13872.0,2026-07-14,Success
PAY103772,3772,5B94CF96-E504-48,Credit Card,201057.54,2024-08-12,Success
PAY103773,3773,DE5E7096-56A2-45,UPI,3590.55,2024-12-14,Success
PAY103774,3774,2FA891A5-5CE3-4E,UPI,477.0,2025-03-26,Refunded
PAY103775,3775,5534FADA-325D-48,Debit Card,5165.82,2025-10-21,Failed
PAY103776,3776,E4E3F65C-406A-43,Debit Card,538537.5,2026-03-10,Refunded
PAY103777,3777,05171464-12BB-40,Credit Card,8278.68,2025-09-11,Success
PAY103778,3778,44ED8276-B83D-4A,Cash on Delivery,2178.0,2024-08-25,Failed
PAY103779,3779,2E760947-938A-49,Cash on Delivery,206013.48,2025-08-28,Refunded
PAY103780,3780,A787EF7A-2F31-4B,Cash on Delivery,13670.4,2025-10-14,Success
PAY103781,3781,B771735C-26AA-4A,Net Banking,1757.34,2025-06-30,Failed
PAY103782,3782,6EBF7353-BB12-43,Credit Card,90187.85,2026-03-21,Success
PAY103783,3783,41B16D5F-3067-4A,Debit Card,10404.0,2025-11-25,Success
PAY103784,3784,C556CC29-FEA6-4D,UPI,2148.8,2026-04-21,Success
PAY103785,3785,73E0C8C8-D92F-4E,Debit Card,327416.55,2025-10-20,Success
PAY103786,3786,A1A254CD-454E-41,UPI,452.64,2024-11-26,Success
PAY103787,3787,3692F936-5228-43,Cash on Delivery,3984.06,2025-07-22,Success
PAY103788,3788,A7F4136A-852A-48,Net Banking,278077.8,2025-09-20,Refunded
PAY103789,3789,7F4D7A27-2CEC-49,Debit Card,47472.0,2024-07-30,Success
PAY103790,3790,140FD794-0866-46,Cash on Delivery,2931.0,2024-11-19,Success
PAY103791,3791,8EF5E0B6-3694-4A,Debit Card,17340.0,2025-08-15,Success
PAY103792,3792,ED006611-2F4A-4A,UPI,3837.68,2026-06-28,Success
PAY103793,3793,88642D73-31CC-49,Debit Card,973.36,2025-12-10,Success
PAY103794,3794,F3C88485-5BBE-44,Credit Card,8419.4,2024-11-16,Success
PAY103795,3795,91417FF7-C897-49,UPI,249293.94,2024-10-12,Success
PAY103796,3796,33DAC5C1-2662-4C,UPI,5484.9,2025-03-17,Success
PAY103797,3797,C5D107B6-3ED1-40,UPI,218418.72,2024-09-03,Failed
PAY103798,3798,2DFDA01E-A68F-4D,Credit Card,13740.48,2025-08-19,Success
PAY103799,3799,EC4FD9B4-055D-42,UPI,525803.3,2025-04-16,Failed
PAY103800,3800,546B0A29-387D-43,UPI,121043.7,2024-07-19,Success
PAY103801,3801,3F81289E-F743-4E,Debit Card,947.38,2026-07-06,Refunded
PAY103802,3802,9DDBE092-4998-4E,Debit Card,8133.52,2025-09-28,Success
PAY103803,3803,DEEF3CE4-6682-41,Net Banking,335095.9,2024-08-29,Success
PAY103804,3804,0C38026F-29C7-42,Cash on Delivery,15907.5,2025-12-21,Refunded
PAY103805,3805,F5E9C01B-4A75-42,Credit Card,3435.12,2025-07-11,Success
PAY103806,3806,28FE60C4-31D6-4C,UPI,9994.59,2025-05-25,Success
PAY103807,3807,24B9320E-6A2F-4E,UPI,1599.8,2025-11-12,Success
PAY103808,3808,35CE20C4-F452-4E,Cash on Delivery,11025.0,2024-12-21,Success
PAY103809,3809,A8FEAB82-1E18-44,Debit Card,982.98,2025-12-02,Success
PAY103810,3810,C813C1E7-519E-4E,UPI,10031.68,2024-07-21,Failed
PAY103811,3811,F7D7D262-1C5C-4A,Cash on Delivery,2783.3,2025-07-25,Refunded
PAY103812,3812,996424F7-EF7F-45,UPI,42851.92,2025-12-02,Success
PAY103813,3813,87DFE2A7-B72D-4C,UPI,7313.2,2026-06-16,Success
PAY103814,3814,7D0965CC-52CB-47,Cash on Delivery,3659.25,2025-07-17,Failed
PAY103815,3815,F9E7439D-078E-4D,Cash on Delivery,3489.28,2026-07-15,Success
PAY103816,3816,DC3C77D8-2926-49,UPI,7564.32,2024-10-20,Success
PAY103817,3817,DA0ECAC8-FB60-44,Credit Card,547.86,2025-01-25,Success
PAY103818,3818,FD98F5AF-2B5A-42,Cash on Delivery,1811.15,2024-12-17,Success
PAY103819,3819,1B2DE2D3-6B2A-47,UPI,1273.0,2025-04-17,Refunded
PAY103820,3820,5033DD30-95A3-48,Cash on Delivery,528.95,2025-03-14,Success
PAY103821,3821,1AFC3996-AC66-44,Debit Card,2325.4,2025-04-03,Success
PAY103822,3822,B53A03A1-5A6D-4E,Debit Card,15774.78,2025-06-30,Success
PAY103823,3823,ECC4F6AD-D839-4D,Credit Card,668.0,2024-11-14,Success
PAY103824,3824,CA1ACA29-0B36-42,Cash on Delivery,109179.58,2024-11-01,Success
PAY103825,3825,30918078-AC9F-40,Credit Card,1736.0,2024-08-04,Success
PAY103826,3826,9D74AEC4-864D-49,Net Banking,2251.65,2026-06-01,Success
PAY103827,3827,2F9C6C6D-FE88-4D,Cash on Delivery,2043.36,2025-04-30,Refunded
PAY103828,3828,77D8FAAF-8187-4D,Cash on Delivery,7566.48,2025-05-02,Success
PAY103829,3829,7D73A875-2EF8-40,Credit Card,58136.0,2025-12-15,Success
PAY103830,3830,13DC395E-1FD0-42,UPI,45796.8,2025-02-19,Success
PAY103831,3831,FDF49033-C126-40,UPI,3955.52,2026-06-18,Success
PAY103832,3832,34DFF99A-5080-4A,Net Banking,2317.02,2025-08-16,Success
PAY103833,3833,F30721AD-2FFF-48,Credit Card,4392.36,2025-03-19,Failed
PAY103834,3834,B33F186A-298E-43,Net Banking,222462.24,2024-08-19,Success
PAY103835,3835,3215D71B-56F4-4F,Cash on Delivery,8876.85,2024-07-28,Refunded
PAY103836,3836,E02F6ADB-883A-4C,Cash on Delivery,11891.92,2025-01-16,Success
PAY103837,3837,4058A644-8E79-4D,Net Banking,3615.3,2025-09-26,Success
PAY103838,3838,EAD07A59-645D-4A,Credit Card,1003.8,2025-01-11,Success
PAY103839,3839,E00459A7-FAE3-4A,Cash on Delivery,25251.0,2026-05-19,Success
PAY103840,3840,1682E452-F97B-40,Debit Card,16657.65,2024-08-30,Success
PAY103841,3841,37CC29E6-7F06-44,Net Banking,10130.56,2025-08-16,Success
PAY103842,3842,B716625B-7B22-41,Credit Card,15781.88,2024-12-13,Refunded
PAY103843,3843,94371573-3596-4D,Debit Card,55560.96,2026-06-05,Failed
PAY103844,3844,3FA4D970-B2AE-49,Debit Card,2869.05,2026-01-23,Success
PAY103845,3845,B8CDD636-66CF-4C,Debit Card,871.2,2026-01-08,Success
PAY103846,3846,F165AEBA-6FBD-45,Debit Card,3408.96,2026-01-16,Success
PAY103847,3847,83F2C4EE-1988-4F,Cash on Delivery,16800.0,2025-09-02,Refunded
PAY103848,3848,92C2F96E-5980-42,UPI,4031.8,2025-04-17,Failed
PAY103849,3849,A9E05814-8FB1-44,UPI,350.88,2024-07-21,Success
PAY103850,3850,8554E2A0-14D8-4A,Credit Card,33668.0,2024-09-20,Success
PAY103851,3851,35B605FF-2F71-47,UPI,11910.5,2026-01-08,Failed
PAY103852,3852,314C9DF6-67DF-46,Net Banking,2898.2,2026-01-24,Success
PAY103853,3853,CEDE3F28-D12A-45,Debit Card,3825.0,2025-05-23,Success
PAY103854,3854,B884F96A-C782-49,UPI,4168.26,2026-04-01,Success
PAY103855,3855,8463C7AC-46D6-4D,Debit Card,11928.0,2026-04-09,Success
PAY103856,3856,A513AFAC-C45B-4B,Debit Card,6871.04,2024-09-15,Success
PAY103857,3857,3601E713-0952-46,UPI,1214.4,2026-04-03,Failed
PAY103858,3858,E2F59C7F-7516-44,Cash on Delivery,3084.25,2026-05-12,Refunded
PAY103859,3859,194EB753-9C34-4C,Net Banking,6033.36,2025-11-26,Success
PAY103860,3860,2E5771BA-FBCA-49,Credit Card,21390.0,2025-08-06,Failed
PAY103861,3861,111C3EBB-6DD4-41,UPI,3499.6,2026-06-10,Refunded
PAY103862,3862,40E9B2E4-EF7B-4E,Net Banking,5206.08,2025-04-05,Success
PAY103863,3863,C0B0AE96-4CC7-4F,Debit Card,871.2,2024-11-11,Failed
PAY103864,3864,7241BE1D-A21D-42,Credit Card,4443.12,2024-12-03,Success
PAY103865,3865,0539693D-14A3-46,Credit Card,327416.55,2024-11-09,Success
PAY103866,3866,D999BCA0-3AD4-43,UPI,2687.35,2025-03-18,Success
PAY103867,3867,69E24FB3-B097-4D,Credit Card,55105.58,2025-02-26,Success
PAY103868,3868,3B75C6AB-8449-4B,Credit Card,2210.4,2025-11-02,Success
PAY103869,3869,C54FD07B-D221-4D,Cash on Delivery,3857.84,2025-02-28,Success
PAY103870,3870,0ED77835-28FA-43,Debit Card,3640.8,2025-06-23,Success
PAY103871,3871,0400BD46-615C-43,Net Banking,12967.35,2025-06-03,Success
PAY103872,3872,D55F9E56-8C7D-4F,UPI,2439.5,2025-04-11,Success
PAY103873,3873,E6BA86FC-4CF2-47,Net Banking,42673.64,2026-06-12,Success
PAY103874,3874,5B42D707-C706-4C,UPI,1674.75,2026-06-19,Failed
PAY103875,3875,83E09CC8-EF6F-46,UPI,10079.5,2025-03-04,Success
PAY103876,3876,F072403A-3751-47,Cash on Delivery,1037.4,2026-01-15,Failed
PAY103877,3877,38A8755D-A82B-44,UPI,2304.0,2026-01-17,Success
PAY103878,3878,98878F88-FD23-4F,Net Banking,54604.68,2026-05-13,Success
PAY103879,3879,B15713DB-681C-4A,Net Banking,199.92,2025-06-20,Failed
PAY103880,3880,B216AAA7-A4ED-44,Credit Card,1301.52,2025-03-19,Success
PAY103881,3881,02F5CFA5-4181-4F,Cash on Delivery,1438.56,2026-02-11,Success
PAY103882,3882,F0E31961-5A8A-40,UPI,48184.95,2025-09-05,Refunded
PAY103883,3883,77737C2B-5995-41,Credit Card,3134.7,2026-03-21,Success
PAY103884,3884,1311D2C8-4843-41,UPI,4062.15,2025-04-09,Success
PAY103885,3885,BE0F1694-FA64-44,Net Banking,1594.56,2026-04-14,Refunded
PAY103886,3886,7D48557A-D1EC-44,UPI,4168.26,2026-06-23,Success
PAY103887,3887,7350A3C8-8314-47,UPI,772.34,2026-01-07,Success
PAY103888,3888,276023FB-D400-4D,Cash on Delivery,69302.64,2026-05-13,Success
PAY103889,3889,FAADDF5D-61E5-44,Net Banking,2349.6,2025-01-05,Success
PAY103890,3890,33C95642-FE87-4B,Debit Card,4963.75,2026-01-22,Success
PAY103891,3891,85D0CCF1-6F9A-4C,Credit Card,357543.9,2025-01-26,Failed
PAY103892,3892,D7542EDC-4E13-41,Debit Card,173769.92,2024-07-28,Success
PAY103893,3893,D90CC518-91D7-48,Debit Card,18976.65,2024-10-24,Failed
PAY103894,3894,3FECD2CE-CA1E-4A,Cash on Delivery,17142.92,2025-07-23,Success
PAY103895,3895,73CE7AB9-A629-4F,Net Banking,6998.4,2025-07-21,Success
PAY103896,3896,0FD252D1-DB34-44,Cash on Delivery,285.6,2024-11-24,Failed
PAY103897,3897,F4432B14-E955-4C,UPI,1647.3,2026-07-09,Success
PAY103898,3898,590677E6-9EF0-49,Net Banking,29182.2,2025-05-10,Failed
PAY103899,3899,974A3996-DA0C-42,Net Banking,3782.16,2024-10-28,Success
PAY103900,3900,26DDCB2D-8695-4D,UPI,798.56,2026-03-17,Success
PAY103901,3901,BFB982A4-E845-42,Net Banking,832.65,2025-04-16,Success
PAY103902,3902,43572F35-ADD5-45,Debit Card,11532.12,2026-06-06,Success
PAY103903,3903,EA9942B7-109A-44,Cash on Delivery,1915.52,2025-11-06,Success
PAY103904,3904,1EB45CF4-7CE2-40,Cash on Delivery,2739.3,2026-06-26,Success
PAY103905,3905,47117EA1-4BEB-41,Net Banking,25251.0,2025-12-25,Failed
PAY103906,3906,9EEF359D-D126-45,Debit Card,1489.2,2024-09-24,Success
PAY103907,3907,80B7C9EE-CC34-46,Credit Card,2915.2,2026-01-24,Success
PAY103908,3908,CD7AE761-74A9-4E,UPI,1253.88,2026-06-16,Success
PAY103909,3909,D33460A6-E563-4F,UPI,1664.28,2026-05-13,Success
PAY103910,3910,54C82AAE-A193-4B,Net Banking,3514.68,2025-07-27,Failed
PAY103911,3911,25E72477-5B2B-40,Credit Card,1436.4,2025-03-12,Success
PAY103912,3912,7873A5AE-46C0-44,Debit Card,6023.76,2024-07-26,Success
PAY103913,3913,C7BC4080-09FB-4D,UPI,317085.36,2024-08-25,Success
PAY103914,3914,20DC86CE-7E4B-42,Cash on Delivery,214014.5,2025-11-09,Success
PAY103915,3915,3B8C0A29-6A0A-49,Credit Card,2015.9,2024-10-15,Success
PAY103916,3916,C14CD912-9850-45,Cash on Delivery,1324.8,2024-09-10,Success
PAY103917,3917,D2C3585A-1B71-4C,Debit Card,395416.56,2026-04-28,Failed
PAY103918,3918,B95C3BAD-FDA3-4C,Credit Card,19908.72,2025-10-28,Refunded
PAY103919,3919,2D2A7416-3345-4F,UPI,92403.52,2025-11-05,Success
PAY103920,3920,9F8DEE8E-C23A-41,Net Banking,148971.72,2026-06-20,Refunded
PAY103921,3921,19444A67-5465-46,UPI,964.44,2025-11-13,Failed
PAY103922,3922,5D3CEFA1-93A3-4A,Cash on Delivery,497398.0,2025-06-01,Refunded
PAY103923,3923,80D5E9AC-E2D6-47,Cash on Delivery,465.96,2026-04-19,Success
PAY103924,3924,89FD0BE2-5996-4B,Credit Card,11732.05,2025-05-07,Success
PAY103925,3925,F91F8D58-74F5-49,UPI,92216.88,2025-07-12,Success
PAY103926,3926,AE2A3C74-84BD-40,UPI,1502.4,2025-12-15,Refunded
PAY103927,3927,6BECC2C4-CBF3-45,Debit Card,3779.82,2025-03-19,Success
PAY103928,3928,8958B7EF-D7AC-49,Credit Card,7418.95,2025-03-10,Success
PAY103929,3929,3E34E92B-19F0-4E,Credit Card,39666.88,2026-04-14,Success
PAY103930,3930,3A74B50F-FD15-4C,Cash on Delivery,67977.0,2025-10-14,Success
PAY103931,3931,4B74C502-E510-4F,UPI,7944.0,2025-07-20,Refunded
PAY103932,3932,600ACD16-1E22-45,Credit Card,18318.72,2025-11-01,Success
PAY103933,3933,6BA49316-6DF6-40,Debit Card,282730.8,2026-06-08,Success
PAY103934,3934,E64B5EEC-A2EF-4B,Credit Card,199.92,2025-01-30,Success
PAY103935,3935,2C66E9E6-8548-4D,Debit Card,4168.26,2026-03-24,Success
PAY103936,3936,2DBBF9BC-6448-41,Credit Card,8471.28,2025-02-21,Success
PAY103937,3937,1609BBF2-4013-4C,Credit Card,877.2,2024-09-01,Success
PAY103938,3938,96DDF44E-F60D-4B,Cash on Delivery,747.96,2025-07-09,Success
PAY103939,3939,1E928AB4-2F75-4C,Debit Card,1674.75,2024-11-05,Success
PAY103940,3940,7E46E85A-F267-4E,Debit Card,3367.0,2026-06-08,Success
PAY103941,3941,BA72B8C3-D64A-40,Cash on Delivery,325506.12,2025-03-12,Refunded
PAY103942,3942,986E3D66-DDF2-4C,Credit Card,17941.28,2024-09-19,Success
PAY103943,3943,97E43E1B-505A-45,UPI,976.5,2026-01-09,Success
PAY103944,3944,19A985BA-68C5-4D,UPI,3405.6,2025-11-14,Success
PAY103945,3945,E250E510-EBE3-4F,Net Banking,213686.2,2025-04-03,Refunded
PAY103946,3946,89BFAD2E-F777-40,Cash on Delivery,182670.4,2024-10-24,Success
PAY103947,3947,F212E042-D0DB-4F,UPI,7109.4,2024-12-07,Refunded
PAY103948,3948,BF5E320B-0A56-45,Credit Card,1599.8,2024-09-19,Refunded
PAY103949,3949,11D80771-282C-4E,Cash on Delivery,12478.5,2025-01-02,Success
PAY103950,3950,C4E3E3BB-4B00-45,Credit Card,2284.1,2025-06-09,Success
PAY103951,3951,DF965F17-C637-48,Credit Card,2284.36,2026-06-04,Success
PAY103952,3952,2528D8B2-375B-47,Cash on Delivery,3395.04,2025-03-25,Success
PAY103953,3953,26D6B4FF-EF42-41,Credit Card,482.22,2025-01-19,Success
PAY103954,3954,F8D5219B-2810-44,Debit Card,5678.4,2025-09-27,Success
PAY103955,3955,BD51B46B-8C6F-4F,Credit Card,668.0,2026-07-16,Success
PAY103956,3956,255634E7-763E-47,UPI,2585.7,2024-08-08,Success
PAY103957,3957,0E892FD5-DC50-4B,Cash on Delivery,973.36,2024-09-12,Refunded
PAY103958,3958,E578F687-09DD-45,Cash on Delivery,11297.0,2026-02-28,Success
PAY103959,3959,964B429C-2B60-40,Debit Card,1529.04,2024-09-18,Refunded
PAY103960,3960,71EA5CA2-7A0A-4B,Net Banking,2160.8,2024-08-19,Success
PAY103961,3961,336557C7-7DFD-47,UPI,11042.8,2025-04-07,Success
PAY103962,3962,50DA8B1E-C490-47,Credit Card,10096.2,2026-04-25,Success
PAY103963,3963,D460DD80-1D2E-45,Credit Card,2410.6,2025-06-28,Success
PAY103964,3964,0293621D-74BF-4F,Cash on Delivery,865.05,2026-04-08,Success
PAY103965,3965,3C820105-4117-4C,Debit Card,6835.2,2025-01-11,Success
PAY103966,3966,09D44DB3-57ED-40,UPI,890.43,2026-01-28,Success
PAY103967,3967,C39032CC-51F4-49,UPI,56483.7,2025-11-13,Success
PAY103968,3968,941F5D91-AF24-4E,Credit Card,3640.8,2025-04-04,Success
PAY103969,3969,6A015BE7-E8B7-41,Cash on Delivery,231909.6,2025-05-22,Success
PAY103970,3970,EC68DF70-755B-40,Credit Card,10178.68,2024-11-06,Success
PAY103971,3971,F0F3DFBD-5613-49,UPI,5987.92,2026-01-21,Success
PAY103972,3972,6F6FC135-9CE7-46,Cash on Delivery,26512.5,2026-07-01,Success
PAY103973,3973,AA5B6288-7DA1-48,UPI,292101.25,2025-05-25,Success
PAY103974,3974,B60D7528-588A-4A,UPI,12790.8,2024-10-31,Success
PAY103975,3975,9F9C7B31-ECF6-48,Debit Card,15774.78,2026-06-17,Success
PAY103976,3976,FCAAD93C-8B1B-41,UPI,1948.32,2025-06-06,Success
PAY103977,3977,BEE42A35-5776-4E,Net Banking,1219.75,2024-07-22,Success
PAY103978,3978,1EF1BD39-6DAD-4C,Debit Card,798.56,2026-06-22,Success
PAY103979,3979,C3C5EB92-E2C6-46,UPI,5294.38,2025-01-11,Success
PAY103980,3980,FE90CCEB-9594-4C,Debit Card,19398.6,2026-03-21,Success
PAY103981,3981,0410515E-2505-46,Credit Card,2625.96,2026-04-20,Success
PAY103982,3982,B61FFA89-D4A3-46,Credit Card,1146.6,2025-07-26,Failed
PAY103983,3983,97D3BE02-2913-4B,Debit Card,1915.52,2025-06-24,Success
PAY103984,3984,B8747700-3524-42,Debit Card,1728.64,2025-04-03,Success
PAY103985,3985,D2E17EF8-8E51-45,Debit Card,9269.25,2024-09-08,Success
PAY103986,3986,88F730E8-1CF8-47,Cash on Delivery,2858.52,2025-10-02,Refunded
PAY103987,3987,0B27BD88-71ED-41,Debit Card,115049.72,2024-10-23,Success
PAY103988,3988,D6ADD6F2-751D-4C,Cash on Delivery,175260.75,2025-01-01,Success
PAY103989,3989,EB92023F-8A9D-45,Cash on Delivery,11726.37,2025-12-19,Success
PAY103990,3990,0F1CABEE-6D92-41,Net Banking,2490.75,2024-07-26,Success
PAY103991,3991,DAB33A57-DE06-48,Cash on Delivery,12469.8,2024-09-18,Success
PAY103992,3992,1CA0854C-2942-40,Debit Card,40927.84,2024-10-15,Success
PAY103993,3993,51C57BE7-216C-40,Debit Card,98217.9,2026-03-03,Success
PAY103994,3994,B502A5E1-C2C7-42,Cash on Delivery,8726.32,2024-11-09,Success
PAY103995,3995,DBD43BA4-F721-40,Credit Card,8505.4,2025-09-25,Refunded
PAY103996,3996,2BF5356F-8F88-47,Net Banking,4118.54,2026-07-07,Failed
PAY103997,3997,999A0CB1-FCBD-4F,Net Banking,7952.58,2026-06-16,Success
PAY103998,3998,D4A0B2FD-8616-45,Credit Card,1460.04,2024-12-21,Success
PAY103999,3999,668AE80C-D4B8-4B,Cash on Delivery,166195.96,2025-05-21,Refunded
PAY104000,4000,451A5C7C-8822-46,Debit Card,5302.5,2026-05-21,Refunded
PAY104001,4001,360B237D-7373-47,UPI,7944.0,2026-06-16,Failed
PAY104002,4002,1374BD88-2D3D-42,Cash on Delivery,2820.7,2025-07-29,Success
PAY104003,4003,503511BC-F825-42,Credit Card,3175.04,2025-03-20,Success
PAY104004,4004,C264CBED-7D23-4D,UPI,7566.48,2024-11-12,Success
PAY104005,4005,EF9B2E7C-9428-4D,Net Banking,2534.61,2024-08-29,Success
PAY104006,4006,8459BDE6-50F0-4E,Credit Card,10264.32,2025-05-16,Success
PAY104007,4007,A72B199D-08C6-40,Debit Card,49020.35,2025-09-21,Failed
PAY104008,4008,818C4E7D-DAAE-4A,Debit Card,12899.25,2024-12-06,Success
PAY104009,4009,BFC684F4-43A0-42,UPI,397918.4,2025-09-14,Success
PAY104010,4010,A859B7D1-3A6B-4D,Credit Card,8547.0,2025-02-04,Success
PAY104011,4011,C96982ED-2261-49,Net Banking,5186.94,2025-05-08,Success
PAY104012,4012,8B8E29FE-4EDF-46,Cash on Delivery,7542.4,2025-07-16,Success
PAY104013,4013,2E6A5402-4F97-4A,Credit Card,9741.6,2025-08-10,Success
PAY104014,4014,FE6C3781-3AA3-40,UPI,7407.45,2025-05-02,Success
PAY104015,4015,5C5B2E18-AEE0-49,Cash on Delivery,2962.08,2025-12-22,Success
PAY104016,4016,4432BF56-B23C-4A,Debit Card,74423.6,2026-06-25,Success
PAY104017,4017,4EC08D4D-E853-4A,UPI,209.95,2025-11-02,Refunded
PAY104018,4018,E08601E8-D644-4A,UPI,32005.23,2024-10-07,Success
PAY104019,4019,011F966E-A2DC-44,Debit Card,268776.0,2026-03-06,Success
PAY104020,4020,6252616A-1ADE-4B,Net Banking,13575.2,2024-07-21,Success
PAY104021,4021,25F9E9CE-5741-4F,Net Banking,1928.48,2024-08-10,Success
PAY104022,4022,0AB56CCE-CF15-49,Net Banking,333.06,2025-05-11,Success
PAY104023,4023,F247B984-F842-4E,Credit Card,89091.24,2025-08-03,Success
PAY104024,4024,024D6A0B-9655-4E,Credit Card,5065.28,2025-12-06,Success
PAY104025,4025,4D651919-E09F-4D,Credit Card,4341.6,2026-07-01,Success
PAY104026,4026,D86505A1-A957-43,Net Banking,660.0,2025-01-29,Failed
PAY104027,4027,476C7C34-5394-4A,Debit Card,681.43,2026-03-28,Success
PAY104028,4028,F2125E10-DA79-45,Debit Card,1306.8,2026-06-22,Success
PAY104029,4029,62974399-0543-45,Credit Card,2490.0,2025-05-21,Success
PAY104030,4030,2ED52CDE-C7B0-49,Credit Card,171211.6,2026-03-01,Refunded
PAY104031,4031,A008F4F9-ECDB-41,UPI,45214.4,2025-11-15,Success
PAY104032,4032,A1BD164C-2E76-40,Credit Card,3084.25,2025-11-17,Success
PAY104033,4033,4420FF0A-11B9-42,Net Banking,12442.5,2026-06-17,Success
PAY104034,4034,9B320661-B7B2-41,Debit Card,26544.96,2026-04-25,Refunded
PAY104035,4035,4D2BAC95-573E-44,Cash on Delivery,149524.35,2026-03-14,Refunded
PAY104036,4036,1FEBE776-1D2E-47,Credit Card,9458.1,2026-05-07,Success
PAY104037,4037,22EFD6AC-D8D4-46,Cash on Delivery,2782.08,2024-11-07,Success
PAY104038,4038,E24B9BCD-4BF5-44,UPI,3782.16,2026-05-28,Refunded
PAY104039,4039,EFEB5105-C3C4-4F,Net Banking,7788.48,2026-03-06,Success
PAY104040,4040,50C8F67C-4D6A-42,Net Banking,54112.71,2025-01-18,Success
PAY104041,4041,96535B7B-4DAC-43,Credit Card,19273.8,2026-02-27,Success
PAY104042,4042,F9E1AF18-E857-4D,Debit Card,1853.85,2025-12-31,Refunded
PAY104043,4043,03E93AA2-4970-4A,Credit Card,2488.5,2025-11-21,Refunded
PAY104044,4044,473E5378-795A-49,Credit Card,489540.84,2025-11-12,Success
PAY104045,4045,D664363B-7629-46,Debit Card,397918.4,2025-04-24,Success
PAY104046,4046,59EC2F56-99C7-4A,Net Banking,331.2,2026-05-02,Success
PAY104047,4047,CC0B4BAC-74EF-42,Credit Card,747.96,2025-04-29,Success
PAY104048,4048,25B56C99-B894-4A,UPI,1780.86,2026-02-28,Success
PAY104049,4049,49DC9285-F8D5-44,Net Banking,592.8,2025-11-08,Success
PAY104050,4050,96855DF7-508B-4D,Cash on Delivery,328186.32,2025-03-09,Success
PAY104051,4051,63F82973-B0AA-42,Credit Card,16800.0,2025-05-15,Success
PAY104052,4052,206A6A38-7CB4-43,Debit Card,9876.6,2024-08-08,Failed
PAY104053,4053,26998050-39CA-4E,Net Banking,482.22,2026-02-13,Success
PAY104054,4054,5AF1E255-9EE8-44,UPI,7107.9,2025-12-24,Refunded
PAY104055,4055,889A28D5-828E-48,Net Banking,602.28,2024-12-11,Refunded
PAY104056,4056,5BAAFE55-A5A0-4D,UPI,260032.96,2025-06-04,Success
PAY104057,4057,03CE5A6F-863B-4F,Net Banking,16107.84,2025-02-18,Failed
PAY104058,4058,A9788B44-0D8D-4F,UPI,1596.3,2025-09-23,Success
PAY104059,4059,85740D68-FD36-4E,Cash on Delivery,221404.56,2024-12-31,Failed
PAY104060,4060,460DF68B-E261-44,Debit Card,8417.0,2025-01-25,Success
PAY104061,4061,100EAE07-16E7-40,Credit Card,11424.5,2024-10-14,Refunded
PAY104062,4062,143F4917-89BA-42,Credit Card,2929.5,2026-04-22,Success
PAY104063,4063,EA71C5BC-9E47-4A,UPI,1346.8,2025-07-05,Failed
PAY104064,4064,2DDC3600-0473-46,Cash on Delivery,20592.7,2025-10-15,Success
PAY104065,4065,69780C6B-4AC1-4B,Credit Card,2225.94,2025-10-30,Success
PAY104066,4066,F9931614-0502-45,Credit Card,232695.12,2026-05-01,Success
PAY104067,4067,8D926663-0769-4B,Credit Card,1961.76,2025-06-11,Refunded
PAY104068,4068,FEFDD7DA-E011-4C,Credit Card,3157.98,2025-06-16,Success
PAY104069,4069,1B364B2F-6486-46,Cash on Delivery,10519.0,2024-08-08,Success
PAY104070,4070,DE5ED2ED-B50A-49,Net Banking,43641.0,2025-07-15,Success
PAY104071,4071,668B2B2A-0345-4F,Debit Card,1050.32,2025-11-06,Failed
PAY104072,4072,4FC27F28-A040-40,Net Banking,11042.8,2025-02-02,Success
PAY104073,4073,A28E89F1-4126-45,Cash on Delivery,3594.9,2026-03-15,Failed
PAY104074,4074,79B915CC-FE1A-47,Debit Card,32728.8,2025-10-31,Failed
PAY104075,4075,3B83DC1B-FE13-49,Cash on Delivery,1460.04,2025-12-23,Success
PAY104076,4076,AA224A3B-37F2-46,Cash on Delivery,4376.6,2026-01-12,Success
PAY104077,4077,928FDAA0-2EAF-49,Debit Card,886.2,2025-08-14,Success
PAY104078,4078,76723207-8C2C-46,Cash on Delivery,5893.8,2024-11-07,Success
PAY104079,4079,9541D996-3DC1-41,Cash on Delivery,56599.28,2024-08-22,Failed
PAY104080,4080,FC7AF9EC-5B9E-42,Cash on Delivery,695.52,2026-01-03,Success
PAY104081,4081,B40AEE1D-EEA0-48,UPI,4614.96,2024-12-06,Success
PAY104082,4082,6CAD39F4-DD1A-4E,Cash on Delivery,248048.16,2025-11-02,Success
PAY104083,4083,7F8195A9-526B-43,Net Banking,3495.2,2025-03-12,Success
PAY104084,4084,514A88C8-5C5B-49,Debit Card,2187.57,2025-12-10,Success
PAY104085,4085,21AAE040-D8DE-4B,Debit Card,4076.6,2025-05-23,Success
PAY104086,4086,68092895-6964-4D,Debit Card,494.34,2025-03-03,Failed
PAY104087,4087,DC3FED63-49A5-4E,Credit Card,171211.6,2026-03-17,Refunded
PAY104088,4088,D08EB65E-22B8-4B,UPI,23480.96,2024-08-23,Failed
PAY104089,4089,EBF357D4-57BF-47,Cash on Delivery,3501.28,2026-01-10,Success
PAY104090,4090,7E924DF3-EA47-4F,Credit Card,445139.72,2026-02-03,Success
PAY104091,4091,03D9FC16-274B-40,UPI,109602.24,2025-06-27,Success
PAY104092,4092,72B5F9FF-67AD-4E,Debit Card,27279.25,2025-08-15,Success
PAY104093,4093,15C226E1-AF56-4D,Net Banking,8145.12,2025-09-21,Failed
PAY104094,4094,43D8C19E-2B02-45,UPI,1200.32,2025-12-14,Refunded
PAY104095,4095,94F8F6DA-F033-48,Credit Card,226397.12,2024-12-29,Success
PAY104096,4096,362B93E1-9C87-43,Cash on Delivery,2098.25,2024-11-14,Success
PAY104097,4097,4060B69E-100C-48,Net Banking,2068.56,2025-10-14,Success
PAY104098,4098,9325CCE7-1D6C-4C,Net Banking,747.96,2024-12-25,Failed
PAY104099,4099,D2D270E5-E0F6-49,Cash on Delivery,1245.0,2024-10-28,Success
PAY104100,4100,606EC82C-C9BE-48,Cash on Delivery,148767.0,2026-07-10,Failed
PAY104101,4101,36E484CA-3B82-46,Credit Card,2263.2,2025-02-03,Success
PAY104102,4102,4E1F3076-F809-4A,UPI,3129.24,2026-01-24,Success
PAY104103,4103,FDF2D07A-2B26-4C,Net Banking,6574.5,2026-02-07,Refunded
PAY104104,4104,C9C2A5B8-428C-46,UPI,1385.6,2026-05-26,Success
PAY104105,4105,B6A310D3-DF08-42,Credit Card,8527.2,2025-12-28,Success
PAY104106,4106,05C09800-47EA-4D,Credit Card,46175.62,2025-02-25,Success
PAY104107,4107,D591D8F4-B9A8-4E,UPI,3015.52,2025-02-18,Success
PAY104108,4108,B1631848-A6F7-49,Debit Card,68865.88,2026-06-20,Success
PAY104109,4109,3349DFF2-C0EB-4C,Net Banking,256.2,2025-03-21,Refunded
PAY104110,4110,B79D41D1-8117-4A,Cash on Delivery,572.76,2024-11-06,Failed
PAY104111,4111,7C49D2BD-48B1-43,UPI,15500.85,2024-07-26,Success
PAY104112,4112,7A436003-0E50-4E,Net Banking,681.12,2025-07-14,Refunded
PAY104113,4113,6AA9829C-9BB1-45,Credit Card,15116.4,2025-03-04,Success
PAY104114,4114,FFD3B80B-C964-4B,Cash on Delivery,2043.3,2026-04-11,Success
PAY104115,4115,3D22BB88-7713-4B,Credit Card,1098.09,2025-04-02,Success
PAY104116,4116,26F72312-602D-40,Debit Card,1301.52,2024-12-27,Success
PAY104117,4117,31F287BE-3EE8-40,UPI,50893.4,2026-01-04,Success
PAY104118,4118,08E65FBF-0EC1-4E,Cash on Delivery,1296.48,2025-05-09,Success
PAY104119,4119,42E9C3B0-DE9E-4E,Net Banking,220422.32,2025-07-04,Failed
PAY104120,4120,DD8BD8ED-E684-4B,Credit Card,2625.8,2026-07-07,Success
PAY104121,4121,26E16F35-F40E-4E,Cash on Delivery,3723.0,2024-10-27,Refunded
PAY104122,4122,33E171B0-AF6E-4E,Debit Card,3854.76,2025-04-28,Success
PAY104123,4123,E14ADA54-5B53-47,Debit Card,3713.58,2026-06-07,Failed
PAY104124,4124,B122152B-CD72-4F,Credit Card,988.68,2026-03-22,Success
PAY104125,4125,F61D649A-4B2B-46,UPI,1977.36,2026-01-25,Success
PAY104126,4126,44AAEACF-16ED-47,UPI,8300.0,2025-07-14,Success
PAY104127,4127,BC2DCE23-E028-49,Cash on Delivery,909.42,2026-07-14,Success
PAY104128,4128,42162155-3068-4F,Debit Card,1860.32,2026-03-28,Success
PAY104129,4129,A553ABB3-9A38-4B,Net Banking,32784.48,2025-02-14,Success
PAY104130,4130,B39991C0-806D-40,Net Banking,9283.95,2025-06-14,Success
PAY104131,4131,285DCA6C-F818-4E,Net Banking,1173.84,2024-12-28,Success
PAY104132,4132,507EAC57-D923-42,Net Banking,59506.8,2026-06-26,Success
PAY104133,4133,C8AF6C29-5169-47,Net Banking,4128.6,2025-12-10,Failed
PAY104134,4134,9191CA11-96FC-47,Debit Card,1446.12,2025-05-27,Failed
PAY104135,4135,7405639A-016D-4F,UPI,11745.72,2024-08-05,Success
PAY104136,4136,20815FCE-27F7-48,Cash on Delivery,1273.0,2025-10-14,Success
PAY104137,4137,92B3B73C-A32E-42,Cash on Delivery,2744.56,2024-12-15,Success
PAY104138,4138,BFEE1C87-DBFC-4F,Debit Card,1911.0,2025-09-19,Success
PAY104139,4139,A5912CEB-320C-4B,Net Banking,74423.6,2025-04-27,Success
PAY104140,4140,0191F461-3C2B-49,Cash on Delivery,1721.43,2025-12-29,Refunded
PAY104141,4141,EE43462B-B520-44,Cash on Delivery,17837.88,2026-05-11,Success
PAY104142,4142,F6814FFB-96EB-44,Credit Card,7048.8,2024-08-10,Refunded
PAY104143,4143,DB2B58C6-CB28-4F,Debit Card,3182.28,2024-11-05,Success
PAY104144,4144,2FD13A09-FDDA-45,Cash on Delivery,135497.25,2025-09-03,Success
PAY104145,4145,7C3B0936-4B3E-4D,UPI,4792.77,2024-10-09,Failed
PAY104146,4146,D433EB48-654F-48,UPI,232.98,2025-01-18,Success
PAY104147,4147,78362C11-31BA-41,Cash on Delivery,2382.1,2025-01-13,Success
PAY104148,4148,70956E3D-83A8-44,Credit Card,41979.0,2025-01-13,Success
PAY104149,4149,A8A50A80-9AA7-44,UPI,11421.8,2025-07-21,Success
PAY104150,4150,EB02539A-2656-43,Debit Card,17340.0,2026-05-22,Success
PAY104151,4151,A26DEAB2-EEBB-4D,Credit Card,74440.92,2024-10-15,Refunded
PAY104152,4152,D252B64A-13E3-49,Cash on Delivery,113092.32,2026-04-20,Success
PAY104153,4153,44150E34-D196-4F,Net Banking,6804.2,2025-05-30,Success
PAY104154,4154,9CA134C3-543D-45,Debit Card,59340.0,2025-01-03,Refunded
PAY104155,4155,8A6E1FAD-F13E-40,Cash on Delivery,81536.9,2024-12-16,Success
PAY104156,4156,091BFFCC-7C16-44,UPI,180663.0,2025-12-24,Success
PAY104157,4157,64D24D7E-D313-4B,Debit Card,128412.9,2026-04-06,Success
PAY104158,4158,AA348754-B5FE-48,UPI,1281.4,2024-09-15,Success
PAY104159,4159,A49DD30B-9729-48,Debit Card,2619.48,2024-09-09,Success
PAY104160,4160,DAF22BFE-FEF7-40,Net Banking,11868.0,2026-05-07,Success
PAY104161,4161,AF463FEA-B764-41,Debit Card,729.19,2024-07-21,Success
PAY104162,4162,AB7B3034-870E-4B,Net Banking,6642.64,2025-03-31,Success
PAY104163,4163,4A372775-2E17-4A,UPI,1247.86,2024-11-08,Success
PAY104164,4164,1435D444-329F-46,Net Banking,38360.85,2025-09-24,Success
PAY104165,4165,1B9A66A9-A8AC-4F,UPI,135497.25,2025-05-20,Refunded
PAY104166,4166,58D8FE3C-4A2E-4E,Net Banking,544.35,2025-02-28,Success
PAY104167,4167,2CD506C2-A1F3-44,Cash on Delivery,175.44,2025-02-03,Success
PAY104168,4168,BDF39238-DC11-4A,UPI,195024.72,2026-03-13,Success
PAY104169,4169,88E6856B-654F-49,Cash on Delivery,1367.28,2026-02-19,Success
PAY104170,4170,1C9592F0-C0D1-48,Debit Card,20463.92,2024-08-12,Success
PAY104171,4171,3D75EA92-AD3D-41,Net Banking,2467.4,2026-05-10,Success
PAY104172,4172,A1EB4C69-E342-4A,Cash on Delivery,2876.6,2025-03-18,Failed
PAY104173,4173,B08A004F-8F90-4B,UPI,3816.72,2026-04-26,Success
PAY104174,4174,C37333E9-4C8C-41,Cash on Delivery,4977.0,2024-11-05,Success
PAY104175,4175,0150A59B-B04E-47,Net Banking,6920.64,2026-03-05,Refunded
PAY104176,4176,A984572B-3BB8-49,Net Banking,5369.28,2025-07-20,Refunded
PAY104177,4177,2573F3D2-D573-46,UPI,222462.24,2025-07-31,Success
PAY104178,4178,802ECF59-31F9-45,Net Banking,1335.15,2026-05-03,Refunded
PAY104179,4179,2FA3A745-7977-44,Debit Card,990.0,2026-04-23,Success
PAY104180,4180,103C41BD-83DD-46,UPI,309212.8,2026-06-07,Failed
PAY104181,4181,AED354D5-8F92-4F,UPI,8501.98,2026-03-15,Success
PAY104182,4182,E89B1085-F413-41,Debit Card,43553.76,2025-03-25,Success
PAY104183,4183,4050CD74-D267-40,Cash on Delivery,1918.08,2025-05-04,Success
PAY104184,4184,15BD8825-B516-4D,Credit Card,6953.82,2024-11-03,Success
PAY104185,4185,F08450A9-7A5D-4A,UPI,2929.5,2026-04-21,Failed
PAY104186,4186,48AD413D-8069-49,Cash on Delivery,71159.84,2025-01-18,Success
PAY104187,4187,E9E7E01C-D554-4F,Net Banking,11891.92,2025-01-27,Success
PAY104188,4188,7A98A612-B2D1-4B,Net Banking,11846.5,2026-06-08,Success
PAY104189,4189,51D3C4E2-118B-4E,Debit Card,1529.28,2026-05-26,Failed
PAY104190,4190,860D5366-1E97-40,Debit Card,5143.32,2025-04-03,Failed
PAY104191,4191,4BE479A1-BF54-4E,Credit Card,2439.5,2025-10-04,Success
PAY104192,4192,FD93E7FF-A079-47,UPI,122955.84,2026-04-16,Success
PAY104193,4193,F85E63D7-C98E-4A,Debit Card,364655.25,2024-10-02,Success
PAY104194,4194,4E6F1835-5663-42,Net Banking,5103.15,2026-01-02,Success
PAY104195,4195,C745A11A-5EE4-4C,Net Banking,1836.0,2026-07-05,Success
PAY104196,4196,F429807F-F01B-4C,UPI,5015.84,2025-06-04,Success
PAY104197,4197,D2C3E09D-5A4B-44,Cash on Delivery,218790.88,2024-09-22,Success
PAY104198,4198,E843F8FE-1004-4C,Net Banking,3407.15,2025-06-27,Success
PAY104199,4199,40E5BF97-657B-42,UPI,286035.12,2025-07-24,Refunded
PAY104200,4200,528F9A04-3B49-4C,Debit Card,42085.0,2024-11-13,Success
PAY104201,4201,02C4F0D7-A393-40,UPI,182670.4,2026-02-21,Failed
PAY104202,4202,8395AE55-1141-42,Credit Card,5427.0,2024-09-11,Success
PAY104203,4203,4AEBF9E8-F8D5-45,Cash on Delivery,7780.41,2024-09-21,Success
PAY104204,4204,3CD22407-F55E-45,Debit Card,2782.5,2025-07-16,Success
PAY104205,4205,13069C61-1B2F-48,Debit Card,2546.0,2025-06-05,Refunded
PAY104206,4206,7E7598D7-4D2F-4F,Credit Card,17054.4,2024-07-20,Success
PAY104207,4207,703952D8-0D40-46,Credit Card,689.92,2025-02-18,Refunded
PAY104208,4208,DFFECCD4-C017-4E,Credit Card,67513.74,2025-12-05,Success
PAY104209,4209,229D4DF2-BE49-44,Cash on Delivery,6631.2,2026-05-21,Success
PAY104210,4210,E1221A6D-82E2-48,Cash on Delivery,213.84,2024-12-27,Refunded
PAY104211,4211,8ABB0187-B99D-41,UPI,208.32,2025-07-11,Failed
PAY104212,4212,33F2B9BB-D3FB-45,Debit Card,7405.2,2025-06-20,Success
PAY104213,4213,7AE4CDD7-21C4-48,Net Banking,2295.24,2025-10-08,Success
PAY104214,4214,B4AC30AD-F39D-49,Net Banking,7941.57,2026-05-19,Success
PAY104215,4215,C491D3D1-4E0E-40,Debit Card,428.4,2024-11-01,Success
PAY104216,4216,EA8DD9B4-B9AB-47,Cash on Delivery,57.42,2025-10-04,Failed
PAY104217,4217,F21EFEE8-66C9-45,Credit Card,11627.2,2024-10-31,Success
PAY104218,4218,AC9405D1-4E50-40,Cash on Delivery,6350.08,2024-11-29,Success
PAY104219,4219,68809011-B379-41,UPI,52296.64,2024-10-18,Success
PAY104220,4220,C8CD3E4E-D219-47,Credit Card,38042.4,2024-10-13,Failed
PAY104221,4221,427863C5-749C-4A,UPI,22938.45,2024-11-08,Success
PAY104222,4222,5AE76888-1C4A-4A,Net Banking,15549.3,2025-07-25,Success
PAY104223,4223,51E43F21-544F-4B,Credit Card,2151.09,2026-03-04,Success
PAY104224,4224,749EF1C2-E917-4F,Debit Card,1689.74,2025-06-01,Success
PAY104225,4225,FB88F78E-1E8A-44,Net Banking,532.1,2025-07-03,Success
PAY104226,4226,99A76790-FFA2-43,Debit Card,5183.2,2025-09-17,Success
PAY104227,4227,79DE93ED-8CF7-4A,UPI,115049.72,2026-07-11,Success
PAY104228,4228,7166FAD7-76AD-4F,UPI,1201.9,2026-03-25,Success
PAY104229,4229,47F18D76-D548-45,Credit Card,213686.2,2025-09-27,Success
PAY104230,4230,C27E43F7-FD2C-4E,Credit Card,758.88,2025-05-24,Success
PAY104231,4231,70494408-D56E-43,Credit Card,13872.0,2025-02-26,Failed
PAY104232,4232,9FD82BCD-18BD-4F,UPI,30688.68,2025-10-07,Failed
PAY104233,4233,E6ECD5A1-7829-4C,Cash on Delivery,683.64,2026-01-20,Success
PAY104234,4234,04554AA7-B4A4-44,UPI,494.34,2025-10-25,Success
PAY104235,4235,52BCE4C0-2752-4C,Debit Card,331901.5,2025-11-10,Success
PAY104236,4236,CA7D9A66-0B52-41,Cash on Delivery,175.44,2026-04-03,Success
PAY104237,4237,B943C271-8143-44,Cash on Delivery,10305.36,2026-07-15,Success
PAY104238,4238,7A0E1F83-4CE0-48,Credit Card,753.88,2026-02-21,Success
PAY104239,4239,334D7DEA-1B61-49,Net Banking,1718.28,2025-02-07,Failed
PAY104240,4240,5F1B854F-D0BC-46,Debit Card,331.2,2026-02-14,Failed
PAY104241,4241,74937378-230D-4C,Credit Card,35507.4,2025-09-26,Success
PAY104242,4242,A65BEC05-5EED-47,UPI,3486.0,2026-03-06,Success
PAY104243,4243,3EC95BB9-8796-43,Credit Card,1321.84,2026-06-27,Success
PAY104244,4244,E1A08A76-758A-4E,Cash on Delivery,3035.52,2025-07-14,Success
PAY104245,4245,4F23CA25-E5F3-4F,Credit Card,2978.4,2025-01-03,Success
PAY104246,4246,0CBFC26F-0CC0-4A,Debit Card,9428.0,2024-10-08,Success
PAY104247,4247,245BD99F-6A74-4B,Net Banking,629.85,2024-12-19,Success
PAY104248,4248,F0331123-05CA-4C,UPI,289617.0,2025-09-15,Failed
PAY104249,4249,38DA0E7E-E349-40,Cash on Delivery,12980.8,2025-12-09,Failed
PAY104250,4250,A123C810-C815-4A,Cash on Delivery,3781.2,2026-04-20,Success
PAY104251,4251,8AB4B84B-FE1A-44,Debit Card,59340.0,2024-12-31,Success
PAY104252,4252,F4FA02E8-52A2-43,Net Banking,3379.48,2026-01-01,Success
PAY104253,4253,D10EC481-DC40-48,UPI,1112.97,2024-09-02,Success
PAY104254,4254,227D9F76-7ABD-42,UPI,4420.8,2024-12-05,Success
PAY104255,4255,E59D35D4-4BAE-46,UPI,133636.86,2026-04-05,Success
PAY104256,4256,C98113C6-7537-47,Credit Card,8662.68,2026-03-14,Success
PAY104257,4257,3B901767-4F14-40,Net Banking,1650.0,2025-10-21,Success
PAY104258,4258,67765ECE-566F-48,Debit Card,296.4,2025-10-28,Success
PAY104259,4259,D148CF5D-109F-4C,Cash on Delivery,35507.4,2025-11-16,Success
PAY104260,4260,9E816D64-0192-40,Credit Card,5681.6,2025-03-15,Success
PAY104261,4261,FDE84519-815D-49,UPI,298282.14,2025-04-19,Success
PAY104262,4262,5F97A91D-2AC8-42,Credit Card,2620.0,2024-12-04,Success
PAY104263,4263,CEF69441-FFB3-4A,Net Banking,1635.66,2026-04-10,Success
PAY104264,4264,75EB4B7B-8A9B-47,Credit Card,691.6,2026-02-15,Success
PAY104265,4265,34B58276-DAF5-49,Debit Card,2253.6,2026-05-12,Success
PAY104266,4266,12F87984-5D93-4C,Cash on Delivery,6699.0,2026-06-02,Success
PAY104267,4267,942C940E-AB55-47,UPI,242087.4,2025-05-18,Success
PAY104268,4268,FABD789B-6A6C-42,Cash on Delivery,332917.64,2025-02-12,Success
PAY104269,4269,C6D9C025-F95E-4F,Debit Card,2369.3,2024-09-06,Success
PAY104270,4270,DEB2F5C6-D65F-4D,Debit Card,3435.52,2024-12-13,Success
PAY104271,4271,003FBE3F-023A-42,Net Banking,240692.8,2025-09-12,Success
PAY104272,4272,6F5EFFAF-5C09-49,Credit Card,9097.65,2025-06-25,Success
PAY104273,4273,BEE5F30A-A139-4B,Cash on Delivery,452.64,2026-05-13,Success
PAY104274,4274,F6B588EB-FE11-47,Credit Card,1699.32,2024-10-30,Success
PAY104275,4275,6DA837DF-D60F-47,Debit Card,8690.88,2026-04-01,Success
PAY104276,4276,8820FD33-1601-4C,UPI,862.4,2026-04-21,Success
PAY104277,4277,F3371CAD-F81B-45,Cash on Delivery,20310.75,2026-03-05,Success
PAY104278,4278,D217AAA0-3992-43,UPI,338361.12,2025-05-13,Refunded
PAY104279,4279,22C2FF40-9A24-4D,Credit Card,15781.88,2025-01-21,Success
PAY104280,4280,2AD329F9-E8A7-45,Cash on Delivery,8373.75,2026-06-18,Refunded
PAY104281,4281,EC9AC55F-389F-4B,Credit Card,3430.7,2024-12-05,Success
PAY104282,4282,71F554CA-40D1-48,Cash on Delivery,996.3,2025-04-27,Success
PAY104283,4283,B0DD4CE1-BF81-46,UPI,7672.17,2026-06-23,Success
PAY104284,4284,CF6E333C-93F6-40,Debit Card,99479.6,2025-11-11,Success
PAY104285,4285,AFF281A1-D399-4F,Debit Card,921.6,2024-11-02,Failed
PAY104286,4286,58FD8CA5-0BC9-4C,UPI,6724.41,2025-07-02,Success
PAY104287,4287,645C5CB6-D834-49,Cash on Delivery,532.1,2024-10-18,Success
PAY104288,4288,37DC7854-CDD4-47,Credit Card,1346.8,2025-11-16,Success
PAY104289,4289,78D6B9D2-15CA-43,UPI,262709.2,2025-01-24,Success
PAY104290,4290,BB97CFEA-BF03-49,Cash on Delivery,12786.72,2025-03-17,Success
PAY104291,4291,43F68887-4DB6-46,Debit Card,5002.5,2025-09-05,Success
PAY104292,4292,D7E0F06F-910A-43,Debit Card,9954.0,2024-11-22,Success
PAY104293,4293,19E469C5-092F-42,Net Banking,13797.8,2025-09-01,Success
PAY104294,4294,C172E79E-E8A6-47,Credit Card,5987.92,2025-04-10,Success
PAY104295,4295,55F93B05-19A7-44,Net Banking,605.68,2025-08-20,Success
PAY104296,4296,C5218B34-9333-4B,UPI,2978.4,2024-09-30,Success
PAY104297,4297,6A42BDE3-92CC-44,Cash on Delivery,344329.4,2025-05-17,Success
PAY104298,4298,3C6DFBC6-2008-4E,Credit Card,54604.68,2025-07-12,Success
PAY104299,4299,211EC394-6BCA-4C,Debit Card,134287.2,2025-10-05,Failed
PAY104300,4300,098A6E48-B493-49,Net Banking,251312.16,2026-02-17,Success
PAY104301,4301,7A4D4487-DA39-43,Net Banking,8766.0,2026-05-22,Success
PAY104302,4302,B5C703BA-4416-43,Debit Card,3586.32,2025-07-27,Success
PAY104303,4303,2517F798-3C21-42,UPI,4031.8,2026-03-30,Success
PAY104304,4304,5E28C34D-440D-4C,Cash on Delivery,14040.0,2025-01-17,Success
PAY104305,4305,8D1E34A0-BA49-4B,Credit Card,8133.52,2025-06-01,Success
PAY104306,4306,7EC1C07A-C51A-44,Debit Card,22974.4,2025-05-18,Success
PAY104307,4307,B0AD978C-703D-45,UPI,19881.45,2024-08-16,Refunded
PAY104308,4308,6AF98439-2848-44,Debit Card,462.0,2025-09-02,Success
PAY104309,4309,A389431E-30E6-40,Net Banking,9385.64,2026-03-29,Success
PAY104310,4310,E41977D8-A636-48,Net Banking,77047.74,2024-08-11,Refunded
PAY104311,4311,A929B750-5B85-42,Net Banking,3984.06,2026-01-20,Success
PAY104312,4312,772D4557-C9DA-40,Net Banking,232695.12,2025-01-10,Refunded
PAY104313,4313,28D2A228-4EAF-4D,UPI,146996.25,2025-09-04,Success
PAY104314,4314,15D9248A-A313-46,Cash on Delivery,2241.47,2024-11-14,Refunded
PAY104315,4315,3C587D99-109C-42,Debit Card,14260.0,2025-05-26,Failed
PAY104316,4316,7F0C99F1-03FB-45,Cash on Delivery,83561.8,2025-02-12,Success
PAY104317,4317,7D1A5418-5FF6-4B,Debit Card,11532.12,2024-10-24,Success
PAY104318,4318,D94F02BA-5C38-4D,Net Banking,15907.5,2024-12-02,Success
PAY104319,4319,4C902D59-72A7-41,Net Banking,17941.28,2026-06-23,Success
PAY104320,4320,B06FE1EF-4453-4B,UPI,2603.04,2026-07-04,Success
PAY104321,4321,0A3DD0AA-5578-47,Credit Card,35507.4,2026-01-09,Success
PAY104322,4322,193110C9-56AB-4E,Net Banking,11910.5,2024-08-07,Success
PAY104323,4323,18379C30-2CFD-4D,Credit Card,222569.86,2025-06-14,Success
PAY104324,4324,EB6906AA-7D76-41,Cash on Delivery,1429.26,2025-04-21,Success
PAY104325,4325,3AC0DA0E-37BD-49,Debit Card,23367.96,2025-09-05,Success
PAY104326,4326,3AF08EE2-B196-42,Cash on Delivery,230878.1,2024-10-04,Success
PAY104327,4327,BC3B9D40-4ACE-46,Cash on Delivery,20157.75,2026-06-07,Success
PAY104328,4328,3FF48EA6-1C0E-4F,Net Banking,4250.99,2025-03-08,Refunded
PAY104329,4329,8CDCDC9E-F788-46,Cash on Delivery,1669.5,2025-09-17,Success
PAY104330,4330,E5A117C8-6BC9-4A,Cash on Delivery,1891.62,2024-10-05,Success
PAY104331,4331,076682D7-6DCB-48,Credit Card,155130.08,2026-02-16,Failed
PAY104332,4332,14C90D68-70AF-4B,Net Banking,8375.68,2025-08-04,Success
PAY104333,4333,296B7897-3ACD-48,Credit Card,347539.84,2026-01-30,Failed
PAY104334,4334,D8D14607-7D49-49,Net Banking,31468.8,2026-05-08,Success
PAY104335,4335,6CFEFE2E-65DA-4D,Debit Card,3908.79,2025-01-03,Success
PAY104336,4336,66ECB058-732F-40,Credit Card,4556.8,2025-04-16,Success
PAY104337,4337,9C2123CF-62AF-49,Debit Card,1746.32,2026-01-27,Success
PAY104338,4338,4BDBAF68-BFA2-49,Cash on Delivery,4347.3,2026-06-20,Success
PAY104339,4339,448959BA-B8E7-40,Debit Card,143213.2,2025-07-13,Success
PAY104340,4340,A1B7FECA-EBFE-49,Cash on Delivery,692.04,2025-09-05,Success
PAY104341,4341,81678744-7A0E-48,Cash on Delivery,4314.9,2025-04-12,Refunded
PAY104342,4342,41326F17-7CF9-49,Net Banking,11421.8,2026-02-02,Success
PAY104343,4343,D65BD8B8-9A32-4D,UPI,7889.25,2024-09-20,Failed
PAY104344,4344,8C391502-040F-45,Cash on Delivery,14437.8,2025-03-29,Success
PAY104345,4345,D2427899-4FF0-4B,Debit Card,268076.72,2025-09-16,Success
PAY104346,4346,64EAAD6C-3CE9-48,Credit Card,670.68,2026-02-19,Success
PAY104347,4347,BD065A45-3D7B-4F,Debit Card,36018.0,2026-01-14,Success
PAY104348,4348,3EDBF0BB-437E-45,Cash on Delivery,57923.4,2025-11-08,Success
PAY104349,4349,E96AA4EB-2DFA-45,Credit Card,312.48,2026-06-26,Success
PAY104350,4350,4065A41C-25B7-4F,Credit Card,21610.8,2025-02-01,Success
PAY104351,4351,7C278313-9607-4F,Credit Card,3825.0,2026-04-10,Success
PAY104352,4352,E74E70D7-4AD2-4F,Debit Card,1709.1,2026-03-17,Failed
PAY104353,4353,4181E7E0-EDE9-42,Debit Card,349.77,2025-01-23,Success
PAY104354,4354,131766A7-05AA-4E,UPI,42737.24,2024-09-11,Success
PAY104355,4355,78163F26-CDD3-4C,Debit Card,105695.12,2025-01-11,Success
PAY104356,4356,F1E53088-A20D-48,Net Banking,38946.6,2024-11-25,Success
PAY104357,4357,5F210850-B306-44,Credit Card,988.68,2025-08-03,Success
PAY104358,4358,8A646706-2F91-4A,UPI,86883.3,2025-02-06,Success
PAY104359,4359,E2EA7F49-B14C-43,Debit Card,694.4,2026-07-08,Success
PAY104360,4360,36567031-7837-4C,Credit Card,43553.76,2025-02-23,Success
PAY104361,4361,5E606F2A-4339-40,Cash on Delivery,39852.25,2025-03-14,Success
PAY104362,4362,8DB915E5-70DB-4D,Debit Card,2507.76,2024-10-24,Success
PAY104363,4363,3420BDA0-0BB2-4F,Debit Card,26846.4,2024-09-13,Success
PAY104364,4364,428C1EE8-4E2F-48,Debit Card,32665.32,2025-06-24,Success
PAY104365,4365,1BEAA29F-7C25-43,UPI,16942.56,2025-06-08,Success
PAY104366,4366,B1F8E168-2316-4E,Net Banking,282919.32,2025-04-15,Success
PAY104367,4367,EFCF1820-724B-4E,Cash on Delivery,62552.28,2025-05-27,Success
PAY104368,4368,4900B9B3-8621-47,Cash on Delivery,15208.98,2025-01-18,Success
PAY104369,4369,449ADE34-98B9-4B,UPI,251312.16,2024-09-09,Success
PAY104370,4370,1CDE41CF-02F7-47,Debit Card,1310.64,2025-05-22,Failed
PAY104371,4371,BA8A28AA-F38C-41,Net Banking,1986.0,2025-07-20,Refunded
PAY104372,4372,77C29B75-8EE4-40,Debit Card,10469.6,2025-09-21,Success
PAY104373,4373,6A132A70-607D-43,UPI,15578.64,2025-03-01,Success
PAY104374,4374,B74ABA38-7B67-4F,Credit Card,3656.6,2026-02-28,Success
PAY104375,4375,879FF7C4-A839-47,Net Banking,82428.6,2025-12-09,Success
PAY104376,4376,AAEC375A-8976-42,Net Banking,26148.32,2025-02-01,Success
PAY104377,4377,3FBEBF71-721F-4C,UPI,7590.66,2025-02-08,Success
PAY104378,4378,F78459A6-135F-40,Cash on Delivery,2433.4,2026-07-01,Success
PAY104379,4379,3BAF6956-46C5-46,Cash on Delivery,42737.24,2024-08-21,Refunded
PAY104380,4380,771AFD57-1C7C-47,Net Banking,469.8,2025-02-19,Failed
PAY104381,4381,9C8FEB7D-5409-41,UPI,30417.96,2025-10-04,Success
PAY104382,4382,5FA1BA4F-DAA7-4E,Cash on Delivery,30252.66,2025-03-30,Success
PAY104383,4383,210126CC-9D56-40,Credit Card,5648.5,2026-02-13,Success
PAY104384,4384,9B7C0610-1C41-47,Net Banking,520.8,2025-09-25,Success
PAY104385,4385,CEA84882-A0C9-42,UPI,1165.92,2025-12-29,Success
PAY104386,4386,008DD14B-35EC-46,UPI,9139.6,2025-10-04,Failed
PAY104387,4387,E7173732-9BDB-40,Credit Card,113115.69,2025-11-27,Success
PAY104388,4388,52982832-E04B-44,Net Banking,1449.82,2025-05-20,Success
PAY104389,4389,A07E4750-2AC9-40,Cash on Delivery,672.7,2025-11-14,Success
PAY104390,4390,98D44EF4-E5B8-47,Net Banking,2196.18,2025-07-11,Success
PAY104391,4391,1E37EF0A-1D79-43,Net Banking,222462.24,2024-08-29,Success
PAY104392,4392,068D145A-8ECE-4E,Debit Card,122955.84,2025-02-14,Success
PAY104393,4393,7AE0F4E4-8F78-41,Cash on Delivery,234.9,2026-02-18,Success
PAY104394,4394,44EEF491-86AE-45,UPI,486.68,2025-11-10,Success
PAY104395,4395,B1682B73-BE71-46,Cash on Delivery,1201.9,2026-05-16,Success
PAY104396,4396,744820AE-7E8C-4E,Debit Card,242087.4,2024-08-08,Success
PAY104397,4397,B570689A-F3FE-4D,Debit Card,122955.84,2025-05-12,Success
PAY104398,4398,1A99505E-DC09-43,Cash on Delivery,7244.6,2026-06-21,Success
PAY104399,4399,16F890ED-1B1E-43,Cash on Delivery,12442.5,2026-06-08,Failed
PAY104400,4400,DD669733-2BEE-4B,Cash on Delivery,128211.72,2025-01-27,Success
PAY104401,4401,75CC0421-FDA4-49,Credit Card,493.02,2026-05-22,Refunded
PAY104402,4402,F96712A4-6BA5-46,Debit Card,11396.0,2025-01-08,Success
PAY104403,4403,DCEB297C-1DC8-4E,Cash on Delivery,51428.76,2024-08-05,Success
PAY104404,4404,CA79B1A5-6BC4-40,UPI,314197.68,2025-03-02,Refunded
PAY104405,4405,67A0F3D5-07A1-4B,UPI,110702.28,2025-03-20,Success
PAY104406,4406,3DE00E51-6E4F-41,Debit Card,4083.2,2025-08-14,Success
PAY104407,4407,7C45B2E6-5D64-47,Debit Card,602.28,2024-10-12,Success
PAY104408,4408,B543384B-5F3A-44,UPI,567349.2,2025-02-27,Success
PAY104409,4409,75D592C4-F096-48,Net Banking,9636.99,2025-10-30,Success
PAY104410,4410,932FAA3F-8420-40,Credit Card,1437.12,2025-10-07,Success
PAY104411,4411,722A86B3-4928-4F,Net Banking,964.44,2026-05-01,Success
PAY104412,4412,C2A139DF-1830-4B,Debit Card,3663.75,2024-08-24,Success
PAY104413,4413,5B09CD1C-E1D8-4D,Cash on Delivery,3499.2,2026-03-22,Success
PAY104414,4414,8660D6BE-8F5E-4B,Debit Card,16367.55,2025-08-01,Success
PAY104415,4415,A4AD8C26-F43C-41,Net Banking,6518.16,2026-03-10,Success
PAY104416,4416,AE7D4984-E081-4B,Credit Card,12439.44,2025-02-04,Refunded
PAY104417,4417,FDA06769-F577-40,Credit Card,3659.25,2026-01-03,Refunded
PAY104418,4418,45CE9BF0-A635-42,Debit Card,3815.82,2025-04-08,Success
PAY104419,4419,A973A87E-8E5F-4B,UPI,1867.76,2024-09-04,Success
PAY104420,4420,1B0AFB55-4E55-48,Credit Card,2307.5,2026-07-08,Success
PAY104421,4421,B0E10891-F7A8-40,Cash on Delivery,862.68,2025-11-07,Refunded
PAY104422,4422,F4F7FADB-7AC0-48,UPI,23216.76,2026-03-01,Success
PAY104423,4423,34CE82F6-A848-4B,UPI,169942.5,2026-05-15,Success
PAY104424,4424,85549E0B-0584-4C,Net Banking,104732.56,2024-12-11,Refunded
PAY104425,4425,04C928F0-6EA7-49,UPI,574.56,2026-03-13,Success
PAY104426,4426,C60C2564-3433-4B,Credit Card,3134.7,2025-03-03,Success
PAY104427,4427,EDFBF145-EEF8-4B,UPI,8662.68,2026-05-23,Success
PAY104428,4428,9AEC0D81-F50E-40,UPI,2152.08,2026-06-12,Success
PAY104429,4429,BE8FB54F-7AEE-4A,Cash on Delivery,128408.7,2026-04-04,Refunded
PAY104430,4430,5CFFEC14-F220-47,UPI,3261.28,2026-02-01,Success
PAY104431,4431,0389E246-6026-41,UPI,449166.48,2025-10-11,Success
PAY104432,4432,6584FE8B-35E9-48,Debit Card,616.85,2025-10-17,Success
PAY104433,4433,1712345C-D4FF-40,Cash on Delivery,128408.7,2025-06-02,Success
PAY104434,4434,40A9BB72-1206-42,UPI,1630.64,2024-08-31,Success
PAY104435,4435,16AA5FCB-5069-47,UPI,3032.55,2024-12-07,Success
PAY104436,4436,B91E58C1-DF5F-40,Cash on Delivery,42673.64,2026-05-28,Success
PAY104437,4437,5B12D9CD-51F1-47,Credit Card,2340.0,2025-03-06,Success
PAY104438,4438,304963EA-740A-48,UPI,607.2,2025-10-10,Refunded
PAY104439,4439,1491FD19-92AA-4C,Credit Card,3842.0,2024-12-29,Failed
PAY104440,4440,29C521DA-31C8-4E,Cash on Delivery,69451.2,2025-11-24,Success
PAY104441,4441,960D1ABC-A0AD-4D,Debit Card,341.96,2026-02-03,Success
PAY104442,4442,24097576-1B1F-41,Net Banking,923.32,2026-06-08,Failed
PAY104443,4443,58D4E537-3D0C-41,Debit Card,169638.48,2025-02-21,Success
PAY104444,4444,4FC5D1EF-7D16-46,Debit Card,1324.8,2026-01-13,Success
PAY104445,4445,D3DDC94E-77AD-4E,Cash on Delivery,3112.5,2026-02-20,Success
PAY104446,4446,AB3E0E0C-FBCB-45,Cash on Delivery,717.03,2025-01-11,Failed
PAY104447,4447,D61BCE0D-E2C1-40,Credit Card,268776.0,2025-08-23,Refunded
PAY104448,4448,C929D769-7D0D-45,Debit Card,1760.76,2024-11-27,Failed
PAY104449,4449,EFB0B9FE-89C7-48,UPI,85474.48,2024-08-02,Success
PAY104450,4450,02ADDB72-2491-48,UPI,4015.84,2025-12-26,Success
PAY104451,4451,1693AF18-06DB-4A,Credit Card,922.04,2025-10-28,Success
PAY104452,4452,4E400B19-EB40-48,Cash on Delivery,120664.25,2026-04-03,Success
PAY104453,4453,CB4C24F1-F595-4F,Net Banking,5367.6,2026-03-13,Success
PAY104454,4454,DD7FB36A-43C4-4F,Credit Card,86884.96,2026-01-31,Success
PAY104455,4455,087D43A7-585F-44,Credit Card,371.7,2026-05-03,Success
PAY104456,4456,8E7294B4-F070-42,Cash on Delivery,6399.2,2024-10-30,Success
PAY104457,4457,5B7DE878-A65F-41,Cash on Delivery,422.67,2024-08-31,Success
PAY104458,4458,D035F075-6EC5-45,Credit Card,470674.75,2026-04-28,Success
PAY104459,4459,C91EA58C-D0EC-47,UPI,600.16,2025-05-03,Success
PAY104460,4460,E8A18855-7FA6-4A,UPI,244770.42,2025-08-08,Refunded
PAY104461,4461,F430C65A-771F-4C,UPI,1420.0,2025-09-03,Success
PAY104462,4462,CE988703-DC15-47,Net Banking,2233.8,2025-11-10,Success
PAY104463,4463,893560A9-256A-49,Cash on Delivery,1437.96,2025-05-10,Success
PAY104464,4464,E1339D5B-C87A-41,UPI,2057.0,2025-08-18,Failed
PAY104465,4465,2D4794AC-C6A0-4C,Net Banking,3965.52,2024-09-15,Success
PAY104466,4466,B558E757-4BB6-4F,Debit Card,1669.5,2025-03-29,Success
PAY104467,4467,A1D5275D-9F42-46,Credit Card,5192.32,2025-04-12,Refunded
PAY104468,4468,D450E986-4A9B-41,UPI,1536.8,2026-02-02,Success
PAY104469,4469,9D5454BD-886F-4A,Credit Card,111728.79,2025-04-02,Failed
PAY104470,4470,87C95317-B2D0-4A,Cash on Delivery,996.3,2024-12-28,Success
PAY104471,4471,BD6A4A56-FFA2-45,UPI,1429.26,2025-04-18,Failed
PAY104472,4472,63CE16A8-9C4F-4D,Cash on Delivery,38946.6,2026-01-29,Success
PAY104473,4473,A67640C8-56B0-42,Net Banking,249.32,2025-12-27,Success
PAY104474,4474,75447898-6938-45,UPI,3001.5,2026-04-27,Success
PAY104475,4475,3D0869AF-2191-40,Net Banking,905.28,2025-09-17,Success
PAY104476,4476,5D5C1DDA-F55C-41,Credit Card,498.15,2024-12-15,Refunded
PAY104477,4477,88898020-F7A2-45,UPI,7340.8,2024-12-16,Failed
PAY104478,4478,D221C5D7-EE58-45,Credit Card,545897.9,2025-08-05,Success
PAY104479,4479,86AC93EA-BF5B-48,Credit Card,169180.56,2026-04-29,Success
PAY104480,4480,F6B33F12-507C-49,Net Banking,5360.5,2025-10-12,Success
PAY104481,4481,C13C650E-4F71-4B,Credit Card,477.0,2025-03-25,Success
PAY104482,4482,7664A75C-F84B-47,Cash on Delivery,5985.6,2025-02-07,Success
PAY104483,4483,A584ADFD-9DF0-4B,Net Banking,3196.68,2025-01-12,Success
PAY104484,4484,38DAF857-0875-4C,Debit Card,5092.0,2025-10-03,Success
PAY104485,4485,FA5B8148-2398-44,UPI,111635.4,2026-04-01,Success
PAY104486,4486,5DD92EB6-5365-41,UPI,17941.28,2026-06-24,Success
PAY104487,4487,64A0BB67-113A-4A,Debit Card,677.97,2025-04-02,Failed
PAY104488,4488,99D9491A-11AB-46,Credit Card,820.76,2026-06-21,Success
PAY104489,4489,E174E960-9E1F-4D,UPI,1674.75,2026-03-07,Success
PAY104490,4490,3A8809C8-313E-49,Cash on Delivery,98217.9,2025-11-12,Success
PAY104491,4491,B835D886-5B72-4B,Debit Card,5302.5,2025-11-14,Success
PAY104492,4492,332161A7-C59E-47,Debit Card,1253.88,2026-07-05,Success
PAY104493,4493,CA9ACE9D-AF6F-4E,Cash on Delivery,2044.29,2026-06-16,Refunded
PAY104494,4494,14FE05F1-EAB7-4B,Debit Card,2181.75,2025-10-14,Success
PAY104495,4495,F91EBBDF-122B-4B,Credit Card,475.09,2025-09-06,Failed
PAY104496,4496,4E2A060A-C19B-4A,Net Banking,10380.96,2026-03-02,Success
PAY104497,4497,2266468D-D3CB-49,Cash on Delivery,1517.76,2025-03-08,Success
PAY104498,4498,A945F0B4-C65A-45,Credit Card,1343.68,2025-03-26,Failed
PAY104499,4499,5DDB8B7A-27D7-4A,Debit Card,1437.12,2026-06-09,Success
PAY104500,4500,F945286B-17C1-4C,Net Banking,3294.27,2025-04-15,Success
PAY104501,4501,99F101FC-5CF9-46,UPI,355799.2,2025-05-22,Success
PAY104502,4502,34579B2C-C9DA-45,Cash on Delivery,167541.44,2025-08-03,Success
PAY104503,4503,EB451C88-4A2C-4D,UPI,27279.25,2025-07-28,Success
PAY104504,4504,CCBB50D2-1B42-46,UPI,71697.15,2024-10-11,Success
PAY104505,4505,6ED52044-F81A-48,Credit Card,2306.4,2025-01-30,Failed
PAY104506,4506,6A60DB2F-94BB-4C,Cash on Delivery,3178.11,2026-04-03,Failed
PAY104507,4507,12A3B473-C7C7-45,UPI,1800.48,2026-02-13,Success
PAY104508,4508,56B9C678-C3AF-4F,Cash on Delivery,8433.0,2024-08-11,Success
PAY104509,4509,A7385A0D-3A1F-48,Credit Card,11006.16,2025-03-26,Success
PAY104510,4510,13A715CA-951F-4A,Net Banking,2146.36,2026-04-22,Refunded
PAY104511,4511,D6B17B87-F03B-45,Debit Card,15245.01,2025-11-21,Success
PAY104512,4512,9D61E895-F8A1-45,Net Banking,128211.72,2025-10-26,Success
PAY104513,4513,A8441DB4-91D4-48,Debit Card,375704.48,2025-11-19,Success
PAY104514,4514,449D6A76-56A5-49,Net Banking,422780.48,2026-07-01,Success
PAY104515,4515,DCEC94E2-E123-46,Credit Card,1650.0,2024-08-29,Success
PAY104516,4516,0558DDF5-1009-41,Cash on Delivery,3023.28,2025-06-20,Success
PAY104517,4517,4F85D3F3-E260-4F,Credit Card,8820.0,2025-12-23,Failed
PAY104518,4518,5585ABF4-2B84-4A,Credit Card,370775.44,2026-06-20,Refunded
PAY104519,4519,7D8F1B87-3707-4C,Net Banking,4258.8,2024-09-27,Success
PAY104520,4520,25ECDE93-E321-4D,Net Banking,5192.32,2025-02-25,Success
PAY104521,4521,2863FE9A-FC77-41,UPI,9159.36,2026-04-01,Success
PAY104522,4522,D10B674B-10C4-48,UPI,199140.9,2025-07-23,Refunded
PAY104523,4523,40A86912-5DC4-4D,Debit Card,4174.95,2024-08-08,Success
PAY104524,4524,FB686829-0A84-41,UPI,4592.7,2026-01-15,Refunded
PAY104525,4525,1B41BBE7-397C-44,Credit Card,2411.1,2025-03-02,Refunded
PAY104526,4526,0EB64593-8D9F-4F,Credit Card,110211.16,2026-06-21,Success
PAY104527,4527,8E23F9E4-590C-47,Credit Card,1389.36,2024-11-29,Failed
PAY104528,4528,A50A8925-3C95-4D,Credit Card,4168.08,2025-10-17,Success
PAY104529,4529,4B6DAB90-3EED-41,Credit Card,1848.0,2024-09-20,Success
PAY104530,4530,6EB8B0F3-1203-4E,Cash on Delivery,11424.5,2024-11-12,Success
PAY104531,4531,C2765667-5BF4-45,Cash on Delivery,3663.75,2024-08-05,Success
PAY104532,4532,44486642-465C-41,Net Banking,110702.28,2025-10-22,Success
PAY104533,4533,98D5B3F2-22C1-4A,Debit Card,399.84,2026-07-01,Failed
PAY104534,4534,4509896E-D89D-42,Credit Card,16657.65,2026-07-10,Success
PAY104535,4535,10D9B8A5-A543-46,Debit Card,4287.78,2025-11-24,Success
PAY104536,4536,AE07085E-F1B5-4A,UPI,3477.6,2026-02-12,Failed
PAY104537,4537,DD312D18-DF94-43,Credit Card,875.32,2025-02-17,Success
PAY104538,4538,50A1D658-AF30-44,UPI,419.9,2025-10-22,Failed
PAY104539,4539,DFDB5FAB-3EDF-43,Credit Card,2714.4,2025-06-02,Success
PAY104540,4540,66386D08-14C4-45,Net Banking,1853.85,2025-11-06,Success
PAY104541,4541,3B813767-5F03-41,Credit Card,263611.04,2025-12-27,Failed
PAY104542,4542,74416D08-C42D-4E,Debit Card,422951.4,2025-06-14,Success
PAY104543,4543,B0BAA4D9-CC22-45,Debit Card,206013.48,2026-05-29,Success
PAY104544,4544,B349DD42-96D3-4C,UPI,10709.79,2025-10-30,Success
PAY104545,4545,13F63725-90B2-48,Debit Card,4807.6,2024-10-16,Success
PAY104546,4546,B9700C70-F92C-4B,Net Banking,13797.8,2025-05-06,Success
PAY104547,4547,87D29B38-43DF-47,Debit Card,260654.88,2026-05-25,Refunded
PAY104548,4548,ACDB1E97-8757-41,UPI,387825.2,2025-05-18,Success
PAY104549,4549,D66B734B-4866-4F,Net Banking,2445.96,2024-10-03,Refunded
PAY104550,4550,4C6FE82B-9425-43,Credit Card,206597.64,2024-12-20,Success
PAY104551,4551,35234A5B-BD52-44,Cash on Delivery,2178.0,2026-04-26,Success
PAY104552,4552,6945B36E-5192-47,Cash on Delivery,4849.65,2025-01-31,Success
PAY104553,4553,B5678A63-2CF3-4D,Credit Card,113198.56,2025-10-21,Success
PAY104554,4554,4083F1A6-D891-4A,UPI,3321.32,2025-05-07,Success
PAY104555,4555,CFE4E0FE-DC45-43,Credit Card,57461.7,2026-05-09,Success
PAY104556,4556,758F84DB-1F1F-46,Credit Card,8400.0,2024-10-27,Success
PAY104557,4557,38C8C6F5-B9E5-40,UPI,493.02,2025-11-28,Failed
PAY104558,4558,076FD274-64E5-45,Net Banking,999.6,2025-12-24,Refunded
PAY104559,4559,DA74EF37-83E1-48,Credit Card,5206.08,2025-02-23,Success
PAY104560,4560,9DBE4F0E-3D05-44,Debit Card,9069.84,2026-05-28,Success
PAY104561,4561,E70C90A5-A344-43,Cash on Delivery,34973.34,2024-07-20,Success
PAY104562,4562,7A9E0E81-433D-43,Net Banking,73735.2,2024-09-30,Success
PAY104563,4563,E3BA9FC9-300D-46,Credit Card,1820.16,2024-12-27,Failed
PAY104564,4564,1A1BC9CC-3DDE-41,Credit Card,978.75,2025-01-14,Failed
PAY104565,4565,DE4AF40E-C855-4A,Net Banking,10305.36,2025-04-13,Success
PAY104566,4566,41C9F609-F038-45,UPI,128211.72,2025-08-20,Refunded
PAY104567,4567,9F8B3C7A-6A0C-4A,Net Banking,350.88,2024-11-01,Failed
PAY104568,4568,6BBF92C1-9EBE-40,Credit Card,245484.0,2026-07-12,Success
PAY104569,4569,BE3BF584-DAA2-41,Credit Card,1047.42,2024-10-19,Success
PAY104570,4570,AFC8169D-B99A-4E,Cash on Delivery,1446.12,2024-11-26,Success
PAY104571,4571,FF2E8831-8265-4D,Credit Card,163814.04,2024-07-28,Success
PAY104572,4572,258B5EAC-439E-46,UPI,10163.34,2025-07-14,Success
PAY104573,4573,2BD73A97-6C82-4B,Credit Card,10860.16,2026-06-13,Success
PAY104574,4574,1088605B-EBA8-4F,Credit Card,3468.0,2025-11-02,Success
PAY104575,4575,05675632-6D43-49,Debit Card,418853.6,2026-01-26,Success
PAY104576,4576,8044C27D-A14A-42,Credit Card,4243.04,2025-08-01,Success
PAY104577,4577,BAADCC8D-482B-4A,Credit Card,131805.52,2024-11-12,Success
PAY104578,4578,179C736D-ADD9-45,Net Banking,163073.8,2025-09-17,Success
PAY104579,4579,4F35E5F4-65E7-4C,Credit Card,15233.4,2025-11-14,Success
PAY104580,4580,C4DB13AB-3765-4E,Cash on Delivery,2644.75,2025-10-23,Success
PAY104581,4581,F6E63A31-24E1-4E,Net Banking,15376.16,2025-04-20,Failed
PAY104582,4582,477D3B8A-A726-47,Credit Card,652.8,2024-09-19,Success
PAY104583,4583,58DC47D4-403A-4A,Debit Card,1860.32,2025-12-24,Success
PAY104584,4584,AF2D3ADD-3C1B-4C,UPI,15983.4,2025-06-12,Success
PAY104585,4585,E60784AC-61D6-4C,Credit Card,1195.92,2025-07-03,Refunded
PAY104586,4586,FA213F1D-346F-44,UPI,3402.1,2025-04-09,Success
PAY104587,4587,FFBC3F4C-99EA-40,Credit Card,42564.6,2025-07-19,Success
PAY104588,4588,6D72E224-EC63-43,Credit Card,2033.91,2026-05-15,Success
PAY104589,4589,8AB05BEF-CCE2-4D,UPI,607.2,2026-03-19,Success
PAY104590,4590,6C6C7AD1-6230-49,Debit Card,114923.4,2025-04-02,Success
PAY104591,4591,420159E2-15D6-48,UPI,15781.88,2026-06-29,Success
PAY104592,4592,4FA539A6-3B28-4D,Debit Card,5519.12,2025-01-22,Success
PAY104593,4593,667891A1-3724-49,UPI,11420.5,2026-05-10,Success
PAY104594,4594,008005EC-CDAC-47,UPI,20147.05,2025-07-16,Refunded
PAY104595,4595,50D292F9-C0CE-43,Net Banking,1246.6,2025-12-23,Success
PAY104596,4596,4AD5EDB4-E453-4C,Credit Card,2774.68,2025-08-18,Success
PAY104597,4597,3D67F477-8061-46,Net Banking,1746.32,2026-03-21,Success
PAY104598,4598,C17D6001-C605-4E,Cash on Delivery,3271.32,2026-01-20,Success
PAY104599,4599,5E435079-89CC-4E,Debit Card,22938.45,2024-09-05,Success
PAY104600,4600,50C014FC-6FB2-42,Cash on Delivery,11297.0,2024-08-13,Success
PAY104601,4601,C8D0CB17-E3B1-4B,Net Banking,2149.88,2025-08-17,Success
PAY104602,4602,4007A188-D581-44,UPI,772.34,2025-11-03,Success
PAY104603,4603,ECCC5945-4038-4A,UPI,2325.4,2025-08-21,Success
PAY104604,4604,F65A4ACD-A5B1-4C,Credit Card,718.56,2024-08-10,Success
PAY104605,4605,18DB11F7-1D6F-47,Net Banking,9528.4,2024-07-31,Success
PAY104606,4606,D47BFB4C-C2BC-4A,Net Banking,10430.73,2024-10-29,Success
PAY104607,4607,469303CE-9BB9-45,Net Banking,4250.99,2024-09-25,Success
PAY104608,4608,7361F719-9021-4F,Credit Card,215020.8,2026-05-15,Refunded
PAY104609,4609,92B0C845-E534-46,Cash on Delivery,1529.04,2025-01-09,Success
PAY104610,4610,3B451CE8-4865-4A,Cash on Delivery,15431.04,2025-12-13,Refunded
PAY104611,4611,2A2C3472-7299-41,Cash on Delivery,8472.75,2026-06-21,Success
PAY104612,4612,DA591F0B-CBE2-47,Cash on Delivery,744.6,2024-09-07,Success
PAY104613,4613,DA4B57EF-C262-4F,UPI,693.67,2026-01-06,Success
PAY104614,4614,7BC785B8-88EE-44,Net Banking,8841.6,2025-04-05,Success
PAY104615,4615,7CEAC705-1B20-4E,Cash on Delivery,298282.14,2024-09-03,Failed
PAY104616,4616,AC4E54BC-9386-4C,Credit Card,14245.0,2026-01-09,Success
PAY104617,4617,C6D60CAB-A84E-4F,Credit Card,23326.26,2024-11-22,Refunded
PAY104618,4618,D3A5961C-5E49-4D,Cash on Delivery,5100.0,2025-12-11,Refunded
PAY104619,4619,D949E8FD-4BBA-4F,Credit Card,12980.8,2025-03-20,Success
PAY104620,4620,86EDD929-C341-45,Cash on Delivery,35604.0,2025-06-11,Failed
PAY104621,4621,312859D1-E737-44,Debit Card,15376.16,2025-12-03,Success
PAY104622,4622,1F4622DF-7953-4D,Cash on Delivery,3510.0,2024-10-25,Success
PAY104623,4623,9651542F-E229-41,Net Banking,6009.5,2025-11-30,Success
PAY104624,4624,CE2A2F64-DE7A-43,Cash on Delivery,3815.82,2025-06-09,Success
PAY104625,4625,A31A15C8-113D-4D,Credit Card,5294.38,2025-08-31,Failed
PAY104626,4626,E467A8D0-1179-4B,Debit Card,6797.28,2026-07-08,Success
PAY104627,4627,B4028FEB-E473-42,Credit Card,9189.76,2024-08-03,Success
PAY104628,4628,FBC7C4F1-E988-4B,Credit Card,309212.8,2024-07-29,Success
PAY104629,4629,CC071778-6EA0-48,UPI,5272.02,2024-07-22,Success
PAY104630,4630,358DCFEE-1FDA-40,Cash on Delivery,1489.2,2025-07-19,Success
PAY104631,4631,EFA316FD-4B35-4C,Cash on Delivery,15500.85,2025-10-12,Success
PAY104632,4632,316F3E35-ACE2-48,Cash on Delivery,9159.36,2026-03-15,Success
PAY104633,4633,05EE9079-CA60-41,Net Banking,2625.8,2025-10-13,Success
PAY104634,4634,48E5E930-184F-4C,UPI,10888.44,2025-09-15,Success
PAY104635,4635,15210AEE-2F6D-41,Debit Card,196081.4,2024-09-13,Success
PAY104636,4636,A5E89470-1F0E-48,Cash on Delivery,2616.96,2024-10-17,Success
PAY104637,4637,E8695A39-A3D2-45,Credit Card,2869.44,2025-03-25,Success
PAY104638,4638,917A4648-CFDF-48,Net Banking,2244.0,2025-05-22,Success
PAY104639,4639,01D8C2D4-BD35-47,Credit Card,17941.28,2025-05-06,Success
PAY104640,4640,17654072-0611-43,Credit Card,6518.16,2025-08-16,Success
PAY104641,4641,A323572E-0A40-4C,Cash on Delivery,335.92,2024-10-12,Refunded
PAY104642,4642,401E150F-134E-40,Cash on Delivery,2078.6,2026-01-13,Success
PAY104643,4643,2D31AFE3-B79F-49,Cash on Delivery,6439.08,2026-05-08,Success
PAY104644,4644,36BA4A24-9343-4A,UPI,576.6,2024-11-11,Success
PAY104645,4645,4993339F-BBED-42,Cash on Delivery,3656.6,2025-01-20,Success
PAY104646,4646,E7770774-BEBC-4D,Credit Card,32752.44,2026-03-29,Success
PAY104647,4647,F334D5F8-BE26-45,Credit Card,16657.65,2026-07-16,Success
PAY104648,4648,68237C05-A9D2-4C,Net Banking,86192.55,2025-01-25,Success
PAY104649,4649,8D2888C1-B20E-44,UPI,3460.8,2025-01-19,Failed
PAY104650,4650,D4ADE1CE-66F6-40,Net Banking,31434.0,2025-08-20,Success
PAY104651,4651,9E6A9662-F604-4B,Cash on Delivery,538537.5,2025-11-15,Success
PAY104652,4652,D5264F5A-3DE8-46,Cash on Delivery,4076.6,2024-12-28,Success
PAY104653,4653,359298BD-1971-4B,Debit Card,65942.88,2026-03-08,Success
PAY104654,4654,F56F1073-F1DE-43,Credit Card,2403.8,2026-05-14,Success
PAY104655,4655,CBFE9482-3F33-40,Credit Card,268.1,2026-06-19,Success
PAY104656,4656,AF7A538F-0E3A-46,Credit Card,3243.0,2025-12-14,Success
PAY104657,4657,D3D03D86-F008-4F,Cash on Delivery,114923.4,2025-09-03,Success
PAY104658,4658,AE8A6C4E-8047-4E,UPI,874.9,2026-03-12,Success
PAY104659,4659,DFE93F43-63B1-4E,Debit Card,104.16,2025-12-21,Success
PAY104660,4660,9DE1B7F4-13AB-4F,Cash on Delivery,683.92,2026-06-08,Success
PAY104661,4661,B757C4B4-6316-4E,UPI,86883.3,2024-11-12,Success
PAY104662,4662,5E9AA35F-A729-46,Credit Card,10888.44,2025-05-10,Success
PAY104663,4663,A55D215E-C8EE-40,Credit Card,6098.75,2024-10-29,Success
PAY104664,4664,E9BF80DB-FD15-44,Credit Card,1201.31,2025-08-25,Success
PAY104665,4665,4D08BBCA-8085-42,Credit Card,49841.45,2025-11-08,Success
PAY104666,4666,8683D755-4024-49,Credit Card,4363.5,2025-01-16,Success
PAY104667,4667,5FBB366B-4257-4D,Cash on Delivery,3615.3,2024-08-19,Success
PAY104668,4668,F464F227-1C8F-4F,Cash on Delivery,768.4,2026-06-17,Failed
PAY104669,4669,C0486C57-5DC5-49,Credit Card,286.2,2026-03-24,Failed
PAY104670,4670,83C7AEC6-CE03-4B,Net Banking,5505.6,2026-04-27,Success
PAY104671,4671,F6BC335A-CF22-48,Cash on Delivery,2146.36,2025-10-03,Failed
PAY104672,4672,DB4E7497-A914-44,Debit Card,12967.35,2026-02-26,Success
PAY104673,4673,74986F30-1CF0-4C,Debit Card,4168.26,2026-05-22,Success
PAY104674,4674,5C3E63A9-0E84-41,Cash on Delivery,2892.24,2026-02-28,Success
PAY104675,4675,6F67C1F7-8A4C-4E,Credit Card,6998.4,2024-10-28,Success
PAY104676,4676,E5AF9046-31B7-41,Debit Card,2043.36,2025-02-27,Success
PAY104677,4677,CDD4075A-8C1C-41,UPI,4987.92,2025-08-18,Success
PAY104678,4678,17DC6031-56BA-4C,Debit Card,7559.64,2026-04-06,Success
PAY104679,4679,7F723E8F-FD9B-4F,Net Banking,517.44,2024-10-20,Success
PAY104680,4680,045CCF1A-0906-41,Net Banking,6047.7,2024-12-20,Success
PAY104681,4681,88FF2B59-C66A-4B,Credit Card,12587.52,2025-07-21,Success
PAY104682,4682,91B16AE2-F094-4F,Credit Card,1297.2,2024-09-13,Success
PAY104683,4683,36EE5A35-8152-40,Cash on Delivery,20605.0,2025-02-02,Refunded
PAY104684,4684,D972DF1D-18E1-48,Debit Card,2284.36,2026-04-13,Refunded
PAY104685,4685,F12D441D-D19C-47,UPI,198959.2,2026-07-07,Refunded
PAY104686,4686,4DB3318A-9F6C-43,UPI,2210.4,2025-11-02,Refunded
PAY104687,4687,AFE795A6-8452-4C,Net Banking,73336.56,2024-12-04,Success
PAY104688,4688,578F4E7E-D10C-43,Credit Card,12873.3,2024-10-02,Success
PAY104689,4689,B26AF45E-ACDB-47,Net Banking,1232.55,2026-02-24,Success
PAY104690,4690,AF7E5457-1BD6-47,Cash on Delivery,6033.36,2024-12-17,Success
PAY104691,4691,AA06EA17-CBC7-43,Credit Card,73068.16,2026-03-22,Failed
PAY104692,4692,010316F5-F4C7-46,Debit Card,1750.64,2025-01-03,Success
PAY104693,4693,98653DD2-B8E8-4E,Debit Card,9113.6,2024-11-11,Failed
PAY104694,4694,1F5863B9-D805-4B,Net Banking,41911.3,2024-08-24,Success
PAY104695,4695,809BFE00-8487-47,Net Banking,134038.36,2026-01-17,Success
PAY104696,4696,485B32B4-4032-4C,Cash on Delivery,3405.6,2024-11-07,Failed
PAY104697,4697,FEF699AB-CF59-4E,UPI,2226.0,2025-02-18,Success
PAY104698,4698,CAD8A3B9-6E88-4D,Credit Card,26630.55,2026-03-16,Success
PAY104699,4699,18FEAFE7-F913-47,Debit Card,6542.64,2024-12-26,Success
PAY104700,4700,C48916A4-CA91-4A,Debit Card,8727.0,2024-08-15,Success
PAY104701,4701,6B2297D4-1BF5-4C,Net Banking,186.48,2025-01-27,Success
PAY104702,4702,2BB6866E-70BD-40,Debit Card,2869.05,2024-08-17,Refunded
PAY104703,4703,D967D672-9C9A-40,UPI,1721.43,2025-05-16,Success
PAY104704,4704,5D4A3E0B-3566-43,UPI,2795.9,2025-10-24,Success
PAY104705,4705,7771890F-213D-4C,Cash on Delivery,519.03,2026-03-19,Failed
PAY104706,4706,77595EA4-43A9-4A,Cash on Delivery,1728.64,2025-06-12,Success
PAY104707,4707,C86C1E2E-426F-46,UPI,3844.04,2025-04-22,Success
PAY104708,4708,C467B86A-AD28-46,Debit Card,15781.88,2026-06-15,Success
PAY104709,4709,60AA916E-0DEE-43,Debit Card,226184.64,2025-12-25,Failed
PAY104710,4710,9410AD95-8785-40,Net Banking,1701.05,2026-04-08,Success
PAY104711,4711,D42A5A6F-B5F4-48,Cash on Delivery,3837.68,2026-06-16,Failed
PAY104712,4712,3F6466AE-44AF-47,Net Banking,582.96,2024-09-24,Success
PAY104713,4713,999CB13E-2C45-46,Cash on Delivery,85714.6,2026-02-14,Refunded
PAY104714,4714,8C76E1C1-DC29-4B,UPI,15907.5,2026-01-27,Success
PAY104715,4715,2E5BCC5D-8865-44,UPI,5669.73,2026-03-18,Success
PAY104716,4716,054D7014-41B4-44,Cash on Delivery,683.92,2024-10-15,Success
PAY104717,4717,D315F5D6-349B-45,Credit Card,7944.0,2025-03-31,Success
PAY104718,4718,F6472AA9-0DD9-4B,Debit Card,13257.84,2024-11-13,Refunded
PAY104719,4719,552EFC1C-FD29-44,Net Banking,15781.88,2025-04-15,Success
PAY104720,4720,423DA86A-A83D-40,UPI,287.1,2024-07-19,Success
PAY104721,4721,678AF14C-3317-42,Cash on Delivery,525803.3,2026-06-22,Success
PAY104722,4722,373A8FA0-EA80-4D,UPI,1594.56,2024-07-27,Success
PAY104723,4723,227BE08E-BBF0-41,Debit Card,1618.5,2026-01-06,Failed
PAY104724,4724,50A403E9-1518-4C,UPI,29750.16,2026-05-11,Success
PAY104725,4725,1C2826BC-0114-47,Debit Card,571.2,2025-03-14,Success
PAY104726,4726,3210F0CE-9B68-48,Debit Card,20310.75,2024-11-02,Success
PAY104727,4727,9CF83E4A-B213-40,Cash on Delivery,2840.0,2024-12-13,Failed
PAY104728,4728,BEEA16B3-F707-4C,UPI,11891.92,2025-07-18,Success
PAY104729,4729,C698E225-25FA-4E,UPI,4451.88,2025-05-19,Success
PAY104730,4730,094FEF1A-1547-4C,Debit Card,21210.0,2026-02-18,Success
PAY104731,4731,7BD3A870-7645-4A,Cash on Delivery,346.94,2026-06-15,Refunded
PAY104732,4732,799E55F9-57EB-42,Net Banking,7421.64,2024-08-02,Failed
PAY104733,4733,4B5B9D16-E188-49,UPI,1173.84,2025-04-12,Success
PAY104734,4734,7BC37846-30E5-46,Debit Card,1146.6,2025-06-11,Failed
PAY104735,4735,71F5F22E-D0FD-43,Credit Card,12873.3,2024-09-20,Success
PAY104736,4736,569789C7-EE2D-4B,Debit Card,5135.55,2025-12-14,Success
PAY104737,4737,E184FAFA-9B97-4B,Debit Card,4288.4,2025-01-13,Success
PAY104738,4738,07C45566-41C1-4C,UPI,358033.0,2025-08-18,Success
PAY104739,4739,F1824154-7C38-44,Net Banking,6946.8,2024-11-24,Success
PAY104740,4740,0BB9694E-0635-4B,Cash on Delivery,53342.05,2025-11-27,Refunded
PAY104741,4741,DDB891E8-87CA-4F,Debit Card,12967.35,2025-11-30,Refunded
PAY104742,4742,B031CA8A-FE18-42,Cash on Delivery,5753.2,2025-08-19,Success
PAY104743,4743,BAC20597-A305-42,Debit Card,1917.3,2026-03-17,Success
PAY104744,4744,44405B5F-3FE0-41,Credit Card,4545.28,2025-01-22,Success
PAY104745,4745,7E561A02-E595-4E,Debit Card,3407.15,2025-12-04,Success
PAY104746,4746,40FBB3CE-B634-45,Net Banking,1047.42,2026-01-09,Failed
PAY104747,4747,B6AA4038-CFBB-45,Debit Card,1122.0,2026-06-23,Success
PAY104748,4748,A2F5F946-CC8F-47,Net Banking,11910.5,2025-08-20,Success
PAY104749,4749,5C7FC0AF-9ADF-4C,Debit Card,35882.56,2026-01-21,Success
PAY104750,4750,1D952EA2-5B8B-4B,Cash on Delivery,184702.48,2025-01-18,Success
PAY104751,4751,6FD93E53-442F-42,Cash on Delivery,156.63,2024-12-07,Refunded
PAY104752,4752,B215D7D2-7544-49,Net Banking,12400.68,2026-02-06,Success
PAY104753,4753,35741DCC-7B13-4A,UPI,4882.68,2025-11-22,Refunded
PAY104754,4754,A6713976-EA8A-44,Credit Card,527222.08,2025-09-29,Success
PAY104755,4755,DAA804D6-E0D6-47,Credit Card,2946.9,2026-02-08,Success
PAY104756,4756,8A63026E-BDA7-47,Cash on Delivery,36534.08,2025-10-25,Success
PAY104757,4757,1E458B67-731C-4A,UPI,32767.35,2026-05-17,Success
PAY104758,4758,979583BC-F5A1-48,UPI,33988.5,2024-08-30,Failed
PAY104759,4759,991C94F9-241A-4C,Debit Card,172.26,2026-06-27,Success
PAY104760,4760,B0D7EC16-458E-4E,Net Banking,173.01,2024-10-18,Success
PAY104761,4761,CB43B8E0-8710-46,Debit Card,2395.68,2024-09-02,Success
PAY104762,4762,75E9E0E2-50B2-43,UPI,123.9,2024-10-11,Success
PAY104763,4763,6959D163-59D0-44,Net Banking,67977.0,2026-07-20,Refunded
PAY104764,4764,9A2E4ACC-04CE-48,Debit Card,19273.98,2025-04-20,Refunded
PAY104765,4765,5259EF56-31BA-4E,Debit Card,3175.04,2025-01-22,Refunded
PAY104766,4766,A235049B-EB1C-46,Credit Card,213479.52,2026-07-14,Refunded
PAY104767,4767,29998CDC-2ABF-44,Net Banking,72398.55,2026-04-02,Success
PAY104768,4768,B144F575-D129-4A,Debit Card,561.0,2026-03-22,Failed
PAY104769,4769,047B129F-B1C4-48,Cash on Delivery,345.8,2025-08-02,Refunded
PAY104770,4770,C6C0CEF4-6552-46,UPI,1165.92,2025-02-28,Success
PAY104771,4771,48DC6446-0C7B-45,Net Banking,1367.28,2026-05-08,Refunded
PAY104772,4772,3D57352B-8787-40,Debit Card,2325.4,2025-03-12,Refunded
PAY104773,4773,06574FC3-1BE1-4C,Cash on Delivery,1034.28,2024-08-22,Failed
PAY104774,4774,4A908439-EFCA-46,Debit Card,16107.84,2025-06-02,Refunded
PAY104775,4775,3712C977-CCB0-42,Credit Card,323122.5,2026-01-27,Success
PAY104776,4776,08A725B8-7281-48,UPI,670.68,2025-06-09,Success
PAY104777,4777,CD787E6A-B9DD-48,Net Banking,1789.2,2024-12-10,Refunded
PAY104778,4778,C12FA52B-EE77-45,Net Banking,2773.8,2025-06-15,Success
PAY104779,4779,0B9DF57B-79F1-4D,UPI,340.68,2024-08-03,Success
PAY104780,4780,E7B51F6A-1F95-48,UPI,473240.85,2025-10-14,Refunded
PAY104781,4781,5EA39882-9775-48,Cash on Delivery,5796.4,2025-02-24,Success
PAY104782,4782,F96CAFC3-7A0C-42,UPI,20147.05,2025-05-27,Success
PAY104783,4783,5B856320-BBD1-4B,Debit Card,672.7,2026-06-19,Success
PAY104784,4784,2F4D8D09-ABA1-4E,Cash on Delivery,339347.07,2026-06-27,Success
PAY104785,4785,39D2598C-26EA-4B,Credit Card,8572.2,2024-09-19,Success
PAY104786,4786,9A0F33EB-1E4F-44,UPI,90883.0,2024-10-21,Success
PAY104787,4787,4380A05F-5109-4A,Credit Card,1828.3,2025-05-06,Success
PAY104788,4788,F8089E6E-CF32-40,Debit Card,1894.76,2025-01-04,Refunded
PAY104789,4789,0DA49222-7016-4A,UPI,3976.29,2026-03-24,Success
PAY104790,4790,1BD997EF-BE9C-48,Net Banking,1085.4,2026-02-14,Success
PAY104791,4791,6869A8D6-4228-48,Debit Card,14910.0,2026-01-12,Success
PAY104792,4792,C7C4EC21-DB6B-46,Debit Card,33668.0,2026-05-31,Success
PAY104793,4793,6B84ACB0-2EEB-4F,UPI,2272.64,2025-04-22,Success
PAY104794,4794,AB555AFB-5F73-44,Cash on Delivery,797.28,2025-11-14,Success
PAY104795,4795,A8758E1E-5760-48,Debit Card,1992.03,2025-09-20,Success
PAY104796,4796,CE076D6C-72D7-4E,Cash on Delivery,4987.92,2024-11-22,Success
PAY104797,4797,3D93EC3D-3BCB-43,Credit Card,77047.74,2025-01-19,Failed
PAY104798,4798,D28769A4-9F37-43,Net Banking,30688.68,2025-10-23,Refunded
PAY104799,4799,B0EEB9E3-FDE8-42,UPI,12093.12,2024-08-26,Success
PAY104800,4800,36EFA593-FCE8-42,Credit Card,92351.24,2026-04-26,Success
PAY104801,4801,62F15DD6-916D-42,Cash on Delivery,35882.56,2025-06-20,Refunded
PAY104802,4802,03B7940B-C047-42,Net Banking,7253.4,2025-02-20,Success
PAY104803,4803,7E3E912C-4146-4A,Cash on Delivery,2382.1,2025-01-22,Success
PAY104804,4804,96143E3B-E1AD-42,Net Banking,3314.46,2026-04-08,Success
PAY104805,4805,E3E4DE21-64B4-48,Credit Card,10422.0,2026-06-13,Success
PAY104806,4806,3EB499D4-7938-4A,Credit Card,25146.78,2025-10-12,Failed
PAY104807,4807,2793021D-373C-40,Net Banking,21335.6,2026-07-07,Success
PAY104808,4808,131624FE-DD84-4B,Cash on Delivery,46.62,2026-05-11,Success
PAY104809,4809,5F79D2FE-9158-41,Cash on Delivery,498.64,2024-12-18,Success
PAY104810,4810,84059D9C-3641-43,Net Banking,51597.0,2025-03-10,Success
PAY104811,4811,824BAA94-913B-4A,Cash on Delivery,3112.5,2024-12-23,Failed
PAY104812,4812,471F4FD5-3404-42,UPI,1746.32,2025-07-03,Success
PAY104813,4813,02ADF538-5AC5-4E,Debit Card,12573.6,2025-04-24,Success
PAY104814,4814,46959F97-9E3E-44,Cash on Delivery,9176.0,2024-11-30,Refunded
PAY104815,4815,1393FC80-7A4F-40,Debit Card,2591.6,2025-11-22,Refunded
PAY104816,4816,1D4511E1-54FD-4E,Net Banking,2191.44,2026-02-10,Success
PAY104817,4817,060F5887-7749-44,Cash on Delivery,7191.5,2025-01-17,Success
PAY104818,4818,396C011B-758A-41,UPI,13841.28,2026-05-23,Success
PAY104819,4819,3E84ACAA-CECA-4F,UPI,798.56,2024-12-27,Success
PAY104820,4820,46B321CB-0119-4B,Credit Card,5674.86,2025-10-15,Failed
PAY104821,4821,6C6214D3-E6B0-41,Debit Card,21823.4,2026-03-25,Refunded
PAY104822,4822,97A45F3C-138D-49,UPI,18318.72,2024-08-12,Refunded
PAY104823,4823,4FE14966-3349-41,Credit Card,5844.96,2024-11-11,Success
PAY104824,4824,87A87B84-76DC-41,Net Banking,2471.7,2026-07-05,Success
PAY104825,4825,4AEF5EC7-66F4-4A,Net Banking,282919.32,2024-09-17,Success
PAY104826,4826,B138E6A9-AFF8-47,Cash on Delivery,327.66,2025-03-13,Success
PAY104827,4827,42E7AB61-DD2E-47,Cash on Delivery,1101.6,2025-04-23,Success
PAY104828,4828,E874ABB4-1475-46,UPI,4545.28,2026-07-02,Refunded
PAY104829,4829,DE9B8434-9D46-41,Net Banking,27774.5,2025-04-03,Success
PAY104830,4830,8A2C02C2-5936-4E,UPI,22974.4,2025-03-23,Success
PAY104831,4831,C2610564-BCD8-4D,UPI,35604.0,2025-02-19,Success
PAY104832,4832,CA475166-287E-43,Cash on Delivery,68571.68,2024-07-18,Success
PAY104833,4833,F08A586E-361C-49,Cash on Delivery,26213.88,2026-02-08,Success
PAY104834,4834,C753267D-75FF-43,Cash on Delivery,186036.12,2025-08-30,Success
PAY104835,4835,7154F40C-CC4A-42,Debit Card,5566.6,2024-11-02,Success
PAY104836,4836,61D5BC73-B00F-48,UPI,30955.68,2026-02-28,Success
PAY104837,4837,CC3D50CE-9F09-4C,Debit Card,3908.79,2025-02-12,Success
PAY104838,4838,ADFC7D48-1210-4D,Debit Card,65504.88,2026-06-18,Success
PAY104839,4839,CEE4CDA9-D6F2-4E,Debit Card,289617.0,2026-02-04,Refunded
PAY104840,4840,2050F4EC-2C09-4F,UPI,1253.88,2026-06-12,Success
PAY104841,4841,D8254C0F-3B13-44,Net Banking,545694.25,2025-10-29,Success
PAY104842,4842,133FDF3F-F765-47,Debit Card,45186.96,2026-04-08,Failed
PAY104843,4843,EBA821E8-2294-42,Cash on Delivery,2616.96,2024-11-07,Failed
PAY104844,4844,63881E97-716F-41,Cash on Delivery,2624.7,2024-08-07,Success
PAY104845,4845,BD3C5821-8221-48,UPI,13890.24,2025-01-16,Success
PAY104846,4846,BDCB7B4C-192E-4D,UPI,16367.55,2026-05-10,Success
PAY104847,4847,D9AC01D4-7780-4C,Debit Card,1612.41,2026-05-22,Success
PAY104848,4848,26434544-BA45-4A,Debit Card,46201.76,2024-08-02,Failed
PAY104849,4849,4ACFEEFC-E094-48,Cash on Delivery,701.76,2026-06-17,Refunded
PAY104850,4850,9360D46E-E161-45,UPI,599.76,2025-04-28,Success
PAY104851,4851,458F6D13-8674-42,Cash on Delivery,694.4,2025-09-10,Success
PAY104852,4852,BC577863-04A8-4D,Cash on Delivery,25408.35,2025-09-08,Success
PAY104853,4853,404D5315-500E-49,Net Banking,2178.0,2024-12-26,Success
PAY104854,4854,7F41E87A-6D86-41,Cash on Delivery,2619.48,2026-02-24,Success
PAY104855,4855,A980229B-85F9-49,Debit Card,4944.4,2025-11-24,Success
PAY104856,4856,5416F0D0-524C-46,Cash on Delivery,148440.0,2026-01-26,Failed
PAY104857,4857,8E0197C6-DB46-48,Cash on Delivery,163814.04,2025-09-11,Success
PAY104858,4858,FC84733C-197F-40,Credit Card,4592.7,2025-08-11,Failed
PAY104859,4859,8F5129C6-E1EC-44,Net Banking,51365.16,2025-10-07,Success
PAY104860,4860,67EE518A-1E92-4C,Cash on Delivery,23611.7,2026-03-01,Refunded
PAY104861,4861,6F58F4BD-5F77-47,Cash on Delivery,128408.7,2025-12-13,Success
PAY104862,4862,0B1CF52C-888B-4C,UPI,2081.01,2025-03-30,Success
PAY104863,4863,B243D9C1-FA0A-46,UPI,3965.52,2025-11-11,Success
PAY104864,4864,B69E7F38-47C1-47,Debit Card,1164.9,2024-11-10,Success
PAY104865,4865,6365CE31-B27F-4C,UPI,5165.82,2026-05-24,Refunded
PAY104866,4866,2925263C-F8E0-4E,Cash on Delivery,6642.64,2025-03-24,Success
PAY104867,4867,19385C56-1B9B-44,UPI,15419.04,2026-02-09,Success
PAY104868,4868,6867021D-0329-46,UPI,1245.0,2025-10-27,Success
PAY104869,4869,E8C35BC8-5F72-43,UPI,40519.2,2024-08-15,Refunded
PAY104870,4870,6911705B-5A1B-47,Cash on Delivery,125104.56,2025-01-26,Success
PAY104871,4871,43C32F1F-14FF-4D,Debit Card,86884.96,2026-06-23,Refunded
PAY104872,4872,5BA9B3EC-B07C-4D,Debit Card,33668.0,2026-02-21,Success
PAY104873,4873,3E640258-793C-49,Cash on Delivery,358033.0,2025-09-06,Refunded
PAY104874,4874,C8E8FE2C-353F-46,Cash on Delivery,1118.36,2024-08-06,Failed
PAY104875,4875,D9E68C4F-271C-47,Cash on Delivery,836.4,2025-03-28,Success
PAY104876,4876,53570F34-B706-4E,Debit Card,8382.26,2025-09-30,Success
PAY104877,4877,56BA2DC4-FDB5-42,UPI,19454.8,2025-10-03,Success
PAY104878,4878,41189644-BE16-48,Net Banking,1195.92,2025-10-13,Success
PAY104879,4879,5FD9895D-8B2F-48,UPI,5294.38,2024-07-23,Success
PAY104880,4880,BE0333E6-6214-4C,Credit Card,39222.48,2025-12-11,Success
PAY104881,4881,B5AA3B16-CD5E-41,Net Banking,7039.23,2026-04-09,Success
PAY104882,4882,62A9B7B6-FB02-49,Cash on Delivery,25175.04,2025-09-15,Success
PAY104883,4883,E7DD8358-464B-4A,Debit Card,1153.2,2025-04-27,Success
PAY104884,4884,3EAA4F10-9B9F-44,Net Banking,7481.88,2025-11-06,Refunded
PAY104885,4885,EFB23AB9-6B68-42,UPI,2253.6,2025-10-17,Failed
PAY104886,4886,B1C98C6F-0701-41,Credit Card,475.09,2026-07-02,Failed
PAY104887,4887,677436DD-F954-44,Net Banking,3644.0,2025-02-07,Success
PAY104888,4888,3DA11846-DF49-42,UPI,220009.68,2025-12-07,Failed
PAY104889,4889,70614FC9-BEE7-4E,UPI,6746.4,2025-03-07,Refunded
PAY104890,4890,35EC7665-958E-4F,Debit Card,47638.5,2025-02-02,Success
PAY104891,4891,32BB593D-8350-41,Debit Card,3032.55,2026-07-05,Success
PAY104892,4892,23FE6280-2C62-40,Net Banking,11726.37,2024-12-16,Success
PAY104893,4893,841E934B-574B-44,Credit Card,9136.4,2025-04-25,Failed
PAY104894,4894,FE50FC5D-E435-40,UPI,315481.98,2025-01-05,Refunded
PAY104895,4895,69354B04-D435-45,Credit Card,461.66,2025-01-06,Success
PAY104896,4896,4CD0C67B-6612-4A,Credit Card,13890.24,2024-10-03,Success
PAY104897,4897,5B0E3E2D-AE4A-40,Credit Card,28730.85,2025-09-11,Success
PAY104898,4898,FF0C45D7-76E3-40,UPI,74220.0,2025-12-29,Success
PAY104899,4899,70444DC3-0B1A-40,Cash on Delivery,21335.6,2024-08-31,Success
PAY104900,4900,F7B14A8E-BF5C-45,UPI,51597.0,2025-08-05,Success
PAY104901,4901,5AB8EF8B-C5D9-45,Net Banking,220422.32,2025-02-20,Refunded
PAY104902,4902,2FDFA28B-3BDD-44,Debit Card,120346.4,2026-06-11,Success
PAY104903,4903,72597F03-4B78-44,Net Banking,26148.32,2025-09-16,Success
PAY104904,4904,15CDEC48-8C1D-45,Net Banking,2151.09,2026-02-11,Success
PAY104905,4905,B9BA5AF9-79F0-45,Net Banking,25240.5,2026-05-29,Success
PAY104906,4906,AFB0A1BF-4EF1-4F,Credit Card,298282.14,2024-12-15,Success
PAY104907,4907,DEBDED06-F632-43,UPI,340.68,2024-09-21,Refunded
PAY104908,4908,28EB6205-2CEA-4F,Cash on Delivery,58798.5,2025-05-23,Success
PAY104909,4909,EF1DCFD0-5D56-49,Cash on Delivery,286788.6,2026-03-04,Failed
PAY104910,4910,8481A137-DA0D-45,UPI,5088.96,2026-06-22,Refunded
PAY104911,4911,4176165A-1718-46,Credit Card,6065.1,2026-03-01,Success
PAY104912,4912,2B30B3E3-2C44-4E,Net Banking,3477.6,2025-04-30,Success
PAY104913,4913,F55CA239-2DFC-40,Debit Card,166195.96,2025-11-13,Success
PAY104914,4914,72A788B1-7D68-49,Credit Card,406882.65,2025-03-12,Success
PAY104915,4915,5BC11725-D6C8-48,UPI,782.31,2025-07-14,Success
PAY104916,4916,2CA6C706-54D2-47,UPI,596.16,2025-03-20,Success
PAY104917,4917,1BE4327F-57E9-44,Net Banking,2149.88,2025-05-01,Failed
PAY104918,4918,D666D299-5135-44,UPI,75497.04,2024-09-22,Success
PAY104919,4919,005566C8-6208-42,UPI,15500.85,2025-09-10,Success
PAY104920,4920,1F0F5185-A997-48,Net Banking,7672.17,2024-10-29,Refunded
PAY104921,4921,0DAC2C18-902F-4E,Credit Card,599.2,2024-08-15,Refunded
PAY104922,4922,9FC30FCC-42AF-40,Credit Card,704.94,2025-04-06,Success
PAY104923,4923,B8320F95-1022-42,Credit Card,11836.41,2025-04-23,Success
PAY104924,4924,F2E8CE96-A1A1-47,Debit Card,15781.88,2025-03-14,Success
PAY104925,4925,2884BB8A-7065-48,Cash on Delivery,148971.72,2025-09-09,Success
PAY104926,4926,98053BC8-6C90-44,Net Banking,170756.8,2026-03-08,Success
PAY104927,4927,2FCFC658-8873-4F,Net Banking,3402.16,2024-10-08,Success
PAY104928,4928,9B47F37F-4AA7-4D,Net Banking,169638.48,2026-01-28,Success
PAY104929,4929,79E45569-565D-42,Credit Card,16474.16,2025-03-22,Success
PAY104930,4930,5301F224-CE21-40,Credit Card,939.6,2025-05-16,Refunded
PAY104931,4931,FD9E0EC5-57B5-47,Cash on Delivery,862.4,2025-06-12,Success
PAY104932,4932,767BDD29-A211-45,Cash on Delivery,13148.75,2024-11-29,Success
PAY104933,4933,F74AA996-56F4-45,Net Banking,1993.2,2025-07-16,Success
PAY104934,4934,2143CE84-198D-4C,Debit Card,3032.55,2026-03-02,Success
PAY104935,4935,0C908E05-1444-48,Net Banking,1047.42,2024-09-05,Success
PAY104936,4936,24F261C6-B162-40,Cash on Delivery,3896.64,2024-09-26,Success
PAY104937,4937,6CB39CD4-8D2F-45,Net Banking,7172.64,2025-05-06,Failed
PAY104938,4938,4F6A8934-AB08-40,Credit Card,470674.75,2025-10-22,Success
PAY104939,4939,E54E09C7-2C53-4E,Credit Card,5775.12,2024-09-19,Success
PAY104940,4940,088C8E49-BC27-42,UPI,1477.0,2026-04-23,Success
PAY104941,4941,4649BE2E-5DE7-40,Credit Card,1846.64,2025-03-03,Success
PAY104942,4942,80E93C21-083D-41,UPI,1388.24,2025-01-28,Success
PAY104943,4943,526E228C-CB4C-47,Net Banking,1246.6,2026-05-15,Success
PAY104944,4944,0E1436B3-DE59-41,Cash on Delivery,478822.2,2024-12-17,Success
PAY104945,4945,312611EE-AF94-41,Credit Card,6946.8,2025-01-09,Failed
PAY104946,4946,30DBFD2A-CAB1-4D,Credit Card,677.97,2026-07-05,Refunded
PAY104947,4947,600C30A1-80C1-43,Net Banking,54640.8,2026-03-06,Success
PAY104948,4948,726D5DD7-93C0-4E,Credit Card,9444.68,2025-11-15,Success
PAY104949,4949,5C4D7D53-E997-4A,Debit Card,449166.48,2026-01-14,Success
PAY104950,4950,F1E217C8-237A-4E,Credit Card,5186.94,2024-11-08,Failed
PAY104951,4951,7AFBF7D1-3312-4D,Net Banking,798.56,2024-10-21,Success
PAY104952,4952,E62253C5-BD12-4D,Net Banking,174866.7,2026-03-27,Success
PAY104953,4953,3AE83EB7-1B2A-43,Cash on Delivery,19171.08,2025-04-20,Success
PAY104954,4954,3FC3C3B2-00CE-47,Net Banking,13257.84,2025-04-14,Success
PAY104955,4955,C0370E08-CDEF-47,Debit Card,2160.8,2025-01-29,Failed
PAY104956,4956,049E7BBD-7291-41,Debit Card,782.31,2024-09-18,Success
PAY104957,4957,E3F18C93-5306-4C,Debit Card,47638.5,2026-07-11,Success
PAY104958,4958,4B149FD1-F825-41,UPI,6847.4,2024-08-01,Success
PAY104959,4959,A69CB14B-3E9D-4C,Debit Card,23326.26,2025-04-27,Refunded
PAY104960,4960,38B71856-0E24-40,Credit Card,333854.79,2024-09-16,Failed
PAY104961,4961,50CFE4DA-7633-43,Net Banking,15431.04,2025-12-28,Success
PAY104962,4962,52A1956D-1643-43,UPI,964.24,2025-10-06,Success
PAY104963,4963,D7E2BA75-7A40-48,Credit Card,109209.36,2024-12-13,Success
PAY104964,4964,CAFA5163-6175-4B,Debit Card,699.16,2025-11-22,Success
PAY104965,4965,A6F6E681-9DF0-40,Debit Card,10758.96,2025-10-17,Success
PAY104966,4966,204B5402-0A87-48,Cash on Delivery,10430.73,2025-03-21,Success
PAY104967,4967,FA7F48A9-524F-40,UPI,6699.0,2024-08-16,Success
PAY104968,4968,0069CA3B-4EB8-4B,Credit Card,804.3,2026-03-18,Success
PAY104969,4969,D82FE07C-4532-46,Credit Card,2038.72,2026-07-16,Failed
PAY104970,4970,4A2BA170-28EF-4B,Credit Card,2550.0,2024-07-26,Success
PAY104971,4971,FE554CFB-5042-40,Net Banking,3023.28,2025-02-16,Success
PAY104972,4972,49A73579-965F-43,Net Banking,86287.29,2025-11-08,Failed
PAY104973,4973,DB5C5F74-25AD-4D,UPI,2375.45,2026-03-03,Success
PAY104974,4974,5E241E7C-F958-4D,Cash on Delivery,3854.76,2026-02-26,Success
PAY104975,4975,304367CD-DFCB-44,UPI,345.8,2026-06-20,Success
PAY104976,4976,55522B25-1D4A-45,Net Banking,7485.66,2026-05-28,Success
PAY104977,4977,80C0ECD1-45D4-40,Credit Card,15907.5,2025-11-19,Failed
PAY104978,4978,C617DE2E-F8D6-4C,Debit Card,223509.04,2025-03-04,Success
PAY104979,4979,D44D87E7-52CB-41,Debit Card,2205.0,2026-01-24,Success
PAY104980,4980,B8B8FF86-1F2A-47,UPI,823.65,2024-09-16,Failed
PAY104981,4981,138BB272-9C00-4E,Credit Card,2711.88,2026-02-04,Success
PAY104982,4982,2BD848FF-43DC-48,Cash on Delivery,4857.45,2026-07-05,Success
PAY104983,4983,318C8632-2277-49,Debit Card,29729.8,2024-09-23,Success
PAY104984,4984,B20FC0C7-C56A-49,UPI,5557.44,2026-07-08,Success
PAY104985,4985,4429D548-7449-40,Net Banking,12539.6,2025-01-01,Success
PAY104986,4986,3DAF2AF9-407D-4E,Cash on Delivery,144805.5,2024-09-07,Success
PAY104987,4987,33D111D6-9104-45,Cash on Delivery,2619.48,2025-01-09,Success
PAY104988,4988,3EB90614-D7DF-4D,Debit Card,4764.2,2025-10-20,Success
PAY104989,4989,79947EB7-9DA7-44,Net Banking,169797.84,2026-04-26,Success
PAY104990,4990,30BE0EBB-8FD4-41,UPI,4341.6,2025-11-23,Success
PAY104991,4991,A5D96FF6-E058-4B,Credit Card,93926.12,2025-07-25,Success
PAY104992,4992,DF348C21-DB84-4D,UPI,1388.8,2025-08-31,Success
PAY104993,4993,DA962D1C-21D4-41,UPI,20663.28,2025-02-03,Success
PAY104994,4994,BC63E25D-3B00-4F,Debit Card,9586.5,2025-03-06,Refunded
PAY104995,4995,21D96AE2-6026-49,UPI,48265.7,2025-10-16,Success
PAY104996,4996,56BF944A-D9F7-41,UPI,312761.4,2025-10-21,Success
PAY104997,4997,EA027057-0052-45,UPI,326147.6,2025-03-06,Success
PAY104998,4998,13BD4392-2350-46,Credit Card,2982.0,2025-11-04,Success
PAY104999,4999,E711C16C-EEE0-4F,Cash on Delivery,93.24,2025-10-23,Refunded
PAY105000,5000,E42E0A0D-5328-49,Net Banking,3769.4,2026-05-12,Success
PAY105001,5001,0DD6734F-62DB-4F,Net Banking,5678.4,2025-02-16,Success
PAY105002,5002,D5D688C3-1089-4B,Debit Card,3710.82,2025-05-02,Success
PAY105003,5003,7833D8B1-6468-4E,UPI,2149.88,2026-07-07,Refunded
PAY105004,5004,0570CA62-961D-4B,Debit Card,333.06,2026-01-03,Success
PAY105005,5005,E12C9412-EC7E-40,UPI,664.56,2025-10-17,Success
PAY105006,5006,2C4E14E3-4FB8-4C,Credit Card,7944.0,2024-11-23,Failed
PAY105007,5007,B2744623-392C-42,Credit Card,64496.25,2024-09-07,Refunded
PAY105008,5008,EC272553-719A-46,UPI,15682.5,2025-01-15,Success
PAY105009,5009,38A001E6-DFCA-48,Cash on Delivery,38697.75,2026-03-29,Failed
PAY105010,5010,92995F46-7C08-4C,Cash on Delivery,2151.5,2024-09-05,Success
PAY105011,5011,57533A83-8DFA-42,UPI,77565.04,2025-02-15,Failed
PAY105012,5012,E95D3455-0DA9-4A,Credit Card,1844.08,2024-12-01,Refunded
PAY105013,5013,C3679547-81F7-41,UPI,134287.2,2025-06-28,Failed
PAY105014,5014,BB412C92-CEB4-44,Cash on Delivery,416.64,2025-09-10,Success
PAY105015,5015,125BE324-9FFA-4B,Cash on Delivery,526.32,2024-10-15,Success
PAY105016,5016,20514EC5-2172-4D,Net Banking,825.72,2025-05-11,Success
PAY105017,5017,FB2580CA-D5E6-49,UPI,3405.6,2026-01-14,Success
PAY105018,5018,ED7F0DE0-7319-4F,UPI,56518.0,2025-01-05,Success
PAY105019,5019,BC71664E-AF24-44,Cash on Delivery,106411.5,2024-11-23,Success
PAY105020,5020,788204E9-0A50-41,Credit Card,42562.0,2025-04-11,Refunded
PAY105021,5021,2AA0DA90-E748-49,UPI,1233.7,2025-11-16,Success
PAY105022,5022,CF66494E-B67B-49,Net Banking,12587.52,2024-10-14,Refunded
PAY105023,5023,E2C4C735-845E-41,Credit Card,1149.12,2025-12-05,Failed
PAY105024,5024,A4F1C6DD-98C7-4D,Net Banking,21610.8,2026-05-10,Failed
PAY105025,5025,CB61CFC1-81A4-46,Net Banking,32665.32,2024-10-15,Success
PAY105026,5026,EB2E0708-72E0-4A,Debit Card,249688.23,2025-03-16,Success
PAY105027,5027,525F0136-4F21-46,Cash on Delivery,232.98,2025-09-14,Success
PAY105028,5028,BF7DCA53-3DE0-4F,Credit Card,3624.55,2024-12-03,Refunded
PAY105029,5029,DB77425A-7EB7-4E,Debit Card,4189.68,2026-03-30,Success
PAY105030,5030,AC22B8AE-FE5F-45,Debit Card,104920.02,2025-05-04,Success
PAY105031,5031,33415D28-6830-43,Net Banking,4906.98,2025-06-28,Success
PAY105032,5032,DF9DA393-754A-43,UPI,30738.96,2025-04-21,Success
PAY105033,5033,EA1A03C2-C652-4E,Cash on Delivery,2962.08,2024-09-30,Refunded
PAY105034,5034,AEA50D72-222C-47,Debit Card,3590.55,2025-12-26,Refunded
PAY105035,5035,CE89B0A6-ABB1-42,Cash on Delivery,747.96,2025-11-23,Success
PAY105036,5036,3600D96B-3C10-4F,Debit Card,27110.72,2026-04-12,Success
PAY105037,5037,4E79C6D3-6FE8-4C,Cash on Delivery,317085.36,2026-05-08,Success
PAY105038,5038,7CB9373F-306F-4D,Debit Card,4762.56,2024-12-15,Success
PAY105039,5039,98E19055-5375-42,Cash on Delivery,2177.4,2025-06-09,Success
PAY105040,5040,DE62082E-D3A2-47,Debit Card,744.6,2025-05-03,Success
PAY105041,5041,B9F81741-95DC-49,Net Banking,2081.01,2025-05-23,Success
PAY105042,5042,CE1CBFA7-C1F8-41,Cash on Delivery,363131.1,2024-10-04,Success
PAY105043,5043,FCF95046-7217-4E,UPI,18100.08,2025-08-10,Success
PAY105044,5044,C79D6687-0C48-4C,Cash on Delivery,1273.0,2026-07-04,Refunded
PAY105045,5045,28E00F6F-802A-41,Cash on Delivery,9428.0,2025-02-19,Failed
PAY105046,5046,AB26965F-883D-4A,Debit Card,18860.4,2026-01-18,Success
PAY105047,5047,F492856D-CB17-4E,Cash on Delivery,2284.1,2026-06-05,Success
PAY105048,5048,F80FC7ED-CD7E-48,Debit Card,16367.55,2025-08-27,Refunded
PAY105049,5049,7E97F980-999A-45,UPI,1387.34,2024-12-15,Success
PAY105050,5050,6C3D4A43-A239-47,Credit Card,1022.04,2025-03-25,Success
PAY105051,5051,B7FA64E3-4866-42,UPI,7952.58,2026-02-26,Refunded
PAY105052,5052,9BE64B94-28D8-43,Cash on Delivery,5669.73,2024-08-31,Success
PAY105053,5053,18D00490-AEC3-47,Debit Card,19908.72,2025-10-02,Failed
PAY105054,5054,529C985A-7504-4A,UPI,10709.79,2026-06-06,Failed
PAY105055,5055,4D8AC293-56F3-4E,Net Banking,382.32,2025-06-11,Success
PAY105056,5056,2F9F5383-A891-41,UPI,146996.25,2025-07-06,Success
PAY105057,5057,1883A99E-F251-4A,Net Banking,2018.1,2026-04-08,Success
PAY105058,5058,11F03CF1-ED96-42,Cash on Delivery,3001.5,2024-10-16,Success
PAY105059,5059,17F666C0-2A50-46,Cash on Delivery,48265.7,2025-05-07,Success
PAY105060,5060,2DF2E7FA-A724-42,Net Banking,11228.49,2026-01-07,Success
PAY105061,5061,4186D03C-D758-41,Debit Card,1690.56,2024-07-24,Failed
PAY105062,5062,ED2C490B-798A-43,Cash on Delivery,2477.16,2026-07-16,Refunded
PAY105063,5063,FA5C8387-3E9D-40,Debit Card,110211.16,2024-11-24,Success
PAY105064,5064,B1DDFDAD-5659-43,Debit Card,11396.0,2025-04-18,Success
PAY105065,5065,E870152A-FE53-4B,Debit Card,7313.2,2024-10-20,Failed
PAY105066,5066,182C60A9-4602-4E,UPI,13980.8,2024-10-15,Success
PAY105067,5067,8A59A52D-67FB-40,Cash on Delivery,16572.3,2025-09-25,Refunded
PAY105068,5068,E915DE50-6EB0-41,Credit Card,1457.6,2025-01-27,Success
PAY105069,5069,DBA92C65-A898-42,Cash on Delivery,6545.25,2025-07-27,Failed
PAY105070,5070,C303228B-3A90-45,Cash on Delivery,337568.7,2026-05-12,Success
PAY105071,5071,28883A19-4213-42,Net Banking,9982.8,2025-04-15,Success
PAY105072,5072,9D8D9DE5-93EB-4C,Debit Card,1664.28,2024-07-21,Success
PAY105073,5073,E1D20586-A6DA-44,Cash on Delivery,2251.65,2026-06-13,Failed
PAY105074,5074,EC384D1E-C739-49,Credit Card,38697.75,2024-07-17,Failed
PAY105075,5075,CF64D05B-01FF-45,Debit Card,1074.94,2025-05-22,Success
PAY105076,5076,DF05E7B1-AA27-49,Net Banking,106411.5,2024-08-23,Success
PAY105077,5077,C675E656-9C02-46,UPI,74423.6,2025-06-06,Success
PAY105078,5078,9FDB9B14-FDC6-46,UPI,823.65,2026-02-10,Success
PAY105079,5079,A9F16181-68D3-44,Debit Card,6947.1,2025-05-22,Success
PAY105080,5080,E1F771CB-2E16-41,Debit Card,9975.84,2024-12-19,Success
PAY105081,5081,BD71FCAE-8CFB-4C,Credit Card,20192.4,2026-06-16,Refunded
PAY105082,5082,EF462925-86DE-47,Cash on Delivery,4187.84,2024-09-19,Refunded
PAY105083,5083,27DF68B0-0D13-40,Cash on Delivery,30688.68,2026-03-22,Success
PAY105084,5084,CAD702F2-6B3D-4C,UPI,436718.32,2025-11-24,Success
PAY105085,5085,DBE6E1BD-E591-4D,Cash on Delivery,31468.8,2024-09-16,Refunded
PAY105086,5086,9F072680-CA69-49,UPI,127686.0,2024-12-04,Failed
PAY105087,5087,6B4B853C-D78A-43,Debit Card,3076.64,2026-02-24,Failed
PAY105088,5088,52ACC0EC-603E-41,Net Banking,12587.52,2025-04-24,Success
PAY105089,5089,2490F0AC-020E-4A,Cash on Delivery,1436.22,2025-09-03,Success
PAY105090,5090,20821255-603E-47,UPI,783.15,2025-09-04,Success
PAY105091,5091,95ECBD2F-4BD7-4A,Net Banking,8786.7,2026-01-30,Success
PAY105092,5092,7EC62955-F689-43,Net Banking,7048.8,2025-11-24,Success
PAY105093,5093,E6441212-C35A-4E,Credit Card,18227.2,2025-10-12,Failed
PAY105094,5094,FFEDD56A-5D80-43,Debit Card,29351.2,2026-01-30,Failed
PAY105095,5095,B40A5A4D-01AB-45,Credit Card,297763.68,2026-06-05,Success
PAY105096,5096,48500EC5-AB5A-47,Cash on Delivery,1434.72,2026-01-02,Success
PAY105097,5097,4456560A-ADCE-4B,Debit Card,226231.38,2025-01-03,Success
PAY105098,5098,2CF3A5A7-954D-43,Net Banking,1529.04,2025-06-22,Success
PAY105099,5099,2C06DB8E-F8FE-4C,Net Banking,11303.6,2026-07-25,Refunded
PAY105100,5100,D3B5B30C-50B6-4C,Credit Card,135611.37,2024-08-02,Success
PAY105101,5101,FF23ADD3-D57A-40,Debit Card,5789.52,2025-10-19,Failed
PAY105102,5102,38927FF5-A1AF-45,Debit Card,1718.28,2024-07-20,Success
PAY105103,5103,273FEAF1-C352-40,Cash on Delivery,11910.5,2024-07-26,Failed
PAY105104,5104,97E752E0-1D2A-4B,UPI,37100.06,2024-11-20,Success
PAY105105,5105,642ACD53-D03B-48,Net Banking,39666.88,2025-03-15,Success
PAY105106,5106,35B3CDD7-5147-4E,Net Banking,5924.16,2026-01-10,Success
PAY105107,5107,048F5559-4F34-4A,Debit Card,2205.0,2026-03-23,Refunded
PAY105108,5108,1C28FB9B-5068-49,UPI,7590.66,2026-01-22,Success
PAY105109,5109,60EC8FAF-9B83-42,Cash on Delivery,6518.16,2025-05-11,Success
PAY105110,5110,FC947F0D-8EC3-47,Net Banking,54112.71,2025-03-08,Success
PAY105111,5111,5372D582-BC14-4D,Net Banking,4807.6,2026-05-05,Success
PAY105112,5112,D595FCB9-C42B-49,UPI,21178.2,2026-04-17,Success
PAY105113,5113,431B7909-8F16-48,Credit Card,5302.5,2024-09-27,Success
PAY105114,5114,369578CC-61B9-41,UPI,1660.0,2025-08-21,Success
PAY105115,5115,CC7A7A51-59A5-4B,Credit Card,15330.12,2024-12-03,Success
PAY105116,5116,AB66424A-FBEE-4F,UPI,9409.5,2025-01-05,Success
PAY105117,5117,131DA218-2D9A-42,Debit Card,7107.9,2025-02-04,Success
PAY105118,5118,2AA4DEB7-54DF-44,Net Banking,6724.41,2026-04-03,Success
PAY105119,5119,73E35FF0-E256-4C,Credit Card,3825.0,2025-12-09,Success
PAY105120,5120,69DB3932-900B-48,UPI,2317.02,2025-04-30,Success
PAY105121,5121,12DC6CB1-8711-4A,UPI,71508.78,2026-01-10,Success
PAY105122,5122,144C1DFA-FFCB-4A,Debit Card,1918.08,2024-08-09,Success
PAY105123,5123,A2130135-D659-40,Cash on Delivery,250209.12,2024-11-21,Refunded
PAY105124,5124,FC565A2E-75D0-42,Cash on Delivery,92403.52,2025-05-27,Refunded
PAY105125,5125,76B99A58-E278-4F,Net Banking,281778.36,2025-03-31,Success
PAY105126,5126,05F11FAE-35F7-47,Cash on Delivery,14378.31,2026-01-25,Success
PAY105127,5127,FA477A95-22EF-4F,Debit Card,1247.86,2026-02-15,Success
PAY105128,5128,E79B55BD-23DF-4F,UPI,4699.2,2026-01-15,Success
PAY105129,5129,D147DCC3-4851-44,Net Banking,11006.16,2024-09-14,Refunded
PAY105130,5130,47C5E537-0878-43,Cash on Delivery,12093.12,2024-09-16,Success
PAY105131,5131,E0A3E6A1-86A6-47,Cash on Delivery,1686.6,2026-03-22,Failed
PAY105132,5132,D8AC76B3-08CC-47,Net Banking,3837.68,2025-04-01,Failed
PAY105133,5133,BA9828B2-0077-4E,UPI,1449.1,2025-07-25,Success
PAY105134,5134,DAC9DDC3-B03B-41,Net Banking,2916.76,2026-07-05,Success
PAY105135,5135,E60F94F7-70E0-44,Cash on Delivery,72150.28,2024-09-13,Failed
PAY105136,5136,CE2E8CDA-2C3A-45,UPI,867.35,2026-03-20,Success
PAY105137,5137,3D98A4DA-8831-41,Credit Card,174866.7,2026-05-22,Success
PAY105138,5138,1E1DDEF7-6F95-49,Cash on Delivery,229.68,2025-05-31,Success
PAY105139,5139,E8D22EE2-BBBE-4D,Cash on Delivery,1468.8,2025-12-13,Success
PAY105140,5140,A7B5A5AF-92F4-47,Net Banking,5789.52,2026-03-22,Failed
PAY105141,5141,961A42F0-36BB-4F,Cash on Delivery,2869.44,2026-04-03,Success
PAY105142,5142,E1B5E81D-025A-44,UPI,17753.7,2025-09-22,Success
PAY105143,5143,4E014191-F3AD-4B,Debit Card,7407.45,2025-12-20,Refunded
PAY105144,5144,EB826467-8669-46,Cash on Delivery,1398.32,2025-03-26,Success
PAY105145,5145,9E90ADF3-D39D-41,Cash on Delivery,12345.75,2026-04-15,Success
PAY105146,5146,52846949-93ED-4C,Net Banking,2236.72,2024-08-16,Success
PAY105147,5147,F630D439-E04E-41,UPI,3619.2,2025-02-23,Failed
PAY105148,5148,3B714C56-CB65-4E,UPI,2904.0,2025-08-03,Failed
PAY105149,5149,D79FF6CE-DABC-44,UPI,4103.8,2025-04-09,Success
PAY105150,5150,46F82963-AB49-43,Net Banking,452.64,2026-06-26,Success
PAY105151,5151,31FFEF52-372C-43,Debit Card,147290.4,2025-07-29,Success
PAY105152,5152,532795AA-22D4-46,Cash on Delivery,7421.64,2025-09-20,Success
PAY105153,5153,29F62AA0-4C39-4A,UPI,8145.12,2024-09-12,Success
PAY105154,5154,022CE26B-0912-4E,UPI,33529.04,2025-11-21,Success
PAY105155,5155,7E504D04-9371-4E,Credit Card,249293.94,2024-12-31,Failed
PAY105156,5156,2202EF66-37D8-45,Credit Card,2273.55,2025-04-11,Success
PAY105157,5157,3A4208B9-E11D-4E,Cash on Delivery,9458.1,2026-03-22,Success
PAY105158,5158,A43DF79E-8580-45,Cash on Delivery,19171.08,2024-12-05,Success
PAY105159,5159,8AB2BD63-8516-4E,Debit Card,1481.04,2025-07-25,Success
PAY105160,5160,2690D2B8-C1F0-4B,Cash on Delivery,4545.28,2025-08-31,Success
PAY105161,5161,C43BE299-6247-4D,UPI,9930.0,2025-08-08,Refunded
PAY105162,5162,7F30E570-A02C-4A,Cash on Delivery,7156.8,2025-01-29,Failed
PAY105163,5163,F07DBEEB-8F71-4E,Net Banking,10860.16,2024-12-16,Success
PAY105164,5164,60C97BF8-85CD-4B,Cash on Delivery,32138.94,2024-11-14,Refunded
PAY105165,5165,F6DCC368-7C03-45,Credit Card,17452.64,2025-05-12,Success
PAY105166,5166,8DF9BB3D-CE8A-41,Debit Card,224583.24,2026-05-19,Success
PAY105167,5167,F1687AE0-5E7D-40,Net Banking,3460.32,2024-07-21,Success
PAY105168,5168,90E381A6-F196-4A,UPI,48637.0,2026-04-23,Success
PAY105169,5169,E354A135-9AF3-48,UPI,3492.64,2024-08-16,Success
PAY105170,5170,6172A005-786C-43,UPI,764.4,2026-06-04,Success
PAY105171,5171,321DCC61-C57C-4B,Cash on Delivery,260032.96,2026-04-22,Success
PAY105172,5172,CFD7CF35-BCF9-44,UPI,5656.8,2026-06-08,Success
PAY105173,5173,BCF8C463-DC8E-40,Cash on Delivery,528475.6,2026-01-19,Success
PAY105174,5174,E3F63C89-17D8-40,Debit Card,148400.24,2025-11-23,Success
PAY105175,5175,95EE3311-5FCA-43,Net Banking,4102.2,2025-03-18,Refunded
PAY105176,5176,AE1B1628-6F9F-40,Cash on Delivery,6444.9,2026-02-07,Success
PAY105177,5177,8541F885-EBBF-4D,Debit Card,8786.7,2025-04-11,Failed
PAY105178,5178,B4F3FC02-A998-4A,Cash on Delivery,1977.36,2024-12-31,Failed
PAY105179,5179,90CAF624-21B2-4B,Cash on Delivery,964.24,2026-07-10,Success
PAY105180,5180,33845701-0771-47,Net Banking,6625.68,2024-10-10,Success
PAY105181,5181,6EA84395-4B57-48,UPI,420642.64,2025-11-02,Success
PAY105182,5182,719DBC73-4D53-4F,Debit Card,6958.25,2025-04-21,Success
PAY105183,5183,4B2C4272-71E1-45,Credit Card,1450.68,2026-03-04,Success
PAY105184,5184,AB28CE07-1FF0-40,Net Banking,8471.28,2025-09-26,Success
PAY105185,5185,A434EEDF-6B46-48,UPI,1641.52,2025-06-02,Success
PAY105186,5186,CE2DE7BF-0D10-4E,Cash on Delivery,13272.48,2025-11-04,Success
PAY105187,5187,10DE6E33-E549-49,Cash on Delivery,1400.82,2025-03-25,Success
PAY105188,5188,8D9771C3-0248-49,Credit Card,8145.12,2024-10-08,Success
PAY105189,5189,C894DF74-B6B5-45,Credit Card,2629.75,2025-04-20,Success
PAY105190,5190,9A383C08-BFA6-4E,UPI,2842.14,2024-09-13,Success
PAY105191,5191,89C6B413-9FAC-4C,Cash on Delivery,957.76,2025-07-07,Success
PAY105192,5192,EB28DF94-B457-42,UPI,222660.0,2025-09-13,Failed
PAY105193,5193,BBE47E0A-443B-45,Debit Card,344329.4,2026-02-11,Success
PAY105194,5194,B9057203-0ADA-49,UPI,11420.5,2026-04-23,Success
PAY105195,5195,D9797605-4754-4A,Cash on Delivery,1301.52,2024-10-14,Success
PAY105196,5196,B66C83C5-5283-47,Net Banking,3945.47,2026-01-22,Success
PAY105197,5197,BDBA047D-B981-46,Debit Card,486.68,2025-05-23,Failed
PAY105198,5198,D4D02FC9-0BA1-4E,Credit Card,25175.04,2025-12-09,Success
PAY105199,5199,41CF6678-79D7-45,Credit Card,22784.0,2025-01-26,Success
PAY105200,5200,34D67502-12DF-45,UPI,6628.92,2025-03-24,Refunded
PAY105201,5201,26A871CE-C1AF-49,Debit Card,8031.68,2025-04-18,Success
PAY105202,5202,90024959-D7D4-44,Net Banking,26544.96,2026-05-19,Success
PAY105203,5203,24EB8333-AE7F-4A,Credit Card,21856.32,2026-04-20,Success
PAY105204,5204,DA8FCA7A-E9F4-46,Cash on Delivery,17107.2,2026-06-21,Refunded
PAY105205,5205,D8B6F4ED-A504-44,Cash on Delivery,58798.5,2025-11-16,Success
PAY105206,5206,5B994B10-1990-4C,Net Banking,287.1,2026-06-24,Success
PAY105207,5207,DA5F72FC-471D-4D,Net Banking,44853.2,2025-09-17,Success
PAY105208,5208,3CE8DD86-E510-40,Cash on Delivery,4103.8,2026-05-01,Success
PAY105209,5209,3F32D6AB-9D76-4E,Debit Card,7590.66,2025-11-06,Success
PAY105210,5210,5E3628AC-2128-46,Credit Card,28520.0,2024-08-15,Success
PAY105211,5211,B2778DB5-887D-44,Net Banking,1362.86,2024-08-30,Refunded
PAY105212,5212,558ECE59-0D93-41,Credit Card,1037.4,2025-09-30,Success
PAY105213,5213,5ACC2D99-D29C-49,Net Banking,14167.02,2026-04-14,Refunded
PAY105214,5214,13BF7206-B891-45,UPI,5985.6,2025-09-11,Success
PAY105215,5215,9A828532-4743-43,Cash on Delivery,19041.75,2025-01-06,Success
PAY105216,5216,3113527F-BB17-43,Credit Card,111231.12,2026-06-03,Success
PAY105217,5217,E61F0EAD-A261-43,UPI,2177.4,2026-01-27,Success
PAY105218,5218,B9E3DEA1-E7BD-43,Cash on Delivery,34973.34,2024-08-25,Success
PAY105219,5219,7AC096F9-3830-4E,Debit Card,1641.52,2025-03-06,Success
PAY105220,5220,29F80F15-96DF-4B,Cash on Delivery,537.2,2025-06-12,Success
PAY105221,5221,1FFF3039-29BE-43,Debit Card,699.54,2025-04-27,Refunded
PAY105222,5222,D8DF215E-C935-42,Net Banking,1288.98,2024-11-09,Success
PAY105223,5223,1E0B9A9D-5106-46,UPI,1536.8,2025-04-24,Success
PAY105224,5224,A97DDDE2-2450-4D,UPI,12130.2,2025-08-24,Success
PAY105225,5225,157D2C3B-17CB-49,Debit Card,247.8,2025-09-27,Success
PAY105226,5226,5306A0FA-3792-48,Cash on Delivery,9982.8,2026-04-04,Refunded
PAY105227,5227,77ECAF32-C2F5-49,Credit Card,128412.9,2025-01-28,Success
PAY105228,5228,6FCA61A8-A480-45,UPI,9069.84,2026-03-01,Refunded
PAY105229,5229,949B5863-225F-43,Credit Card,3182.28,2025-01-18,Success
PAY105230,5230,C1709487-54F0-41,Credit Card,110702.28,2026-05-02,Refunded
PAY105231,5231,C18AD6D3-3D0C-4A,Cash on Delivery,8031.68,2026-06-07,Success
PAY105232,5232,1333B875-6150-4A,Net Banking,17177.6,2025-06-14,Refunded
PAY105233,5233,ADBFE13D-0DEE-40,Net Banking,1456.32,2024-12-15,Failed
PAY105234,5234,CAFA8FA5-B3E1-46,Credit Card,33988.5,2025-05-24,Refunded
PAY105235,5235,0FE3DEE8-1C3C-4E,UPI,2912.64,2025-11-12,Success
PAY105236,5236,10E14E09-2E49-45,UPI,34151.36,2024-10-05,Success
PAY105237,5237,0107B6E4-1770-4B,Credit Card,24248.25,2025-04-11,Refunded
PAY105238,5238,08D4F926-D2B6-48,UPI,707.52,2026-01-23,Success
PAY105239,5239,E6A62BDD-C5B3-40,Cash on Delivery,226231.38,2026-04-21,Success
PAY105240,5240,5010F7E2-BD9E-46,Net Banking,38694.6,2024-12-14,Success
PAY105241,5241,033261ED-57F5-4E,Debit Card,3659.25,2026-06-16,Success
PAY105242,5242,593FB6A0-3CB0-4D,Net Banking,1181.6,2026-06-28,Refunded
PAY105243,5243,E936452C-2BCC-4D,Credit Card,15376.16,2025-09-19,Success
PAY105244,5244,45171EA5-1E7E-43,Cash on Delivery,2151.5,2025-09-26,Failed
PAY105245,5245,88610EB8-F1DD-42,Net Banking,683.92,2024-10-05,Success
PAY105246,5246,05BD16C1-9742-48,Credit Card,5557.68,2026-02-26,Success
PAY105247,5247,737AF582-4AE9-41,Cash on Delivery,33888.4,2025-08-18,Success
PAY105248,5248,F97CDB6E-F31C-48,Credit Card,38042.4,2024-11-05,Success
PAY105249,5249,EDB0F280-3468-4D,Net Banking,170948.96,2025-03-09,Failed
PAY105250,5250,1D8E9B65-1804-47,Credit Card,3196.68,2025-01-30,Refunded
PAY105251,5251,920B24C3-A856-49,Cash on Delivery,262709.2,2026-07-08,Success
PAY105252,5252,812745CB-307F-46,Cash on Delivery,1709.8,2025-02-24,Success
PAY105253,5253,11BFEB7A-7682-45,Credit Card,14283.66,2025-12-24,Success
PAY105254,5254,780D933F-E505-41,Net Banking,2992.8,2026-02-07,Success
PAY105255,5255,7B89423C-840A-42,Debit Card,2276.64,2025-05-28,Success
PAY105256,5256,FB31B190-531D-49,Net Banking,1253.88,2026-03-28,Success
PAY105257,5257,C6E004F2-F424-4D,Debit Card,4452.15,2025-10-04,Failed
PAY105258,5258,C251BE20-9E55-43,UPI,3363.5,2025-10-09,Success
PAY105259,5259,75EDC29F-7968-4F,UPI,3089.36,2025-07-16,Success
PAY105260,5260,7A607F7B-8794-44,Cash on Delivery,2397.6,2026-03-01,Refunded
PAY105261,5261,9C17AE4B-09A1-45,UPI,704.94,2025-07-18,Success
PAY105262,5262,130EF47B-47BB-4F,Cash on Delivery,15578.64,2025-03-30,Success
PAY105263,5263,7942EC59-4102-4B,Credit Card,2057.0,2026-05-13,Success
PAY105264,5264,2CD4CAA6-A1C2-43,Debit Card,1842.75,2025-08-13,Success
PAY105265,5265,3FB5A6D7-2F8B-47,Debit Card,213686.2,2025-07-21,Refunded
PAY105266,5266,1E655AD6-1360-45,UPI,85605.8,2024-08-28,Success
PAY105267,5267,0BFEE065-62ED-47,Net Banking,9792.42,2024-11-15,Success
PAY105268,5268,25B35B60-73BA-4C,Debit Card,226231.38,2024-12-03,Success
PAY105269,5269,53FC6F34-686F-41,Cash on Delivery,282919.32,2025-05-08,Refunded
PAY105270,5270,78445B1B-8B19-4E,Debit Card,226018.95,2025-06-18,Success
PAY105271,5271,BA5DF299-E5DE-4F,UPI,4292.72,2026-07-17,Success
PAY105272,5272,D9A7E1E1-D5CF-46,UPI,206597.64,2026-01-27,Success
PAY105273,5273,A23F14E9-E8D0-42,Cash on Delivery,3707.7,2024-08-17,Failed
PAY105274,5274,0ED4E8FC-2338-40,UPI,4762.56,2025-05-02,Success
PAY105275,5275,F85530D2-5B1D-42,UPI,3322.8,2026-02-26,Success
PAY105276,5276,B1D74F53-C63B-4C,Credit Card,15330.12,2024-11-01,Success
PAY105277,5277,85860C12-6ACD-4A,Credit Card,3972.0,2025-07-26,Success
PAY105278,5278,C23A701C-5EF3-44,Debit Card,7890.94,2025-09-29,Success
PAY105279,5279,28A924F3-4EE7-49,UPI,5850.0,2025-03-03,Success
PAY105280,5280,0D25181E-0CEC-40,Debit Card,5789.52,2024-12-02,Refunded
PAY105281,5281,ABDCC800-D2E3-48,Credit Card,190212.0,2025-08-28,Success
PAY105282,5282,A7C1E6EF-246C-4E,Cash on Delivery,886.2,2025-08-25,Success
PAY105283,5283,A041D6B1-D123-46,Debit Card,1294.02,2024-10-31,Success
PAY105284,5284,17655FD6-94EF-45,UPI,1986.0,2024-11-11,Success
PAY105285,5285,DF125C11-2738-46,Net Banking,8470.28,2025-11-10,Success
PAY105286,5286,E21D1614-6038-4E,Credit Card,3216.3,2026-01-29,Refunded
PAY105287,5287,A567A40B-4D24-4D,Debit Card,9477.2,2024-07-21,Failed
PAY105288,5288,D11E3ED2-1767-42,Credit Card,7564.32,2026-06-09,Success
PAY105289,5289,D1D5AE80-CE7A-49,UPI,2186.4,2026-01-25,Success
PAY105290,5290,7E83BA64-9D6A-41,Credit Card,470674.75,2025-11-17,Success
PAY105291,5291,437F9864-61C5-4B,Debit Card,38547.96,2025-03-08,Failed
PAY105292,5292,B6531C5A-8E42-45,Cash on Delivery,6719.25,2025-07-27,Success
PAY105293,5293,F5E1E428-B43A-4F,UPI,34151.36,2026-01-16,Failed
PAY105294,5294,0607381B-08A0-41,UPI,213686.2,2025-08-21,Success
PAY105295,5295,5F8FE894-F448-49,UPI,401.52,2024-07-30,Success
PAY105296,5296,2B308C1D-0389-41,Cash on Delivery,4263.2,2025-06-13,Success
PAY105297,5297,01BFED5A-6DC0-46,Net Banking,5015.84,2025-01-29,Success
PAY105298,5298,8EA9FB21-68D4-4F,UPI,10079.5,2025-09-09,Failed
PAY105299,5299,6D8C8B24-50AC-4C,Debit Card,123.9,2025-04-07,Refunded
PAY105300,5300,D3A5EE78-6193-4C,Cash on Delivery,1674.75,2025-05-06,Failed
PAY105301,5301,381CE2FD-4520-4E,Cash on Delivery,5430.08,2026-03-08,Refunded
PAY105302,5302,E33BB47C-C001-4A,Credit Card,32752.44,2024-11-02,Success
PAY105303,5303,F4D89CA8-A925-41,Cash on Delivery,124024.08,2025-03-05,Success
PAY105304,5304,AD82F0B0-FFA2-47,Credit Card,1692.42,2024-12-16,Success
PAY105305,5305,8A6DEAF1-5C8C-4E,Cash on Delivery,1928.92,2024-07-29,Success
PAY105306,5306,FC35A4A1-8CE3-43,Credit Card,564.14,2025-08-04,Success
PAY105307,5307,5B0FC019-6DD0-4F,Cash on Delivery,68302.72,2024-10-17,Success
PAY105308,5308,DD8FC636-2EF7-46,Cash on Delivery,465.96,2026-03-25,Refunded
PAY105309,5309,31FEA691-29E6-4F,Cash on Delivery,10296.0,2025-07-30,Success
PAY105310,5310,DC9F3330-6F3E-48,Net Banking,3904.56,2024-08-07,Failed
PAY105311,5311,329F4F08-9701-45,Net Banking,196081.4,2025-07-13,Failed
PAY105312,5312,71AAB23B-B6DE-4E,UPI,4568.72,2025-12-17,Success
PAY105313,5313,B3C15D8B-3588-49,Debit Card,5789.52,2025-12-14,Success
PAY105314,5314,A5CB8C8C-EC77-40,Net Banking,273023.4,2025-05-10,Success
PAY105315,5315,0BA25C88-4754-44,UPI,2015.9,2024-11-19,Success
PAY105316,5316,2D06854F-EC0D-49,Debit Card,234.9,2024-12-03,Failed
PAY105317,5317,93FA9EEC-7AA8-43,Credit Card,418853.6,2025-06-29,Success
PAY105318,5318,0D979538-A988-43,Debit Card,1057.9,2025-12-03,Success
PAY105319,5319,1CCDD794-E425-45,UPI,2534.61,2024-08-06,Refunded
PAY105320,5320,E22D84AF-7E46-4C,Debit Card,215020.8,2025-11-13,Failed
PAY105321,5321,F96478F9-80ED-4B,Credit Card,1362.2,2026-07-15,Failed
PAY105322,5322,441B5CDF-9AA4-46,UPI,3194.24,2025-06-22,Refunded
PAY105323,5323,A8DD78E3-B5BD-4F,UPI,8572.2,2026-04-14,Success
PAY105324,5324,49B42457-AC5A-4E,UPI,5135.55,2025-05-07,Failed
PAY105325,5325,13DF5067-469C-42,Cash on Delivery,9458.1,2025-06-03,Success
PAY105326,5326,F4A1C809-4964-44,Debit Card,33668.0,2026-05-25,Failed
PAY105327,5327,29ADDE27-9694-4C,Credit Card,3256.2,2024-11-20,Success
PAY105328,5328,F3A0E850-B1AB-4B,UPI,71159.84,2025-10-21,Success
PAY105329,5329,371587FE-D963-44,Debit Card,26213.88,2026-03-17,Failed
PAY105330,5330,899F01C2-34DE-4B,Credit Card,55615.56,2025-05-13,Success
PAY105331,5331,8A74C822-A07C-45,Net Banking,31157.28,2024-09-25,Success
PAY105332,5332,61108BCF-D5AB-4C,Debit Card,19454.8,2025-11-17,Success
PAY105333,5333,2535533C-0E68-49,Net Banking,51428.76,2024-09-08,Success
PAY105334,5334,DCB0FC6C-4295-4D,UPI,890.96,2024-09-13,Failed
PAY105335,5335,E47819A4-7235-45,Debit Card,3896.64,2026-04-01,Refunded
PAY105336,5336,AABE8F92-D941-4D,Credit Card,18714.15,2026-05-22,Refunded
PAY105337,5337,F61DA62B-6E36-41,Credit Card,1136.32,2026-05-04,Success
PAY105338,5338,2570B4FD-5E37-40,Cash on Delivery,9097.65,2025-08-17,Success
PAY105339,5339,7572DF2A-026B-4B,Net Banking,4062.15,2024-10-31,Success
PAY105340,5340,C6020CF9-32C4-41,Credit Card,1757.34,2025-07-14,Success
PAY105341,5341,EF224706-14A4-4D,UPI,17863.2,2026-02-17,Refunded
PAY105342,5342,2351D20B-6D31-47,Credit Card,186036.12,2024-08-26,Failed
PAY105343,5343,2FDF83ED-A0E9-42,UPI,689.92,2025-05-14,Failed
PAY105344,5344,661FC189-18DA-4E,UPI,3032.55,2025-04-11,Success
PAY105345,5345,7A9ECE52-4372-48,Net Banking,1034.28,2026-02-25,Success
PAY105346,5346,197DFB56-8DBA-45,UPI,2471.7,2025-04-24,Success
PAY105347,5347,3F5F4C1F-DD1F-44,UPI,3000.8,2025-06-24,Success
PAY105348,5348,538629E5-C39E-4F,Cash on Delivery,864.32,2025-02-14,Failed
PAY105349,5349,68DD123C-8E4A-43,Debit Card,1961.76,2025-11-05,Success
PAY105350,5350,EAE7A13F-8DA6-41,Debit Card,8690.88,2025-12-21,Success
PAY105351,5351,499F3D90-23FF-45,Debit Card,3605.7,2025-05-22,Success
PAY105352,5352,1936D326-D1DE-49,Debit Card,5775.12,2024-09-27,Success
PAY105353,5353,8EEF3205-9C33-40,Credit Card,23216.76,2025-02-07,Success
PAY105354,5354,7F9415E0-E5F0-44,Credit Card,517.44,2025-09-24,Success
PAY105355,5355,CDD82F06-A28E-4B,Credit Card,278077.8,2025-04-01,Success
PAY105356,5356,31782889-87BF-45,UPI,5674.86,2024-09-17,Success
PAY105357,5357,A14125CB-697D-40,Cash on Delivery,197031.9,2025-12-23,Success
PAY105358,5358,9280BE6B-469B-4F,UPI,452462.76,2025-04-21,Success
PAY105359,5359,56A9F292-D963-4A,Debit Card,8946.0,2025-07-10,Success
PAY105360,5360,C5DD2B82-E09E-46,Debit Card,29351.2,2025-04-24,Success
PAY105361,5361,BFE957D3-F2C6-43,Debit Card,9444.68,2025-05-24,Success
PAY105362,5362,F68A5BC3-0AC6-49,Credit Card,226184.64,2025-02-06,Success
PAY105363,5363,ABC56668-19D2-47,UPI,5616.0,2025-10-30,Success
PAY105364,5364,AFFBF76C-D07E-46,Cash on Delivery,33899.22,2026-04-15,Success
PAY105365,5365,CF83FDCC-3FF5-4B,UPI,3915.0,2026-05-09,Success
PAY105366,5366,1CD24D1E-B27F-41,Net Banking,524.0,2025-10-31,Success
PAY105367,5367,B2BAA099-059B-48,Cash on Delivery,73068.16,2025-02-20,Success
PAY105368,5368,666FF37A-5731-42,UPI,9175.38,2025-04-11,Success
PAY105369,5369,319A01DB-A386-43,UPI,11303.6,2024-10-09,Success
PAY105370,5370,31F196A2-7CA6-4D,Credit Card,41979.0,2024-08-26,Success
PAY105371,5371,C6D358F0-2CC1-4E,Cash on Delivery,28567.32,2024-12-11,Success
PAY105372,5372,AC46F662-01E5-4D,Net Banking,7889.25,2026-02-09,Success
PAY105373,5373,776AFCDB-B4C9-40,Credit Card,509.68,2025-10-06,Success
PAY105374,5374,A8531C8E-E408-4A,UPI,1047.42,2026-05-23,Success
PAY105375,5375,07C605B9-125A-43,Debit Card,2177.4,2026-06-04,Failed
PAY105376,5376,72B7ADF5-B169-46,Credit Card,83770.72,2025-05-10,Success
PAY105377,5377,27A0D8A4-8823-44,UPI,147470.4,2026-04-15,Success
PAY105378,5378,F5745021-AB9B-4F,Credit Card,15781.88,2025-11-12,Success
PAY105379,5379,8B08220E-2DE1-4D,Net Banking,14971.32,2026-06-09,Refunded
PAY105380,5380,7B1592F5-3AE1-4F,Debit Card,1732.0,2025-01-11,Success
PAY105381,5381,D0746DA0-F701-46,Debit Card,169496.1,2025-09-19,Success
PAY105382,5382,A51662EE-0E3F-44,Credit Card,4420.8,2026-04-20,Success
PAY105383,5383,03893B35-F5C0-44,Debit Card,7542.4,2025-06-23,Failed
PAY105384,5384,763646F5-189E-4B,UPI,72398.55,2025-01-12,Success
PAY105385,5385,27A1743D-4C6E-48,Net Banking,2115.8,2024-08-28,Failed
PAY105386,5386,88631207-2E7E-42,Debit Card,12899.25,2026-04-04,Success
PAY105387,5387,27DC6891-A7C6-45,Credit Card,44853.2,2024-07-20,Success
PAY105388,5388,1A1C9F2E-A7FC-44,Credit Card,11042.8,2026-07-14,Success
PAY105389,5389,2B3621E0-11AE-43,UPI,3834.6,2026-05-30,Success
PAY105390,5390,2D8EE928-0029-45,Net Banking,20326.68,2025-10-28,Success
PAY105391,5391,B322C7C2-3EFF-4E,Debit Card,1388.8,2025-02-11,Refunded
PAY105392,5392,7A3B53AA-1391-48,Debit Card,8582.2,2026-01-17,Failed
PAY105393,5393,CEC4BDF9-73BC-4B,Cash on Delivery,41979.0,2024-11-26,Success
PAY105394,5394,6AE33332-648E-4E,Debit Card,36637.44,2025-05-01,Success
PAY105395,5395,D0583A10-DDAE-4E,Cash on Delivery,46652.52,2025-06-25,Success
PAY105396,5396,38DA7A4C-41AC-4F,Net Banking,26512.5,2024-11-03,Success
PAY105397,5397,9DB3EC50-0784-41,Net Banking,462.0,2025-08-25,Success
PAY105398,5398,2FCDB39F-D37C-41,Net Banking,17496.0,2026-06-28,Success
PAY105399,5399,7BF31A29-2340-45,Cash on Delivery,2172.72,2025-08-07,Success
PAY105400,5400,FF0CAE40-73E6-4B,Debit Card,7405.2,2026-05-12,Success
PAY105401,5401,592653B4-5382-47,Debit Card,6746.4,2024-07-20,Success
PAY105402,5402,D9F17936-B4AE-4A,Credit Card,5566.6,2024-10-10,Failed
PAY105403,5403,679319A7-C07F-4C,Credit Card,15376.16,2026-05-25,Success
PAY105404,5404,D2F44358-ACCD-46,Cash on Delivery,13272.48,2025-03-02,Success
PAY105405,5405,205B9F5C-8B5D-42,UPI,6047.7,2025-10-24,Refunded
PAY105406,5406,F22A8017-1C66-45,Net Banking,2093.92,2025-10-14,Success
PAY105407,5407,DCCC88E8-53ED-4A,UPI,106411.5,2025-06-26,Refunded
PAY105408,5408,5A0D77AE-9A7B-4E,Debit Card,5237.1,2025-10-01,Success
PAY105409,5409,2DA2ED18-A946-4D,UPI,4991.44,2026-05-10,Success
PAY105410,5410,CBE318A2-2B59-45,Net Banking,1041.6,2025-03-15,Success
PAY105411,5411,05706885-C837-43,Cash on Delivery,921.6,2026-05-10,Refunded
PAY105412,5412,B6FBBC56-E0F8-43,Debit Card,964.24,2026-03-02,Success
PAY105413,5413,EF1F4258-9FD7-4C,Net Banking,526.32,2026-03-09,Failed
PAY105414,5414,CFFF4E21-FFE1-4D,Net Banking,113115.69,2025-04-10,Success
PAY105415,5415,D3101ACF-28E2-43,Credit Card,1843.2,2025-04-02,Success
PAY105416,5416,AFF2176F-677E-43,Debit Card,5002.5,2025-12-19,Success
PAY105417,5417,E2A22D58-5CA2-4D,Net Banking,3819.0,2025-09-24,Success
PAY105418,5418,813ACD5F-007D-49,Net Banking,2619.48,2026-05-17,Success
PAY105419,5419,0A7D638C-0183-4F,Credit Card,218277.7,2025-03-21,Success
PAY105420,5420,9B625D54-706C-41,Net Banking,5958.0,2025-01-28,Success
PAY105421,5421,EFB8836F-A3D8-49,UPI,3723.0,2025-03-07,Success
PAY105422,5422,7B63816C-916D-40,Debit Card,839.3,2024-09-29,Success
PAY105423,5423,39BD9BF3-41E1-4F,Credit Card,626.52,2025-03-31,Success
PAY105424,5424,BEFD4171-B3F2-48,Net Banking,461.02,2025-04-24,Success
PAY105425,5425,EB592DC7-FEEB-48,Cash on Delivery,5367.6,2025-10-22,Success
PAY105426,5426,5F2E8AE9-537F-4E,Cash on Delivery,104920.02,2025-04-26,Refunded
PAY105427,5427,793CDCC7-ADAC-4E,Credit Card,5002.5,2024-12-08,Success
PAY105428,5428,AD8EBBD8-3617-4A,Debit Card,3196.68,2026-05-25,Success
PAY105429,5429,0549C554-0505-4E,UPI,822.8,2024-09-19,Refunded
PAY105430,5430,B94BF4DC-2BB5-4B,UPI,1465.5,2025-05-04,Success
PAY105431,5431,4B6F45E6-9812-46,UPI,11846.5,2026-01-28,Refunded
PAY105432,5432,10A1D395-CA6B-4B,Debit Card,19543.95,2026-05-26,Success
PAY105433,5433,B1156962-14AA-4E,UPI,40714.72,2026-07-02,Success
PAY105434,5434,3C1C6833-BCC6-4F,Cash on Delivery,72706.4,2024-11-12,Success
PAY105435,5435,E8B385DE-8B91-49,Debit Card,10911.7,2026-04-05,Success
PAY105436,5436,77BC01BD-21C5-40,Net Banking,267.03,2025-10-31,Refunded
PAY105437,5437,A5B26CDE-8731-44,Cash on Delivery,9141.5,2026-04-04,Success
PAY105438,5438,94B63B53-DB6C-48,Net Banking,1867.5,2024-08-11,Success
PAY105439,5439,918FBFB2-282C-46,Credit Card,166458.82,2026-07-07,Success
PAY105440,5440,1DF6A481-B5EF-4F,Credit Card,4524.0,2024-12-11,Success
PAY105441,5441,E24E2751-009F-4E,Cash on Delivery,6365.0,2025-12-25,Refunded
PAY105442,5442,AF4DBB2D-B45E-46,Cash on Delivery,28814.4,2025-12-26,Failed
PAY105443,5443,3852C2CA-A43E-4B,Cash on Delivery,1985.5,2025-09-28,Success
PAY105444,5444,B1FA69E0-A163-4C,Cash on Delivery,146996.25,2025-01-01,Failed
PAY105445,5445,06C2C90A-BCF1-46,Debit Card,2883.0,2026-03-21,Success
PAY105446,5446,C29FB1FA-9E71-4A,Credit Card,2544.48,2025-02-14,Success
PAY105447,5447,3BF3AAD3-0BF7-48,Net Banking,218418.72,2026-05-08,Success
PAY105448,5448,E5E44635-0FFA-41,Debit Card,7789.32,2025-07-20,Success
PAY105449,5449,40526F79-2DF5-4E,Credit Card,72931.05,2025-01-08,Success
PAY105450,5450,EB4F6808-B439-4B,Cash on Delivery,2284.9,2024-09-12,Success
PAY105451,5451,35C8DB89-71CB-47,Net Banking,185500.3,2025-01-02,Success
PAY105452,5452,7A0AC139-9BCC-4F,Net Banking,1234.2,2025-01-16,Success
PAY105453,5453,972C1993-C6AA-4E,Debit Card,1690.56,2024-08-03,Refunded
PAY105454,5454,19E4F534-A422-4B,Credit Card,1382.4,2025-01-23,Success
PAY105455,5455,840B3D3F-2AE5-4E,Net Banking,3585.15,2026-04-02,Success
PAY105456,5456,B5C53FCF-28A8-42,Debit Card,2191.44,2026-05-08,Success
PAY105457,5457,2442AB40-644C-42,UPI,1101.6,2025-07-20,Refunded
PAY105458,5458,EDC4960F-BF6D-40,Debit Card,2605.5,2025-07-18,Success
PAY105459,5459,6F068A9A-0EC8-49,Debit Card,1611.6,2025-12-26,Success
PAY105460,5460,3F9ABA5F-9CDC-4E,Debit Card,2154.33,2025-04-05,Success
PAY105461,5461,F3B1B075-5EB8-4C,Credit Card,1820.16,2025-03-03,Success
PAY105462,5462,90ACF313-AF5A-48,UPI,10296.0,2025-03-24,Failed
PAY105463,5463,68DCC16F-AFF6-4D,UPI,312761.4,2024-11-13,Success
PAY105464,5464,7F71197B-7B39-49,UPI,782.31,2025-08-04,Success
PAY105465,5465,B987CF3F-FDB6-47,Debit Card,291724.2,2025-08-14,Success
PAY105466,5466,5B9D52A1-3CAF-4B,Net Banking,1357.92,2025-11-30,Success
PAY105467,5467,70749BB6-365D-4F,UPI,186.48,2025-08-14,Success
PAY105468,5468,356F5288-3813-44,Credit Card,2146.36,2025-03-13,Success
PAY105469,5469,25D42ABB-0857-47,Net Banking,143017.56,2024-09-19,Success
PAY105470,5470,8EF0DF75-1E2F-41,Credit Card,2007.92,2025-05-31,Success
PAY105471,5471,686ACEF1-E92B-45,Debit Card,5561.55,2025-11-07,Success
PAY105472,5472,07FF09E7-FEEF-42,Cash on Delivery,16267.04,2026-03-19,Success
PAY105473,5473,FE4EAD49-BDE1-4A,Net Banking,4174.56,2025-02-20,Success
PAY105474,5474,0948ACB9-D643-4B,Credit Card,111635.4,2025-11-13,Success
PAY105475,5475,F6CB1C9F-A69A-40,Cash on Delivery,6631.2,2025-08-13,Success
PAY105476,5476,5D132297-4BD7-41,Debit Card,471532.2,2026-05-13,Success
PAY105477,5477,8B026A18-34F8-4D,Debit Card,33529.04,2026-06-06,Success
PAY105478,5478,745FB8A8-1F9C-48,Credit Card,73068.16,2026-06-16,Success
PAY105479,5479,1C2E50EA-B428-4E,Cash on Delivery,9455.4,2024-10-16,Success
PAY105480,5480,0A590B4A-D723-47,Credit Card,9727.4,2025-05-28,Success
PAY105481,5481,6714CE46-60BE-48,Debit Card,17849.65,2025-01-14,Refunded
PAY105482,5482,A890CD04-97BE-45,Debit Card,5985.6,2025-11-12,Success
PAY105483,5483,162EAA5A-53C9-42,Net Banking,686.14,2026-03-04,Success
PAY105484,5484,6D641514-B97F-4F,Credit Card,2128.4,2025-02-18,Success
PAY105485,5485,B1EC7154-777A-44,Credit Card,2233.8,2025-10-11,Success
PAY105486,5486,67F07BC5-3827-42,Credit Card,17107.2,2026-05-12,Success
PAY105487,5487,2ECAD44F-A526-4B,Cash on Delivery,4882.5,2024-11-04,Success
PAY105488,5488,ED08696B-48A7-4C,Net Banking,15907.5,2026-02-28,Success
PAY105489,5489,A1AD572A-5835-40,Debit Card,26846.4,2026-01-25,Success
PAY105490,5490,18AA5D1F-58E8-43,Credit Card,855.36,2024-09-12,Success
PAY105491,5491,D9EE1773-415C-4B,Cash on Delivery,240692.8,2024-08-09,Success
PAY105492,5492,129FE39D-29CE-4F,Net Banking,19273.8,2024-10-10,Success
PAY105493,5493,5C5BC862-3BA1-46,Debit Card,8242.0,2025-05-06,Success
PAY105494,5494,7D62168B-1E08-44,Net Banking,20989.5,2025-11-10,Success
PAY105495,5495,6DF98D94-1865-41,Cash on Delivery,1729.8,2024-10-11,Success
PAY105496,5496,E8B36DA5-5018-4D,UPI,21455.5,2026-03-27,Success
PAY105497,5497,39DEF71C-6C84-47,UPI,406882.65,2025-07-22,Success
PAY105498,5498,1A169088-EFB9-4C,Cash on Delivery,2616.96,2025-09-18,Success
PAY105499,5499,E8FA7B72-A944-4A,Net Banking,22012.32,2024-11-26,Success
PAY105500,5500,6A2554E2-6439-4D,Net Banking,16764.52,2026-05-15,Success
PAY105501,5501,E42BF1FC-4528-41,Net Banking,312761.4,2026-03-14,Success
PAY105502,5502,924837BE-59C9-45,Cash on Delivery,161265.6,2025-04-06,Success
PAY105503,5503,6464CB29-A790-49,Credit Card,262709.2,2024-12-08,Success
PAY105504,5504,59BDD8A0-862C-4F,Credit Card,2433.4,2025-05-24,Success
PAY105505,5505,3F8BF2E3-3C4F-41,Net Banking,5870.24,2026-05-28,Success
PAY105506,5506,75CFC6C5-6D6D-4D,Net Banking,13555.36,2025-08-20,Success
PAY105507,5507,09EACF16-C3F0-4D,Net Banking,1434.72,2024-12-25,Success
PAY105508,5508,D8C354B1-BF2C-4E,Credit Card,1760.76,2025-06-12,Success
PAY105509,5509,D4617E78-9988-4C,Cash on Delivery,596.16,2025-03-14,Refunded
PAY105510,5510,A17CA535-ACFD-43,Net Banking,211390.24,2026-01-26,Success
PAY105511,5511,31B948E5-A20E-49,Cash on Delivery,3112.5,2025-07-26,Success
PAY105512,5512,98CEC27C-2645-47,UPI,8662.68,2025-03-06,Refunded
PAY105513,5513,0A5744FA-0703-41,Debit Card,21455.5,2026-01-12,Failed
PAY105514,5514,475D33B0-49D7-48,Credit Card,1437.96,2026-02-15,Success
PAY105515,5515,72F1EF3B-FDA4-4D,Net Banking,499.59,2024-09-20,Refunded
PAY105516,5516,8D67449A-C1CF-41,Debit Card,4363.5,2024-11-17,Refunded
PAY105517,5517,989FBB2E-50F3-40,Cash on Delivery,32728.8,2026-03-18,Success
PAY105518,5518,61E90FB2-A6E3-4B,Cash on Delivery,327.66,2026-04-15,Refunded
PAY105519,5519,D247FA63-D270-41,Debit Card,43712.64,2025-10-02,Success
PAY105520,5520,2912581E-5270-40,Cash on Delivery,372204.6,2026-01-11,Success
PAY105521,5521,2B64E7B2-B49C-40,UPI,1200.32,2025-08-05,Success
PAY105522,5522,CC2B6576-313C-40,Debit Card,395416.56,2025-07-27,Success
PAY105523,5523,701F6AD2-0537-4E,Cash on Delivery,12186.45,2025-07-24,Success
PAY105524,5524,D086FD4A-57D9-4F,Net Banking,15330.12,2026-04-25,Success
PAY105525,5525,D2CDC474-2592-48,Credit Card,12980.8,2026-04-18,Failed
PAY105526,5526,4E81C92B-4FE4-4D,Credit Card,6286.8,2025-06-05,Failed
PAY105527,5527,3CA88D62-4C02-4A,Net Banking,19162.65,2025-11-01,Success
PAY105528,5528,3595D745-EA30-49,Net Banking,82428.6,2026-07-15,Refunded
PAY105529,5529,893FB4D0-16E2-4D,UPI,398.64,2025-06-16,Success
PAY105530,5530,590D5D86-E793-44,Credit Card,959.42,2026-02-17,Failed
PAY105531,5531,69F5AFD2-6CBC-42,UPI,4451.88,2026-07-08,Failed
PAY105532,5532,05653411-AF3C-46,Credit Card,2876.6,2026-06-06,Failed
PAY105533,5533,DB9FC260-31FA-40,Debit Card,5564.85,2026-01-18,Success
PAY105534,5534,817497F4-D4A7-46,Net Banking,3499.6,2024-09-21,Success
PAY105535,5535,8DB37D8A-9075-45,Net Banking,1917.3,2025-08-23,Failed
PAY105536,5536,D2E234C0-DF1D-4F,Debit Card,668.0,2026-03-11,Success
PAY105537,5537,5E6A30E8-9554-4D,Credit Card,10668.41,2025-01-11,Refunded
PAY105538,5538,12BD6D9A-2CFA-44,Net Banking,395416.56,2024-10-17,Success
PAY105539,5539,0D531194-60A4-42,UPI,214526.34,2026-05-31,Success
PAY105540,5540,2D3F3283-A83C-41,Net Banking,397918.4,2026-04-16,Success
PAY105541,5541,04E8BC0D-6514-49,Net Banking,4822.3,2026-07-09,Success
PAY105542,5542,EDF91619-EC00-4B,UPI,104920.02,2026-02-21,Refunded
PAY105543,5543,FD0B7CEC-AFD0-45,Net Banking,6746.4,2025-02-23,Success
PAY105544,5544,2DAFAFAB-6A51-44,Net Banking,8424.0,2026-04-03,Success
PAY105545,5545,0A9E1834-1300-4A,Net Banking,8728.2,2025-07-20,Success
PAY105546,5546,E0A43180-DF1D-4C,Cash on Delivery,6350.08,2025-03-27,Failed
PAY105547,5547,DBD54D87-C756-4A,Credit Card,545694.25,2025-07-23,Success
PAY105548,5548,A6009100-6BFF-41,UPI,461.66,2025-11-07,Failed
PAY105549,5549,5CF15BBA-68D7-4A,Cash on Delivery,2307.5,2024-11-01,Success
PAY105550,5550,F7B852A8-BB4F-40,Net Banking,5681.6,2025-12-16,Failed
PAY105551,5551,2331E785-060D-4E,Debit Card,1656.0,2026-07-10,Success
PAY105552,5552,DB8FE30B-CADF-47,Credit Card,3170.6,2025-04-25,Success
PAY105553,5553,BBADD574-2842-40,Debit Card,1415.04,2025-06-26,Success
PAY105554,5554,3B4A5E3D-7D1B-43,UPI,1918.84,2024-09-21,Failed
PAY105555,5555,AED22FC9-93DD-40,UPI,1041.18,2025-01-06,Success
PAY105556,5556,04E16C3A-2234-41,Debit Card,3489.28,2025-09-23,Success
PAY105557,5557,1F1EA04B-EE0B-4A,Debit Card,1928.92,2026-05-29,Success
PAY105558,5558,9A7B2B6D-6489-46,Credit Card,1514.2,2026-06-23,Success
PAY105559,5559,6C7844CE-13CE-42,Cash on Delivery,2151.5,2026-05-29,Success
PAY105560,5560,91CBBCA8-02B8-45,Net Banking,4263.6,2025-09-28,Success
PAY105561,5561,55D67242-8EE7-43,Net Banking,4363.5,2024-07-18,Success
PAY105562,5562,E225BFE8-E68E-4A,UPI,10039.6,2025-11-03,Refunded
PAY105563,5563,B3117E22-F8E7-4E,UPI,2774.68,2025-06-01,Success
PAY105564,5564,7FBE6D93-A672-48,Debit Card,592.8,2024-07-21,Success
PAY105565,5565,362DC837-DEA6-4A,Cash on Delivery,2509.2,2024-09-04,Success
PAY105566,5566,FCEC2460-E35E-42,Debit Card,29729.8,2025-03-29,Success
PAY105567,5567,EDC83B55-D1FA-49,UPI,310260.16,2026-07-14,Success
PAY105568,5568,62267337-0554-45,Cash on Delivery,248048.16,2025-03-13,Success
PAY105569,5569,94194C75-FA29-46,Debit Card,8527.2,2025-07-29,Success
PAY105570,5570,B4B17C58-A4D8-41,UPI,287293.32,2025-07-28,Success
PAY105571,5571,3B5159BA-268F-4C,Credit Card,10373.88,2026-04-10,Success
PAY105572,5572,0598C07E-ACE6-42,Debit Card,1551.42,2024-08-02,Failed
PAY105573,5573,1CF96018-FC15-4B,Credit Card,73336.56,2026-07-14,Success
PAY105574,5574,11D49888-A5A4-46,Cash on Delivery,611625.7,2025-01-27,Success
PAY105575,5575,3E8B39C7-CD9B-40,Credit Card,2934.6,2025-12-01,Success
PAY105576,5576,CAADD32C-9FC2-40,Net Banking,1384.5,2026-01-21,Success
PAY105577,5577,039270EF-3D5B-44,Credit Card,218277.7,2026-01-13,Success
PAY105578,5578,AF96F6E1-CFD5-49,Cash on Delivery,565578.45,2025-10-27,Refunded
PAY105579,5579,9DF1310C-587F-4A,Credit Card,641.52,2025-03-08,Success
PAY105580,5580,95CF5CE3-0695-44,Credit Card,5945.96,2026-05-04,Success
PAY105581,5581,0801C384-D336-42,Cash on Delivery,123.9,2025-05-02,Success
PAY105582,5582,71D40134-A52F-4A,UPI,309212.8,2025-11-04,Success
PAY105583,5583,F9297FB0-8E88-4D,Cash on Delivery,7597.92,2025-05-18,Success
PAY105584,5584,313F41CF-FEAB-49,Debit Card,117597.0,2025-06-11,Success
PAY105585,5585,9C2242BE-CBD7-4E,Net Banking,12958.0,2026-05-05,Success
PAY105586,5586,760528CD-7FC6-40,Cash on Delivery,21455.5,2026-06-09,Success
PAY105587,5587,8506F74E-1C37-4A,Cash on Delivery,3640.8,2026-04-12,Success
PAY105588,5588,BD15B4E9-46B0-42,UPI,1335.15,2025-08-19,Success
PAY105589,5589,0A2E7090-9439-4E,Cash on Delivery,4524.0,2026-03-30,Success
PAY105590,5590,B13DD0AC-BE84-45,Net Banking,2978.4,2025-09-27,Success
PAY105591,5591,709C7EEF-C2F3-44,UPI,148400.24,2024-10-04,Success
PAY105592,5592,14A73CDE-02BC-41,UPI,9069.84,2024-11-01,Success
PAY105593,5593,BC1085FE-5A48-4D,Debit Card,686.14,2025-10-07,Failed
PAY105594,5594,02E6FF5A-6169-48,Debit Card,10516.52,2025-10-24,Success
PAY105595,5595,D82D6B52-1A63-43,Cash on Delivery,55351.14,2025-12-10,Refunded
PAY105596,5596,F8AB1A93-633D-46,Net Banking,17837.88,2025-06-03,Success
PAY105597,5597,733632A6-0A7D-41,Credit Card,14279.72,2026-06-15,Success
PAY105598,5598,07781DF4-5F1B-4F,Credit Card,1748.85,2026-03-23,Success
PAY105599,5599,C47D4EC8-9580-4E,Cash on Delivery,7139.86,2026-04-22,Failed
PAY105600,5600,EEAE556C-101B-40,UPI,122385.21,2025-11-29,Success
PAY105601,5601,9EAD0D73-C097-49,Credit Card,284639.36,2025-07-17,Success
PAY105602,5602,F0B515A3-79FB-44,Cash on Delivery,16834.0,2025-06-11,Failed
PAY105603,5603,0BEE387B-E6AC-4B,UPI,1450.68,2025-08-28,Failed
PAY105604,5604,3149B175-CA3C-47,Credit Card,4722.34,2025-12-20,Success
PAY105605,5605,5AB3C12E-9C35-4C,Debit Card,17003.96,2026-01-15,Failed
PAY105606,5606,0E1162BA-C93D-46,UPI,2839.2,2024-08-08,Success
PAY105607,5607,DFED30AD-8E9F-4E,Net Banking,25147.2,2024-08-28,Failed
PAY105608,5608,D4D49C5A-007D-49,Net Banking,2965.2,2026-03-28,Success
PAY105609,5609,A8022082-6988-40,Cash on Delivery,695.52,2025-07-13,Success
PAY105610,5610,D7493FEC-5576-46,Credit Card,1346.8,2025-09-11,Failed
PAY105611,5611,6603C6EA-FDD8-4C,Debit Card,2210.4,2025-06-19,Success
PAY105612,5612,59F5BDEE-3245-4C,Net Banking,1162.0,2024-09-03,Success
PAY105613,5613,B5E9F4F8-7AFB-43,Credit Card,2819.76,2025-08-05,Success
PAY105614,5614,B26D724A-5C93-4B,Debit Card,15578.64,2026-06-09,Success
PAY105615,5615,D7A670EC-7B9B-4A,Net Banking,728.8,2024-11-14,Success
PAY105616,5616,43D89963-8A31-4B,Credit Card,1214.4,2025-03-18,Success
PAY105617,5617,9204AE8F-4482-4E,Net Banking,335082.88,2024-12-12,Success
PAY105618,5618,B248502A-ADBC-4B,UPI,72398.55,2026-06-08,Success
PAY105619,5619,FE1ACDE6-F975-40,Cash on Delivery,2043.36,2025-09-28,Refunded
PAY105620,5620,28BF7E3F-F057-41,Credit Card,8471.28,2025-11-08,Success
PAY105621,5621,4D822461-5180-43,Cash on Delivery,1483.02,2026-03-21,Success
PAY105622,5622,6F254B05-C4BA-47,Net Banking,26544.96,2026-03-03,Failed
PAY105623,5623,11571204-DC01-42,Credit Card,681.36,2024-12-31,Success
PAY105624,5624,166A3503-C981-49,Cash on Delivery,314197.68,2025-01-20,Success
PAY105625,5625,31285DAD-90B5-4F,Credit Card,39852.25,2026-04-26,Success
PAY105626,5626,D67D5716-C17B-47,Debit Card,114923.4,2026-06-22,Success
PAY105627,5627,86D233F2-65CB-4F,UPI,8058.82,2026-06-23,Success
PAY105628,5628,40A40890-6D20-4C,Credit Card,10422.0,2024-12-24,Success
PAY105629,5629,A23D69E7-706B-40,Net Banking,21254.95,2025-07-12,Success
PAY105630,5630,F1B909AD-D81F-4E,UPI,90187.85,2026-02-01,Success
PAY105631,5631,7817580E-D728-40,Credit Card,3395.04,2025-06-24,Success
PAY105632,5632,02940101-64E6-41,Cash on Delivery,25147.2,2024-11-18,Success
PAY105633,5633,39EAE310-858A-40,UPI,4944.4,2025-05-16,Success
PAY105634,5634,76D4F5B1-69E7-40,Credit Card,21033.04,2025-06-09,Success
PAY105635,5635,677503CF-CA39-4C,UPI,1460.04,2025-11-25,Failed
PAY105636,5636,DF8F9487-4A75-40,Net Banking,338361.12,2026-02-11,Success
PAY105637,5637,677218B6-8515-43,UPI,2878.26,2025-08-01,Success
PAY105638,5638,76C97AAB-E679-43,UPI,30166.8,2025-05-22,Success
PAY105639,5639,765E57FC-34DA-46,UPI,8841.6,2026-02-02,Success
PAY105640,5640,F93216DF-681F-48,UPI,28567.32,2024-10-11,Success
PAY105641,5641,50BC072F-B01D-43,Credit Card,57922.2,2026-04-27,Failed
PAY105642,5642,23A0E5BF-66DE-41,Credit Card,23736.0,2025-02-18,Success
PAY105643,5643,5F839F15-59FF-41,Net Banking,26544.96,2026-06-13,Success
PAY105644,5644,B7FECF13-1A15-44,Net Banking,2619.48,2025-06-02,Success
PAY105645,5645,21D12264-19C1-42,Credit Card,707.52,2026-02-23,Success
PAY105646,5646,949357B2-73FC-4E,Cash on Delivery,297763.68,2025-11-17,Success
PAY105647,5647,A1F4B091-DDDD-4E,Debit Card,287293.32,2026-07-02,Success
PAY105648,5648,499B327C-C72F-4C,Debit Card,12363.0,2024-12-25,Success
PAY105649,5649,5B3D5B5F-9335-4F,UPI,2894.76,2025-12-07,Success
PAY105650,5650,1E17D1BB-6D4F-41,Credit Card,4738.6,2025-07-23,Success
PAY105651,5651,2AE87193-BB4A-42,Net Banking,3510.0,2026-04-10,Refunded
PAY105652,5652,AAEBF2E4-CBCC-44,UPI,2869.44,2025-11-08,Success
PAY105653,5653,96C6F70B-BD39-4A,Credit Card,539.5,2025-02-18,Success
PAY105654,5654,E5188C2A-C21B-41,UPI,11297.0,2026-01-06,Success
PAY105655,5655,6F9A4081-E20B-40,Net Banking,3915.0,2024-12-23,Success
PAY105656,5656,9CFFB50F-EA25-4A,Cash on Delivery,72931.05,2026-02-21,Success
PAY105657,5657,B4462273-937C-43,UPI,677.97,2025-04-01,Success
PAY105658,5658,832A5503-5A17-49,Net Banking,6545.25,2025-11-27,Success
PAY105659,5659,52C9E39F-3F2C-46,Credit Card,745.2,2025-03-11,Success
PAY105660,5660,8AFADDEC-D6FC-4C,UPI,285.6,2025-07-09,Success
PAY105661,5661,77171C8A-9726-46,Credit Card,3170.6,2025-02-25,Success
PAY105662,5662,07A37DCB-EE0C-49,Net Banking,54529.8,2024-08-11,Success
PAY105663,5663,CB4924F4-A25F-46,Credit Card,102454.08,2024-12-11,Success
PAY105664,5664,16994E32-91AB-47,Net Banking,1544.68,2025-09-05,Success
PAY105665,5665,9CD78CD4-95FE-41,Credit Card,72706.4,2025-12-08,Success
PAY105666,5666,B02E4932-05DE-45,Credit Card,677.97,2024-12-24,Success
PAY105667,5667,974A9511-48ED-4A,Credit Card,1174.5,2025-12-16,Success
PAY105668,5668,EC3A78A7-A88D-46,Debit Card,6958.25,2025-11-25,Success
PAY105669,5669,D031E57F-5617-44,UPI,86287.29,2025-10-21,Success
PAY105670,5670,2EC42EA3-8716-40,Net Banking,4594.88,2024-09-04,Success
PAY105671,5671,40020C29-4FDB-40,Cash on Delivery,6375.0,2025-01-21,Success
PAY105672,5672,372EC75D-5A72-45,UPI,3061.8,2025-09-04,Success
PAY105673,5673,78CAB81B-6E25-4C,Cash on Delivery,5103.24,2025-08-19,Success
PAY105674,5674,3D2AEDD7-4FC8-42,UPI,4568.2,2025-07-20,Refunded
PAY105675,5675,B4DDA17C-B93A-4C,Cash on Delivery,171211.6,2025-05-19,Refunded
PAY105676,5676,CC7F779C-774F-42,Credit Card,2305.1,2025-01-12,Success
PAY105677,5677,518E3A1D-A4F0-46,Credit Card,363131.1,2025-05-13,Success
PAY105678,5678,6A13B7A1-F602-4C,Cash on Delivery,7780.41,2025-05-16,Failed
PAY105679,5679,6D16FE05-D09F-4A,UPI,11109.8,2026-04-26,Success
PAY105680,5680,26F1741B-C2FE-4A,Net Banking,209465.12,2026-04-02,Success
PAY105681,5681,2BBCDF0B-D0C2-48,UPI,173769.92,2025-05-23,Success
PAY105682,5682,41EEE50B-2AAD-43,Net Banking,9534.33,2024-11-01,Success
PAY105683,5683,075405AC-8309-43,Cash on Delivery,1483.79,2025-11-30,Success
PAY105684,5684,13279160-32B5-4E,UPI,1419.6,2024-11-28,Refunded
PAY105685,5685,2E4507B9-D2F6-42,Cash on Delivery,2081.01,2025-07-25,Success
PAY105686,5686,2F319E6B-DE17-47,UPI,298282.14,2025-03-06,Success
PAY105687,5687,29A93AEA-179D-46,Debit Card,607.2,2025-11-14,Success
PAY105688,5688,DA2CA29E-763A-44,Credit Card,10306.56,2025-07-28,Success
PAY105689,5689,7E08D852-2682-43,Cash on Delivery,3795.33,2026-06-24,Success
PAY105690,5690,A96EDE09-2BCF-41,Cash on Delivery,222462.24,2024-08-22,Success
PAY105691,5691,968F0A6F-BDEE-41,Debit Card,142.8,2024-09-05,Success
PAY105692,5692,9D924BA7-E91F-49,Debit Card,964.24,2026-06-04,Success
PAY105693,5693,5601BA85-B8E1-47,Credit Card,1324.8,2024-08-03,Refunded
PAY105694,5694,190C9E45-542B-4D,Cash on Delivery,1246.6,2024-09-16,Success
PAY105695,5695,01D5D05C-FED8-41,Cash on Delivery,2284.36,2025-05-06,Success
PAY105696,5696,7D4AAF33-5572-42,Credit Card,210321.32,2026-05-07,Success
PAY105697,5697,79499BEC-3CA6-41,Cash on Delivery,668.22,2025-04-21,Success
PAY105698,5698,18431627-A984-43,Net Banking,218359.16,2024-08-23,Success
PAY105699,5699,AC923216-C25B-40,Debit Card,13235.95,2026-06-09,Success
PAY105700,5700,2C08A51C-E053-47,Debit Card,7130.0,2024-12-26,Success
PAY105701,5701,58250803-1AC8-48,Net Banking,1544.68,2025-10-06,Refunded
PAY105702,5702,C4DF89DB-9836-45,Credit Card,328186.32,2025-12-28,Success
PAY105703,5703,DF2455EA-5F27-44,Net Banking,21856.32,2024-11-03,Success
PAY105704,5704,F08C7A44-2DE6-4F,UPI,14121.25,2026-04-02,Success
PAY105705,5705,5C2ABF97-8C1F-41,Net Banking,12873.3,2025-02-03,Success
PAY105706,5706,12D4631A-6925-44,UPI,209.95,2025-12-13,Success
PAY105707,5707,83938682-7BAD-4F,Cash on Delivery,149.04,2024-11-04,Failed
PAY105708,5708,13BE7A81-1738-49,Debit Card,5893.8,2024-09-04,Success
PAY105709,5709,54FC7C5E-62F5-4D,Net Banking,4764.2,2024-09-29,Failed
PAY105710,5710,A63381A5-EE0D-4D,UPI,6990.4,2024-09-30,Refunded
PAY105711,5711,E1F8B502-EBEC-40,Net Banking,5673.24,2025-09-28,Failed
PAY105712,5712,B70A4B47-C4B0-4C,Credit Card,924.0,2026-05-15,Success
PAY105713,5713,A318F32F-577E-40,Net Banking,62012.04,2026-03-02,Success
PAY105714,5714,04B0EA59-5295-41,Credit Card,12088.23,2025-10-19,Success
PAY105715,5715,8312C6D1-F4AF-46,Net Banking,3971.0,2026-05-10,Success
PAY105716,5716,E443C1A8-6E6D-41,Debit Card,2942.64,2026-07-12,Success
PAY105717,5717,F1BA8841-49D4-43,Credit Card,2893.38,2026-06-03,Success
PAY105718,5718,116DD3BF-D3AA-4B,Debit Card,1953.0,2024-09-21,Refunded
PAY105719,5719,5983C9C0-ECDD-42,UPI,3486.0,2024-12-14,Success
PAY105720,5720,A8EEF1D6-600B-4A,Net Banking,27110.72,2025-07-25,Success
PAY105721,5721,C4361D52-151D-44,Credit Card,6545.25,2026-04-01,Success
PAY105722,5722,65005D67-2368-4F,Debit Card,32005.23,2024-11-03,Refunded
PAY105723,5723,285AF87F-1693-49,UPI,1683.0,2025-10-24,Success
PAY105724,5724,07C0195D-0FBE-4B,Cash on Delivery,2346.93,2024-10-01,Success
PAY105725,5725,471C9980-9178-4F,UPI,9477.2,2025-11-29,Success
PAY105726,5726,C1C4D531-747C-49,Cash on Delivery,1701.05,2026-05-29,Success
PAY105727,5727,1C655514-20AA-4A,Cash on Delivery,135954.0,2025-03-11,Success
PAY105728,5728,51E800F1-33FA-44,Net Banking,153694.8,2026-05-20,Failed
PAY105729,5729,48AA9253-AF94-4E,Debit Card,494.34,2026-03-09,Success
PAY105730,5730,E974C40E-3B2F-4B,Net Banking,355799.2,2026-07-16,Failed
PAY105731,5731,52ED66C5-DE69-42,Net Banking,4879.0,2025-03-23,Success
PAY105732,5732,AB389F2D-BAD2-43,Debit Card,478822.2,2024-07-18,Success
PAY105733,5733,36455365-28E9-43,Cash on Delivery,139.86,2025-11-10,Success
PAY105734,5734,F685E9BA-8A61-46,UPI,99479.6,2026-04-11,Success
PAY105735,5735,0C8DD53B-4478-4E,Debit Card,8133.52,2025-07-02,Refunded
PAY105736,5736,65529EEF-27C0-41,UPI,5564.85,2024-10-08,Success
PAY105737,5737,3EFF9EE4-3C67-46,Credit Card,2967.58,2025-11-18,Refunded
PAY105738,5738,31739604-53DB-4A,Cash on Delivery,12600.0,2025-03-04,Success
PAY105739,5739,01DDA302-AC89-47,Net Banking,191528.88,2026-03-22,Refunded
PAY105740,5740,73A41671-3D69-4D,UPI,32665.32,2025-01-23,Success
PAY105741,5741,B442DC40-4B44-4D,Debit Card,231909.6,2024-10-28,Success
PAY105742,5742,D920A990-B346-4B,UPI,171211.6,2024-08-13,Refunded
PAY105743,5743,EB085FDE-45CC-4B,Debit Card,2471.7,2026-03-10,Success
PAY105744,5744,2E1A2F82-8230-44,Cash on Delivery,11891.92,2025-01-29,Refunded
PAY105745,5745,E6DB79F1-7F68-43,Debit Card,8876.85,2025-02-16,Success
PAY105746,5746,17ED3F98-1E5B-43,Cash on Delivery,1630.64,2026-03-27,Success
PAY105747,5747,8A60B9CF-2D9F-4B,UPI,1075.75,2024-08-22,Success
PAY105748,5748,E4ADE7B0-54A4-4E,Credit Card,13397.4,2026-07-05,Refunded
PAY105749,5749,0C4F2A5F-D3CC-41,Credit Card,964.24,2026-02-25,Success
PAY105750,5750,EB790044-A7A0-41,Credit Card,92216.88,2025-01-15,Success
PAY105751,5751,CAA4952B-8A14-40,Debit Card,26291.3,2026-02-11,Refunded
PAY105752,5752,295C3769-6624-47,Debit Card,275463.52,2025-06-25,Failed
PAY105753,5753,462B48FB-830B-4F,Debit Card,171211.6,2025-07-06,Success
PAY105754,5754,DC761F77-2CB7-48,Net Banking,116840.5,2024-10-04,Refunded
PAY105755,5755,AE2D5C76-0C0A-49,Credit Card,15477.84,2024-10-02,Success
PAY105756,5756,11CB1317-67A9-43,Credit Card,33988.5,2025-05-05,Success
PAY105757,5757,1E616876-F668-42,Net Banking,3197.4,2024-10-19,Success
PAY105758,5758,275A67C5-D904-4D,Cash on Delivery,855.36,2025-11-21,Success
PAY105759,5759,5D0BC193-7705-4D,Credit Card,17863.2,2025-12-06,Success
PAY105760,5760,06F0BF5B-4264-40,Net Banking,4410.0,2025-10-10,Success
PAY105761,5761,3D389AAD-C58A-49,UPI,1645.6,2025-12-19,Failed
PAY105762,5762,7C6DF32B-6277-4D,UPI,2942.64,2026-02-28,Success
PAY105763,5763,EA62BD42-7AF0-4A,Credit Card,931.92,2026-04-29,Success
PAY105764,5764,EB1BEC11-E015-46,Net Banking,233681.0,2024-09-05,Refunded
PAY105765,5765,09A3C1A8-D64D-4E,Debit Card,169496.1,2025-11-24,Success
PAY105766,5766,61E2E9A8-691F-4B,Debit Card,35882.56,2025-11-08,Success
PAY105767,5767,E69AE313-D757-4F,Cash on Delivery,12442.5,2024-11-05,Failed
PAY105768,5768,6B9CC270-E74C-45,Net Banking,2001.0,2025-09-03,Success
PAY105769,5769,65B1AA71-2623-46,UPI,2075.0,2026-04-25,Failed
PAY105770,5770,540A34F9-E410-49,UPI,2210.4,2025-07-03,Success
PAY105771,5771,6F2B95F4-E075-45,Credit Card,2261.64,2026-03-23,Success
PAY105772,5772,683A9E17-C7F1-46,Cash on Delivery,4250.99,2025-04-10,Success
PAY105773,5773,E7690EBB-52B5-4D,Credit Card,2687.35,2025-02-01,Success
PAY105774,5774,F6C3E247-0E2F-40,Net Banking,25798.5,2026-02-21,Success
PAY105775,5775,2F6DB418-78D8-48,Debit Card,1245.0,2026-06-18,Success
PAY105776,5776,26ED3361-1640-44,UPI,8400.0,2026-07-19,Refunded
PAY105777,5777,AC18307A-5E28-42,Cash on Delivery,25240.5,2025-05-01,Success
PAY105778,5778,552E9BD9-431A-40,Credit Card,4420.8,2026-05-15,Success
PAY105779,5779,CA88D9E4-7037-47,Credit Card,1198.4,2025-02-23,Success
PAY105780,5780,E54D5D70-9654-4E,Net Banking,2992.8,2025-11-01,Success
PAY105781,5781,FE2E91F5-F52D-44,UPI,278077.8,2026-02-09,Success
PAY105782,5782,FD38B725-4C85-4F,Net Banking,90187.85,2024-12-13,Success
PAY105783,5783,9B40C03A-A6FB-41,UPI,2605.5,2026-06-08,Success
PAY105784,5784,E59D38A5-D586-42,Debit Card,886.2,2026-05-28,Success
PAY105785,5785,AABF06BA-F8EE-42,Cash on Delivery,226018.95,2024-09-01,Success
PAY105786,5786,5A7FC6B2-C01E-4A,Credit Card,1651.44,2026-01-07,Success
PAY105787,5787,70A8FB53-7F20-47,Net Banking,1736.0,2026-07-05,Success
PAY105788,5788,FAFB1A1A-9E09-49,Credit Card,109179.58,2024-11-25,Refunded
PAY105789,5789,B312D690-D73F-4E,Credit Card,964.24,2026-05-03,Success
PAY105790,5790,59DC113A-4514-4A,Debit Card,8031.68,2024-08-20,Success
PAY105791,5791,51E99760-1171-49,Credit Card,2093.92,2025-02-11,Success
PAY105792,5792,E3CA0420-82EB-4E,UPI,17107.2,2026-01-21,Success
PAY105793,5793,4DB2528A-97BC-4F,UPI,275527.9,2025-07-09,Success
PAY105794,5794,DC6A1F91-6C97-4D,UPI,4083.2,2026-01-29,Success
PAY105795,5795,E87E710B-F909-4C,UPI,452.64,2026-06-16,Success
PAY105796,5796,DCE4F595-5C35-41,Credit Card,5081.67,2026-03-11,Success
PAY105797,5797,02A210F0-7EF2-4C,Cash on Delivery,950.18,2026-02-09,Success
PAY105798,5798,A5B31142-52F5-46,UPI,1434.06,2025-05-22,Success
PAY105799,5799,CA1E3125-D5F1-46,Net Banking,163814.04,2024-10-04,Success
PAY105800,5800,D47767EA-6076-45,Debit Card,29729.8,2024-12-23,Refunded
PAY105801,5801,302E6FF5-25FC-4C,Credit Card,2644.75,2025-02-01,Failed
PAY105802,5802,94ED37CB-5EE0-4E,Debit Card,21033.04,2026-02-07,Success
PAY105803,5803,069963D6-709B-46,Debit Card,4287.78,2025-04-02,Refunded
PAY105804,5804,C8EAB65A-2761-46,Cash on Delivery,267.03,2025-02-03,Refunded
PAY105805,5805,D0B56D1E-ED1D-47,Debit Card,5329.0,2025-03-11,Success
PAY105806,5806,91252C1E-55B1-4A,Debit Card,5570.37,2025-02-12,Success
PAY105807,5807,7F2C9A7F-AA98-40,Credit Card,17863.2,2025-06-07,Success
PAY105808,5808,5E5F80C1-1526-4B,Net Banking,25408.35,2026-04-30,Success
PAY105809,5809,AF370F26-30F3-44,Credit Card,27774.5,2026-03-13,Refunded
PAY105810,5810,4192636C-5786-4F,Debit Card,3769.4,2026-03-03,Failed
PAY105811,5811,9B89E20E-5478-49,UPI,2347.68,2025-05-10,Success
PAY105812,5812,69A3A967-8B61-45,UPI,482.12,2025-02-07,Success
PAY105813,5813,347C5676-3122-44,Debit Card,2377.95,2025-05-09,Success
PAY105814,5814,D1DF9031-BA44-4B,Net Banking,13326.12,2025-04-23,Failed
PAY105815,5815,57BA72F7-E51F-45,Cash on Delivery,27774.5,2025-08-26,Success
PAY105816,5816,5E2EFE71-FF80-42,Credit Card,992.75,2025-06-05,Failed
PAY105817,5817,9898D067-6F35-41,Net Banking,2495.72,2025-05-12,Refunded
PAY105818,5818,D1C37407-E72B-4A,Debit Card,3781.2,2026-03-26,Success
PAY105819,5819,94D20F19-7517-46,Debit Card,5681.6,2026-06-25,Success
PAY105820,5820,F9799D42-8401-46,Credit Card,3294.27,2025-02-10,Refunded
PAY105821,5821,478F7835-03FA-4B,Debit Card,2210.4,2025-04-27,Success
PAY105822,5822,B09738C2-95A7-4D,Debit Card,622.5,2025-02-06,Success
PAY105823,5823,DE87D7F8-D418-49,Credit Card,32005.23,2026-04-16,Success
PAY105824,5824,C37219E1-3537-4E,Credit Card,659027.6,2025-07-18,Success
PAY105825,5825,FA8A2803-877F-48,Debit Card,20310.75,2026-04-24,Success
PAY105826,5826,97DE4E95-F300-4C,Cash on Delivery,2936.25,2026-03-30,Refunded
PAY105827,5827,0376C1D4-7491-4A,Net Banking,260654.88,2024-08-29,Success
PAY105828,5828,562DBD22-B073-42,Credit Card,8375.68,2025-08-04,Success
PAY105829,5829,3EE9A170-49E7-4D,Net Banking,25147.2,2026-03-26,Success
PAY105830,5830,1B9D918D-B469-4E,Net Banking,6719.25,2024-11-21,Success
PAY105831,5831,5F4DB24D-C948-4E,Debit Card,214014.5,2024-11-24,Success
PAY105832,5832,4FF30F89-E435-41,UPI,162076.8,2024-11-23,Success
PAY105833,5833,0FB6E45B-337A-49,UPI,26846.4,2025-10-26,Failed
PAY105834,5834,4DB33DA3-B6AA-49,Debit Card,187852.24,2026-07-16,Failed
PAY105835,5835,DFF99112-1615-49,Cash on Delivery,125342.7,2026-03-05,Success
PAY105836,5836,E9D1CC92-248B-45,Net Banking,331901.5,2026-03-30,Success
PAY105837,5837,169BC528-A105-4A,Net Banking,764.64,2024-09-30,Success
PAY105838,5838,983B702D-41FA-4D,Net Banking,11385.99,2025-03-03,Success
PAY105839,5839,797CF0DC-A286-4E,Credit Card,218790.88,2025-12-30,Success
PAY105840,5840,4A04F3D5-2653-4D,Credit Card,3477.6,2026-06-17,Success
PAY105841,5841,C29F4ED5-A1B5-47,Cash on Delivery,31434.0,2026-06-13,Success
PAY105842,5842,42363650-0966-4D,Credit Card,3861.7,2024-08-19,Failed
PAY105843,5843,B9A97E05-E804-47,Debit Card,12355.62,2026-04-02,Refunded
PAY105844,5844,D4FF3B24-201C-45,Credit Card,17003.96,2025-11-02,Success
PAY105845,5845,A9302183-536C-42,UPI,3349.5,2026-02-01,Failed
PAY105846,5846,D96EAC39-1ACE-47,Credit Card,5427.0,2024-11-26,Success
PAY105847,5847,1A4CAAA9-6120-49,Debit Card,245484.0,2025-02-24,Success
PAY105848,5848,A4CF7F84-A445-49,UPI,3644.0,2024-12-01,Success
PAY105849,5849,0D38CAF9-61F1-42,Net Banking,29753.4,2025-10-30,Success
PAY105850,5850,846DF348-3FC0-46,Cash on Delivery,1891.08,2025-04-27,Success
PAY105851,5851,56C5EB92-98A0-4E,Debit Card,3032.55,2025-05-22,Failed
PAY105852,5852,CBF6DD39-4063-4B,Cash on Delivery,1436.64,2025-07-22,Success
PAY105853,5853,9307F290-831D-4D,Net Banking,15344.34,2024-08-11,Success
PAY105854,5854,062A2C2F-5C5E-42,Net Banking,17384.82,2026-01-03,Success
PAY105855,5855,E52053DD-AEA3-46,Debit Card,8840.7,2025-11-25,Success
PAY105856,5856,9DAE8009-6EEA-4F,Debit Card,170948.96,2025-12-10,Refunded
PAY105857,5857,FCCCF322-C5B0-49,Debit Card,10516.52,2025-12-01,Success
PAY105858,5858,C2EC703E-AB4D-49,UPI,1818.84,2026-01-26,Failed
PAY105859,5859,E17461B4-9AA0-48,Cash on Delivery,1564.62,2026-02-11,Success
PAY105860,5860,7EF47DDC-9D09-4A,UPI,1836.0,2025-05-14,Success
PAY105861,5861,A6E28C4E-00E7-40,Cash on Delivery,69946.68,2025-11-21,Refunded
PAY105862,5862,73F4FFB7-DD39-41,UPI,6286.8,2026-03-15,Success
PAY105863,5863,9261D6BF-D605-47,UPI,1709.1,2026-02-22,Success
PAY105864,5864,AED185EB-9FBF-41,Cash on Delivery,2225.94,2025-06-05,Refunded
PAY105865,5865,E7B8CD75-EAB4-44,Credit Card,128211.72,2024-11-07,Success
PAY105866,5866,63FB9DB4-F69C-45,Credit Card,17740.32,2025-10-11,Success
PAY105867,5867,BF77AB1D-0F49-4B,Credit Card,3261.28,2025-11-01,Success
PAY105868,5868,A3261BF3-8EBD-45,Debit Card,1228.5,2025-09-27,Success
PAY105869,5869,45A76530-68AA-49,Debit Card,104.16,2024-09-02,Success
PAY105870,5870,695EBAA5-C703-42,UPI,7691.6,2025-04-26,Success
PAY105871,5871,97BA5D90-3064-4B,Net Banking,2208.56,2026-01-29,Refunded
PAY105872,5872,6F3E3A53-418A-42,UPI,263611.04,2026-04-20,Success
PAY105873,5873,8E5321F6-5395-4B,Debit Card,86883.3,2024-10-09,Success
PAY105874,5874,22D4FF33-AB27-4E,Credit Card,4420.8,2025-09-03,Success
PAY105875,5875,B55E733A-9880-41,Debit Card,2347.68,2024-12-30,Success
PAY105876,5876,310D4AC3-FB3E-40,UPI,27279.25,2025-06-16,Refunded
PAY105877,5877,D86C5BDD-5CB5-47,Credit Card,5566.6,2025-01-10,Refunded
PAY105878,5878,A940C226-D9D1-41,Credit Card,8559.25,2024-11-23,Success
PAY105879,5879,D28CBFFC-2312-4D,UPI,1382.4,2024-10-14,Success
PAY105880,5880,E62E220A-9D4C-42,Cash on Delivery,671.84,2025-02-24,Success
PAY105881,5881,757377C2-AE87-47,Debit Card,681.1,2026-06-12,Success
PAY105882,5882,AB98C8DD-85C7-40,Cash on Delivery,2187.57,2025-05-21,Success
PAY105883,5883,294AAE84-1BED-45,Credit Card,2721.75,2026-02-19,Success
PAY105884,5884,59E31BC1-1475-4B,Net Banking,35650.0,2025-10-12,Failed
PAY105885,5885,DDD83112-435B-41,Credit Card,2724.48,2024-07-21,Success
PAY105886,5886,EE2B8810-70A2-4C,Cash on Delivery,9159.36,2024-08-19,Success
PAY105887,5887,A7E4B32E-C821-44,Net Banking,343355.8,2025-05-17,Success
PAY105888,5888,8DE92BAD-7C99-48,Cash on Delivery,8965.88,2026-03-13,Success
PAY105889,5889,CC2BC181-7069-47,Debit Card,135954.0,2026-01-02,Success
PAY105890,5890,E37C9010-DE0F-4B,UPI,26857.44,2026-02-26,Success
PAY105891,5891,DE4EE6EA-99C1-47,Net Banking,86287.29,2024-08-04,Refunded
PAY105892,5892,60B33CDD-7603-41,Cash on Delivery,143017.56,2024-08-28,Success
PAY105893,5893,553233E7-C852-48,Cash on Delivery,499.59,2025-03-14,Success
PAY105894,5894,417B8D3D-928C-4D,Net Banking,1729.0,2026-03-20,Success
PAY105895,5895,331651A4-2BE0-40,UPI,1211.36,2025-03-06,Success
PAY105896,5896,72D0F17C-9790-4A,UPI,2369.8,2025-12-08,Failed
PAY105897,5897,16B3AE89-0E0E-4B,Net Banking,310260.16,2025-07-05,Refunded
PAY105898,5898,DF42AD4F-1619-40,Cash on Delivery,1701.05,2026-01-05,Success
PAY105899,5899,B2F076BA-CAA7-43,Debit Card,5455.85,2024-10-06,Failed
PAY105900,5900,9F5E2F0C-A42D-4A,UPI,924.0,2026-02-18,Success
PAY105901,5901,9DDD07DA-695B-45,Credit Card,312.48,2026-06-03,Success
PAY105902,5902,66CCA980-8E03-48,Cash on Delivery,2993.96,2024-11-21,Success
PAY105903,5903,62BC14EE-1FB6-40,Debit Card,2272.64,2024-12-08,Refunded
PAY105904,5904,818DD06A-11D3-46,Debit Card,9982.8,2026-01-14,Refunded
PAY105905,5905,E733C1E4-9163-47,Net Banking,1386.0,2026-04-23,Failed
PAY105906,5906,DE8CDC01-4865-47,Net Banking,131009.76,2025-04-19,Success
PAY105907,5907,7FCE4557-66F0-4D,Credit Card,21610.8,2025-05-20,Refunded
PAY105908,5908,EB1A176A-7F24-42,Cash on Delivery,7418.95,2025-06-07,Success
PAY105909,5909,8AD6E9F9-9565-4A,Net Banking,20192.4,2026-01-21,Success
PAY105910,5910,CEE298DD-6EFE-41,UPI,4451.37,2026-05-17,Success
PAY105911,5911,78F596F3-B109-47,Net Banking,626.94,2026-07-06,Success
PAY105912,5912,8A973A1C-5354-4C,Cash on Delivery,156.63,2026-07-19,Success
PAY105913,5913,1A46DCC8-9E6A-4B,Debit Card,2114.82,2024-11-07,Success
PAY105914,5914,1DE20EBB-9C30-4D,UPI,1321.84,2025-10-17,Success
PAY105915,5915,B3B6C25B-E2F5-47,Cash on Delivery,72931.05,2025-09-22,Refunded
PAY105916,5916,7515B1F2-6747-46,Net Banking,2982.0,2025-01-18,Success
PAY105917,5917,0E2EFF5F-DA20-46,Debit Card,668.22,2024-08-20,Success
PAY105918,5918,BB48B3D7-52E2-4B,UPI,23480.96,2026-03-01,Success
PAY105919,5919,0FD075D2-AD11-4F,Credit Card,2174.73,2024-09-24,Success
PAY105920,5920,46100588-A931-46,Cash on Delivery,222660.0,2026-03-18,Success
PAY105921,5921,4ED9FF64-BC17-45,UPI,199140.9,2025-09-25,Success
PAY105922,5922,5679D822-67C5-41,Debit Card,3590.55,2026-02-02,Success
PAY105923,5923,3D48E0D9-2BB6-4A,Cash on Delivery,10957.5,2025-07-26,Success
PAY105924,5924,75FEDA63-3271-44,UPI,245101.75,2026-06-18,Success
PAY105925,5925,59BFEA5A-8654-4B,Credit Card,17610.72,2026-04-23,Refunded
PAY105926,5926,7191DE94-984E-4E,Credit Card,170948.96,2025-05-09,Refunded
PAY105927,5927,6508295A-A6BB-46,UPI,226184.64,2025-01-17,Success
PAY105928,5928,73B1C869-1C84-4C,Net Banking,2808.0,2024-12-07,Success
PAY105929,5929,90C6853C-2A92-48,Credit Card,33988.5,2025-07-18,Success
PAY105930,5930,67335C6D-8AE5-42,Cash on Delivery,8527.2,2026-03-31,Success
PAY105931,5931,46E7A993-5120-4C,Cash on Delivery,701.76,2026-04-22,Success
PAY105932,5932,57A048E6-9BC1-44,Cash on Delivery,4451.88,2026-02-28,Failed
PAY105933,5933,E5C44351-3591-4E,Cash on Delivery,2311.15,2025-05-14,Success
PAY105934,5934,CE3F55F2-E625-47,UPI,32971.44,2025-07-29,Refunded
PAY105935,5935,88288A9F-45E0-48,Net Banking,520.8,2024-09-19,Failed
PAY105936,5936,27AB5AC2-6D62-4A,Credit Card,19727.35,2024-09-01,Failed
PAY105937,5937,6C4F6061-2041-4C,Net Banking,1530.9,2025-10-28,Refunded
PAY105938,5938,9887FB02-0395-46,UPI,16657.65,2025-10-10,Success
PAY105939,5939,D213E971-F170-45,Debit Card,7597.92,2026-04-05,Success
PAY105940,5940,01D95B61-9A6B-47,Credit Card,167155.5,2026-01-29,Refunded
PAY105941,5941,541E6DD0-402B-4E,UPI,2796.64,2025-12-25,Success
PAY105942,5942,299047D1-7646-4A,UPI,3594.9,2025-10-02,Failed
PAY105943,5943,70C4D30D-9BCC-4F,Debit Card,144805.5,2025-06-19,Refunded
PAY105944,5944,38E7D4A3-D620-44,Net Banking,2546.0,2026-05-04,Refunded
PAY105945,5945,E9D27D3C-FF40-4A,Net Banking,2643.68,2026-04-14,Failed
PAY105946,5946,9C9AC0A6-9AD4-46,Credit Card,175260.75,2026-06-21,Refunded
PAY105947,5947,737E9A3C-4073-48,Debit Card,281.78,2025-02-01,Refunded
PAY105948,5948,69D243E2-96CA-4B,UPI,4736.9,2025-10-09,Success
PAY105949,5949,6F27499B-9214-4C,Credit Card,138526.86,2025-06-19,Success
PAY105950,5950,9213632D-F1ED-4E,Debit Card,343355.8,2026-07-03,Failed
PAY105951,5951,697D28C0-11DB-49,Debit Card,7542.4,2026-01-21,Success
PAY105952,5952,AEC9FFD7-CB65-47,UPI,11891.92,2024-11-14,Failed
PAY105953,5953,08E1DAFC-7E0D-4E,Debit Card,9300.51,2025-11-29,Success
PAY105954,5954,F77E15D8-B23E-47,Credit Card,146996.25,2025-01-10,Refunded
PAY105955,5955,C9134460-3522-4B,Net Banking,286426.4,2025-07-24,Success
PAY105956,5956,FAA4F8FF-79A9-45,Credit Card,58136.0,2025-05-11,Success
PAY105957,5957,71CFF4BB-5B3B-47,UPI,4981.98,2026-02-03,Success
PAY105958,5958,B7B253F4-9A9F-43,Debit Card,148440.0,2026-07-04,Success
PAY105959,5959,40544210-B39C-41,UPI,46508.8,2025-04-07,Refunded
PAY105960,5960,E42C2B57-E0F6-4B,UPI,1400.82,2026-02-15,Success
PAY105961,5961,1BC963E4-9B99-46,Debit Card,2509.2,2025-09-25,Success
PAY105962,5962,2B0D5B73-61FE-41,UPI,134038.36,2026-02-20,Refunded
PAY105963,5963,E94EB361-EC90-4A,Net Banking,2687.35,2025-06-11,Success
PAY105964,5964,918DFA70-D593-44,Debit Card,38909.6,2025-08-03,Success
PAY105965,5965,255AB902-2A69-4D,Credit Card,95764.44,2026-06-04,Success
PAY105966,5966,93943FD1-158F-47,Credit Card,8382.26,2025-02-04,Success
PAY105967,5967,84A92E7D-F0B0-49,Debit Card,6098.75,2025-07-28,Failed
PAY105968,5968,00350EC1-994A-43,Net Banking,178182.48,2024-12-20,Refunded
PAY105969,5969,9819348D-013C-48,Credit Card,23491.44,2026-02-06,Success
PAY105970,5970,26CAEBE9-5FD7-4B,Cash on Delivery,1867.5,2024-10-21,Refunded
PAY105971,5971,0C904720-3124-47,Cash on Delivery,23179.76,2025-10-30,Refunded
PAY105972,5972,E8957861-BF67-49,Credit Card,86883.3,2025-01-17,Failed
PAY105973,5973,E9314B7C-53EE-46,UPI,445139.72,2024-09-28,Success
PAY105974,5974,6038958C-2A0A-4B,Net Banking,815.32,2026-01-03,Refunded
PAY105975,5975,B4284F44-512D-40,Credit Card,10494.75,2025-12-03,Success
PAY105976,5976,444F4CD6-74D6-4A,Credit Card,538537.5,2025-09-01,Refunded
PAY105977,5977,4D8027E4-8538-44,Cash on Delivery,9477.2,2025-12-21,Success
PAY105978,5978,1A15D732-CF7B-4C,UPI,6835.2,2024-12-21,Failed
PAY105979,5979,75C5B9BE-9501-49,Cash on Delivery,85474.48,2025-07-08,Refunded
PAY105980,5980,32214A45-5EF9-44,Net Banking,1683.0,2025-12-12,Success
PAY105981,5981,93D86488-9E1B-43,UPI,524.0,2026-03-18,Success
PAY105982,5982,0615575D-3282-4D,Cash on Delivery,128211.72,2024-10-08,Success
PAY105983,5983,651F92B3-1482-47,Cash on Delivery,124024.08,2025-01-21,Success
PAY105984,5984,91FD6106-2D83-42,Net Banking,34912.8,2025-10-10,Success
PAY105985,5985,1BC480EA-9400-43,Net Banking,12478.5,2024-12-25,Success
PAY105986,5986,C80DD1E8-F760-4F,Debit Card,5484.9,2024-11-05,Refunded
PAY105987,5987,9D7158AF-A4C0-4B,UPI,1744.64,2025-02-17,Success
PAY105988,5988,6A6E8F9C-C01E-4E,Debit Card,180519.6,2024-10-19,Failed
PAY105989,5989,796B691E-C729-47,Net Banking,21425.49,2024-11-21,Failed
PAY105990,5990,E46553DA-AD61-42,UPI,1729.0,2025-08-21,Failed
PAY105991,5991,02089AC8-64DA-45,Cash on Delivery,5557.44,2024-07-18,Success
PAY105992,5992,96724B32-A889-40,Net Banking,2128.4,2025-08-15,Success
PAY105993,5993,2BD4FC35-15B8-42,Debit Card,8242.0,2025-01-11,Failed
PAY105994,5994,F257E294-8C0D-4E,UPI,5433.45,2025-09-26,Success
PAY105995,5995,0467BFFE-3E63-45,UPI,616.85,2026-06-13,Success
PAY105996,5996,6BFBF389-842C-49,UPI,5433.45,2026-01-01,Success
PAY105997,5997,7FE5474F-4ED7-4E,Debit Card,11421.8,2026-03-30,Success
PAY105998,5998,745E9839-63A0-46,Credit Card,381.6,2024-10-31,Success
PAY105999,5999,020453DB-1492-4C,UPI,1365.12,2025-11-22,Success
PAY106000,6000,480A2E65-F5FA-44,Net Banking,73735.2,2026-04-19,Failed
PAY106001,6001,7B1FA14E-2E83-40,Credit Card,19833.44,2024-09-10,Success
PAY106002,6002,8E68661A-5B87-44,Net Banking,10096.2,2025-05-03,Failed
PAY106003,6003,43A34081-CADA-4F,Debit Card,81376.53,2025-05-01,Success
PAY106004,6004,45E850E3-4E73-46,Net Banking,2178.0,2025-09-21,Failed
PAY106005,6005,99C3AEE0-7286-49,Net Banking,9876.6,2026-01-03,Success
PAY106006,6006,CE1BE1FA-227D-47,Cash on Delivery,2490.0,2025-01-18,Success
PAY106007,6007,4978691E-0B8C-47,Cash on Delivery,211390.24,2026-05-12,Success
PAY106008,6008,577437C2-8692-40,Cash on Delivery,282919.32,2024-11-15,Success
PAY106009,6009,BC9464A7-C079-4E,Cash on Delivery,1818.84,2026-06-17,Success
PAY106010,6010,9826271E-8CC0-41,Credit Card,375.92,2025-01-27,Refunded
PAY106011,6011,70FC6972-B046-41,Credit Card,23100.88,2024-08-09,Refunded
PAY106012,6012,5EEE6D3D-E22C-45,Debit Card,2724.48,2025-09-12,Success
PAY106013,6013,2E5E2054-BE7B-4E,UPI,447018.08,2024-11-10,Refunded
PAY106014,6014,652CC740-BD1F-43,Cash on Delivery,1383.06,2024-12-08,Success
PAY106015,6015,D4911C5D-BA3A-44,Debit Card,188269.9,2025-12-05,Success
PAY106016,6016,46890520-B826-45,UPI,11052.0,2025-08-19,Failed
PAY106017,6017,D85E6A96-9380-49,Cash on Delivery,2152.08,2025-06-18,Success
PAY106018,6018,704CCBBB-38D4-4F,UPI,5329.0,2025-08-14,Success
PAY106019,6019,E2E5A76E-6E54-4A,Debit Card,291724.2,2024-07-20,Success
PAY106020,6020,37AE22AE-96C6-4B,Net Banking,2369.3,2025-07-28,Success
PAY106021,6021,C2E4DE42-ED05-4B,Cash on Delivery,1340.5,2026-06-25,Success
PAY106022,6022,E68F8C0F-15D8-42,UPI,538537.5,2025-07-29,Success
PAY106023,6023,E653465A-01B7-49,UPI,1536.8,2024-07-24,Success
PAY106024,6024,9D0C75E5-BBF6-44,Net Banking,3663.75,2024-08-18,Failed
PAY106025,6025,0F83C6A5-88F5-47,Credit Card,655.32,2024-11-15,Success
PAY106026,6026,2CD1A851-6F62-45,Net Banking,5503.08,2025-07-04,Success
PAY106027,6027,B6E15C9B-475F-47,Debit Card,455.04,2025-01-14,Success
PAY106028,6028,7E03EB17-792D-4A,UPI,20326.68,2026-03-20,Success
PAY106029,6029,609D78E2-4FEB-4D,Credit Card,728.16,2025-06-08,Success
PAY106030,6030,D7074E84-4312-4B,Cash on Delivery,1977.36,2026-01-15,Success
PAY106031,6031,328572DD-4B83-4C,Credit Card,5616.0,2024-12-14,Failed
PAY106032,6032,73C4F825-9511-41,Net Banking,2169.18,2026-04-23,Success
PAY106033,6033,10D76C07-E08D-47,Debit Card,2340.0,2026-03-30,Success
PAY106034,6034,0238AFF9-9C5F-4A,Debit Card,1174.5,2025-10-23,Success
PAY106035,6035,A1AFDF87-1E2C-46,Net Banking,82428.6,2024-10-30,Success
PAY106036,6036,E8617F3B-C8E7-4E,Credit Card,1641.52,2025-04-05,Success
PAY106037,6037,156A7B40-A8E8-49,Net Banking,753.88,2025-01-30,Failed
PAY106038,6038,E8F38D43-E3E7-40,UPI,1041.18,2024-12-01,Success
PAY106039,6039,9539143B-9665-44,Net Banking,333854.79,2025-03-11,Success
PAY106040,6040,F2684D03-6D48-4A,Debit Card,830.0,2025-02-15,Success
PAY106041,6041,4933EC21-5D87-4D,Cash on Delivery,11420.5,2024-12-23,Success
PAY106042,6042,E35A13B2-ED92-45,Credit Card,544.35,2025-11-01,Refunded
PAY106043,6043,B3E69010-D3B8-4F,Credit Card,139.86,2026-05-06,Success
PAY106044,6044,EC72815F-16EA-4B,Net Banking,9176.0,2024-12-24,Success
PAY106045,6045,73EC226E-C1AB-4C,Debit Card,71697.15,2025-08-19,Success
PAY106046,6046,53FF71D2-0B9E-40,Net Banking,924.0,2026-01-13,Success
PAY106047,6047,59ED4669-A3EE-46,Net Banking,2912.64,2024-09-13,Success
PAY106048,6048,335AB1B0-66FD-4D,UPI,31468.8,2025-04-13,Refunded
PAY106049,6049,8CB64DD3-E303-4D,Cash on Delivery,40927.84,2025-08-28,Success
PAY106050,6050,E772026F-CA0C-47,Cash on Delivery,830.0,2024-11-09,Success
PAY106051,6051,37A5595E-575E-4D,Net Banking,282919.32,2026-06-09,Refunded
PAY106052,6052,B970276D-F392-41,Credit Card,6871.04,2025-12-02,Success
PAY106053,6053,199D38E2-8F19-46,Debit Card,42562.0,2025-07-24,Success
PAY106054,6054,731DBD27-D48B-45,UPI,55351.14,2024-12-14,Refunded
PAY106055,6055,2606475F-2E75-42,Net Banking,8527.2,2026-06-28,Success
PAY106056,6056,79E13371-0045-43,Credit Card,1382.4,2024-12-13,Failed
PAY106057,6057,0513F1FD-745A-4D,Net Banking,4118.54,2026-06-23,Success
PAY106058,6058,7A73B246-910D-4F,Credit Card,4288.4,2025-08-22,Failed
PAY106059,6059,23B0E42C-F12C-4F,Debit Card,15907.5,2025-08-20,Success
PAY106060,6060,A3672D36-A5DA-44,Debit Card,2317.02,2025-12-29,Success
PAY106061,6061,0484BF22-9054-44,Credit Card,273023.4,2024-12-03,Success
PAY106062,6062,287A7437-5EC7-42,Credit Card,109602.24,2026-04-01,Success
PAY106063,6063,E89E2B88-99C8-45,UPI,4680.0,2026-04-26,Refunded
PAY106064,6064,CFA0A98E-404E-44,Debit Card,23016.51,2026-04-27,Success
PAY106065,6065,533F1C71-BFA4-49,Cash on Delivery,26544.96,2025-09-09,Success
PAY106066,6066,C9CD312D-96C1-47,UPI,5985.6,2025-06-18,Success
PAY106067,6067,D91B6D3D-9398-45,Cash on Delivery,1247.86,2025-09-06,Success
PAY106068,6068,94B005E5-D88E-46,Debit Card,6958.25,2025-06-25,Success
PAY106069,6069,5658B199-E0F4-4E,Debit Card,6847.4,2025-05-08,Success
PAY106070,6070,FDAE8515-894D-4D,Credit Card,959.42,2025-06-24,Success
PAY106071,6071,A383771D-7430-49,Net Banking,6857.76,2025-06-04,Success
PAY106072,6072,B3DDD056-48CB-45,UPI,95764.44,2025-07-16,Success
PAY106073,6073,0F51B67C-0719-4E,Debit Card,2711.88,2025-11-20,Success
PAY106074,6074,A3341DD2-CA5E-44,Cash on Delivery,7774.8,2026-02-24,Success
PAY106075,6075,3AEF36F4-0162-40,Debit Card,143394.3,2025-04-09,Success
PAY106076,6076,A334C96B-46E4-45,Credit Card,9444.68,2025-04-23,Success
PAY106077,6077,DDD5BC08-FF1B-47,Cash on Delivery,662.4,2025-01-30,Success
PAY106078,6078,03C4A41D-E148-48,Cash on Delivery,904.8,2024-10-16,Success
PAY106079,6079,8068FF15-4271-42,Credit Card,5092.0,2024-09-02,Success
PAY106080,6080,BF561C47-C686-4D,Credit Card,125342.7,2024-12-29,Success
PAY106081,6081,1460918A-2974-4B,UPI,6958.25,2025-06-15,Refunded
PAY106082,6082,08F7EA61-C5D8-4C,Net Banking,28730.85,2024-08-16,Success
PAY106083,6083,D2A1E3BD-5559-4A,Cash on Delivery,693.67,2025-10-24,Success
PAY106084,6084,125CF63E-0D28-49,Cash on Delivery,51597.0,2026-04-21,Success
PAY106085,6085,5ABA507C-0ED9-46,Debit Card,2441.34,2026-02-23,Refunded
PAY106086,6086,91FD43D8-B1BC-46,Net Banking,275527.9,2025-06-26,Success
PAY106087,6087,28494BFA-A99E-45,Net Banking,1977.76,2024-11-26,Success
PAY106088,6088,63C190C8-5591-41,Cash on Delivery,862.4,2026-03-09,Refunded
PAY106089,6089,A779B614-4934-43,Debit Card,51365.16,2024-12-22,Success
PAY106090,6090,C3CCE816-9BDA-45,Credit Card,2015.9,2025-06-11,Success
PAY106091,6091,5E1DFF96-61B4-43,Credit Card,8166.4,2026-06-29,Failed
PAY106092,6092,0396F519-81E2-46,Debit Card,1301.52,2025-06-18,Success
PAY106093,6093,81862702-3E90-4B,Cash on Delivery,8145.12,2026-06-03,Success
PAY106094,6094,05630D27-2DCB-43,Credit Card,509.68,2025-10-30,Success
PAY106095,6095,B76DC036-14F2-44,Cash on Delivery,1714.44,2025-07-30,Success
PAY106096,6096,F89AA4DB-8805-4E,UPI,3615.3,2024-11-27,Success
PAY106097,6097,A2059E78-6007-45,Cash on Delivery,23491.44,2026-03-27,Failed
PAY106098,6098,8668A141-865B-41,Debit Card,1465.5,2025-09-26,Success
PAY106099,6099,EA3C5EB4-BA07-4F,Debit Card,131009.76,2025-03-14,Success
PAY106100,6100,F3B958C1-84CC-41,Net Banking,3321.32,2024-11-18,Success
PAY106101,6101,F8593E7E-4B94-4E,Cash on Delivery,22813.47,2025-03-26,Failed
PAY106102,6102,18DEC0BA-ADB6-43,UPI,232695.12,2025-02-05,Success
PAY106103,6103,BE0EA26A-1D1F-4C,UPI,3857.76,2026-07-31,Refunded
PAY106104,6104,D1D73F1C-E274-44,UPI,4083.2,2024-11-07,Refunded
PAY106105,6105,EF31225E-1915-46,Debit Card,1391.04,2025-10-01,Failed
PAY106106,6106,601CD8DD-2607-4C,Cash on Delivery,4648.0,2025-05-22,Success
PAY106107,6107,6342665F-A33E-4A,Credit Card,1599.84,2024-10-09,Success
PAY106108,6108,AC6346CC-EAE8-4D,Credit Card,13907.64,2025-09-03,Success
PAY106109,6109,47A26B95-9894-47,Debit Card,8690.88,2025-02-25,Success
PAY106110,6110,73197607-0266-4E,Cash on Delivery,6631.2,2026-01-21,Success
PAY106111,6111,C975AC0C-8B0D-41,Debit Card,3338.91,2026-07-09,Success
PAY106112,6112,CE9F844D-8429-49,Debit Card,1558.95,2025-11-06,Success
PAY106113,6113,8F191447-6813-46,Net Banking,422951.4,2026-01-10,Success
PAY106114,6114,9BE31650-78C3-40,Credit Card,2340.0,2025-05-23,Success
PAY106115,6115,3AD2667D-D958-42,Net Banking,10375.0,2025-08-08,Success
PAY106116,6116,387A0C54-DBA3-46,Credit Card,1400.82,2026-04-28,Success
PAY106117,6117,2DDD81AD-F849-49,Credit Card,20157.75,2025-10-13,Success
PAY106118,6118,DB5AF8C8-0AB1-4D,Debit Card,6853.08,2026-02-19,Success
PAY106119,6119,6CED6125-EA3B-4C,Debit Card,248048.16,2026-07-11,Success
PAY106120,6120,6290F468-7636-47,Net Banking,134287.2,2024-10-20,Success
PAY106121,6121,6084F017-353F-4F,Debit Card,3194.24,2025-05-29,Success
PAY106122,6122,1E2F51F8-8265-4D,Credit Card,4648.0,2025-01-16,Success
PAY106123,6123,D44AC590-E6C6-48,Credit Card,525.16,2025-08-23,Success
PAY106124,6124,9F6DCC7C-C032-4D,Debit Card,2603.04,2026-04-06,Failed
PAY106125,6125,6455D028-CDD4-4A,UPI,2629.75,2024-09-07,Success
PAY106126,6126,A88924A8-00D9-41,UPI,170756.8,2026-04-22,Success
PAY106127,6127,80B8D1F3-ABF7-43,Net Banking,5103.24,2025-05-01,Success
PAY106128,6128,BDC6113F-0AD0-4D,Net Banking,14279.72,2024-11-30,Success
PAY106129,6129,C7DFEE2F-FD51-47,Net Banking,4882.68,2024-12-19,Success
PAY106130,6130,A19DC04F-8C1F-40,UPI,6356.22,2026-07-18,Success
PAY106131,6131,1947B6C1-2E71-4E,Debit Card,3955.52,2024-08-04,Success
PAY106132,6132,4E63F6E2-E473-4E,UPI,2154.33,2025-10-01,Failed
PAY106133,6133,366CCC94-2552-46,Cash on Delivery,1364.13,2025-11-28,Success
PAY106134,6134,70FF087F-F382-42,Debit Card,110702.28,2026-06-13,Success
PAY106135,6135,1EF0B63C-C7F8-43,Cash on Delivery,15162.75,2024-11-26,Failed
PAY106136,6136,59979F6E-1049-49,Cash on Delivery,5455.85,2025-10-28,Success
PAY106137,6137,7CC88AF4-4370-4B,Net Banking,39222.48,2025-03-23,Success
PAY106138,6138,4231B599-A1D9-46,Credit Card,5484.9,2026-03-14,Success
PAY106139,6139,0F67EDDF-04EF-41,UPI,13326.12,2026-05-22,Success
PAY106140,6140,8A33353F-3053-45,Cash on Delivery,1383.2,2025-07-07,Refunded
PAY106141,6141,9CF7D61D-0DCA-46,Net Banking,21033.04,2026-01-03,Success
PAY106142,6142,1B1195D6-5AE4-49,Net Banking,554.76,2025-09-21,Success
PAY106143,6143,A9513EAB-2C33-4F,Net Banking,10957.5,2025-09-06,Success
PAY106144,6144,83637886-6887-40,Net Banking,3112.5,2024-10-19,Success
PAY106145,6145,298794AA-017A-47,Cash on Delivery,3808.35,2024-11-30,Success
PAY106146,6146,F6F33F64-C139-4A,Credit Card,128211.72,2026-07-02,Success
PAY106147,6147,870800F4-F43D-4D,Debit Card,2208.56,2024-10-09,Success
PAY106148,6148,B1171E43-B558-4E,UPI,20463.92,2024-09-16,Success
PAY106149,6149,9E864144-417C-4E,UPI,3837.68,2024-08-24,Success
PAY106150,6150,7A9EDF3A-8498-4C,Debit Card,2007.92,2026-04-22,Success
PAY106151,6151,7D85BDCB-8793-4B,Credit Card,9444.68,2025-10-25,Success
PAY106152,6152,83AF8AF2-9BE8-47,Net Banking,6777.68,2024-12-05,Success
PAY106153,6153,B67930EE-2F98-45,UPI,3619.2,2025-08-06,Success
PAY106154,6154,AB0DCCB4-D25C-4C,UPI,26184.6,2024-09-20,Failed
PAY106155,6155,AFA0FCB2-7F3E-42,Net Banking,317085.36,2025-02-13,Success
PAY106156,6156,6C91013B-0DEA-40,Cash on Delivery,51597.0,2026-05-21,Success
PAY106157,6157,F8CED250-C92B-4C,Net Banking,171211.6,2026-05-07,Failed
PAY106158,6158,FEC90BB2-C945-40,UPI,3624.55,2025-11-02,Success
PAY106159,6159,E5625AF7-DA18-45,Credit Card,69946.68,2024-11-07,Success
PAY106160,6160,461EE9A0-5751-49,Net Banking,924.0,2024-09-11,Refunded
PAY106161,6161,B327D9FD-E037-46,Net Banking,10469.6,2024-08-05,Success
PAY106162,6162,715CE39C-1181-49,Net Banking,68671.16,2024-12-13,Refunded
PAY106163,6163,6BA30791-21B2-45,Net Banking,196387.2,2025-02-18,Refunded
PAY106164,6164,264A7B6B-12A5-4E,Cash on Delivery,1483.02,2025-04-25,Refunded
PAY106165,6165,CA605C8E-924B-4C,Credit Card,72931.05,2024-09-05,Success
PAY106166,6166,9435CB1B-D6F3-4F,Cash on Delivery,822.8,2026-05-29,Failed
PAY106167,6167,118014CB-2B6E-4B,Debit Card,357543.9,2026-07-04,Refunded
PAY106168,6168,1A452673-8476-46,Cash on Delivery,694.4,2025-10-01,Success
PAY106169,6169,9D41C223-FB5A-4C,Cash on Delivery,11385.99,2025-05-09,Failed
PAY106170,6170,03D6AAC5-2CED-43,Cash on Delivery,36018.0,2026-02-03,Success
PAY106171,6171,BC1D5F2E-D5B5-4D,UPI,16117.64,2026-03-23,Success
PAY106172,6172,0E3627AF-B379-4B,Cash on Delivery,707.52,2024-12-05,Success
PAY106173,6173,6B653F34-40EF-4C,Debit Card,8840.7,2026-03-06,Success
PAY106174,6174,A99E144A-A7F3-40,UPI,251312.16,2025-04-14,Success
PAY106175,6175,532EB4C1-026F-44,UPI,2156.94,2025-04-23,Failed
PAY106176,6176,49377761-55A1-49,Debit Card,130016.48,2026-06-08,Success
PAY106177,6177,4F7FAB04-56BC-42,UPI,12958.0,2025-10-09,Refunded
PAY106178,6178,CCEF9DA6-D3CD-4A,Net Banking,1619.15,2025-08-15,Success
PAY106179,6179,487CF191-A572-44,Cash on Delivery,296880.0,2026-02-20,Success
PAY106180,6180,3D40A1D1-A33A-4D,Credit Card,11038.24,2026-03-15,Success
PAY106181,6181,517D2E34-1E9A-4A,Net Banking,358033.0,2025-08-24,Success
PAY106182,6182,C6C358C6-C404-40,UPI,8834.24,2026-04-26,Refunded
PAY106183,6183,074E4095-1BB9-48,UPI,718.98,2025-11-17,Success
PAY106184,6184,621AE2DC-F36C-42,Debit Card,419.9,2025-12-22,Failed
PAY106185,6185,84859C68-0AB9-4D,Cash on Delivery,363131.1,2025-12-22,Success
PAY106186,6186,44545C0A-5ADF-45,Cash on Delivery,16572.3,2026-07-28,Refunded
PAY106187,6187,F4D31070-D157-4B,Debit Card,1297.2,2025-09-16,Failed
PAY106188,6188,A6E52696-B3A8-4B,UPI,699.16,2026-02-23,Refunded
PAY106189,6189,03ED9F50-8AD6-4F,Net Banking,2375.45,2025-05-11,Success
PAY106190,6190,9F656BB3-900F-4F,Cash on Delivery,435.6,2026-03-23,Success
PAY106191,6191,3DEF7708-7836-4D,Cash on Delivery,2593.47,2025-10-23,Success
PAY106192,6192,BB88AA92-CC80-48,Credit Card,18889.36,2025-07-01,Success
PAY106193,6193,5E1EFF4D-5DF4-45,Net Banking,16485.72,2026-06-03,Success
PAY106194,6194,6E31F006-BB44-4D,Cash on Delivery,6047.7,2025-04-10,Success
PAY106195,6195,3BBA835E-5227-41,Credit Card,2507.76,2024-09-24,Success
PAY106196,6196,5DDAA064-33F8-4B,UPI,13074.16,2026-02-14,Success
PAY106197,6197,1077FD5A-7E09-4E,Cash on Delivery,2324.0,2025-06-12,Success
PAY106198,6198,B7C09F03-58D1-4B,Net Banking,5302.5,2026-05-10,Success
PAY106199,6199,2EBC86E0-C768-44,Debit Card,14121.25,2025-06-22,Refunded
PAY106200,6200,C3241541-F60D-41,Credit Card,220422.32,2025-11-27,Success
PAY106201,6201,581C6F61-34B2-4F,Cash on Delivery,7141.83,2025-11-27,Success
PAY106202,6202,2FB44250-28F9-4F,Debit Card,3605.7,2026-05-30,Success
PAY106203,6203,DF96AEC9-23CE-43,Cash on Delivery,1656.0,2026-03-02,Success
PAY106204,6204,B0BAC8CF-E94E-4C,Debit Card,155130.08,2025-10-20,Success
PAY106205,6205,AA3F8B14-32A3-44,Credit Card,11745.72,2026-04-17,Refunded
PAY106206,6206,2BF09F55-C6D9-46,Net Banking,2893.38,2024-09-06,Success
PAY106207,6207,F3D8353C-A231-4E,Debit Card,12706.92,2024-10-23,Refunded
PAY106208,6208,5188EAF3-EEB4-44,UPI,7481.88,2025-12-19,Success
PAY106209,6209,F1EB5172-29DD-4B,Cash on Delivery,148440.0,2025-03-09,Success
PAY106210,6210,936DFF41-C070-40,Cash on Delivery,5103.15,2025-10-15,Success
PAY106211,6211,C78522D4-B7E1-49,Cash on Delivery,5329.0,2026-07-15,Success
PAY106212,6212,597E7ACB-D1D5-40,UPI,3460.32,2024-08-14,Failed
PAY106213,6213,62DCDBC7-E184-46,UPI,14245.0,2025-07-06,Success
PAY106214,6214,9D9BE5ED-F9BE-45,Credit Card,349.77,2026-04-28,Failed
PAY106215,6215,B24C05FE-AE1B-49,Cash on Delivery,296880.0,2025-02-12,Success
PAY106216,6216,32BBA285-60AF-45,UPI,3908.79,2026-07-12,Refunded
PAY106217,6217,2980E827-CA2E-45,Cash on Delivery,6528.28,2025-04-25,Failed
PAY106218,6218,F6C1B0E7-5707-42,Net Banking,82428.6,2025-02-07,Success
PAY106219,6219,35271064-77FA-43,Net Banking,350.88,2026-03-08,Refunded
PAY106220,6220,44A75647-BF87-43,Cash on Delivery,2402.62,2025-06-19,Success
PAY106221,6221,FF22D539-9C2A-4C,Credit Card,199140.9,2026-04-22,Success
PAY106222,6222,ED4A9E76-A854-45,Cash on Delivery,1635.66,2026-04-26,Success
PAY106223,6223,BDAD0AF7-4076-4F,Debit Card,11297.0,2026-02-24,Success
PAY106224,6224,252A6A4E-0EF8-43,Cash on Delivery,6719.25,2026-02-04,Success
PAY106225,6225,851EA7AA-AE18-48,Net Banking,1272.24,2025-11-19,Success
PAY106226,6226,6297AA9C-5CE6-47,Credit Card,3216.3,2025-12-26,Success
PAY106227,6227,F2E438EF-8237-4D,Credit Card,5557.44,2024-08-13,Refunded
PAY106228,6228,077281E6-BBE9-48,UPI,32728.8,2024-08-02,Success
PAY106229,6229,16D853B7-208E-4E,UPI,33181.2,2025-09-04,Refunded
PAY106230,6230,9AF9785F-6C35-44,Cash on Delivery,3398.64,2025-12-15,Success
PAY106231,6231,D38011E1-9FAD-41,Cash on Delivery,694.4,2025-03-23,Success
PAY106232,6232,1C7D04F8-9762-49,UPI,101965.5,2025-03-15,Success
PAY106233,6233,17ABA6D5-247D-41,UPI,20157.75,2024-09-16,Refunded
PAY106234,6234,CA9DB59A-8C8C-40,Credit Card,1585.3,2025-12-03,Refunded
PAY106235,6235,2CC64224-1627-40,Net Banking,5673.24,2025-01-19,Success
PAY106236,6236,08BE8953-7E2B-41,Credit Card,8841.6,2024-11-14,Success
PAY106237,6237,8A159085-B724-4D,Cash on Delivery,3569.93,2025-11-02,Success
PAY106238,6238,4CADA0D5-56B9-4E,Debit Card,2868.12,2025-09-03,Success
PAY106239,6239,9E837FF3-A529-4B,Cash on Delivery,95764.44,2025-04-11,Success
PAY106240,6240,2C8ABBD1-6AE7-4F,Cash on Delivery,2018.1,2026-06-13,Success
PAY106241,6241,BB613EF7-7D3C-47,UPI,4987.92,2025-04-18,Failed
PAY106242,6242,1C44DDE3-0B9D-40,Net Banking,7146.3,2026-05-06,Success
PAY106243,6243,B5D04E37-2958-4F,Net Banking,1400.82,2026-05-20,Success
PAY106244,6244,4D4100F4-1115-41,Cash on Delivery,54604.68,2025-08-22,Success
PAY106245,6245,F83DFD3B-239C-4D,Credit Card,2253.6,2024-10-31,Success
PAY106246,6246,308E5122-7C18-45,Credit Card,13980.8,2026-01-24,Success
PAY106247,6247,831C901E-2845-46,UPI,28974.7,2025-11-24,Success
PAY106248,6248,30C6CE18-E036-42,UPI,220422.32,2025-06-07,Success
PAY106249,6249,DD87432F-6A0C-40,Debit Card,33910.8,2024-11-26,Success
PAY106250,6250,34D5D8EB-3AE7-48,Debit Card,469.9,2025-01-27,Success
PAY106251,6251,12DB7F47-809C-44,Credit Card,479.52,2026-06-16,Success
PAY106252,6252,E6363ED7-A1EF-40,Credit Card,4410.0,2025-06-26,Success
PAY106253,6253,18F16144-1EDC-47,Credit Card,427.68,2025-12-25,Refunded
PAY106254,6254,8569880C-6098-40,Credit Card,250209.12,2025-03-31,Success
PAY106255,6255,7FFFE60F-2205-41,Cash on Delivery,23367.96,2024-11-16,Success
PAY106256,6256,BA59B921-34BE-4E,Net Banking,22593.48,2025-12-02,Success
PAY106257,6257,CF0F171D-5C9F-4F,Credit Card,17610.72,2024-08-12,Success
PAY106258,6258,5EF07DA8-3C7D-41,Credit Card,57922.2,2024-09-05,Success
PAY106259,6259,259B0F7B-37AE-4F,Debit Card,2158.0,2026-06-04,Failed
PAY106260,6260,F6784AA7-B678-4C,Net Banking,3808.35,2026-03-31,Success
PAY106261,6261,76DBA131-3654-41,Net Banking,3035.52,2025-06-30,Success
PAY106262,6262,B7C97F3B-6CE2-4B,Net Banking,214014.5,2026-02-22,Success
PAY106263,6263,64D5CDE7-44A2-4A,Debit Card,3603.93,2025-02-04,Success
PAY106264,6264,83292EDB-ACD9-44,Debit Card,2377.95,2025-03-27,Success
PAY106265,6265,7715F851-A0DE-46,Debit Card,21815.8,2025-10-16,Success
PAY106266,6266,AADBD766-B5CA-40,Net Banking,2658.24,2025-06-26,Success
PAY106267,6267,C5044D96-9176-41,Debit Card,5893.8,2025-12-23,Success
PAY106268,6268,202DD57C-AC8D-4E,Net Banking,17456.4,2024-09-29,Refunded
PAY106269,6269,9C5E280A-62D2-4F,Debit Card,6239.3,2024-12-07,Success
PAY106270,6270,161A3071-2295-4B,Net Banking,50893.4,2025-11-16,Failed
PAY106271,6271,FDB6ED0B-9440-43,UPI,5554.9,2025-05-20,Refunded
PAY106272,6272,ED07F0B6-8F2E-4E,Cash on Delivery,3825.0,2025-02-14,Success
PAY106273,6273,7EE10880-979C-4F,Credit Card,222728.1,2026-06-18,Failed
PAY106274,6274,13BD10CC-00D2-40,Net Banking,3178.11,2025-01-14,Success
PAY106275,6275,1CD40144-0FE0-46,Net Banking,53564.9,2025-11-29,Success
PAY106276,6276,911F7652-C464-4B,UPI,8931.6,2026-01-10,Failed
PAY106277,6277,11F9A96D-560D-4E,Cash on Delivery,1446.12,2025-10-05,Success
PAY106278,6278,D84A1049-9366-4C,UPI,38022.45,2025-12-18,Failed
PAY106279,6279,E9352782-1BAF-4B,Cash on Delivery,2087.28,2025-11-06,Success
PAY106280,6280,24267FA5-8E40-4A,Net Banking,256.2,2025-04-07,Failed
PAY106281,6281,C842B949-48B8-4D,UPI,293346.24,2025-01-04,Refunded
PAY106282,6282,A57E4CD2-0328-41,Cash on Delivery,8178.3,2024-08-02,Success
PAY106283,6283,D46CBF83-85DE-4E,Cash on Delivery,8300.0,2025-08-15,Failed
PAY106284,6284,D0538153-7BC4-44,Cash on Delivery,2774.68,2025-02-18,Failed
PAY106285,6285,3DEEDAC6-618C-46,UPI,1711.85,2024-11-09,Success
PAY106286,6286,4349B00D-A1B3-47,UPI,26846.4,2025-10-01,Success
PAY106287,6287,EE461083-1FC6-45,Cash on Delivery,346.02,2025-10-17,Success
PAY106288,6288,A3F45E73-ABD2-44,Cash on Delivery,1993.2,2024-10-27,Refunded
PAY106289,6289,D2ACFFD2-2122-4A,Cash on Delivery,5165.82,2024-10-05,Success
PAY106290,6290,CD3003C8-CCCB-4F,Net Banking,29364.3,2026-02-10,Success
PAY106291,6291,5C4BF806-2BF5-45,UPI,336874.86,2025-01-31,Success
PAY106292,6292,6A5C9E7D-A1FF-45,Net Banking,12200.28,2026-07-04,Success
PAY106293,6293,BDB0DD13-5E8B-47,UPI,671.84,2026-07-13,Success
PAY106294,6294,1549A447-FBAF-4E,Credit Card,92403.52,2024-07-24,Failed
PAY106295,6295,22B1101E-43E5-45,Cash on Delivery,3857.84,2024-12-09,Success
PAY106296,6296,F8BF7BEE-6D7E-44,Cash on Delivery,73068.16,2025-12-19,Failed
PAY106297,6297,F343486F-71DE-49,Credit Card,2892.24,2026-04-22,Refunded
PAY106298,6298,BAB2AC5F-5285-49,Cash on Delivery,302.84,2024-12-02,Success
PAY106299,6299,A11A9357-FD16-47,Cash on Delivery,268776.0,2024-11-16,Success
PAY106300,6300,8338683C-3CB6-45,Net Banking,110211.16,2024-08-15,Success
PAY106301,6301,07426A7C-B8DF-47,Net Banking,1049.31,2025-02-09,Success
PAY106302,6302,575E60F7-88F0-44,Credit Card,1174.5,2025-12-28,Success
PAY106303,6303,452F226D-194F-46,Debit Card,5103.15,2024-12-09,Success
PAY106304,6304,C569993F-D05E-4C,Debit Card,7789.32,2026-04-14,Success
PAY106305,6305,D914A318-7C34-47,Net Banking,7709.52,2025-11-24,Success
PAY106306,6306,72C86109-0455-40,Cash on Delivery,138526.86,2025-05-22,Success
PAY106307,6307,D9C4862E-AED0-42,UPI,21033.04,2025-02-02,Success
PAY106308,6308,BD5D9198-1AB2-4C,Debit Card,366975.42,2026-05-02,Success
PAY106309,6309,5D4C98D0-C404-44,UPI,14023.56,2026-01-26,Success
PAY106310,6310,568D963C-2085-44,Net Banking,4524.0,2025-06-22,Success
PAY106311,6311,FC9D9D73-EBCD-4C,UPI,213686.2,2025-08-26,Success
PAY106312,6312,1AB66D72-C9E0-43,UPI,2114.82,2024-08-31,Failed
PAY106313,6313,C964E55D-384B-42,Cash on Delivery,5678.4,2025-06-20,Success
PAY106314,6314,5E058958-56F4-4E,Credit Card,29750.16,2025-10-30,Success
PAY106315,6315,61D869EC-A927-4D,Cash on Delivery,4722.34,2025-01-10,Success
PAY106316,6316,D5092B8F-DC77-44,UPI,42085.0,2025-07-07,Success
PAY106317,6317,4C1B6F25-945E-45,Cash on Delivery,16320.7,2024-07-22,Success
PAY106318,6318,A66829B3-BB27-4D,UPI,3662.01,2026-02-26,Success
PAY106319,6319,D07BF308-6886-4A,Debit Card,35882.56,2024-11-18,Refunded
PAY106320,6320,0AAD9801-9CDB-43,Net Banking,1732.0,2024-09-28,Success
PAY106321,6321,D84CCEB5-294E-46,Cash on Delivery,5143.32,2025-03-04,Success
PAY106322,6322,1F0B79CC-9DEF-45,UPI,1228.5,2024-08-10,Refunded
PAY106323,6323,87DFAD56-F77B-40,Net Banking,2457.0,2024-12-23,Refunded
PAY106324,6324,F988D45D-4F5E-47,UPI,4722.34,2024-11-26,Success
PAY106325,6325,73EFE893-CEE9-40,UPI,58315.65,2025-06-27,Success
PAY106326,6326,46FEAA81-8513-47,Debit Card,7672.17,2026-05-31,Success
PAY106327,6327,3D726A84-A88B-4A,Debit Card,10305.36,2024-12-20,Refunded
PAY106328,6328,26219403-716D-44,UPI,5048.1,2025-02-11,Success
PAY106329,6329,2DB7F839-C403-44,Net Banking,462.0,2025-04-25,Success
PAY106330,6330,ABC650C8-A5B5-48,UPI,166195.96,2024-09-02,Success
PAY106331,6331,AD9F3643-74CA-49,Credit Card,331901.5,2025-11-30,Success
PAY106332,6332,1DA9E896-82DE-4D,UPI,21048.5,2025-05-02,Refunded
PAY106333,6333,253E8980-B56E-47,UPI,2346.93,2025-02-22,Success
PAY106334,6334,C7D61576-FA09-41,Debit Card,11745.72,2025-09-08,Success
PAY106335,6335,E5FD07A2-463D-47,Cash on Delivery,6842.88,2025-02-20,Success
PAY106336,6336,4AFC9F20-3A97-44,Cash on Delivery,5259.5,2024-08-11,Success
PAY106337,6337,26FEA0F7-A15D-4E,Debit Card,2310.0,2025-06-28,Success
PAY106338,6338,E0943A76-0EFC-41,Debit Card,250209.12,2024-08-13,Refunded
PAY106339,6339,EABAB48D-B39F-4D,Credit Card,1660.0,2024-12-07,Success
PAY106340,6340,E98DDFE7-0908-44,Debit Card,886.2,2025-08-29,Success
PAY106341,6341,35247860-7523-46,Net Banking,908.52,2024-10-29,Success
PAY106342,6342,4629CF5D-8214-43,Cash on Delivery,295.4,2026-05-17,Success
PAY106343,6343,DB09BA5E-88AB-45,Debit Card,964.24,2025-03-04,Success
PAY106344,6344,724F3DBB-B0F8-4C,Cash on Delivery,5872.86,2025-12-10,Success
PAY106345,6345,C4394255-C148-41,Cash on Delivery,8870.16,2026-02-03,Success
PAY106346,6346,67ED056F-D24C-41,Credit Card,9189.76,2025-05-03,Success
PAY106347,6347,6588A477-A99E-4F,UPI,427.68,2025-03-29,Success
PAY106348,6348,53DB2757-4FAB-42,Credit Card,11663.13,2026-07-12,Refunded
PAY106349,6349,8A1EAA6B-0699-41,Debit Card,282404.85,2026-01-18,Success
PAY106350,6350,F8A28F90-26EA-4E,Cash on Delivery,268076.72,2026-02-02,Success
PAY106351,6351,40A9097D-FB0A-45,Cash on Delivery,462.0,2024-08-04,Success
PAY106352,6352,16727A08-CC2F-41,Net Banking,2346.93,2026-01-04,Success
PAY106353,6353,DB63ED10-68F0-47,UPI,7146.3,2025-03-14,Refunded
PAY106354,6354,F2A63E31-D078-40,UPI,148400.24,2024-09-12,Success
PAY106355,6355,971393DC-469F-44,Debit Card,59506.8,2024-12-28,Refunded
PAY106356,6356,DA014271-022F-4C,UPI,113198.56,2024-08-29,Success
PAY106357,6357,DCE36B8D-A7FA-41,Credit Card,32728.8,2024-11-14,Success
PAY106358,6358,201E2FD2-CB38-45,UPI,4991.4,2025-01-07,Success
PAY106359,6359,1EE8A883-67A9-4C,Debit Card,13890.24,2025-01-27,Success
PAY106360,6360,6DB17B5A-1DE2-4E,Credit Card,45796.8,2025-03-03,Success
PAY106361,6361,4E0318D7-ACB2-47,Net Banking,146996.25,2026-04-14,Success
PAY106362,6362,AEE017D5-1373-46,Debit Card,607.2,2024-09-24,Failed
PAY106363,6363,4DC231CD-1FC1-4B,Credit Card,453879.36,2025-08-28,Success
PAY106364,6364,90285BDB-8489-4F,Debit Card,1460.04,2025-04-04,Success
PAY106365,6365,0800A961-EF32-43,Cash on Delivery,7482.0,2025-05-10,Failed
PAY106366,6366,F94B4873-1D23-44,Debit Card,11663.13,2024-07-17,Success
PAY106367,6367,4132959F-ACCD-49,Debit Card,7562.4,2025-02-10,Success
PAY106368,6368,26B2E444-B212-48,Debit Card,162753.06,2026-03-03,Failed
PAY106369,6369,3DEF81A1-3A7B-4D,Net Banking,21318.0,2025-12-22,Success
PAY106370,6370,A30624D3-4479-47,Net Banking,2058.42,2024-07-25,Success
PAY106371,6371,4D33208A-8CAF-45,UPI,383057.76,2024-10-06,Failed
PAY106372,6372,4239B56E-B077-42,Debit Card,298.08,2025-05-28,Success
PAY106373,6373,205D4189-AB3F-41,Net Banking,1310.64,2025-01-10,Success
PAY106374,6374,D88B6478-7693-47,Credit Card,1928.88,2026-01-03,Refunded
PAY106375,6375,4E9E9392-5968-41,UPI,1391.65,2025-07-13,Success
PAY106376,6376,66383D06-0CF9-4E,Net Banking,15774.78,2026-06-07,Success
PAY106377,6377,F0BB893C-CE35-45,UPI,346.02,2025-04-01,Success
PAY106378,6378,0641793B-ACD7-4D,Credit Card,4260.0,2024-11-23,Success
PAY106379,6379,CC3744E7-8777-4D,Net Banking,607.2,2026-03-19,Refunded
PAY106380,6380,7441DCEA-EBDB-46,UPI,2457.0,2026-06-01,Success
PAY106381,6381,3957A216-2786-49,Debit Card,105695.12,2025-07-11,Success
PAY106382,6382,ECE4E2BD-F687-49,Net Banking,7937.6,2026-06-13,Success
PAY106383,6383,0CF031E5-1A5E-4F,UPI,2219.04,2025-03-15,Success
PAY106384,6384,6795E534-D5B8-49,Credit Card,214014.5,2025-09-28,Success
PAY106385,6385,731156BC-6D4D-4D,Credit Card,335095.9,2025-12-02,Success
PAY106386,6386,D78A2CF0-7BF1-4A,Debit Card,1594.56,2024-12-05,Success
PAY106387,6387,11B7796B-5489-48,Net Banking,2377.95,2025-03-06,Success
PAY106388,6388,1CE80154-F057-4C,UPI,286788.6,2024-07-27,Success
PAY106389,6389,35AB7E07-4716-47,UPI,147290.4,2025-03-31,Success
PAY106390,6390,B5584071-5CDA-4C,Net Banking,2369.3,2025-02-13,Success
PAY106391,6391,2FF4B7D5-0DA5-43,UPI,187656.84,2026-05-07,Success
PAY106392,6392,964D03AC-349A-4E,Debit Card,648.6,2024-08-06,Success
PAY106393,6393,23953CFB-80D6-44,Credit Card,23963.85,2026-05-11,Failed
PAY106394,6394,5E4C5614-4A62-4A,Debit Card,282730.8,2026-03-11,Success
PAY106395,6395,619AD822-F613-47,Cash on Delivery,3854.76,2026-06-07,Success
PAY106396,6396,C7AFA094-6C3B-41,UPI,7941.57,2025-08-12,Success
PAY106397,6397,1B740965-E564-4D,Debit Card,10404.0,2025-02-16,Refunded
PAY106398,6398,092D1AAD-9BD7-47,Debit Card,4963.75,2026-02-07,Success
PAY106399,6399,5B111A9F-3C89-40,Debit Card,4224.35,2024-12-01,Success
PAY106400,6400,94E7843A-1998-4A,Cash on Delivery,2403.8,2024-09-27,Success
PAY106401,6401,6F1AFCB9-FD6C-42,Credit Card,8300.0,2025-02-08,Refunded
PAY106402,6402,D641C553-ACFC-46,Cash on Delivery,718.98,2024-11-18,Success
PAY106403,6403,EC74DC32-B067-4C,Cash on Delivery,6631.2,2025-10-25,Success
PAY106404,6404,DC878ED2-FB4B-4A,Credit Card,1306.8,2024-09-20,Success
PAY106405,6405,2047A2EF-EFC1-43,Debit Card,2471.7,2024-08-16,Success
PAY106406,6406,3DF7AB39-E831-4D,Credit Card,874.9,2026-02-27,Refunded
PAY106407,6407,AEBD318B-8079-40,Cash on Delivery,1273.0,2025-04-06,Success
PAY106408,6408,39654D84-9976-48,Net Banking,15907.5,2025-05-01,Success
PAY106409,6409,155EAFE6-4589-44,Cash on Delivery,4029.41,2024-12-23,Success
PAY106410,6410,143BE5AA-28B8-40,Credit Card,383057.76,2024-10-30,Success
PAY106411,6411,8F0A0FBB-4348-47,Debit Card,289617.0,2026-04-21,Success
PAY106412,6412,06ABCDBB-90ED-41,Net Banking,2643.68,2026-06-24,Success
PAY106413,6413,4EB629E7-13EC-42,Cash on Delivery,1200.32,2025-04-18,Success
PAY106414,6414,0FC3CF51-F884-42,UPI,1643.58,2025-03-19,Success
PAY106415,6415,A5C361AB-4DD1-47,Credit Card,728.16,2024-07-28,Failed
PAY106416,6416,AA54B0CB-4CD0-4B,UPI,744.6,2025-08-22,Failed
PAY106417,6417,A1E13D0D-1B1F-49,Cash on Delivery,26630.55,2025-07-22,Refunded
PAY106418,6418,3CE30885-7240-4B,Credit Card,455.04,2025-01-29,Failed
PAY106419,6419,576DA605-05CE-43,UPI,2395.68,2026-02-15,Success
PAY106420,6420,2D754FFF-4948-43,Debit Card,1633.05,2025-11-02,Success
PAY106421,6421,5DAFB62C-BA30-43,Cash on Delivery,3640.8,2025-01-15,Failed
PAY106422,6422,27940932-5074-40,Cash on Delivery,105160.66,2024-11-25,Failed
PAY106423,6423,1AD4CE34-6521-41,Debit Card,25175.04,2025-10-06,Success
PAY106424,6424,FAE9A49B-2D43-4D,Net Banking,5935.16,2026-02-14,Success
PAY106425,6425,3E548BBB-2395-42,Net Banking,2397.6,2024-08-17,Failed
PAY106426,6426,038B880A-4607-48,Debit Card,2904.0,2025-03-26,Success
PAY106427,6427,7FD71914-C02C-4C,Cash on Delivery,5802.72,2026-03-30,Success
PAY106428,6428,95DB669D-ADF8-45,Debit Card,463469.3,2025-03-26,Success
PAY106429,6429,3F93D006-F4DA-4A,Credit Card,8981.88,2025-12-04,Success
PAY106430,6430,047BE9E6-D44C-4B,Net Banking,89260.2,2025-11-08,Success
PAY106431,6431,252F4A22-0BF5-4F,Net Banking,201057.54,2026-04-19,Success
PAY106432,6432,2151822D-EB03-43,UPI,3294.6,2025-05-26,Success
PAY106433,6433,738110AF-2D25-48,Net Banking,1387.34,2024-09-03,Success
PAY106434,6434,DA305847-8D42-41,Debit Card,5872.86,2025-07-31,Success
PAY106435,6435,2F47BCD3-B72F-4F,Net Banking,1911.6,2026-05-23,Refunded
PAY106436,6436,3E9992E9-A812-4A,Credit Card,11846.5,2026-04-10,Success
PAY106437,6437,4F74080C-5441-40,UPI,7244.6,2026-01-02,Success
PAY106438,6438,99C8847C-2BCE-40,Cash on Delivery,3794.4,2025-08-06,Success
PAY106439,6439,6CE23465-7D5B-42,Credit Card,3036.0,2025-12-25,Success
PAY106440,6440,09549BCB-D620-4C,Credit Card,7100.0,2025-03-16,Refunded
PAY106441,6441,D18C1FD1-7360-42,Cash on Delivery,3398.64,2025-01-12,Success
PAY106442,6442,3C0C38C2-E967-40,Debit Card,7715.52,2025-12-01,Success
PAY106443,6443,C8C10073-9A67-4E,Credit Card,7688.08,2026-04-17,Success
PAY106444,6444,299AD86E-DE2C-40,Net Banking,1703.4,2024-11-19,Success
PAY106445,6445,ED286E9F-CE90-4C,Net Banking,8303.3,2024-11-16,Success
PAY106446,6446,4C39CEB3-7395-43,Credit Card,162753.06,2025-10-16,Refunded
PAY106447,6447,7C58832C-72C2-43,Debit Card,1749.8,2024-08-14,Refunded
PAY106448,6448,90EF103E-168A-43,Debit Card,309212.8,2026-03-05,Success
PAY106449,6449,8134F0DF-A567-4E,UPI,17003.96,2026-05-16,Refunded
PAY106450,6450,C98A5530-D504-44,Cash on Delivery,13996.8,2024-10-10,Success
PAY106451,6451,9B36EDFB-D862-47,Cash on Delivery,23367.96,2025-02-11,Refunded
PAY106452,6452,EAA8E620-7675-4F,Credit Card,278077.8,2026-04-10,Success
PAY106453,6453,D04BB7C2-5B6C-45,Debit Card,13907.64,2026-04-18,Success
PAY106454,6454,0321AE27-1EE1-45,Cash on Delivery,4417.12,2026-06-03,Failed
PAY106455,6455,E5F4923C-B21E-4D,Debit Card,12790.8,2026-06-02,Failed
PAY106456,6456,D71F3ED6-91E3-40,Credit Card,1434.72,2025-04-29,Success
PAY106457,6457,A2B9B400-9372-4C,Net Banking,1477.0,2025-11-19,Success
PAY106458,6458,B0093FA0-15BA-45,Debit Card,90407.58,2026-04-09,Success
PAY106459,6459,0325A584-DB1F-46,Credit Card,268076.72,2025-10-18,Success
PAY106460,6460,F57A8F6F-E56C-46,UPI,3178.11,2025-08-17,Success
PAY106461,6461,9C4A2D51-22A7-4B,Credit Card,673.4,2025-09-04,Success
PAY106462,6462,D05482DB-6155-40,Cash on Delivery,452.12,2024-10-19,Success
PAY106463,6463,1291D256-C168-49,Cash on Delivery,90883.0,2024-11-21,Success
PAY106464,6464,9AD578FD-B158-48,Net Banking,24132.85,2024-11-12,Success
PAY106465,6465,019A29F9-F189-48,Credit Card,1957.5,2026-04-03,Failed
PAY106466,6466,7529AB58-0E5D-4D,Net Banking,12899.25,2025-09-23,Success
PAY106467,6467,EFF56CA5-EB58-4E,Net Banking,1900.36,2024-12-22,Success
PAY106468,6468,FBCD0B8A-9F39-4E,Net Banking,3615.3,2025-04-15,Success
PAY106469,6469,CBE53396-BBB7-4D,Debit Card,830.0,2026-05-17,Success
PAY106470,6470,185EF4B3-C625-45,UPI,622.5,2025-11-22,Success
PAY106471,6471,46B94402-4443-41,UPI,23326.26,2026-01-27,Success
PAY106472,6472,A8D4B28B-69F3-49,Net Banking,1599.84,2026-04-26,Success
PAY106473,6473,62CF45B2-D393-48,Cash on Delivery,16332.8,2025-06-11,Failed
PAY106474,6474,03E96C02-67C5-44,Credit Card,42564.6,2026-04-19,Success
PAY106475,6475,8DE13F46-0EB4-47,Credit Card,6998.4,2025-04-04,Success
PAY106476,6476,A66D01C8-8569-47,Debit Card,69946.68,2025-08-21,Failed
PAY106477,6477,391F5AA0-618F-4C,Net Banking,47472.0,2025-12-18,Success
PAY106478,6478,B02579D6-F06E-46,Credit Card,1437.12,2025-05-13,Failed
PAY106479,6479,5CFBBC5B-A4F1-47,Cash on Delivery,470674.75,2025-04-04,Success
PAY106480,6480,4421932D-FC77-4F,UPI,2660.5,2026-03-06,Success
PAY106481,6481,3599AC4D-FF39-42,Debit Card,407684.5,2024-12-25,Success
PAY106482,6482,7633C391-A4CC-4D,Debit Card,29729.8,2026-03-25,Success
PAY106483,6483,BF57B805-6A96-44,UPI,340409.52,2024-12-29,Refunded
PAY106484,6484,535E7CBF-A012-45,Net Banking,20147.05,2026-07-19,Success
PAY106485,6485,8C1133DD-B2BD-43,Credit Card,65008.24,2026-05-20,Success
PAY106486,6486,7E219C40-DB69-4D,UPI,905.28,2025-09-18,Success
PAY106487,6487,695F87A8-0EA8-49,Cash on Delivery,990.0,2026-02-02,Refunded
PAY106488,6488,E8E0A7A8-09FC-4B,Credit Card,3662.01,2026-04-15,Success
PAY106489,6489,661E984E-2D07-40,Cash on Delivery,22329.0,2025-03-18,Success
PAY106490,6490,092E799C-231D-43,Credit Card,1452.0,2026-01-28,Success
PAY106491,6491,25D53597-EBE1-4E,Net Banking,3781.2,2025-10-28,Success
PAY106492,6492,18218B77-AF76-4F,Debit Card,7788.48,2025-10-25,Success
PAY106493,6493,E5DC37CC-1A44-4F,UPI,25240.5,2025-09-21,Success
PAY106494,6494,48BFB2B0-CEF5-48,Debit Card,53755.2,2025-02-20,Success
PAY106495,6495,271420F2-6967-47,Debit Card,19220.2,2025-01-16,Success
PAY106496,6496,BB43C569-89B2-4B,Net Banking,1900.36,2026-07-11,Success
PAY106497,6497,B1F3F6D3-5551-4B,Debit Card,198854.76,2024-09-24,Success
PAY106498,6498,81E6A9F7-C350-44,Net Banking,54529.8,2025-12-08,Failed
PAY106499,6499,48F85A23-8597-45,UPI,32005.23,2025-10-13,Success
PAY106500,6500,7FDCF41C-73F9-43,Credit Card,36637.44,2025-05-28,Success
PAY106501,6501,3E0873CF-8255-4A,Cash on Delivery,1355.94,2025-04-05,Success
PAY106502,6502,C1BB6830-E676-42,Credit Card,8166.4,2026-07-17,Success
PAY106503,6503,80C94415-55C2-43,Cash on Delivery,4879.0,2026-02-04,Failed
PAY106504,6504,104AD65C-C58A-49,Net Banking,2721.75,2024-07-21,Success
PAY106505,6505,5C56DD55-0C7B-4A,UPI,4568.72,2024-10-28,Success
PAY106506,6506,3973AA45-FC6E-4E,Net Banking,1976.8,2026-05-30,Success
PAY106507,6507,DD89DE4B-4681-4F,Net Banking,1867.76,2024-08-31,Success
PAY106508,6508,1709EA5F-533F-40,Debit Card,218418.72,2025-01-18,Success
PAY106509,6509,2EB66360-4704-45,Credit Card,46508.8,2024-07-30,Success
PAY106510,6510,4800C842-0133-43,Debit Card,1564.62,2025-08-18,Success
PAY106511,6511,A2C6707E-8104-41,UPI,381.6,2026-03-29,Success
PAY106512,6512,8F77D6AD-CAC0-4F,Net Banking,15907.5,2025-11-12,Failed
PAY106513,6513,EC074DAC-6AD1-42,Cash on Delivery,212810.0,2026-05-13,Refunded
PAY106514,6514,3CCEABC5-431B-4A,UPI,11928.87,2025-06-12,Success
PAY106515,6515,0F5611D5-3FD4-42,Net Banking,17618.58,2025-06-10,Success
PAY106516,6516,4AB72AF6-A9A0-42,Net Banking,68302.72,2025-07-25,Failed
PAY106517,6517,255411C4-39AC-4C,Net Banking,1061.28,2026-05-03,Success
PAY106518,6518,92CDC3EF-E1B6-40,Net Banking,11207.35,2024-12-03,Failed
PAY106519,6519,8419E15F-4187-4F,Net Banking,677.97,2025-06-06,Success
PAY106520,6520,0B524A0A-472C-49,Cash on Delivery,5987.92,2025-07-16,Refunded
PAY106521,6521,6EDE3C4E-F9EF-4D,Cash on Delivery,337568.7,2025-09-14,Success
PAY106522,6522,9B87BAE8-33B7-46,Cash on Delivery,209.95,2025-06-17,Success
PAY106523,6523,F172B54E-6F74-4B,UPI,999.6,2025-12-05,Success
PAY106524,6524,45380111-1A26-4F,Net Banking,14121.25,2025-03-27,Success
PAY106525,6525,BA012955-527B-47,Net Banking,102730.32,2024-11-11,Success
PAY106526,6526,FCCEFD31-A23F-4E,UPI,904.24,2024-12-21,Success
PAY106527,6527,69980A5E-F2A9-43,Debit Card,40714.72,2025-06-07,Success
PAY106528,6528,E8EA277B-AD2A-41,Net Banking,41911.3,2025-02-26,Success
PAY106529,6529,B5B8D2BD-B70A-41,Credit Card,122325.14,2026-07-01,Success
PAY106530,6530,A64AB887-D156-44,Credit Card,28520.0,2025-09-19,Success
PAY106531,6531,E8808E52-198C-42,UPI,3035.52,2026-01-14,Success
PAY106532,6532,96976B65-1F5A-4C,UPI,3908.79,2025-07-20,Refunded
PAY106533,6533,3D0F4896-B4DC-4B,Credit Card,297763.68,2026-01-30,Success
PAY106534,6534,8ED82BCE-A645-49,Net Banking,2078.6,2025-08-05,Refunded
PAY106535,6535,765120E8-0C41-40,Net Banking,1057.9,2024-11-02,Success
PAY106536,6536,9869EAA9-1F97-40,Cash on Delivery,978.75,2024-12-26,Success
PAY106537,6537,8FE2EC65-F2EF-4D,Net Banking,133636.86,2025-02-06,Refunded
PAY106538,6538,36120E0D-4F7F-4A,UPI,20157.75,2026-05-25,Success
PAY106539,6539,6F62DCE6-8BF8-44,Cash on Delivery,38042.4,2026-04-18,Success
PAY106540,6540,6564FDA6-761C-45,UPI,3569.93,2025-12-22,Success
PAY106541,6541,906D8B15-0857-46,UPI,3338.91,2025-11-26,Success
PAY106542,6542,61C84785-3A85-43,Cash on Delivery,2624.7,2025-11-15,Success
PAY106543,6543,A7A77DDB-36BE-44,Net Banking,1306.8,2026-01-08,Success
PAY106544,6544,AA2B1782-84FD-43,Debit Card,240692.8,2024-11-07,Success
PAY106545,6545,9DC50DE1-3B2B-46,Credit Card,367155.63,2024-09-30,Success
PAY106546,6546,1A3885CC-AB66-41,Net Banking,3002.2,2024-11-10,Success
PAY106547,6547,0D891D76-07F6-4C,UPI,1721.43,2024-09-11,Success
PAY106548,6548,8194E2DA-F0AE-4E,Net Banking,739.53,2025-10-04,Success
PAY106549,6549,08236162-81A6-42,Cash on Delivery,3071.25,2025-04-22,Refunded
PAY106550,6550,87F75542-0314-4A,UPI,21318.0,2026-07-13,Success
PAY106551,6551,37A2D053-66CB-48,Cash on Delivery,38694.6,2025-11-10,Success
PAY106552,6552,73E9F2EA-56A1-4C,UPI,3659.25,2024-12-21,Success
PAY106553,6553,B665F6BC-6D58-4E,Credit Card,12306.6,2026-06-28,Failed
PAY106554,6554,F9AA6170-6F1E-44,UPI,3524.7,2025-02-19,Success
PAY106555,6555,B8789B43-A230-43,Debit Card,10928.16,2024-12-25,Success
PAY106556,6556,5A1C4703-BF7B-47,Cash on Delivery,976.5,2025-11-28,Success
PAY106557,6557,3F1306CB-812B-40,Credit Card,38909.6,2025-06-27,Success
PAY106558,6558,2E7271FF-7DEF-4E,Debit Card,908.52,2025-01-25,Success
PAY106559,6559,4ADF83DD-99E8-44,Credit Card,12066.72,2025-05-18,Failed
PAY106560,6560,8698DFBA-A2DB-49,Cash on Delivery,2796.64,2024-09-11,Success
PAY106561,6561,228AA489-BB21-41,Debit Card,532.1,2026-01-07,Success
PAY106562,6562,ECD66D26-299B-46,Net Banking,26213.88,2025-02-13,Success
PAY106563,6563,B72E0786-96B9-40,Debit Card,2128.4,2025-12-27,Success
PAY106564,6564,B1C0979F-C599-49,UPI,13106.94,2025-08-18,Success
PAY106565,6565,21C30CA0-9720-43,Debit Card,296880.0,2026-01-31,Success
PAY106566,6566,695DCD15-D6B5-41,Net Banking,2334.7,2025-12-26,Success
PAY106567,6567,011361BD-CD13-43,Cash on Delivery,26857.44,2026-04-26,Success
PAY106568,6568,72F0178E-7035-46,Debit Card,114923.4,2026-07-05,Success
PAY106569,6569,02C16830-1179-49,Cash on Delivery,959.04,2025-09-24,Success
PAY106570,6570,9F660D45-387C-46,Net Banking,218277.7,2026-04-06,Success
PAY106571,6571,C151168E-F4D9-49,Debit Card,449166.48,2025-12-11,Success
PAY106572,6572,1D94DC36-431B-4A,Credit Card,147290.4,2025-07-05,Success
PAY106573,6573,7F85E647-605A-47,Debit Card,11726.37,2025-09-11,Success
PAY106574,6574,32168A7E-641F-4A,Cash on Delivery,2306.4,2024-09-22,Success
PAY106575,6575,7445EE48-DB26-4D,Cash on Delivery,1399.08,2026-05-22,Failed
PAY106576,6576,0BC3B77B-45C3-4B,Debit Card,363131.1,2025-03-10,Failed
PAY106577,6577,D9CAE692-FCE3-43,Cash on Delivery,335.92,2024-10-30,Success
PAY106578,6578,390E0156-6671-4B,UPI,74485.86,2025-01-09,Refunded
PAY106579,6579,B176A7E8-06FF-49,Net Banking,231693.6,2025-05-15,Success
PAY106580,6580,C44130AD-E1AB-41,UPI,6046.56,2026-05-30,Success
PAY106581,6581,E9545D27-36EC-43,UPI,3476.91,2024-07-26,Success
PAY106582,6582,A40F5B28-E35E-43,Cash on Delivery,1917.3,2026-04-01,Refunded
PAY106583,6583,6D69B81C-B61A-41,Debit Card,7999.0,2025-04-30,Success
PAY106584,6584,9B54F585-641A-45,Net Banking,32138.94,2026-06-25,Failed
PAY106585,6585,024F9564-1AE1-4C,Credit Card,397918.4,2026-01-20,Success
PAY106586,6586,A92782F5-DB94-44,UPI,1003.8,2026-06-05,Success
PAY106587,6587,33C09A70-B6CA-40,Net Banking,93926.12,2026-01-07,Success
PAY106588,6588,E6479893-1A89-4E,UPI,3492.64,2025-11-08,Failed
PAY106589,6589,052F1AB7-2704-40,Cash on Delivery,18176.6,2026-01-06,Success
PAY106590,6590,2F7CBA04-AAF2-4F,Cash on Delivery,6920.64,2026-01-26,Success
PAY106591,6591,E044EFA8-9C04-41,Net Banking,45796.8,2025-01-27,Success
PAY106592,6592,71DD6C92-C566-43,Debit Card,4736.97,2025-05-14,Success
PAY106593,6593,547CD07E-17F5-40,Cash on Delivery,6947.1,2026-04-11,Success
PAY106594,6594,C0CEEF16-E6F8-43,Net Banking,23216.76,2025-11-16,Success
PAY106595,6595,BDFA40E0-0C6B-47,UPI,13980.8,2025-03-24,Success
PAY106596,6596,0825219F-7000-47,UPI,4443.12,2024-08-27,Success
PAY106597,6597,24C18DFA-33DC-41,Cash on Delivery,4963.75,2024-12-31,Success
PAY106598,6598,829199B0-3B4B-4A,UPI,1228.5,2026-04-17,Refunded
PAY106599,6599,3922A3F1-57F0-43,Net Banking,909.42,2025-05-06,Success
PAY106600,6600,59D77E48-26D2-44,UPI,1638.3,2025-06-19,Refunded
PAY106601,6601,B85310FD-B282-4E,UPI,4736.9,2025-07-15,Success
PAY106602,6602,99D51CAF-2159-44,UPI,140.89,2024-07-24,Success
PAY106603,6603,8E6C3EBA-F47A-4C,Credit Card,278592.5,2026-02-21,Refunded
PAY106604,6604,B8B28A60-986F-43,Credit Card,8662.68,2026-03-12,Success
PAY106605,6605,DFD3AE4B-3AD5-45,Debit Card,170948.96,2025-02-01,Success
PAY106606,6606,2ED1BDA5-5832-42,UPI,2869.05,2026-01-16,Success
PAY106607,6607,D7C8C2AC-800C-49,Credit Card,9455.4,2024-08-14,Success
PAY106608,6608,6193AC8E-42B4-43,Debit Card,463469.3,2024-10-05,Success
PAY106609,6609,B57B973A-B358-47,UPI,3363.5,2024-11-12,Refunded
PAY106610,6610,AE065282-9F29-47,Net Banking,163696.5,2025-01-09,Success
PAY106611,6611,CC5662CE-45FD-4E,UPI,213479.52,2026-07-16,Success
PAY106612,6612,D994FB82-F769-49,UPI,22012.32,2024-07-25,Success
PAY106613,6613,1AC1E0D9-991B-40,Cash on Delivery,32767.35,2025-06-16,Success
PAY106614,6614,3FD4F471-EFF0-46,Debit Card,489300.56,2025-01-14,Success
PAY106615,6615,3D39C685-3546-41,Debit Card,41911.3,2025-05-04,Success
PAY106616,6616,5DB3F6C0-ECDE-4F,Debit Card,8501.98,2025-09-17,Success
PAY106617,6617,033F7C5D-E9F0-44,Debit Card,537.47,2025-12-13,Success
PAY106618,6618,0F651345-0CF1-45,Cash on Delivery,40519.2,2025-12-05,Refunded
PAY106619,6619,5054373A-554D-41,Cash on Delivery,1146.6,2026-01-10,Success
PAY106620,6620,847F7905-F55E-48,Cash on Delivery,16834.0,2025-11-22,Success
PAY106621,6621,9AFDCDFA-737D-43,Debit Card,19273.98,2026-04-07,Success
PAY106622,6622,F1C49FB2-913B-4F,Credit Card,18379.52,2024-12-12,Success
PAY106623,6623,4A657D9E-8C2C-4E,Net Banking,341.82,2025-05-02,Success
PAY106624,6624,B2FD4F35-4CE1-44,Net Banking,8931.6,2026-05-16,Refunded
PAY106625,6625,C127C261-6D5B-49,Debit Card,1860.32,2025-12-17,Success
PAY106626,6626,4E3195C4-5167-4C,UPI,335.92,2025-10-14,Failed
PAY106627,6627,7EC1A704-E184-44,Cash on Delivery,8166.4,2025-09-16,Success
PAY106628,6628,5CC7E153-E8F3-48,Debit Card,861.84,2024-10-03,Success
PAY106629,6629,FD0EC40E-76EE-4D,Net Banking,140.89,2024-08-01,Success
PAY106630,6630,3CBB6751-D6C8-43,UPI,1599.8,2025-11-02,Success
PAY106631,6631,C1585F1E-26A9-4C,Net Banking,10163.34,2026-04-27,Success
PAY106632,6632,B0E7F344-49BA-44,Cash on Delivery,13027.5,2025-06-12,Success
PAY106633,6633,24D3F5E6-9CB5-41,Credit Card,11385.99,2025-02-23,Success
PAY106634,6634,82FD2E9C-E9AD-45,Cash on Delivery,1977.36,2025-12-25,Success
PAY106635,6635,F5DF5F9B-9C5F-41,UPI,327416.55,2024-09-25,Success
PAY106636,6636,0A92C245-AFC8-4D,Credit Card,367155.63,2025-10-22,Success
PAY106637,6637,BB7FD3D3-4D62-4F,Debit Card,32138.94,2025-08-29,Failed
PAY106638,6638,95BEF972-C6E2-4C,UPI,32005.23,2026-03-21,Success
PAY106639,6639,65DDED3A-1230-49,Cash on Delivery,72398.55,2024-11-14,Success
PAY106640,6640,8C7D5DAE-0554-4E,Net Banking,130957.2,2026-07-17,Refunded
PAY106641,6641,9AC55711-8070-4F,Net Banking,17476.0,2025-02-18,Success
PAY106642,6642,11B7F84E-7ED0-4E,Credit Card,2898.2,2024-08-17,Success
PAY106643,6643,C2CBBF79-3447-46,Debit Card,292101.25,2025-05-25,Success
PAY106644,6644,18D4E0F1-5C39-4E,Cash on Delivery,732.75,2026-04-09,Success
PAY106645,6645,D34C2B9F-AFC8-4A,UPI,419.65,2025-01-12,Failed
PAY106646,6646,70B81CD5-DDD0-41,Debit Card,411.4,2025-11-27,Success
PAY106647,6647,15EF598E-077B-43,Credit Card,17177.6,2024-08-01,Success
PAY106648,6648,385C33E7-8023-4C,UPI,13089.48,2025-02-24,Failed
PAY106649,6649,530316D6-C05D-4B,Credit Card,52473.75,2025-05-09,Success
PAY106650,6650,90530EFD-68EE-4A,Cash on Delivery,718.98,2024-12-07,Refunded
PAY106651,6651,A6B9E927-FF1B-49,Cash on Delivery,25829.1,2025-08-14,Success
PAY106652,6652,C4CCA54B-D8CD-40,Debit Card,13996.8,2024-09-28,Success
PAY106653,6653,E837B230-0007-47,Credit Card,5727.57,2025-07-13,Success
PAY106654,6654,FC97F19E-FB76-4A,Net Banking,7156.8,2024-10-25,Success
PAY106655,6655,A336795D-987D-4B,Debit Card,10031.68,2025-01-31,Success
PAY106656,6656,FC9CAC19-B396-4C,Net Banking,268076.72,2026-06-27,Success
PAY106657,6657,A70853BA-D2D0-43,Net Banking,7487.1,2025-03-30,Success
PAY106658,6658,B3EE6147-38C6-4C,Cash on Delivery,1650.0,2025-08-17,Success
PAY106659,6659,CD2997B6-D1F0-45,UPI,1645.6,2024-12-09,Success
PAY106660,6660,9D27896E-312F-4C,Net Banking,3663.75,2026-04-10,Success
PAY106661,6661,D486F707-1E2B-46,Credit Card,139893.36,2025-10-25,Success
PAY106662,6662,213136E5-D8D6-49,Cash on Delivery,1725.36,2024-11-16,Success
PAY106663,6663,6D13C9F5-7837-44,Cash on Delivery,574.56,2026-05-17,Refunded
PAY106664,6664,86D266EB-CAC4-42,Debit Card,5794.94,2024-11-19,Success
PAY106665,6665,FD504985-09E4-46,Net Banking,2471.7,2026-07-30,Refunded
PAY106666,6666,1F2EF462-349E-4F,Net Banking,2191.44,2025-09-24,Failed
PAY106667,6667,FBBA16F3-209E-4C,Debit Card,189296.34,2024-10-11,Success
PAY106668,6668,00AB0774-96CE-47,Net Banking,1153.2,2025-01-12,Refunded
PAY106669,6669,5574D1D4-632E-47,Debit Card,5673.24,2026-03-04,Success
PAY106670,6670,E07F3964-C773-48,Credit Card,1281.0,2026-05-31,Success
PAY106671,6671,68931F77-D160-43,Credit Card,419.9,2025-05-07,Success
PAY106672,6672,570AE423-1DB4-46,Credit Card,744.6,2025-12-28,Success
PAY106673,6673,7CBE25E8-4B37-4B,Cash on Delivery,35709.15,2025-01-18,Success
PAY106674,6674,FE125DB9-14F3-4A,Credit Card,1072.1,2024-10-10,Success
PAY106675,6675,DA998B97-AADA-4B,Debit Card,1409.88,2026-06-23,Refunded
PAY106676,6676,09C9A90F-718D-4B,Debit Card,7709.52,2025-05-13,Success
PAY106677,6677,BEB3832B-AF23-49,Net Banking,1436.64,2025-05-05,Success
PAY106678,6678,061B7762-1084-41,Debit Card,3707.7,2025-06-01,Success
PAY106679,6679,66ABD03A-3A9B-4D,Net Banking,134287.2,2025-06-10,Refunded
PAY106680,6680,FF128D7A-1D3B-40,Net Banking,11052.0,2026-03-30,Success
PAY106681,6681,80DE0A88-55D8-40,Cash on Delivery,375.92,2024-09-02,Success
PAY106682,6682,5ECADEA9-C227-46,Debit Card,180815.16,2026-07-01,Success
PAY106683,6683,97F784CE-7BF1-4C,Debit Card,2946.9,2025-06-20,Refunded
PAY106684,6684,3F0B2612-C9B9-41,Debit Card,90187.85,2024-08-01,Success
PAY106685,6685,B8B31642-5BD2-4E,Debit Card,2946.9,2026-06-11,Success
PAY106686,6686,2083C96D-5896-40,Debit Card,99682.9,2025-07-12,Success
PAY106687,6687,EF9AE4D3-CE97-4D,Net Banking,3338.91,2025-02-25,Success
PAY106688,6688,9389FA83-46B9-49,Credit Card,908.52,2025-08-14,Success
PAY106689,6689,F6FF10B0-43DD-49,Credit Card,622.5,2026-05-15,Failed
PAY106690,6690,5FE8BD93-B9B1-4A,UPI,3590.55,2025-11-12,Success
PAY106691,6691,B657C7EB-4FDA-4E,Credit Card,3061.8,2025-02-09,Refunded
PAY106692,6692,C7DFC37B-2EBD-43,Debit Card,48184.95,2025-03-28,Success
PAY106693,6693,60F261EB-3BFC-4C,Net Banking,5519.12,2025-03-11,Success
PAY106694,6694,1764D9F0-D5DE-49,Net Banking,1953.0,2024-12-07,Refunded
PAY106695,6695,32825CC4-3D65-48,Cash on Delivery,147290.4,2024-07-23,Success
PAY106696,6696,AE9A1E45-BDA5-41,Cash on Delivery,287293.32,2025-02-02,Success
PAY106697,6697,3F7FB29F-BB28-46,Debit Card,3752.75,2025-08-16,Failed
PAY106698,6698,4F016E94-D756-46,Debit Card,99479.6,2025-10-14,Failed
PAY106699,6699,69A554F9-91B8-4E,Cash on Delivery,218418.72,2025-01-29,Success
PAY106700,6700,2A9210A7-81C3-44,Net Banking,3971.0,2026-06-29,Success
PAY106701,6701,7626C85F-A29F-4A,UPI,2133.12,2026-03-21,Success
PAY106702,6702,6616DBD3-7038-42,Debit Card,2942.64,2025-10-30,Success
PAY106703,6703,DCB78251-CBEC-4D,UPI,1438.3,2024-12-15,Success
PAY106704,6704,AC77F633-9170-44,Credit Card,1452.0,2024-11-14,Success
PAY106705,6705,B0C31B1C-CF9D-47,Debit Card,327538.74,2025-06-11,Success
PAY106706,6706,4628B4C6-F49A-4D,UPI,4524.0,2026-05-10,Refunded
PAY106707,6707,B7EF763E-97CB-48,Credit Card,18379.52,2024-10-04,Success
PAY106708,6708,28BE8F22-9673-46,Cash on Delivery,221404.56,2025-01-27,Refunded
PAY106709,6709,C07C4436-454A-44,Cash on Delivery,23783.84,2025-09-10,Failed
PAY106710,6710,EEE72E7E-18A3-40,UPI,77047.74,2025-05-20,Success
PAY106711,6711,3E9EF121-D396-45,Debit Card,3435.52,2026-06-10,Success
PAY106712,6712,AF728CE4-118E-49,Credit Card,1340.5,2024-09-20,Failed
PAY106713,6713,78344258-47CE-47,UPI,60505.32,2025-09-03,Success
PAY106714,6714,CDD7EA67-4B6C-48,Cash on Delivery,4258.8,2025-08-04,Success
PAY106715,6715,6578905E-52FE-4C,Cash on Delivery,2544.48,2025-07-21,Success
PAY106716,6716,B19983B7-AEC5-40,Net Banking,9982.8,2026-05-12,Success
PAY106717,6717,4A6FEDE1-0490-41,Debit Card,2395.68,2025-12-14,Success
PAY106718,6718,823731D9-A329-45,Cash on Delivery,3271.32,2024-10-04,Success
PAY106719,6719,B18A424E-BD35-45,Credit Card,128412.9,2026-06-04,Failed
PAY106720,6720,B194FF30-D1B8-42,Credit Card,10373.88,2024-08-06,Success
PAY106721,6721,8C5CB510-D88F-47,UPI,4361.6,2025-03-19,Success
PAY106722,6722,A51D0FD4-9E19-4F,Net Banking,5186.94,2026-01-04,Success
PAY106723,6723,5255B112-BA1B-41,Credit Card,1922.1,2024-11-16,Success
PAY106724,6724,D46D95E6-3784-4C,Cash on Delivery,51159.8,2026-03-26,Success
PAY106725,6725,A6AF0531-6676-4F,Debit Card,202596.0,2025-12-17,Success
PAY106726,6726,87454A75-6FEF-4A,Cash on Delivery,282919.32,2024-09-16,Success
PAY106727,6727,757FE6BA-03AB-46,Credit Card,166195.96,2025-05-31,Success
PAY106728,6728,57A8D985-1A37-4A,UPI,11564.28,2025-01-07,Success
PAY106729,6729,2901F5C7-008B-44,Credit Card,482.22,2025-11-30,Success
PAY106730,6730,DE8C9404-F971-4B,Cash on Delivery,21856.32,2025-11-27,Failed
PAY106731,6731,74F8E219-A41C-46,UPI,626.94,2025-01-16,Failed
PAY106732,6732,AC76CB84-CE2F-41,Credit Card,51597.0,2024-07-30,Success
PAY106733,6733,B5E3D0A3-BFA4-44,Cash on Delivery,111728.79,2025-02-28,Success
PAY106734,6734,E80EE41A-02A3-4E,Credit Card,5092.0,2025-08-10,Success
PAY106735,6735,5157E006-3E2F-41,Credit Card,4250.99,2024-12-05,Refunded
PAY106736,6736,2D802F70-5B31-47,Debit Card,10185.12,2024-08-25,Success
PAY106737,6737,CC6C6F61-D073-4C,Credit Card,5430.08,2024-09-01,Success
PAY106738,6738,CFE8B42E-B286-42,Cash on Delivery,4944.4,2024-11-26,Success
PAY106739,6739,97240BC9-6480-45,Net Banking,19660.41,2025-11-07,Success
PAY106740,6740,474E7FD8-C9F6-4B,Debit Card,11052.0,2025-09-05,Success
PAY106741,6741,AE356241-A976-41,Debit Card,2158.0,2024-07-26,Success
PAY106742,6742,6C7A50C9-F5B7-4C,Net Banking,401.52,2025-03-27,Success
PAY106743,6743,D8408695-3B73-44,Net Banking,1701.08,2025-03-24,Success
PAY106744,6744,8B89A3E9-5FCE-4D,Cash on Delivery,3109.86,2025-12-27,Success
PAY106745,6745,5E05EA6F-E8A1-44,Net Banking,5430.08,2025-04-28,Success
PAY106746,6746,8048CF43-B992-4A,Debit Card,4250.99,2025-10-14,Refunded
PAY106747,6747,40DF0640-2749-41,Debit Card,3630.0,2026-02-03,Success
PAY106748,6748,8F12EEC4-A31F-46,Credit Card,493.02,2024-08-21,Failed
PAY106749,6749,E89EFC62-40C1-48,Debit Card,317085.36,2026-05-27,Success
PAY106750,6750,4A75C741-18A1-4C,Credit Card,1596.3,2025-02-08,Success
PAY106751,6751,DA3AC9C3-0FE1-48,Cash on Delivery,1528.8,2025-01-05,Success
PAY106752,6752,1EF549EC-737A-4D,Net Banking,2603.04,2024-11-26,Success
PAY106753,6753,42DB5FBD-71A2-4B,Cash on Delivery,6286.8,2025-02-01,Refunded
PAY106754,6754,005C1FD4-AD87-4A,UPI,5191.2,2026-01-01,Success
PAY106755,6755,C0312C87-D581-47,Cash on Delivery,125342.7,2025-03-24,Failed
PAY106756,6756,268F4A08-F656-4F,Cash on Delivery,186.48,2025-10-13,Success
PAY106757,6757,5518FF38-3619-40,Cash on Delivery,166.53,2026-06-17,Refunded
PAY106758,6758,B25732C4-812D-49,UPI,3264.14,2024-08-22,Success
PAY106759,6759,CA332A02-E9A5-4B,UPI,9586.5,2025-12-12,Failed
PAY106760,6760,47F36D55-454F-47,Credit Card,3338.91,2025-06-30,Success
PAY106761,6761,BF456BE9-2559-45,Debit Card,2275.2,2025-08-23,Refunded
PAY106762,6762,4187C802-BB9F-46,UPI,1856.79,2025-04-17,Failed
PAY106763,6763,D8A6DA69-3026-42,Credit Card,1064.2,2024-12-09,Success
PAY106764,6764,35A5FB64-2861-46,Net Banking,5985.6,2025-03-04,Success
PAY106765,6765,B1201DAF-21A0-49,Cash on Delivery,707.52,2024-11-22,Success
PAY106766,6766,8B7034B5-A9BD-42,UPI,15500.85,2024-08-23,Success
PAY106767,6767,FBCFC820-CAA7-4E,UPI,1630.64,2024-11-02,Success
PAY106768,6768,DC6E8041-C698-45,Cash on Delivery,1891.08,2026-07-07,Success
PAY106769,6769,215D8E92-A132-44,Cash on Delivery,1619.15,2025-01-27,Success
PAY106770,6770,3D12D31A-E342-4D,Net Banking,2840.0,2025-04-05,Refunded
PAY106771,6771,B5CCC37B-0386-48,Credit Card,12899.25,2024-10-17,Success
PAY106772,6772,A8195F34-DABF-43,Cash on Delivery,375704.48,2026-03-16,Success
PAY106773,6773,D9F3B32B-7EE0-4A,Cash on Delivery,1619.15,2026-03-29,Success
PAY106774,6774,21502EDA-4DE8-41,Credit Card,8870.16,2026-04-12,Success
PAY106775,6775,B794FEEC-1444-4C,UPI,1343.68,2024-09-05,Success
PAY106776,6776,86CABE19-3063-4A,Cash on Delivery,21282.3,2024-07-30,Refunded
PAY106777,6777,03DFD4E1-645E-4B,UPI,19171.08,2025-11-24,Refunded
PAY106778,6778,104C061D-2B61-48,UPI,122955.84,2025-09-01,Success
PAY106779,6779,C6530FF6-92FB-41,Cash on Delivery,9269.25,2024-12-31,Success
PAY106780,6780,8A63BD67-F143-48,Debit Card,3421.44,2026-03-02,Success
PAY106781,6781,75398C72-6846-4B,UPI,107510.4,2025-08-09,Success
PAY106782,6782,DF71B98E-8C9F-4C,Net Banking,750.55,2025-01-25,Success
PAY106783,6783,7D2A2BBB-09AD-4D,Debit Card,17384.82,2025-08-20,Success
PAY106784,6784,098AB1EC-A073-45,UPI,6065.1,2024-09-22,Success
PAY106785,6785,34909E81-1884-46,Credit Card,2774.68,2026-07-13,Success
PAY106786,6786,909EC752-659B-4F,Cash on Delivery,6998.4,2025-04-12,Success
PAY106787,6787,F1963EB1-5832-42,UPI,22938.45,2026-03-16,Success
PAY106788,6788,F5790CEB-3DBB-47,Debit Card,29351.2,2026-04-01,Success
PAY106789,6789,F8DEEA38-554E-4A,Cash on Delivery,1850.55,2024-08-10,Failed
PAY106790,6790,F375CC36-5E58-40,Net Banking,5065.28,2024-11-08,Success
PAY106791,6791,AAF20FF0-C240-46,Cash on Delivery,3844.04,2026-05-01,Success
PAY106792,6792,17A42739-5E86-4B,Cash on Delivery,57461.7,2026-04-29,Success
PAY106793,6793,A6FAD096-5D8C-4C,UPI,26148.32,2024-09-04,Success
PAY106794,6794,A25CD70B-111C-43,Net Banking,17340.0,2025-11-22,Success
PAY106795,6795,9B42CEA0-B927-42,UPI,1436.4,2025-01-19,Success
PAY106796,6796,E338B6FA-492C-4F,Net Banking,4680.0,2025-02-22,Success
PAY106797,6797,F6B32E65-F30C-42,Debit Card,5678.4,2024-07-31,Success
PAY106798,6798,CACB9F13-FE0C-40,Debit Card,2686.0,2026-05-03,Success
PAY106799,6799,AD83EDE5-E3D5-44,Debit Card,5192.32,2025-10-08,Failed
PAY106800,6800,45FE9E31-812B-42,Debit Card,244129.59,2025-12-24,Refunded
PAY106801,6801,F03401CC-5F24-48,UPI,3340.0,2026-03-22,Failed
PAY106802,6802,9E93AFEC-793D-4F,UPI,7146.3,2025-06-30,Success
PAY106803,6803,F8E10BB7-5608-49,Cash on Delivery,1122.0,2025-02-25,Success
PAY106804,6804,E37CDB21-0658-40,Net Banking,6854.7,2026-02-18,Success
PAY106805,6805,A9CAA050-2456-40,Debit Card,2178.0,2026-01-06,Refunded
PAY106806,6806,444FDE59-261D-42,Net Banking,134038.36,2025-10-02,Success
PAY106807,6807,0264746E-9A39-43,Net Banking,120346.4,2024-12-28,Success
PAY106808,6808,A13122D0-DAEF-4A,Debit Card,889.2,2026-07-17,Success
PAY106809,6809,34B3D9F5-2B51-4D,Debit Card,4849.65,2026-02-15,Refunded
PAY106810,6810,953353B7-C7D1-40,Credit Card,167.67,2025-11-20,Success
PAY106811,6811,2AA4B505-CAFC-44,Debit Card,121557.6,2025-08-26,Success
PAY106812,6812,30B2AAB6-5E12-4F,Debit Card,13996.8,2025-03-06,Success
PAY106813,6813,2B637A4F-5B8A-41,Credit Card,220422.32,2025-07-07,Refunded
PAY106814,6814,52D7AB5C-C1D7-44,Net Banking,9398.4,2026-01-11,Refunded
PAY106815,6815,0267E5F1-3D49-4B,Debit Card,19660.41,2025-04-04,Refunded
PAY106816,6816,DCBDEE89-0A5B-44,Net Banking,19398.6,2025-08-02,Success
PAY106817,6817,8D08DC61-3E49-4B,Cash on Delivery,2253.6,2025-01-26,Success
PAY106818,6818,4CB85613-CD60-45,Cash on Delivery,11052.0,2026-01-01,Refunded
PAY106819,6819,135F0841-B19A-41,Net Banking,4392.36,2025-02-16,Success
PAY106820,6820,C016C485-B402-47,UPI,32728.8,2025-09-04,Success
PAY106821,6821,BEA2E005-61AE-44,Net Banking,9428.0,2026-05-28,Success
PAY106822,6822,AF469065-D02F-44,Cash on Delivery,4102.2,2025-03-07,Failed
PAY106823,6823,5896CBF6-3E32-48,Cash on Delivery,5048.1,2025-04-10,Success
PAY106824,6824,35D87525-5657-45,Debit Card,3084.25,2025-02-15,Success
PAY106825,6825,681970D8-D853-46,Net Banking,112291.62,2024-12-03,Success
PAY106826,6826,9DD500F5-EBBE-40,Cash on Delivery,1022.04,2025-02-20,Success
PAY106827,6827,CEED76C0-9D18-48,UPI,10296.0,2026-07-01,Failed
PAY106828,6828,3A6B8AA2-B8D1-40,Net Banking,49583.6,2024-08-18,Failed
PAY106829,6829,AFAF510C-7C32-43,Net Banking,12967.35,2025-05-25,Success
PAY106830,6830,24D8B072-85E0-4D,Credit Card,13797.8,2026-03-05,Success
PAY106831,6831,E2A75EE2-6122-4C,UPI,15907.5,2025-04-28,Success
PAY106832,6832,B556D89E-FFD0-41,Cash on Delivery,302.84,2024-08-01,Success
PAY106833,6833,37324AF9-3ECF-42,Net Banking,1650.0,2024-08-24,Success
PAY106834,6834,36791890-B8EC-4D,UPI,213479.52,2025-11-14,Failed
PAY106835,6835,DC635DB4-0697-43,Cash on Delivery,86883.3,2025-03-29,Success
PAY106836,6836,00F8561D-9C98-48,Net Banking,7048.8,2025-05-17,Success
PAY106837,6837,014FDA9D-C1EB-47,Credit Card,9113.6,2024-08-05,Success
PAY106838,6838,030A68C8-8025-44,Debit Card,3499.2,2025-01-19,Success
PAY106839,6839,DD67B02F-A976-48,Credit Card,1633.05,2025-01-27,Success
PAY106840,6840,A30B3FC1-5311-40,Cash on Delivery,25682.58,2026-04-21,Success
PAY106841,6841,EBDAC21B-AF8F-48,Cash on Delivery,25251.0,2024-11-23,Success
PAY106842,6842,C1FD42D1-E3E7-4F,Cash on Delivery,30695.88,2025-03-03,Success
PAY106843,6843,A3948B16-D2F4-45,Cash on Delivery,8204.4,2024-08-18,Success
PAY106844,6844,14C538D9-E378-4D,Debit Card,959.42,2025-09-12,Failed
PAY106845,6845,80D123F5-0F42-40,UPI,768.4,2025-06-29,Success
PAY106846,6846,540AD316-BD87-43,Credit Card,12539.6,2025-01-04,Success
PAY106847,6847,4C6A76CF-6DA1-43,Credit Card,855.36,2025-12-10,Refunded
PAY106848,6848,8169E122-5194-49,Debit Card,1498.0,2024-09-29,Success
PAY106849,6849,63EDF76A-522A-4F,UPI,6225.0,2025-12-23,Success
PAY106850,6850,40389F27-16FD-4F,Net Banking,14260.0,2025-08-23,Success
PAY106851,6851,9F913F66-6384-46,Net Banking,2992.8,2024-08-15,Success
PAY106852,6852,C28C984E-3AE7-44,UPI,7100.0,2025-10-14,Success
PAY106853,6853,FEA3CB74-4C2D-43,Cash on Delivery,4174.56,2024-10-08,Success
PAY106854,6854,D16FC935-DAB3-4B,Credit Card,10331.64,2025-03-04,Success
PAY106855,6855,72F42A39-7C3F-41,Debit Card,325041.2,2025-06-03,Success
PAY106856,6856,8A32C598-FF10-44,Net Banking,281.94,2026-04-17,Success
PAY106857,6857,32A3EEBC-EDB7-4E,Debit Card,428.4,2025-07-07,Success
PAY106858,6858,ED8FDD74-5CC2-4E,Credit Card,430830.0,2025-09-11,Refunded
PAY106859,6859,072CFCF5-126D-4B,Net Banking,142319.68,2026-03-10,Success
PAY106860,6860,4B919EC9-0B29-40,Cash on Delivery,325506.12,2025-06-25,Success
PAY106861,6861,17194F67-FC0B-4B,UPI,7253.4,2026-04-21,Success
PAY106862,6862,0063218B-2DFF-42,Debit Card,295.4,2026-02-17,Success
PAY106863,6863,A0C54057-E303-4B,UPI,11732.05,2026-05-09,Success
PAY106864,6864,89184B52-4A1D-40,Debit Card,1768.8,2025-08-12,Refunded
PAY106865,6865,A67C185D-0B0F-4A,UPI,89260.2,2024-08-13,Success
PAY106866,6866,80E5E173-D2BE-4E,UPI,1643.58,2026-07-03,Refunded
PAY106867,6867,3A31FBF8-86BF-49,Credit Card,274684.64,2026-03-29,Success
PAY106868,6868,ADC8BDA5-7E26-4A,Cash on Delivery,494.34,2025-03-09,Failed
PAY106869,6869,FEE75230-54AF-48,Credit Card,2369.48,2025-02-12,Success
PAY106870,6870,1AB4EE35-ED7E-43,Net Banking,1246.6,2026-06-07,Success
PAY106871,6871,6D879586-1349-4F,Credit Card,185500.3,2025-11-20,Success
PAY106872,6872,DE9859BC-513A-47,Net Banking,4451.88,2026-05-21,Success
PAY106873,6873,1B45A997-187C-4C,Credit Card,7780.41,2024-12-08,Failed
PAY106874,6874,7B93A98B-6596-4B,Cash on Delivery,37100.06,2024-11-25,Success
PAY106875,6875,C542EB5C-7671-43,Cash on Delivery,6790.08,2025-08-27,Success
PAY106876,6876,D8AAD89F-4C27-46,UPI,21425.96,2025-03-05,Success
PAY106877,6877,213D8A93-D341-4A,Debit Card,2620.0,2026-07-07,Success
PAY106878,6878,019534DC-7540-45,Debit Card,9141.5,2025-01-18,Success
PAY106879,6879,E912CB89-D5BA-48,Net Banking,832.65,2024-09-20,Success
PAY106880,6880,D3338FAC-4E32-46,Debit Card,1619.15,2024-09-09,Success
PAY106881,6881,5119926A-BF71-45,Cash on Delivery,4200.0,2026-02-21,Success
PAY106882,6882,C5B8D6CE-EF0F-48,Net Banking,5192.32,2024-12-05,Success
PAY106883,6883,B1FED225-91F1-47,Debit Card,1835.2,2024-08-14,Success
PAY106884,6884,DC672817-795A-44,Debit Card,517.44,2025-09-08,Success
PAY106885,6885,421A5DDC-BB27-41,Debit Card,11497.59,2026-03-14,Refunded
PAY106886,6886,19F2C692-FDA0-4D,Credit Card,677.97,2024-09-27,Refunded
PAY106887,6887,DE93CCA3-CF58-49,Debit Card,1064.2,2026-06-06,Refunded
PAY106888,6888,C3846063-D49F-42,UPI,69946.68,2026-06-24,Success
PAY106889,6889,6BE2E551-DF79-48,Net Banking,323122.5,2026-01-08,Refunded
PAY106890,6890,B156994A-149B-49,Cash on Delivery,2967.58,2025-01-27,Success
PAY106891,6891,F2FB40D7-5B36-4D,Cash on Delivery,10605.0,2026-01-12,Success
PAY106892,6892,B631F250-00AF-4C,Cash on Delivery,469.8,2025-06-01,Success
PAY106893,6893,DA6055C6-AF90-4F,Debit Card,211390.24,2024-11-16,Success
PAY106894,6894,21B0F493-CAA6-4E,Debit Card,335095.9,2025-10-28,Success
PAY106895,6895,42A5AE59-FA0D-44,Net Banking,2015.9,2025-12-13,Success
PAY106896,6896,D780B9F5-CB9D-47,UPI,2115.8,2025-12-01,Success
PAY106897,6897,B1C3F56E-D93A-44,Debit Card,2178.0,2025-04-15,Success
PAY106898,6898,CF32AADD-E018-40,Net Banking,22175.4,2025-04-11,Success
PAY106899,6899,C53326D4-DD4B-49,Net Banking,20310.75,2025-08-27,Success
PAY106900,6900,558C49A0-BFBF-49,Debit Card,19727.35,2025-03-18,Refunded
PAY106901,6901,93FE421D-DE8C-4D,Credit Card,1365.12,2025-11-08,Success
PAY106902,6902,3208A1F7-9B44-43,UPI,29753.4,2025-12-17,Success
PAY106903,6903,146D750A-EDB8-4B,Net Banking,5674.86,2025-06-22,Success
PAY106904,6904,DFD71D52-00CE-46,Net Banking,4118.25,2024-12-20,Failed
PAY106905,6905,69EE9C16-D010-42,Debit Card,122385.21,2024-10-08,Refunded
PAY106906,6906,0D898FFD-FADA-4E,UPI,221404.56,2025-01-29,Success
PAY106907,6907,827675C9-5D8E-46,Credit Card,2253.6,2024-10-10,Success
PAY106908,6908,C914C3CB-6072-46,Cash on Delivery,2934.6,2026-03-27,Success
PAY106909,6909,0E61DE3B-FBBC-44,Cash on Delivery,724.91,2026-04-30,Success
PAY106910,6910,54BE5CC9-52E7-4F,Debit Card,8820.0,2025-06-02,Success
PAY106911,6911,84B55B87-DD82-41,Credit Card,339347.07,2025-07-30,Failed
PAY106912,6912,A6952F8F-014B-4F,Debit Card,81376.53,2024-12-18,Success
PAY106913,6913,62BA43DF-CC5E-49,Net Banking,1069.2,2025-06-13,Success
PAY106914,6914,68B57A72-4981-4E,Net Banking,287293.32,2025-03-16,Success
PAY106915,6915,D000E16F-1A65-4D,UPI,5810.0,2024-10-13,Success
PAY106916,6916,18814FCF-FC67-44,Credit Card,190212.0,2025-06-12,Success
PAY106917,6917,ADB59062-EAB8-4D,Cash on Delivery,1690.56,2024-09-12,Success
PAY106918,6918,0012FA71-AB38-44,UPI,85124.0,2026-03-14,Success
PAY106919,6919,A6F062C9-C21D-42,Net Banking,10178.68,2026-06-09,Success
PAY106920,6920,55D999F2-5AA1-41,Debit Card,2191.44,2024-09-20,Success
PAY106921,6921,4ED0CFE5-21E9-40,Net Banking,3923.52,2026-02-11,Success
PAY106922,6922,9EE499AD-FED4-4D,Credit Card,299.6,2025-09-30,Success
PAY106923,6923,9A258E81-D049-4F,Net Banking,30955.68,2024-09-13,Success
PAY106924,6924,BFF9C7AF-DC75-48,UPI,1811.15,2024-10-04,Success
PAY106925,6925,AE65D626-08F0-43,Credit Card,6098.75,2024-11-28,Success
PAY106926,6926,DD0DABC1-8206-43,Credit Card,6946.8,2026-03-17,Success
PAY106927,6927,45490BEB-CB68-4D,UPI,5155.92,2025-11-03,Success
PAY106928,6928,92C642F5-85D7-49,Net Banking,53342.05,2025-07-02,Success
PAY106929,6929,1B6023A6-0C9C-4A,Credit Card,138526.86,2024-08-10,Refunded
PAY106930,6930,75B27F6B-4294-4D,Cash on Delivery,4291.1,2024-10-04,Refunded
PAY106931,6931,B95A8551-28E6-41,Net Banking,2471.7,2026-06-03,Success
PAY106932,6932,0EFF392A-20E5-45,Debit Card,7098.0,2025-07-22,Success
PAY106933,6933,20B1348A-202F-4C,Net Banking,3554.22,2025-03-29,Success
PAY106934,6934,7009D1D4-45CD-46,Net Banking,1153.2,2024-12-31,Success
PAY106935,6935,29A0ED89-B37E-4F,Debit Card,185500.3,2026-01-18,Refunded
PAY106936,6936,7C881490-86EC-42,Debit Card,988.68,2026-06-13,Success
PAY106937,6937,765CE5CC-4C8A-4D,Cash on Delivery,1049.75,2026-01-23,Success
PAY106938,6938,23F464EB-61CF-4D,Credit Card,2276.64,2024-08-16,Success
PAY106939,6939,86AE094A-EF81-4A,Debit Card,1749.8,2026-05-17,Failed
PAY106940,6940,8AB173EC-7275-4F,Debit Card,5155.92,2026-01-13,Success
PAY106941,6941,D00F1784-722E-43,Cash on Delivery,278081.58,2024-12-17,Success
PAY106942,6942,D8E1B122-836F-44,Net Banking,135954.0,2025-01-28,Success
PAY106943,6943,7924A396-841B-40,Debit Card,1321.84,2026-03-09,Success
PAY106944,6944,15EBB75A-B29D-47,UPI,1355.94,2025-05-02,Success
PAY106945,6945,02DDD4A8-3F0A-44,Debit Card,86192.55,2025-08-20,Refunded
PAY106946,6946,E0C02FDE-3897-44,Cash on Delivery,2325.4,2026-02-03,Success
PAY106947,6947,ABA56285-2B31-49,Credit Card,190.8,2026-04-21,Refunded
PAY106948,6948,7C4B86E3-D08A-48,Credit Card,77303.2,2026-04-03,Success
PAY106949,6949,FAB8B355-CFFE-48,Credit Card,1420.0,2024-08-26,Success
PAY106950,6950,CFAAD3CB-CED6-4F,Cash on Delivery,77303.2,2025-07-14,Success
PAY106951,6951,795E4E2E-2DA7-4F,Cash on Delivery,19543.95,2026-02-11,Success
PAY106952,6952,52DE5E67-4E81-42,Debit Card,26291.3,2025-04-03,Success
PAY106953,6953,61B3B9FE-D371-41,Net Banking,51159.8,2025-06-04,Success
PAY106954,6954,8C7B5F8B-392C-49,Net Banking,931.92,2026-07-14,Success
PAY106955,6955,196C9610-5D6A-4C,Cash on Delivery,167155.5,2025-08-28,Success
PAY106956,6956,CD89ED5E-5C2F-46,Cash on Delivery,10373.88,2025-08-17,Failed
PAY106957,6957,9D3F3BCE-612B-4F,UPI,418853.6,2026-04-08,Success
PAY106958,6958,35118CCB-2E8A-4C,Cash on Delivery,18860.4,2026-05-01,Success
PAY106959,6959,0B50E1A3-9F8E-44,Debit Card,335095.9,2026-05-16,Success
PAY106960,6960,5E754292-5796-49,UPI,2210.4,2025-10-23,Success
PAY106961,6961,8A34A616-1AD8-41,Debit Card,32728.8,2024-08-01,Failed
PAY106962,6962,81E8561C-2433-48,Credit Card,5505.6,2024-09-18,Success
PAY106963,6963,35FD8095-6159-46,UPI,147290.4,2025-07-22,Failed
PAY106964,6964,D63393B1-00D9-45,Net Banking,4029.41,2025-12-27,Success
PAY106965,6965,FE0B8F3C-9AD9-49,Cash on Delivery,4797.1,2024-12-10,Refunded
PAY106966,6966,54DD9CB3-470C-4B,Cash on Delivery,140.89,2025-01-08,Success
PAY106967,6967,B9D3E1E6-FCF7-40,Debit Card,1678.6,2024-10-12,Failed
PAY106968,6968,5CB23209-79A7-46,UPI,5775.12,2026-07-15,Success
PAY106969,6969,16BB273F-954E-4B,Credit Card,1728.64,2025-11-23,Success
PAY106970,6970,CBC7D79B-AA53-46,Net Banking,366682.8,2025-12-09,Success
PAY106971,6971,304068AB-35A1-42,UPI,11732.05,2026-01-27,Success
PAY106972,6972,9BE5348B-1C15-47,Net Banking,9876.6,2024-09-21,Failed
PAY106973,6973,061D16C6-E16F-46,UPI,1729.8,2025-03-14,Success
PAY106974,6974,2A35EA8E-4673-40,Credit Card,221404.56,2026-07-11,Success
PAY106975,6975,F4BDAA10-F3D5-40,Credit Card,6920.64,2024-11-10,Refunded
PAY106976,6976,1638F151-73E4-48,Cash on Delivery,220009.68,2026-03-05,Success
PAY106977,6977,7E21D3A9-D684-42,Credit Card,6123.6,2026-05-29,Success
PAY106978,6978,BDDB8045-497B-4B,Cash on Delivery,2131.6,2025-01-06,Success
PAY106979,6979,7A5FDEE5-24EE-48,Net Banking,605218.5,2025-01-26,Success
PAY106980,6980,BD21451B-3D10-4A,UPI,718.56,2025-03-01,Success
PAY106981,6981,AAA701CD-4F92-4B,Cash on Delivery,7669.2,2025-09-05,Success
PAY106982,6982,998B9D8F-49B7-4C,UPI,1400.82,2024-11-01,Failed
PAY106983,6983,BF587001-943F-47,Net Banking,21254.95,2025-04-13,Success
PAY106984,6984,9186DC02-3547-4C,Debit Card,1275.0,2024-11-29,Success
PAY106985,6985,1EDFDAB8-F975-49,Debit Card,332391.92,2026-04-10,Refunded
PAY106986,6986,A0E6B4F6-BC2F-47,Debit Card,26291.3,2025-08-07,Refunded
PAY106987,6987,9E80DCB7-2EB6-4F,Net Banking,1391.65,2025-02-13,Success
PAY106988,6988,E9A632A6-6BB6-4E,Net Banking,44545.62,2026-02-22,Refunded
PAY106989,6989,496CB91B-DF74-46,Net Banking,449166.48,2025-07-13,Success
PAY106990,6990,06DE126B-7053-4E,UPI,5557.44,2025-01-12,Refunded
PAY106991,6991,50ACB467-FA0C-4A,Cash on Delivery,1677.54,2025-12-31,Failed
PAY106992,6992,A634BA68-EF9C-4F,UPI,83097.98,2025-12-28,Success
PAY106993,6993,8D95A910-9B7B-44,Net Banking,431.34,2025-08-11,Success
PAY106994,6994,14F14BE7-9394-4D,Cash on Delivery,38360.85,2025-04-19,Refunded
PAY106995,6995,95AF8340-0E35-44,Debit Card,88197.75,2025-01-21,Success
PAY106996,6996,6C547E2B-8D64-45,Net Banking,74220.0,2025-12-07,Success
PAY106997,6997,3972DB71-6DCF-4F,UPI,15578.64,2025-05-30,Success
PAY106998,6998,761F7742-6E98-48,Cash on Delivery,43712.64,2026-02-10,Refunded
PAY106999,6999,D0EC5E67-786F-44,Credit Card,115846.8,2025-12-23,Success
PAY107000,7000,DD975CAA-28EB-44,Debit Card,295.4,2026-03-30,Refunded
PAY107001,7001,DDDCB349-C334-46,Credit Card,244129.59,2025-10-19,Success
PAY107002,7002,A1220219-BC65-4D,Credit Card,38042.4,2025-10-29,Success
PAY107003,7003,CB31C967-CCD7-46,Debit Card,3578.4,2024-10-23,Refunded
PAY107004,7004,83273FE3-7AB2-4F,Debit Card,375.92,2026-01-04,Success
PAY107005,7005,16720677-31AB-46,Net Banking,9175.38,2025-10-01,Success
PAY107006,7006,B0958420-3E96-4D,Cash on Delivery,3756.0,2025-02-06,Success
PAY107007,7007,F20D39BB-5310-48,Credit Card,5561.55,2024-12-26,Success
PAY107008,7008,B52F5204-F78C-45,Debit Card,2007.92,2025-12-30,Success
PAY107009,7009,94C7CDF0-D295-44,Cash on Delivery,20310.75,2024-12-21,Success
PAY107010,7010,EF891585-EEFF-4D,UPI,2369.3,2024-11-10,Failed
PAY107011,7011,861242FC-7A30-48,Cash on Delivery,5656.8,2026-05-13,Success
PAY107012,7012,818A201B-26C8-4F,Net Banking,33899.22,2025-04-29,Success
PAY107013,7013,21EBF5E1-4A6D-48,Cash on Delivery,6615.0,2026-05-30,Success
PAY107014,7014,2C7AB897-C88A-4D,UPI,398.64,2026-01-22,Failed
PAY107015,7015,DDF73543-3167-4B,Net Banking,3489.28,2025-08-13,Success
PAY107016,7016,744BD163-A8AB-46,Cash on Delivery,3015.52,2025-12-13,Refunded
PAY107017,7017,7FC589E1-2E5C-46,Cash on Delivery,110211.16,2025-11-12,Success
PAY107018,7018,5F34177A-9E7E-42,UPI,1612.41,2025-02-22,Refunded
PAY107019,7019,296B8B61-17D1-4E,Debit Card,6990.4,2026-01-16,Failed
PAY107020,7020,967CDF47-72F1-45,Debit Card,6631.2,2024-07-28,Success
PAY107021,7021,3F77E69D-2475-47,Cash on Delivery,5681.6,2026-07-09,Success
PAY107022,7022,04EF9A7D-2C96-4E,Credit Card,199140.9,2026-06-27,Failed
PAY107023,7023,A05567E6-FBF0-40,Debit Card,2241.47,2026-05-03,Success
PAY107024,7024,4A2365CA-1FED-43,Credit Card,7562.4,2025-03-02,Success
PAY107025,7025,39B5E3AE-9E73-44,Net Banking,3663.75,2025-01-30,Success
PAY107026,7026,1EA500A0-90EF-46,Net Banking,32784.48,2024-08-09,Success
PAY107027,7027,B14F2757-9D50-49,Debit Card,520.8,2026-01-01,Failed
PAY107028,7028,70D365DC-BDCD-4D,Net Banking,7146.3,2025-06-12,Success
PAY107029,7029,B98A88F7-2224-4C,UPI,325506.12,2025-08-14,Refunded
PAY107030,7030,E3059B75-E0BA-48,Credit Card,2488.5,2025-02-27,Success
PAY107031,7031,D0081D74-0E2F-4F,Debit Card,6835.2,2025-12-24,Success
PAY107032,7032,B45DB280-EDE8-43,UPI,1468.8,2026-07-03,Success
PAY107033,7033,48A02E15-2024-4D,Credit Card,4260.0,2024-09-09,Success
PAY107034,7034,D59801A5-A0C7-42,Cash on Delivery,8278.68,2025-05-20,Success
PAY107035,7035,E7B4AE03-AACB-4C,Cash on Delivery,4857.45,2025-10-31,Success
PAY107036,7036,2A61DC55-CCF3-43,Net Banking,469.9,2025-07-09,Success
PAY107037,7037,368113D0-9484-45,UPI,839.3,2025-01-23,Success
PAY107038,7038,A5A0E081-DEEC-42,Cash on Delivery,196387.2,2026-01-19,Refunded
PAY107039,7039,F4C17F42-828A-40,Debit Card,4938.3,2025-06-29,Success
PAY107040,7040,DAF62B78-66A0-48,Credit Card,196387.2,2024-09-28,Success
PAY107041,7041,0D28916D-B6CA-42,Credit Card,7937.6,2025-08-12,Success
PAY107042,7042,9A3B0E49-09EF-46,Credit Card,554.76,2025-03-05,Success
PAY107043,7043,1ACF90BB-704C-4C,Cash on Delivery,4291.1,2026-04-11,Success
PAY107044,7044,C9FC63D9-86BD-47,Debit Card,1721.43,2025-07-15,Success
PAY107045,7045,12D0A9C8-20CD-47,UPI,16764.52,2026-01-14,Failed
PAY107046,7046,1BF3287C-E93A-4E,UPI,37242.93,2025-02-23,Refunded
PAY107047,7047,1191CBBE-03B6-40,Debit Card,1456.32,2026-07-17,Refunded
PAY107048,7048,DE8A06AF-E7BB-43,Net Banking,6609.2,2025-05-06,Refunded
PAY107049,7049,197A136D-16CE-47,Credit Card,233681.0,2024-11-12,Success
PAY107050,7050,AD71C88F-218D-44,Credit Card,6699.0,2026-04-13,Success
PAY107051,7051,2AF1C8FF-27B5-44,UPI,101697.66,2025-05-09,Failed
PAY107052,7052,B51B485D-7D58-4A,UPI,15940.9,2025-05-31,Success
PAY107053,7053,3AF47D66-5442-49,Debit Card,3854.76,2024-09-07,Refunded
PAY107054,7054,DDF55D57-3B55-43,Net Banking,281778.36,2026-07-04,Success
PAY107055,7055,91CE9779-DFAD-47,Net Banking,2261.64,2026-04-02,Success
PAY107056,7056,EFD56C13-88C7-43,Credit Card,270054.96,2024-11-15,Success
PAY107057,7057,69620BE5-0588-41,Credit Card,1889.91,2025-04-12,Success
PAY107058,7058,18B5774B-67EF-46,Debit Card,1088.7,2025-08-10,Refunded
PAY107059,7059,970EBBB4-A018-4E,Credit Card,84590.28,2024-12-18,Success
PAY107060,7060,F4C47C78-6E39-4C,Debit Card,36637.44,2024-12-22,Refunded
PAY107061,7061,574FE2B2-2B61-4F,Credit Card,30955.68,2024-12-13,Success
PAY107062,7062,56193718-FE66-4A,Net Banking,8946.0,2025-06-17,Success
PAY107063,7063,0A085E28-26AC-4B,UPI,169797.84,2026-02-28,Success
PAY107064,7064,80623309-8651-48,Debit Card,9528.4,2025-10-13,Success
PAY107065,7065,BF4CC3E4-874D-48,Credit Card,263611.04,2025-12-04,Success
PAY107066,7066,5EA3AA2D-927B-41,Debit Card,2186.4,2024-07-31,Failed
PAY107067,7067,5E4D325D-A4B1-42,Cash on Delivery,2591.6,2026-02-25,Success
PAY107068,7068,0B098277-D710-4D,Debit Card,20592.0,2024-11-14,Success
PAY107069,7069,633FAF46-C959-43,Cash on Delivery,1112.97,2024-12-03,Refunded
PAY107070,7070,F0F5395B-7D63-42,Debit Card,964.24,2026-02-01,Refunded
PAY107071,7071,4CC86DB2-C78C-44,Net Banking,12587.52,2026-05-09,Success
PAY107072,7072,333A1FE0-C153-4A,UPI,3794.4,2025-07-02,Success
PAY107073,7073,B5383139-8DE2-43,Credit Card,2196.18,2025-11-21,Failed
PAY107074,7074,CE1B28B0-2863-4C,Credit Card,9244.6,2025-06-12,Success
PAY107075,7075,79F12953-DFDC-4A,Cash on Delivery,17164.4,2024-12-14,Success
PAY107076,7076,60F9E6CD-BA0B-4D,Debit Card,4235.14,2025-08-22,Failed
PAY107077,7077,78246089-02AD-45,Net Banking,1458.38,2025-01-13,Failed
PAY107078,7078,C1967874-E82A-49,Cash on Delivery,221205.6,2026-01-19,Success
PAY107079,7079,288F63CC-7A48-44,UPI,3819.0,2024-11-06,Failed
PAY107080,7080,E5F92508-C010-4A,Credit Card,2946.9,2024-10-16,Success
PAY107081,7081,5F7B62A5-E24E-4C,Credit Card,1077.84,2025-05-19,Success
PAY107082,7082,7257FE70-C369-43,UPI,222874.0,2025-06-08,Refunded
PAY107083,7083,32F0844A-7C2F-49,Debit Card,93.24,2025-08-04,Success
PAY107084,7084,91375DE1-032A-4C,Cash on Delivery,415489.9,2025-12-31,Success
PAY107085,7085,66FC83ED-36B9-4E,Net Banking,428.4,2025-04-08,Success
PAY107086,7086,49243CFE-650D-4A,UPI,231909.6,2026-02-09,Refunded
PAY107087,7087,4D9F5743-3ECC-4D,Net Banking,4944.4,2026-05-26,Success
PAY107088,7088,57C2EB99-59D0-47,Cash on Delivery,1477.0,2026-03-22,Success
PAY107089,7089,EEA88B3C-BD76-47,UPI,2305.1,2025-02-13,Success
PAY107090,7090,7A290D04-5DEB-48,UPI,37211.8,2025-09-18,Failed
PAY107091,7091,6E05E20A-6750-46,UPI,58136.0,2024-12-10,Success
PAY107092,7092,8BF22AA4-EA8E-44,Debit Card,904.8,2025-07-03,Success
PAY107093,7093,CE627375-28BE-41,Debit Card,358485.75,2025-11-17,Failed
PAY107094,7094,39BB58A2-AD24-46,Credit Card,9960.15,2026-02-05,Success
PAY107095,7095,5E192BF1-08C2-42,Credit Card,4150.0,2025-01-23,Success
PAY107096,7096,AF228069-4F81-49,Net Banking,83097.98,2026-06-01,Refunded
PAY107097,7097,2CDEF122-C918-4F,Cash on Delivery,648.6,2025-11-09,Success
PAY107098,7098,2ADCABDE-28A3-4A,Cash on Delivery,7421.64,2024-10-07,Refunded
PAY107099,7099,6A28176D-6971-4C,Cash on Delivery,23100.88,2024-08-27,Refunded
PAY107100,7100,C51836F0-3005-4E,Debit Card,3142.26,2024-10-03,Success
PAY107101,7101,FFB394E9-0AF7-4C,Debit Card,1066.56,2025-09-17,Success
PAY107102,7102,B4F88815-0BC9-4D,Net Banking,130016.48,2025-10-18,Success
PAY107103,7103,5160255E-EBAD-4C,Credit Card,3430.7,2025-09-03,Success
PAY107104,7104,8B636995-C232-4F,Cash on Delivery,1811.15,2025-12-21,Success
PAY107105,7105,5855447A-270F-47,Net Banking,4066.76,2025-08-06,Refunded
PAY107106,7106,9B8AA636-D898-4E,Cash on Delivery,7817.58,2026-07-18,Success
PAY107107,7107,B2574641-1D5A-40,Net Banking,2605.5,2026-04-08,Success
PAY107108,7108,6261F6AE-A1A7-4E,Credit Card,574.56,2024-11-01,Success
PAY107109,7109,C722FAAD-C189-44,Debit Card,7427.16,2024-10-08,Failed
PAY107110,7110,E2684CF7-A37E-40,Net Banking,494.34,2025-08-31,Success
PAY107111,7111,DB4C5CD9-8933-40,Net Banking,19454.8,2025-08-30,Success
PAY107112,7112,2250CEA1-5DAA-43,UPI,2278.4,2024-08-01,Success
PAY107113,7113,0303AC2F-4F7F-4F,UPI,93926.12,2025-09-20,Success
PAY107114,7114,84CF1831-C2AB-40,Credit Card,1449.82,2026-07-16,Success
PAY107115,7115,4DA4130B-3D78-42,UPI,7487.1,2025-03-03,Success
PAY107116,7116,DD6BB746-1E7D-42,Credit Card,166.53,2024-12-22,Success
PAY107117,7117,37C4E746-E792-4E,UPI,8237.08,2025-12-08,Success
PAY107118,7118,2115E981-AF75-4B,Credit Card,8166.4,2025-12-30,Refunded
PAY107119,7119,9695C043-5F22-4E,Debit Card,74200.12,2025-01-11,Success
PAY107120,7120,73166CF4-D23B-43,Credit Card,10331.64,2025-06-16,Success
PAY107121,7121,A5203112-D825-45,Credit Card,249688.23,2025-10-16,Success
PAY107122,7122,418B73EF-CDAE-4F,UPI,461.5,2025-02-21,Success
PAY107123,7123,FCA8342D-CB13-49,Debit Card,4243.04,2025-12-15,Success
PAY107124,7124,DF726F1C-201A-43,Cash on Delivery,5669.73,2025-10-01,Success
PAY107125,7125,62403AB9-5CF0-42,Debit Card,315481.98,2026-07-17,Success
PAY107126,7126,51ECD0FB-5EB3-4F,Cash on Delivery,574.56,2025-05-30,Success
PAY107127,7127,19958729-CF36-4D,Credit Card,224583.24,2025-07-09,Success
PAY107128,7128,D02AF905-60E9-46,UPI,325506.12,2025-01-17,Success
PAY107129,7129,A5AA6472-A7B3-44,Credit Card,3294.6,2024-10-01,Failed
PAY107130,7130,4226849D-83D5-49,Cash on Delivery,55718.5,2025-07-07,Failed
PAY107131,7131,11536312-6EA7-43,UPI,3955.52,2024-12-23,Success
PAY107132,7132,E99A81FB-F5B8-45,Debit Card,143017.56,2025-07-01,Refunded
PAY107133,7133,5CB10C38-0CC3-43,Cash on Delivery,3908.79,2026-06-15,Failed
PAY107134,7134,B05D1AD5-A7A0-49,Net Banking,6797.28,2025-10-25,Success
PAY107135,7135,88F1C9DC-4DDA-42,UPI,431.34,2025-08-21,Success
PAY107136,7136,25F25839-2159-40,Debit Card,10366.4,2025-07-16,Success
PAY107137,7137,5E346912-A8B6-4F,Cash on Delivery,17476.0,2025-09-08,Failed
PAY107138,7138,91E6C94A-9FAA-43,Cash on Delivery,21335.6,2025-04-07,Success
PAY107139,7139,8C912F9C-9284-4C,Cash on Delivery,3002.2,2026-07-12,Success
PAY107140,7140,9B9F9DAC-AAD1-46,Net Banking,67513.74,2025-10-20,Failed
PAY107141,7141,6D905565-412C-43,UPI,148767.0,2026-05-22,Success
PAY107142,7142,CF597FF6-F944-4B,Cash on Delivery,187656.84,2024-12-10,Success
PAY107143,7143,3454EECA-3F0B-49,Cash on Delivery,39852.25,2025-05-24,Success
PAY107144,7144,9B7ACADF-9E38-43,Debit Card,5557.68,2026-02-19,Refunded
PAY107145,7145,90FB67C3-0556-4A,Net Banking,20663.28,2024-12-21,Success
PAY107146,7146,2D1B6822-0772-4D,UPI,3984.06,2024-12-03,Success
PAY107147,7147,BA210C87-9056-46,Cash on Delivery,2901.36,2026-01-18,Success
PAY107148,7148,62E5D706-4416-48,Net Banking,2324.0,2025-04-17,Success
PAY107149,7149,3AFA0B08-4507-41,Credit Card,436555.4,2026-07-17,Success
PAY107150,7150,BDFBB3C7-5A64-45,Credit Card,865.05,2025-03-15,Success
PAY107151,7151,E6B041D1-C103-48,UPI,930.16,2025-07-25,Success
PAY107152,7152,BBB11340-FAF9-48,Cash on Delivery,57524.86,2026-03-28,Success
PAY107153,7153,DC52FD82-1232-4C,Net Banking,1273.0,2025-07-03,Success
PAY107154,7154,DACCBE29-6FF5-40,Debit Card,19171.08,2025-04-11,Success
PAY107155,7155,A38346DE-C3B5-41,Credit Card,8237.08,2026-03-29,Refunded
PAY107156,7156,235ADA46-9F87-4B,Debit Card,2840.0,2025-10-21,Refunded
PAY107157,7157,35122C04-4304-4D,Net Banking,13397.4,2026-01-08,Success
PAY107158,7158,EE2D04C9-6CBC-41,Net Banking,387825.2,2025-05-03,Failed
PAY107159,7159,F3BF1B39-83AD-45,Credit Card,7937.6,2024-08-07,Refunded
PAY107160,7160,EA4A0588-0BA6-41,Cash on Delivery,186.48,2024-11-30,Refunded
PAY107161,7161,7A46CDA1-512D-43,Net Banking,2805.0,2025-02-12,Success
PAY107162,7162,3C159687-C824-45,Net Banking,2113.2,2026-05-03,Failed
PAY107163,7163,90D4D5A2-8080-4E,UPI,1452.0,2024-08-07,Success
PAY107164,7164,E6177B4E-1D03-43,UPI,11928.87,2025-04-03,Success
PAY107165,7165,69E3BEAF-F898-44,Cash on Delivery,6365.0,2026-02-15,Success
PAY107166,7166,BA94A7CE-75BD-48,Cash on Delivery,526.32,2025-01-31,Success
PAY107167,7167,C29355F6-D0F5-4D,Cash on Delivery,92403.52,2025-10-15,Success
PAY107168,7168,C4C43626-EA8A-49,Debit Card,12663.2,2025-10-22,Failed
PAY107169,7169,09768597-087B-4E,Net Banking,1948.32,2024-11-25,Refunded
PAY107170,7170,EE08F09E-0629-41,Net Banking,2020.2,2026-01-31,Success
PAY107171,7171,C4774068-0066-40,Debit Card,11910.5,2024-10-12,Success
PAY107172,7172,64490940-82B8-4F,Cash on Delivery,2395.68,2026-03-24,Success
PAY107173,7173,FA85F28A-0D3A-49,Cash on Delivery,2007.92,2025-10-29,Success
PAY107174,7174,0484D903-0D3B-44,Cash on Delivery,4150.0,2025-10-10,Success
PAY107175,7175,DB09D520-C65C-4C,UPI,300866.0,2025-08-19,Success
PAY107176,7176,E411AEDC-B43A-44,UPI,21425.49,2025-07-28,Success
PAY107177,7177,B19CB158-4C17-47,UPI,12355.62,2026-06-01,Success
PAY107178,7178,8FE290D8-9BBC-42,Debit Card,107510.4,2024-09-01,Success
PAY107179,7179,E87B4274-A9DF-42,Net Banking,924.0,2026-01-03,Success
PAY107180,7180,88561636-2F69-4B,Cash on Delivery,95764.44,2025-11-13,Success
PAY107181,7181,F3FD127D-DD65-4C,Debit Card,1709.1,2025-11-18,Success
PAY107182,7182,EE40A27D-B79D-49,Debit Card,4083.2,2026-01-06,Success
PAY107183,7183,35282EBC-7FC0-4F,Credit Card,152169.6,2026-06-08,Failed
PAY107184,7184,5A2D0F16-6FC9-4B,UPI,202596.0,2024-12-28,Success
PAY107185,7185,954EEAEA-506A-4F,Debit Card,6033.36,2025-08-10,Failed
PAY107186,7186,E2C88E40-57A2-41,Debit Card,3854.76,2024-11-09,Success
PAY107187,7187,DC89FE89-77F2-45,Net Banking,2819.76,2025-11-11,Success
PAY107188,7188,19D4DEB5-2D32-46,Cash on Delivery,15419.04,2026-05-29,Success
PAY107189,7189,3E49CADD-C7DD-49,Cash on Delivery,6699.0,2025-04-25,Success
PAY107190,7190,4EA8243A-A21D-49,Net Banking,10957.5,2026-04-03,Success
PAY107191,7191,BDC98298-8549-40,Credit Card,45214.4,2025-02-24,Success
PAY107192,7192,8E48E31D-F847-4A,Cash on Delivery,1234.2,2024-09-25,Success
PAY107193,7193,6FE1D7B7-8F23-44,Debit Card,226231.38,2024-10-15,Success
PAY107194,7194,84705A51-9C61-40,Debit Card,434424.8,2025-03-21,Success
PAY107195,7195,C9FEC867-1D4D-42,Debit Card,11663.13,2024-08-18,Failed
PAY107196,7196,72C0EB44-8F41-40,UPI,74423.6,2024-07-30,Success
PAY107197,7197,7F539450-E1E5-46,UPI,2616.96,2025-12-10,Refunded
PAY107198,7198,2585356E-09F9-4C,Credit Card,18227.2,2024-09-16,Failed
PAY107199,7199,FFC6DEBC-AC09-49,Debit Card,148440.0,2025-06-27,Refunded
PAY107200,7200,BFDDF82E-A3C3-4A,UPI,13027.5,2025-09-21,Success
PAY107201,7201,FF683EBB-2235-4F,Net Banking,4739.6,2025-11-30,Refunded
PAY107202,7202,9DC136F1-AA2F-4B,Credit Card,2236.72,2026-04-25,Success
PAY107203,7203,197954F0-CB9D-42,Cash on Delivery,2324.0,2026-04-10,Success
PAY107204,7204,E27292BA-826A-4E,Cash on Delivery,186.48,2025-06-06,Failed
PAY107205,7205,AA164565-5A8C-4F,Credit Card,39222.48,2025-02-20,Success
PAY107206,7206,9E9C82A7-A089-4D,Debit Card,147470.4,2025-12-01,Failed
PAY107207,7207,C90C156E-60E3-45,Debit Card,13690.0,2025-06-18,Success
PAY107208,7208,695326A1-3F6E-44,UPI,6958.25,2026-02-26,Success
PAY107209,7209,D04125AD-A820-4F,UPI,28762.43,2026-04-20,Refunded
PAY107210,7210,7B8B0D14-F9FA-49,Net Banking,166.53,2026-01-28,Success
PAY107211,7211,E563FCA9-D05C-40,UPI,215415.0,2026-05-26,Success
PAY107212,7212,40C97E59-6D00-47,Net Banking,233681.0,2026-07-12,Refunded
PAY107213,7213,CF745A9A-CAD1-40,Cash on Delivery,996.3,2025-10-31,Success
PAY107214,7214,1C378610-8819-42,Net Banking,109395.44,2026-01-01,Failed
PAY107215,7215,A5FBEC83-ED55-46,Credit Card,1842.75,2025-01-04,Refunded
PAY107216,7216,43BE21B8-E5D5-4E,Debit Card,9398.4,2026-02-20,Success
PAY107217,7217,AC9CB3A3-624D-44,UPI,8585.44,2025-07-20,Refunded
PAY107218,7218,0E6F9993-B6A0-4F,Net Banking,415489.9,2024-12-24,Success
PAY107219,7219,7566BBA7-3F73-40,Cash on Delivery,34989.39,2025-10-06,Success
PAY107220,7220,5D411260-6071-44,UPI,1343.68,2026-05-23,Success
PAY107221,7221,39288D19-8D41-4F,Credit Card,2543.88,2024-12-22,Success
PAY107222,7222,18DD9669-83AE-4E,Debit Card,12093.12,2025-12-21,Success
PAY107223,7223,DC25DD73-33C3-46,Cash on Delivery,5183.2,2026-03-15,Failed
PAY107224,7224,E8A6C00F-D112-4C,Debit Card,753.88,2026-01-09,Success
PAY107225,7225,80EF7863-49DB-4E,Debit Card,1820.16,2026-02-06,Success
PAY107226,7226,C6D3B226-B4D2-44,Credit Card,364655.25,2024-10-11,Refunded
PAY107227,7227,7F1C42BA-EFD1-4A,UPI,5211.0,2024-10-30,Success
PAY107228,7228,55E2B7A3-3E23-4E,Debit Card,3421.44,2025-09-11,Success
PAY107229,7229,89E15689-778A-4E,Credit Card,41911.3,2025-03-01,Success
PAY107230,7230,B55C660F-86D8-48,Credit Card,122955.84,2025-07-16,Success
PAY107231,7231,85EB4E71-012D-4A,Cash on Delivery,532.1,2024-08-20,Refunded
PAY107232,7232,00509B79-3E2B-4F,Net Banking,6281.76,2026-05-31,Success
PAY107233,7233,353AF90C-1229-4C,Cash on Delivery,445139.72,2025-12-20,Success
PAY107234,7234,B9873F7C-43D1-4D,Debit Card,1288.98,2025-02-01,Refunded
PAY107235,7235,BA96737A-40C9-4B,Net Banking,4260.0,2024-12-23,Refunded
PAY107236,7236,3E21FF2E-87C0-4A,Cash on Delivery,1780.86,2026-05-03,Success
PAY107237,7237,9CF3807A-0227-42,Credit Card,81038.4,2025-04-02,Success
PAY107238,7238,3B5D6E1D-E3D8-4B,Cash on Delivery,5097.96,2026-01-03,Success
PAY107239,7239,0872ABA6-00F0-45,Cash on Delivery,294940.8,2025-06-23,Success
PAY107240,7240,E25FFDE8-1018-42,Credit Card,273023.4,2025-09-13,Success
PAY107241,7241,39F0E86E-B335-4C,UPI,10096.2,2025-03-20,Success
PAY107242,7242,A03FE7FD-572C-45,Cash on Delivery,2544.48,2025-09-28,Refunded
PAY107243,7243,A78E9F7E-1196-49,UPI,2291.04,2024-08-22,Success
PAY107244,7244,8D150E4B-895D-49,Debit Card,1398.32,2025-04-08,Success
PAY107245,7245,72C0F7C3-CA4A-42,Net Banking,6574.5,2025-10-19,Success
PAY107246,7246,28C96F1A-CCBB-4B,Cash on Delivery,4857.45,2025-10-01,Success
PAY107247,7247,AC0A3934-686F-44,Cash on Delivery,48184.95,2025-10-11,Success
PAY107248,7248,5EE7D09B-A6BE-44,Cash on Delivery,980.88,2025-11-14,Success
PAY107249,7249,157E4ED9-CC57-4F,Cash on Delivery,11564.28,2025-08-13,Success
PAY107250,7250,1091D20C-4002-43,Debit Card,5924.16,2025-11-20,Failed
PAY107251,7251,203ECE4D-2A2B-42,Credit Card,1281.0,2026-03-03,Refunded
PAY107252,7252,08C03766-5B7A-44,Cash on Delivery,331.2,2025-03-02,Success
PAY107253,7253,5A31EF35-D097-4E,Credit Card,283944.51,2024-11-13,Success
PAY107254,7254,40CD3BF1-DE05-44,Net Banking,15233.4,2025-08-02,Success
PAY107255,7255,7328E9F6-1365-42,Debit Card,532.1,2025-08-30,Success
PAY107256,7256,AC6919D6-15A8-4F,Debit Card,2043.36,2025-08-03,Failed
PAY107257,7257,665B9D71-2DB7-48,Net Banking,1386.0,2025-12-05,Refunded
PAY107258,7258,8DDDCA06-186C-4D,UPI,614.25,2025-02-22,Success
PAY107259,7259,12D97B8A-B5A7-40,UPI,3789.52,2025-04-21,Success
PAY107260,7260,D9E04A58-4ED4-40,Credit Card,6273.0,2025-09-20,Success
PAY107261,7261,AC0E02E9-0611-4B,Debit Card,145862.1,2024-07-28,Refunded
PAY107262,7262,C4548BD7-85D9-4E,Cash on Delivery,4622.3,2026-06-04,Failed
PAY107263,7263,37951D4B-AF87-4B,Credit Card,3495.2,2026-04-29,Success
PAY107264,7264,8367F257-7543-40,Credit Card,2172.72,2026-01-01,Success
PAY107265,7265,2D6F269C-B561-4D,Debit Card,6953.82,2025-06-18,Success
PAY107266,7266,6B9C09FE-2274-4A,Credit Card,3662.01,2024-08-30,Success
PAY107267,7267,15EECF2D-D97F-40,Credit Card,47472.0,2025-04-19,Success
PAY107268,7268,978C4119-3466-46,Debit Card,395416.56,2026-06-03,Refunded
PAY107269,7269,2E48DB4D-E914-4E,UPI,2840.0,2025-11-19,Success
PAY107270,7270,0EB43D54-75D9-48,Credit Card,116840.5,2025-05-20,Success
PAY107271,7271,94870728-31AD-45,UPI,83229.41,2024-09-26,Success
PAY107272,7272,8ED66A3A-647C-4C,Cash on Delivery,377225.76,2025-03-12,Failed
PAY107273,7273,53D22FE0-0403-48,Debit Card,212810.0,2025-11-20,Success
PAY107274,7274,BD068704-E388-44,Debit Card,15497.46,2024-10-02,Success
PAY107275,7275,67CC5E24-18F3-42,Debit Card,463469.3,2025-05-05,Success
PAY107276,7276,912D9928-E9FE-4D,UPI,611926.05,2026-03-11,Success
PAY107277,7277,518F7387-B900-46,Cash on Delivery,641.52,2025-03-16,Refunded
PAY107278,7278,0ACD62EB-765C-4E,Cash on Delivery,890.96,2026-04-26,Success
PAY107279,7279,4AB72B17-81D2-44,UPI,1136.32,2024-12-02,Success
PAY107280,7280,B8D581A6-56A9-46,Credit Card,1362.72,2026-07-14,Success
PAY107281,7281,3D375948-069E-42,Credit Card,3510.0,2025-06-15,Refunded
PAY107282,7282,AAF9D90F-7B19-44,UPI,1645.6,2024-08-21,Refunded
PAY107283,7283,53F598D1-2630-4B,Credit Card,33910.8,2025-04-19,Success
PAY107284,7284,FACF59D3-E1E2-42,Credit Card,12967.35,2026-04-18,Success
PAY107285,7285,05C9EFD0-C936-47,Debit Card,8981.88,2026-02-02,Refunded
PAY107286,7286,2D78236E-A957-41,Debit Card,134038.36,2026-02-05,Success
PAY107287,7287,B6669192-A7B3-45,Credit Card,72398.55,2024-09-17,Refunded
PAY107288,7288,D7F7E489-7136-4E,UPI,532.1,2026-04-29,Success
PAY107289,7289,E9311D7F-3590-4B,Cash on Delivery,4243.04,2026-01-14,Success
PAY107290,7290,605962A7-E864-45,Net Banking,1578.99,2025-04-22,Success
PAY107291,7291,44F8BE2C-306A-45,Debit Card,6033.36,2026-03-01,Failed
PAY107292,7292,637FF0C7-C2EE-44,Credit Card,3004.8,2026-03-11,Success
PAY107293,7293,FF0290A1-22DB-47,Credit Card,10485.6,2026-03-23,Failed
PAY107294,7294,96E88159-4271-48,Debit Card,27780.48,2025-04-11,Success
PAY107295,7295,C9543FCD-E923-40,Net Banking,8145.12,2026-03-03,Success
PAY107296,7296,C2B17551-2447-4D,Cash on Delivery,4568.2,2025-08-11,Success
PAY107297,7297,15F07421-4595-43,UPI,13907.64,2025-11-22,Refunded
PAY107298,7298,348E731C-1B4E-4E,Cash on Delivery,226939.68,2026-06-27,Refunded
PAY107299,7299,91B5FDEC-B2D7-42,Debit Card,599.76,2024-10-28,Success
PAY107300,7300,2A7C8EC3-9F0E-42,Net Banking,19881.45,2026-05-06,Success
PAY107301,7301,5D5D4549-444A-45,Cash on Delivery,822.8,2025-11-14,Success
PAY107302,7302,F74F2C01-14DC-46,Credit Card,115049.72,2026-01-06,Success
PAY107303,7303,1D4E9A7F-C61F-41,Net Banking,11424.5,2026-03-21,Success
PAY107304,7304,213881FF-282F-42,Credit Card,3561.72,2025-07-30,Success
PAY107305,7305,27B31E54-2167-40,UPI,213686.2,2025-02-02,Success
PAY107306,7306,3ABCD376-0B0D-4B,Credit Card,1185.6,2026-01-10,Success
PAY107307,7307,74C69061-35C6-4A,Cash on Delivery,22607.2,2024-11-22,Failed
PAY107308,7308,5B4264CF-85D5-40,Cash on Delivery,28520.0,2025-01-18,Success
PAY107309,7309,A1BD8CD9-CBB9-42,UPI,6225.0,2025-07-21,Success
PAY107310,7310,876D6ADB-0C9E-4F,Credit Card,1049.75,2024-12-14,Failed
PAY107311,7311,605781C1-F344-48,Net Banking,11732.05,2024-10-20,Success
PAY107312,7312,3DF6EBCA-7409-45,Cash on Delivery,10185.12,2024-10-15,Success
PAY107313,7313,398C7115-5260-46,Debit Card,6628.92,2025-12-15,Success
PAY107314,7314,5725564E-CB98-4C,Net Banking,17452.64,2026-06-30,Refunded
PAY107315,7315,CE23D2A9-3B68-44,Credit Card,1689.74,2026-04-03,Success
PAY107316,7316,7699ED4C-DD32-43,Net Banking,25829.1,2026-02-04,Success
PAY107317,7317,921D33AC-79E8-42,Credit Card,445.48,2024-09-29,Success
PAY107318,7318,2F51C542-8056-45,Cash on Delivery,32767.35,2025-08-04,Refunded
PAY107319,7319,B8EEE8A3-8BF4-40,UPI,695.52,2024-09-23,Success
PAY107320,7320,56576301-0866-43,Debit Card,90407.58,2024-08-18,Refunded
PAY107321,7321,AFEC9FC0-CFC4-43,Cash on Delivery,2410.6,2025-01-16,Success
PAY107322,7322,B6EDEE7A-DF57-46,Cash on Delivery,120664.25,2025-09-11,Success
PAY107323,7323,E4EB4DA5-BC01-4A,Cash on Delivery,1867.76,2025-07-08,Success
PAY107324,7324,64658F01-00D1-4C,Debit Card,42737.24,2024-09-30,Success
PAY107325,7325,19CD8709-BFEF-48,Cash on Delivery,5564.85,2026-02-19,Success
PAY107326,7326,468214F0-97EC-40,Net Banking,6958.25,2025-12-13,Success
PAY107327,7327,C730A02C-4B02-49,Net Banking,3622.3,2025-08-16,Success
PAY107328,7328,EB7D1EAE-0678-4A,Debit Card,283944.51,2026-06-28,Success
PAY107329,7329,ECAD9246-E4F6-4E,Debit Card,371.7,2025-07-13,Success
PAY107330,7330,F0FE7B96-FF7D-45,Cash on Delivery,622.5,2026-01-05,Success
PAY107331,7331,B8C0F56A-CE55-47,Cash on Delivery,10380.96,2025-03-10,Success
PAY107332,7332,E749A21A-564F-48,Credit Card,23100.88,2024-10-31,Success
PAY107333,7333,877ABF18-A89C-44,Cash on Delivery,2577.96,2025-08-10,Success
PAY107334,7334,FAF03A9B-9441-46,Debit Card,173770.2,2024-11-17,Success
PAY107335,7335,C22E628C-B82A-4A,Net Banking,1483.02,2025-12-12,Success
PAY107336,7336,0F0D8414-174C-4E,Cash on Delivery,23963.85,2025-09-21,Success
PAY107337,7337,05BA5D5B-35C6-40,Cash on Delivery,33899.22,2025-12-30,Success
PAY107338,7338,1B00C561-2614-4A,Cash on Delivery,2931.0,2025-01-10,Refunded
PAY107339,7339,211E4E28-B887-44,Credit Card,71697.15,2026-05-11,Failed
PAY107340,7340,CD527C21-F353-4C,Cash on Delivery,686.14,2025-02-08,Failed
PAY107341,7341,21AF6838-83F6-4C,Cash on Delivery,22784.0,2025-07-03,Success
PAY107342,7342,E1B0380E-30F1-45,Credit Card,111231.12,2025-08-13,Success
PAY107343,7343,137C9703-DDF1-46,Debit Card,1281.0,2024-12-06,Success
PAY107344,7344,EDFCF72D-1E19-42,Net Banking,3340.0,2026-02-24,Success
PAY107345,7345,8EBCF4F8-67BA-4B,Cash on Delivery,13074.16,2025-10-09,Failed
PAY107346,7346,547A47EE-4ACE-4F,Debit Card,59506.8,2025-06-16,Refunded
PAY107347,7347,CEC60CDE-6078-49,UPI,313.26,2024-10-23,Success
PAY107348,7348,8E5C89C4-AE1A-40,UPI,5081.67,2024-10-18,Success
PAY107349,7349,08F69E05-6673-43,Credit Card,331.2,2024-10-31,Refunded
PAY107350,7350,FCBF5361-E1A6-4E,UPI,6777.68,2026-03-21,Success
PAY107351,7351,8BDAF1EA-39A9-43,UPI,11228.49,2024-11-09,Success
PAY107352,7352,2E422599-4639-4A,UPI,40714.72,2025-11-09,Success
PAY107353,7353,46316B57-E614-4D,UPI,9141.5,2024-10-31,Success
PAY107354,7354,95A123EA-0C69-4D,UPI,11745.72,2025-07-05,Success
PAY107355,7355,FB1F4FC2-ABC4-45,UPI,2863.8,2026-01-27,Success
PAY107356,7356,BF230521-0AD8-41,Cash on Delivery,1409.88,2024-07-23,Success
PAY107357,7357,146AC2B1-EDD0-47,Net Banking,11564.28,2025-09-07,Failed
PAY107358,7358,3C3C0F60-CB02-4D,Credit Card,10373.88,2025-11-17,Success
PAY107359,7359,BD362DCE-689A-4B,Cash on Delivery,1846.64,2024-09-16,Success
PAY107360,7360,CAE21474-F794-4C,UPI,12706.92,2025-08-06,Success
PAY107361,7361,AB1D6391-D299-42,Credit Card,31881.8,2025-07-04,Success
PAY107362,7362,26E56DDF-43D5-45,Credit Card,5717.04,2024-12-17,Success
PAY107363,7363,32F1C245-CCB4-41,Net Banking,357543.9,2026-01-01,Success
PAY107364,7364,38EF38CE-C3C8-4E,Debit Card,2033.91,2025-10-10,Failed
PAY107365,7365,4007AE6E-2AD0-48,Debit Card,5671.8,2025-02-17,Success
PAY107366,7366,3F980B8E-9A12-43,Net Banking,890.43,2025-01-23,Success
PAY107367,7367,CA0B3728-37DF-4D,Cash on Delivery,72706.4,2024-11-10,Success
PAY107368,7368,1403FD5B-7AEE-4D,Debit Card,6631.2,2026-05-24,Success
PAY107369,7369,6971E315-C098-44,UPI,275463.52,2026-02-01,Failed
PAY107370,7370,B84A1F02-AFBD-44,Cash on Delivery,3389.85,2026-01-20,Success
PAY107371,7371,3029E5CF-04DA-48,UPI,1748.85,2025-05-07,Success
PAY107372,7372,2091AC81-B6BE-44,Net Banking,83229.41,2026-02-10,Success
PAY107373,7373,47960875-B4CC-40,UPI,1961.76,2026-06-15,Success
PAY107374,7374,87D1D483-8488-4B,Cash on Delivery,23372.6,2025-02-21,Success
PAY107375,7375,FD21056A-D537-45,UPI,13555.36,2024-09-19,Success
PAY107376,7376,710FD459-9CDD-4A,UPI,10430.73,2025-03-19,Success
PAY107377,7377,A12B1375-D828-40,UPI,8471.28,2026-03-12,Refunded
PAY107378,7378,83781BE8-C378-4C,Credit Card,73068.16,2026-03-17,Success
PAY107379,7379,02C3CD27-7316-43,Debit Card,1153.2,2025-03-06,Failed
PAY107380,7380,931D5E70-76DC-48,Credit Card,335.34,2024-10-09,Success
PAY107381,7381,EA77787E-EF84-45,UPI,335095.9,2026-06-16,Success
PAY107382,7382,960910B0-5870-42,Debit Card,4991.44,2025-03-12,Refunded
PAY107383,7383,A8E9AF13-C40B-47,UPI,5002.5,2024-12-07,Success
PAY107384,7384,4D991455-9492-44,UPI,131805.52,2026-04-15,Success
PAY107385,7385,FEA97E66-8726-46,Cash on Delivery,1233.7,2025-01-04,Success
PAY107386,7386,EEA58CE6-9F15-4F,UPI,41780.9,2024-08-02,Success
PAY107387,7387,47204CBC-625E-4D,Credit Card,8501.98,2026-06-16,Success
PAY107388,7388,80C5C337-FA4C-44,Net Banking,1993.68,2025-02-07,Success
PAY107389,7389,ACB0E080-A924-4B,Cash on Delivery,2428.8,2025-10-21,Success
PAY107390,7390,8D1F9621-45BB-47,Net Banking,3321.32,2026-06-24,Success
PAY107391,7391,E46EF195-70DB-46,UPI,22175.4,2025-11-19,Success
PAY107392,7392,4C8A0A33-2BE8-4C,Net Banking,215415.0,2026-06-23,Success
PAY107393,7393,0F541219-0B02-42,Debit Card,28961.1,2025-12-13,Success
PAY107394,7394,8CF52CBD-8E74-4F,Credit Card,90331.5,2024-09-23,Success
PAY107395,7395,8417FF6C-0D70-4D,Cash on Delivery,18318.72,2024-12-12,Success
PAY107396,7396,288BE983-3ADC-47,Net Banking,90187.85,2025-01-26,Success
PAY107397,7397,E5F7641B-A541-44,UPI,478822.2,2025-02-18,Success
PAY107398,7398,9B77368D-1B7E-4D,UPI,3405.6,2025-09-13,Success
PAY107399,7399,03D153CB-ECF2-45,Net Banking,2591.6,2024-12-11,Success
PAY107400,7400,514EBC8D-C622-40,UPI,758.88,2026-05-12,Success
PAY107401,7401,F58D23B8-8B6D-42,UPI,32767.35,2025-11-27,Success
PAY107402,7402,7594FF5A-C957-4A,UPI,422780.48,2025-11-08,Success
PAY107403,7403,7BDB0670-46BA-47,Debit Card,7109.4,2026-03-26,Success
PAY107404,7404,269B8818-B8D2-4F,Net Banking,12363.0,2025-02-20,Success
PAY107405,7405,0F4FD400-0C9F-48,UPI,5789.52,2025-03-20,Success
PAY107406,7406,4FFA51B7-D58E-4A,Cash on Delivery,1928.92,2024-08-19,Failed
PAY107407,7407,65DDF4C7-B358-43,Debit Card,1400.82,2026-01-10,Success
PAY107408,7408,ABC463CC-0160-49,Debit Card,382.32,2024-08-23,Success
PAY107409,7409,6DE57CFB-53D3-4F,Credit Card,197031.9,2025-07-17,Success
PAY107410,7410,BE8E2861-BEB2-45,Debit Card,22607.2,2025-12-27,Failed
PAY107411,7411,A5C96E01-1108-45,Debit Card,4002.0,2024-07-29,Failed
PAY107412,7412,409CE38D-681A-43,Debit Card,3630.0,2024-09-22,Success
PAY107413,7413,B6C6AE11-3A50-4A,Debit Card,445.48,2025-03-18,Success
PAY107414,7414,7D10C159-8E35-49,Credit Card,144805.5,2026-01-18,Success
PAY107415,7415,C2010B1D-DD47-45,UPI,1780.86,2025-04-29,Success
PAY107416,7416,B3EED22F-58D4-42,Credit Card,138526.86,2025-08-05,Refunded
PAY107417,7417,06F55EB6-691F-40,Debit Card,2666.4,2024-09-30,Refunded
PAY107418,7418,FF3D1E19-75FA-4C,Cash on Delivery,469.8,2026-01-14,Success
PAY107419,7419,8C9E36B6-93C1-44,Net Banking,8931.6,2026-04-19,Success
PAY107420,7420,C8E27395-E183-4E,Net Banking,44545.62,2025-04-27,Refunded
PAY107421,7421,61C53678-CCB3-42,Credit Card,6356.22,2026-01-10,Success
PAY107422,7422,39E6C91A-6D42-4D,UPI,6933.45,2026-05-03,Success
PAY107423,7423,D0B86875-7990-4A,Credit Card,296880.0,2026-03-08,Success
PAY107424,7424,4D785121-3936-40,Net Banking,5987.92,2025-11-15,Success
PAY107425,7425,6E2FEEB0-A6E5-49,Debit Card,6009.5,2025-06-10,Success
PAY107426,7426,074ADEC9-C792-4E,Credit Card,1736.0,2026-04-09,Success
PAY107427,7427,FA58E5AB-C00E-45,UPI,5433.45,2024-12-15,Success
PAY107428,7428,A6AC3053-82B9-4C,Cash on Delivery,45796.8,2025-01-29,Success
PAY107429,7429,765F77EB-F4FF-41,Debit Card,1742.4,2026-01-29,Success
PAY107430,7430,FCC97FC2-1DA6-4B,Credit Card,2624.7,2024-11-09,Refunded
PAY107431,7431,2CA7D146-F7DD-4B,Credit Card,7669.2,2024-12-17,Success
PAY107432,7432,592E1CCA-53CD-48,Credit Card,44384.25,2025-10-31,Refunded
PAY107433,7433,44926B5C-02F6-47,Cash on Delivery,2805.0,2024-11-10,Success
PAY107434,7434,BF26227E-9ECE-4D,Debit Card,13907.64,2025-03-15,Failed
PAY107435,7435,EB5674A6-D9DD-4D,Net Banking,95764.44,2025-11-30,Failed
PAY107436,7436,D8A47D53-F0EF-42,Net Banking,698.94,2025-08-18,Refunded
PAY107437,7437,2E44AA35-A498-4C,Net Banking,2015.9,2026-02-09,Success
PAY107438,7438,4599FB4A-BD80-4D,Credit Card,8981.88,2024-11-16,Success
PAY107439,7439,C5DEDD30-6CD8-41,UPI,301988.16,2024-10-08,Success
PAY107440,7440,0E956EFC-8E81-48,UPI,12355.62,2026-05-19,Success
PAY107441,7441,3D0307BB-68A8-47,UPI,282404.85,2026-02-25,Success
PAY107442,7442,EB581656-B71B-44,UPI,1039.2,2024-09-24,Refunded
PAY107443,7443,9156D35E-90FB-48,Debit Card,8063.6,2024-10-04,Success
PAY107444,7444,0F25AA82-79F1-43,Net Banking,312761.4,2024-08-14,Failed
PAY107445,7445,35E52137-E29E-41,Credit Card,244650.28,2026-04-11,Success
PAY107446,7446,F20EA84E-C1A2-4A,Net Banking,5850.0,2025-11-08,Success
PAY107447,7447,CF58CFB6-1205-42,Credit Card,2467.4,2025-05-30,Refunded
PAY107448,7448,2530C58D-DC6F-4F,UPI,2375.45,2026-05-05,Success
PAY107449,7449,F3EAA171-90B9-42,Cash on Delivery,4849.65,2025-10-03,Refunded
PAY107450,7450,DAB41E01-FAF7-40,Credit Card,1039.3,2025-11-27,Success
PAY107451,7451,069EE4BB-F5FE-45,Credit Card,7029.36,2025-03-14,Refunded
PAY107452,7452,2BE714EC-087A-43,Net Banking,48265.7,2024-10-05,Success
PAY107453,7453,77D086E9-837E-4E,Credit Card,1343.68,2024-08-31,Success
PAY107454,7454,E9D54B0B-6677-46,UPI,15419.04,2025-11-23,Success
PAY107455,7455,230161B6-4F28-4A,UPI,4764.2,2025-02-26,Success
PAY107456,7456,59FB3A32-7455-4C,Cash on Delivery,18976.65,2024-11-09,Failed
PAY107457,7457,BD972C19-072A-40,UPI,5002.5,2026-05-13,Success
PAY107458,7458,60BFC657-E1D6-4A,Credit Card,19273.98,2024-09-08,Success
PAY107459,7459,D9C0A393-C898-47,Net Banking,1000.5,2026-01-24,Success
PAY107460,7460,B9DECDD6-A6DE-4C,Debit Card,13148.75,2025-04-12,Success
PAY107461,7461,1CA4964D-7869-4D,Debit Card,8585.44,2025-01-17,Success
PAY107462,7462,F29BDC17-C790-49,UPI,268076.72,2025-07-24,Refunded
PAY107463,7463,1179B339-4B37-42,UPI,528475.6,2025-10-16,Success
PAY107464,7464,6F61940A-C1B1-41,Net Banking,94648.17,2025-04-19,Success
PAY107465,7465,C6E77DDD-1AD0-45,Net Banking,214819.8,2025-06-07,Success
PAY107466,7466,C69DDB4E-8C41-41,UPI,964.46,2025-05-23,Success
PAY107467,7467,4F5BCE18-58A5-4D,Net Banking,4150.0,2026-01-08,Success
PAY107468,7468,AF3E128F-DC70-4A,Debit Card,86883.3,2026-01-22,Success
PAY107469,7469,6C4A5821-929A-40,UPI,3795.33,2024-11-21,Success
PAY107470,7470,F3C5E2C4-FC25-4C,Net Banking,545694.25,2025-02-08,Success
PAY107471,7471,F3BA9351-DE36-44,Credit Card,1072.1,2024-08-24,Success
PAY107472,7472,0124BFAF-8092-4E,Debit Card,8876.85,2025-11-01,Refunded
PAY107473,7473,6015BE73-6227-40,Net Banking,8652.0,2025-03-30,Success
PAY107474,7474,86E0833D-3C8D-47,Debit Card,107707.5,2025-12-22,Success
PAY107475,7475,B5250EEB-B3CE-4A,UPI,335095.9,2026-05-12,Success
PAY107476,7476,E424F8A0-BA10-45,Net Banking,3789.52,2024-12-25,Failed
PAY107477,7477,31A6CC13-8760-46,Credit Card,905.28,2026-06-26,Success
PAY107478,7478,2547F912-7B3C-44,UPI,350.88,2025-11-18,Failed
PAY107479,7479,F9FDF18A-2EF9-46,Debit Card,5186.94,2025-08-04,Success
PAY107480,7480,B3BDEAEC-CC39-45,Credit Card,328386.5,2024-10-31,Success
PAY107481,7481,54BCA7A6-C16D-4B,Debit Card,1384.98,2025-05-29,Success
PAY107482,7482,FAE8E77E-E3E2-4B,Debit Card,9277.05,2025-04-05,Success
PAY107483,7483,AED4BF7E-225D-42,Credit Card,3554.22,2025-01-19,Success
PAY107484,7484,5BB06BF4-D8FA-43,UPI,9069.84,2025-01-24,Failed
PAY107485,7485,64A65002-35C1-49,Debit Card,13555.36,2026-01-15,Success
PAY107486,7486,CC655DF1-C407-45,Net Banking,148767.0,2025-06-15,Success
PAY107487,7487,3BF7EDF8-8CD7-4A,Net Banking,6990.4,2025-07-09,Failed
PAY107488,7488,E5387083-0986-40,Net Banking,397709.52,2024-08-11,Success
PAY107489,7489,85F779B6-EDD7-4A,Credit Card,8946.0,2024-08-18,Failed
PAY107490,7490,EC27F322-EFBB-4A,Credit Card,1986.0,2025-10-08,Refunded
PAY107491,7491,4EEBC3E5-B56F-4D,Net Banking,4076.6,2024-08-24,Success
PAY107492,7492,2B9611B2-1595-4D,Net Banking,33668.0,2025-03-22,Success
PAY107493,7493,5D202B23-4BF6-4A,UPI,1909.19,2024-12-14,Success
PAY107494,7494,478366C9-C1DC-48,Credit Card,652.8,2025-06-08,Success
PAY107495,7495,A2F908AE-3740-48,Credit Card,21610.8,2025-06-10,Success
PAY107496,7496,3CAFE88D-B46F-4E,Debit Card,55615.56,2025-05-23,Refunded
PAY107497,7497,3CBF9595-3511-41,UPI,3771.2,2025-09-09,Success
PAY107498,7498,6371D62E-4793-41,Credit Card,16408.8,2025-10-07,Success
PAY107499,7499,89DAB9DC-CCFB-43,Debit Card,2241.47,2026-01-06,Success
PAY107500,7500,FC642C0B-6BD6-4F,Net Banking,4443.12,2024-10-26,Success
PAY107501,7501,C0FAE46E-0D89-41,Net Banking,3373.2,2025-06-07,Success
PAY107502,7502,1AC5D3BF-C774-48,Debit Card,3402.16,2025-10-03,Success
PAY107503,7503,F20E8042-5A29-41,Credit Card,1343.68,2025-05-25,Success
PAY107504,7504,15187536-A69F-41,Debit Card,248048.16,2026-06-27,Refunded
PAY107505,7505,F2EC2520-32E5-42,Net Banking,178182.48,2024-08-21,Success
PAY107506,7506,3E7CB0DF-A4F1-46,Cash on Delivery,2620.0,2025-03-25,Success
PAY107507,7507,D4C165A5-C27B-41,Credit Card,10469.6,2025-04-25,Failed
PAY107508,7508,6BFF7789-77B2-4A,Cash on Delivery,2993.96,2024-07-29,Success
PAY107509,7509,E919AD46-3616-4F,Net Banking,2100.64,2025-05-31,Success
PAY107510,7510,020689D1-53E7-49,Net Banking,377225.76,2026-07-11,Success
PAY107511,7511,5ED7D364-9344-49,Net Banking,640.7,2024-11-19,Refunded
PAY107512,7512,1BDB96E6-90A5-45,Cash on Delivery,9300.51,2025-01-23,Failed
PAY107513,7513,D2AD7350-DC81-45,Net Banking,3294.6,2024-07-22,Success
PAY107514,7514,AF014A51-914F-4B,Debit Card,1483.02,2025-07-25,Failed
PAY107515,7515,14DCB1BA-EFC4-44,Debit Card,128408.7,2025-08-27,Success
PAY107516,7516,C24134F4-B900-49,Credit Card,3819.0,2026-02-05,Success
PAY107517,7517,C48D7037-6E98-4C,UPI,7564.32,2025-10-26,Success
PAY107518,7518,D235682F-3618-42,UPI,2724.4,2024-12-09,Success
PAY107519,7519,7A393A8D-F3FD-47,Cash on Delivery,3586.8,2025-05-24,Failed
PAY107520,7520,BC1C4D17-723C-48,UPI,872.32,2025-03-12,Success
PAY107521,7521,A2AC2551-CE91-4A,UPI,1821.6,2025-01-03,Refunded
PAY107522,7522,2D48EF5C-942B-43,Net Banking,4524.0,2025-01-08,Success
PAY107523,7523,F01E8DCE-A8FF-4F,Credit Card,803.04,2025-08-14,Success
PAY107524,7524,C1475AF4-95B4-40,Cash on Delivery,1709.8,2025-11-05,Failed
PAY107525,7525,6396C541-073B-41,Net Banking,526.32,2024-10-03,Success
PAY107526,7526,226AA7A9-3474-47,Cash on Delivery,9741.6,2025-05-03,Refunded
PAY107527,7527,B9CCC272-B255-42,Debit Card,973.36,2025-03-25,Refunded
PAY107528,7528,9E92E450-BDFB-4B,Net Banking,345.8,2025-02-24,Success
PAY107529,7529,E9F41EE8-5651-42,Debit Card,5505.6,2024-07-22,Failed
PAY107530,7530,002142FE-C198-41,UPI,6065.1,2026-01-14,Success
PAY107531,7531,03411F0D-0BAD-40,Credit Card,143654.25,2026-02-20,Success
PAY107532,7532,CC42ED33-A6CB-4F,Cash on Delivery,24248.25,2025-04-26,Failed
PAY107533,7533,898DE7A9-DC66-46,Debit Card,5564.85,2024-12-24,Success
PAY107534,7534,52294A79-495D-42,Net Banking,3834.6,2024-10-04,Failed
PAY107535,7535,3C380841-53F9-47,Net Banking,5775.12,2025-06-17,Success
PAY107536,7536,DD24F089-029B-4A,Cash on Delivery,4361.6,2024-08-31,Refunded
PAY107537,7537,DDFD50BD-27E1-43,UPI,146996.25,2025-07-26,Success
PAY107538,7538,9CE05219-33F4-48,Net Banking,5681.6,2026-06-24,Success
PAY107539,7539,6C898AA8-5FA4-44,Credit Card,10516.52,2025-02-23,Success
PAY107540,7540,45C09A73-D0DB-4A,Credit Card,8547.0,2025-04-06,Success
PAY107541,7541,BD282F6F-F55A-44,Credit Card,7738.92,2026-04-11,Success
PAY107542,7542,B42D0D8C-0B12-44,Debit Card,5893.8,2026-07-08,Success
PAY107543,7543,BCCBC4C0-AE75-43,Debit Card,8424.0,2026-03-27,Success
PAY107544,7544,D3563E78-6873-4C,UPI,1025.46,2024-08-15,Success
PAY107545,7545,639F3D30-516B-41,UPI,3707.7,2025-11-26,Success
PAY107546,7546,7B3C1FF1-6099-43,Credit Card,9727.4,2024-12-30,Success
PAY107547,7547,E237FB00-7344-44,Net Banking,225828.75,2025-08-18,Failed
PAY107548,7548,97ACF04E-8B38-4A,Cash on Delivery,1185.6,2025-10-20,Refunded
PAY107549,7549,696CCFFF-4205-42,UPI,2158.0,2026-04-30,Success
PAY107550,7550,CFB35259-05FF-4F,Cash on Delivery,209465.12,2024-09-10,Success
PAY107551,7551,841B95E3-5C22-47,Credit Card,804.3,2025-08-11,Success
PAY107552,7552,7BD8472F-5E2C-4E,Cash on Delivery,4849.65,2025-05-16,Success
PAY107553,7553,CC68A289-E68F-49,Credit Card,16942.56,2025-02-12,Refunded
PAY107554,7554,57E84900-D21F-47,Debit Card,312761.4,2025-01-25,Success
PAY107555,7555,C2A6DD3D-05DC-4B,Net Banking,6439.08,2025-05-10,Success
PAY107556,7556,D5CBF158-5A3D-49,Cash on Delivery,5002.5,2025-07-09,Refunded
PAY107557,7557,6D7827C3-A75B-44,Net Banking,11579.04,2025-10-08,Failed
PAY107558,7558,40517703-9CC2-4A,Net Banking,1750.64,2025-09-19,Success
PAY107559,7559,A1993871-184C-4B,UPI,195024.72,2026-04-13,Refunded
PAY107560,7560,3EAF4146-A801-4E,Credit Card,21815.8,2026-04-05,Success
PAY107561,7561,FEA098A7-53F4-4E,UPI,699.16,2026-03-27,Refunded
PAY107562,7562,646D6D18-9E91-4F,Net Banking,8178.3,2025-09-29,Success
PAY107563,7563,87E85FAF-0C0B-43,Debit Card,751.2,2025-07-12,Success
PAY107564,7564,D2BAF526-1EBB-4B,UPI,3756.0,2024-12-23,Failed
PAY107565,7565,59072EA1-E465-47,Net Banking,17164.4,2026-01-10,Success
PAY107566,7566,EF3438CA-F339-4D,Net Banking,57923.4,2025-08-08,Success
PAY107567,7567,14621C12-FEA6-49,UPI,9982.8,2025-01-15,Success
PAY107568,7568,BB64D8FC-EE46-4B,UPI,401.52,2025-03-20,Success
PAY107569,7569,DF5BA1D8-2320-41,Net Banking,156.63,2025-07-02,Success
PAY107570,7570,25FD356A-BC02-42,UPI,2044.29,2026-01-25,Success
PAY107571,7571,AD7D7C21-4CB1-4F,Cash on Delivery,471532.2,2025-12-29,Success
PAY107572,7572,0BC4D933-E53B-42,Net Banking,167155.5,2025-03-08,Success
PAY107573,7573,BDD15AA1-5CEE-49,UPI,2840.0,2026-06-25,Failed
PAY107574,7574,12DE485E-30F1-4D,UPI,478.88,2024-12-28,Success
PAY107575,7575,35C3781A-A3D6-4A,UPI,527222.08,2025-09-13,Success
PAY107576,7576,AE74EB85-9366-4C,UPI,2778.72,2025-10-26,Success
PAY107577,7577,78301BB5-AF7B-4B,Cash on Delivery,3142.26,2024-08-02,Success
PAY107578,7578,61328FB1-D1BF-42,Net Banking,19833.44,2025-02-11,Failed
PAY107579,7579,F909C55C-DF52-49,UPI,939.6,2026-06-10,Success
PAY107580,7580,D0631617-5DEF-4A,Debit Card,1356.36,2026-02-06,Success
PAY107581,7581,5BA7E2FF-B023-45,UPI,5671.8,2026-04-17,Success
PAY107582,7582,FBC51619-7C42-4C,Credit Card,121043.7,2025-09-26,Success
PAY107583,7583,D9290244-85F6-4B,Credit Card,346.94,2024-12-20,Failed
PAY107584,7584,F738493B-13A4-48,Debit Card,135954.0,2025-02-14,Refunded
PAY107585,7585,029979E9-6222-43,Cash on Delivery,6359.7,2025-05-12,Success
PAY107586,7586,46AF0099-89B4-4A,Net Banking,681.43,2024-12-28,Success
PAY107587,7587,1D4F49E4-0F99-45,Net Banking,804.3,2026-05-03,Success
PAY107588,7588,2F65A170-47EB-4E,UPI,556424.65,2025-06-23,Success
PAY107589,7589,95C9EE2E-8602-4B,Net Banking,8278.68,2025-07-26,Failed
PAY107590,7590,DDECB342-1866-4D,Debit Card,10863.6,2025-11-14,Success
PAY107591,7591,A4E270EA-15D3-45,Debit Card,466.94,2025-05-24,Success
PAY107592,7592,2C89E39E-97A3-4E,UPI,7048.8,2026-05-16,Success
PAY107593,7593,B18F487B-E117-46,UPI,4200.0,2024-11-28,Success
PAY107594,7594,C848F814-9995-48,UPI,19660.41,2024-10-15,Failed
PAY107595,7595,83FFDD81-C273-47,Credit Card,415489.9,2025-05-12,Success
PAY107596,7596,C94A8048-58CD-45,Credit Card,231909.6,2026-01-14,Success
PAY107597,7597,57011C61-7D38-49,Net Banking,253770.84,2024-07-19,Success
PAY107598,7598,7F092825-3921-4D,Cash on Delivery,17384.82,2025-11-30,Success
PAY107599,7599,CB59A47B-D266-4F,Net Banking,3861.7,2025-06-26,Success
PAY107600,7600,153AEF82-1E2B-48,Credit Card,20333.04,2025-03-07,Success
PAY107601,7601,59635A9F-D8EF-4B,Net Banking,124024.08,2025-05-16,Success
PAY107602,7602,5CAD8FE8-0219-4E,UPI,2625.8,2025-04-30,Success
PAY107603,7603,3C5DE21B-1FA2-40,Debit Card,453879.36,2026-07-16,Success
PAY107604,7604,4B1A9ED6-C72A-41,UPI,92403.52,2024-08-26,Success
PAY107605,7605,618FBC01-4E9B-48,UPI,218793.15,2026-01-09,Success
PAY107606,7606,56ED44A6-1F05-4F,Debit Card,1619.15,2026-06-10,Refunded
PAY107607,7607,89E27BEC-F441-4B,Debit Card,94648.17,2026-04-10,Success
PAY107608,7608,7FD65881-3BE0-45,Debit Card,1362.24,2026-05-27,Failed
PAY107609,7609,5AB19901-CE90-47,Net Banking,3915.0,2025-10-19,Success
PAY107610,7610,8EBEDCD6-A440-48,Debit Card,98040.7,2026-06-09,Success
PAY107611,7611,5C9B4573-8DA0-43,Credit Card,572.76,2025-09-27,Success
PAY107612,7612,3C93B767-78D8-44,Debit Card,533.28,2024-12-21,Failed
PAY107613,7613,8D022C0D-A785-41,Net Banking,94306.44,2025-02-26,Success
PAY107614,7614,631E09A5-FA0E-44,UPI,8946.0,2025-08-10,Refunded
PAY107615,7615,5AEF6BD9-7A6E-4E,Credit Card,898.8,2024-10-24,Success
PAY107616,7616,C2F9D554-BA71-42,Debit Card,42085.0,2026-01-02,Failed
PAY107617,7617,8D404AF7-99D4-49,Debit Card,163696.5,2025-01-05,Refunded
PAY107618,7618,7FA7D559-C971-49,Debit Card,43553.76,2025-04-04,Success
PAY107619,7619,163ECD94-5EA0-41,Debit Card,213479.52,2025-06-25,Success
PAY107620,7620,E1451B31-2191-40,Net Banking,162076.8,2024-07-31,Success
PAY107621,7621,F51E3B25-BF5A-41,Debit Card,3743.58,2026-05-27,Failed
PAY107622,7622,D0BE2095-01C4-40,Credit Card,73336.56,2025-08-22,Success
PAY107623,7623,B8452539-4ECD-4A,Net Banking,332917.64,2026-04-14,Success
PAY107624,7624,1A80D195-9DE0-47,Credit Card,2121.52,2025-06-27,Success
PAY107625,7625,039AF5D2-2B85-41,Net Banking,3670.4,2024-12-26,Success
PAY107626,7626,2EBC1E4D-9E09-46,Credit Card,314197.68,2024-08-28,Success
PAY107627,7627,4930920F-D870-45,Debit Card,2291.04,2025-07-03,Success
PAY107628,7628,F82A2FFA-D9B4-47,UPI,10264.32,2025-09-08,Success
PAY107629,7629,AF67573C-7AAB-4B,Net Banking,1301.52,2024-08-26,Success
PAY107630,7630,A689F5FE-083F-42,Credit Card,5557.44,2026-02-06,Success
PAY107631,7631,6851E0A0-89A3-42,Cash on Delivery,14407.2,2026-04-01,Refunded
PAY107632,7632,700D0C8B-25C9-44,UPI,2177.4,2025-10-28,Success
PAY107633,7633,99EAA18F-6E5B-47,UPI,2304.0,2026-02-01,Success
PAY107634,7634,78729CBF-AD73-46,UPI,4569.8,2025-08-02,Success
PAY107635,7635,0E0DBBBA-27D3-44,Cash on Delivery,6273.0,2026-02-23,Success
PAY107636,7636,9F6AA5AD-4D20-4E,Debit Card,208.32,2025-10-25,Success
PAY107637,7637,852C55D6-E63D-42,Net Banking,1355.94,2026-01-22,Success
PAY107638,7638,0949B25B-A147-44,Debit Card,21335.6,2025-11-09,Success
PAY107639,7639,2A46A0CD-1C70-40,Cash on Delivery,6273.0,2026-03-13,Success
PAY107640,7640,4401C98A-7278-47,Credit Card,921.6,2024-09-25,Success
PAY107641,7641,343AB854-32A9-44,Cash on Delivery,1391.04,2024-11-11,Refunded
PAY107642,7642,A4E905EA-4D16-40,Net Banking,208.32,2026-04-26,Success
PAY107643,7643,4AD20D50-B6F5-4C,Debit Card,19637.28,2025-07-23,Success
PAY107644,7644,E66B3B3E-3B77-40,Cash on Delivery,1288.98,2025-05-22,Success
PAY107645,7645,A36A5298-F66C-4B,UPI,2693.6,2025-05-29,Failed
PAY107646,7646,C05FC3CA-7030-4B,Cash on Delivery,704.7,2024-11-10,Success
PAY107647,7647,104D14B8-717C-45,Net Banking,213.84,2024-07-26,Success
PAY107648,7648,F65AB316-19FE-47,UPI,2191.5,2026-01-01,Success
PAY107649,7649,2F6E11E6-824B-4E,UPI,482.12,2024-11-28,Success
PAY107650,7650,5106B9B1-D559-47,UPI,149524.35,2024-11-16,Failed
PAY107651,7651,25D27857-BBA7-45,UPI,2306.4,2025-08-24,Refunded
PAY107652,7652,3F9ACBC3-CAFE-40,UPI,1928.88,2025-06-24,Success
PAY107653,7653,CB8DCB05-06CB-42,Net Banking,20463.92,2025-01-13,Success
PAY107654,7654,797147A6-8568-46,Debit Card,94134.95,2026-07-08,Success
PAY107655,7655,186692C2-23A1-4F,Cash on Delivery,11497.59,2025-10-04,Success
PAY107656,7656,FF4AD3F7-3AB8-40,Cash on Delivery,75631.65,2024-07-17,Success
PAY107657,7657,6A2BE0E1-856C-40,Debit Card,5566.23,2025-01-25,Failed
PAY107658,7658,8F552FF9-0CEF-41,UPI,20605.0,2024-12-03,Success
PAY107659,7659,E5187F33-0BB7-41,Credit Card,470674.75,2026-04-15,Success
PAY107660,7660,15F8CE91-62CD-41,Cash on Delivery,619.5,2025-01-09,Failed
PAY107661,7661,0B6C734A-910A-40,Cash on Delivery,45796.8,2025-10-01,Success
PAY107662,7662,55C6BA1C-4A93-49,Debit Card,19833.44,2024-11-24,Refunded
PAY107663,7663,721BA533-122F-4D,Credit Card,6990.4,2025-01-07,Refunded
PAY107664,7664,D86A16A0-9ECA-45,Credit Card,1647.3,2026-06-02,Failed
PAY107665,7665,13EC4767-AB7A-46,Net Banking,85714.6,2026-03-03,Success
PAY107666,7666,EBE6B81C-8B8B-48,Cash on Delivery,186.48,2024-08-13,Success
PAY107667,7667,7186A439-C0DE-4C,Credit Card,2241.47,2024-09-18,Success
PAY107668,7668,807525A3-F94D-45,UPI,139.86,2025-11-22,Refunded
PAY107669,7669,D9521128-3BB1-49,Cash on Delivery,1436.64,2025-11-26,Success
PAY107670,7670,8D39F4EE-30BE-47,UPI,199.92,2025-02-10,Success
PAY107671,7671,34DADE11-DFEE-48,Net Banking,2015.9,2025-01-10,Success
PAY107672,7672,154289C5-5F51-44,Cash on Delivery,2840.0,2025-08-02,Success
PAY107673,7673,BDCFBF24-51AA-44,UPI,5165.82,2025-03-03,Success
PAY107674,7674,2088608A-E038-47,UPI,189296.34,2026-05-31,Success
PAY107675,7675,F5A7DA57-B674-40,Credit Card,13027.5,2025-10-10,Success
PAY107676,7676,1A634964-5524-48,Net Banking,3395.04,2024-12-13,Success
PAY107677,7677,E5E9B70F-8F65-4A,UPI,2901.36,2026-03-28,Success
PAY107678,7678,E93FA3A1-1654-45,Net Banking,314197.68,2025-10-31,Success
PAY107679,7679,809C26FA-5839-4A,Debit Card,109395.44,2025-10-31,Success
PAY107680,7680,3E9EED5D-C65D-46,Net Banking,1885.6,2026-02-06,Success
PAY107681,7681,140BE438-0BC0-42,Debit Card,2493.96,2025-02-06,Success
PAY107682,7682,FBA869A1-17CE-4E,Debit Card,1957.5,2025-12-09,Failed
PAY107683,7683,A12FD712-46E7-47,Cash on Delivery,2178.0,2025-02-13,Success
PAY107684,7684,25AB88FE-5063-4D,Credit Card,206597.64,2025-08-02,Refunded
PAY107685,7685,BB492B77-796A-4D,UPI,15781.88,2025-04-03,Success
PAY107686,7686,FA94D413-DD85-42,Credit Card,339347.07,2025-09-09,Success
PAY107687,7687,674D9E82-4F0E-45,UPI,2439.5,2024-12-23,Refunded
PAY107688,7688,4B8A6E26-F505-45,Debit Card,1003.8,2026-03-16,Success
PAY107689,7689,4F9F84FB-201C-4F,Credit Card,3216.3,2026-03-27,Success
PAY107690,7690,8B947A13-031F-41,Net Banking,21477.12,2025-04-14,Refunded
PAY107691,7691,4F6141DB-F7A0-48,Cash on Delivery,2251.65,2025-04-11,Success
PAY107692,7692,CEEC81A6-7300-42,Credit Card,1365.12,2025-06-30,Refunded
PAY107693,7693,6E775580-06F4-40,Credit Card,2978.25,2025-02-12,Failed
PAY107694,7694,9133A9E8-6754-4F,Net Banking,102454.08,2024-09-12,Success
PAY107695,7695,EF008D7F-B4C2-40,Debit Card,3624.55,2024-10-30,Success
PAY107696,7696,50F7C45A-C743-4B,Credit Card,16408.8,2024-10-07,Refunded
PAY107697,7697,DDA63ECD-241B-4D,Credit Card,4150.0,2025-12-10,Success
PAY107698,7698,644830C5-F14D-48,Net Banking,7100.0,2026-02-07,Success
PAY107699,7699,FB370D4C-B3D5-4C,Net Banking,282730.8,2025-05-07,Success
PAY107700,7700,08F9C87F-E0D2-4B,Cash on Delivery,2992.8,2026-01-21,Success
PAY107701,7701,A2A880B0-E241-4D,Cash on Delivery,5964.0,2025-03-01,Success
PAY107702,7702,1728B155-B8B1-49,UPI,30955.68,2025-07-10,Failed
PAY107703,7703,328AF588-15DD-46,Credit Card,449166.48,2025-11-22,Success
PAY107704,7704,55ACBB6A-FC8A-4C,Cash on Delivery,15497.46,2024-12-03,Success
PAY107705,7705,2DC695C4-F5ED-40,Credit Card,2967.58,2024-12-14,Failed
PAY107706,7706,EF4FB354-E002-4F,UPI,4150.0,2026-06-10,Success
PAY107707,7707,7AE82A31-8582-4F,Credit Card,1843.2,2025-03-16,Success
PAY107708,7708,576D0805-A600-40,Credit Card,5360.5,2026-01-03,Success
PAY107709,7709,6E1D292F-C175-4D,Cash on Delivery,11421.8,2025-04-19,Success
PAY107710,7710,B603FC29-0680-4F,UPI,41979.0,2026-07-01,Failed
PAY107711,7711,445039B6-32AD-46,Net Banking,2156.7,2025-07-04,Success
PAY107712,7712,FDC8FE00-CDEC-48,Net Banking,1536.8,2024-10-16,Refunded
PAY107713,7713,2BA473E0-87D1-46,UPI,21178.2,2025-11-19,Refunded
PAY107714,7714,613F0223-604E-44,Net Banking,559.18,2025-05-05,Success
PAY107715,7715,89DB6768-E753-4D,Debit Card,19881.45,2024-10-09,Success
PAY107716,7716,2CB5E239-0D63-4E,UPI,5505.6,2025-11-20,Success
PAY107717,7717,E5767B1C-794E-42,Net Banking,2033.91,2025-11-07,Success
PAY107718,7718,227D8CDD-B012-47,Net Banking,6098.75,2025-09-01,Success
PAY107719,7719,F731DAAB-2BAA-4A,Cash on Delivery,1922.1,2025-12-03,Success
PAY107720,7720,DC6E991F-8651-4D,Cash on Delivery,2403.8,2025-10-30,Success
PAY107721,7721,29468054-245B-4D,Cash on Delivery,341.96,2026-06-23,Failed
PAY107722,7722,AD65C4E2-BFB8-49,UPI,120346.4,2025-06-10,Success
PAY107723,7723,C4380B2E-1315-4A,UPI,13670.4,2025-02-15,Success
PAY107724,7724,FFFDBFDD-A515-43,Credit Card,698.94,2026-03-13,Refunded
PAY107725,7725,A9D13578-44A6-4B,Debit Card,4944.4,2025-02-15,Success
PAY107726,7726,DC37E3CA-2F24-42,Net Banking,8303.3,2024-10-19,Success
PAY107727,7727,3619FBB8-0D4D-47,Cash on Delivery,34285.84,2024-08-29,Success
PAY107728,7728,21121E28-75ED-46,Credit Card,10519.0,2026-03-28,Refunded
PAY107729,7729,06D0B24A-8500-47,Cash on Delivery,3256.2,2025-03-31,Success
PAY107730,7730,EC3ADBED-2D1A-45,Net Banking,10366.4,2024-09-10,Success
PAY107731,7731,8C233972-A52E-46,UPI,83229.41,2025-11-07,Success
PAY107732,7732,9F892B03-9A36-40,Net Banking,42562.0,2025-12-13,Success
PAY107733,7733,916EF5D1-D757-44,Debit Card,681.12,2025-04-21,Success
PAY107734,7734,216C3A5C-2EFD-43,Debit Card,1843.2,2025-10-09,Success
PAY107735,7735,E704D847-D55B-41,Cash on Delivery,187656.84,2025-02-05,Success
PAY107736,7736,1D0F51CA-F57C-4B,Cash on Delivery,718.11,2025-04-03,Failed
PAY107737,7737,5E54ED55-0EB8-4E,Cash on Delivery,4345.44,2025-05-12,Success
PAY107738,7738,951D03AB-144C-4D,UPI,2369.3,2026-07-05,Failed
PAY107739,7739,88933D57-DA7D-4A,Net Banking,2133.12,2025-02-19,Success
PAY107740,7740,42A89969-1A86-4E,Debit Card,1386.0,2025-08-27,Success
PAY107741,7741,E10AC9B2-54AC-49,Debit Card,37242.93,2025-03-03,Success
PAY107742,7742,FBB5BA78-B9D2-4F,Credit Card,728.8,2026-05-17,Refunded
PAY107743,7743,C0CD5AF3-62C4-48,Cash on Delivery,299.6,2026-04-26,Success
PAY107744,7744,D71DBFB9-FFF5-45,Credit Card,3428.88,2025-09-02,Success
PAY107745,7745,DB56BC27-AD51-47,Net Banking,2178.0,2026-03-30,Success
PAY107746,7746,05F47194-F75D-44,UPI,6103.35,2026-03-17,Success
PAY107747,7747,0B2CEE43-9A9C-43,Credit Card,889.2,2024-07-29,Success
PAY107748,7748,3E6E6AD4-D322-4F,Debit Card,54604.68,2026-05-06,Success
PAY107749,7749,447ECD2B-CABF-46,Net Banking,339347.07,2026-05-02,Success
PAY107750,7750,B1F32D25-8920-48,Credit Card,681.43,2026-06-29,Success
PAY107751,7751,6354E165-F13B-42,UPI,1618.5,2024-07-31,Success
PAY107752,7752,CF404DE7-EAD6-44,Net Banking,249.32,2024-12-06,Failed
PAY107753,7753,7DBD4886-36CA-44,UPI,1449.82,2026-01-03,Refunded
PAY107754,7754,C841588E-144B-4E,Debit Card,2914.8,2026-03-21,Success
PAY107755,7755,F2E39D09-3872-40,Credit Card,5648.5,2026-02-08,Success
PAY107756,7756,5B4230A4-F321-4B,Cash on Delivery,463469.3,2025-04-16,Success
PAY107757,7757,4EB31036-B9B3-43,Net Banking,6790.08,2025-03-21,Success
PAY107758,7758,2B1564FB-2E23-4A,Cash on Delivery,113198.56,2025-12-19,Failed
PAY107759,7759,4F5E345E-623D-4B,UPI,2744.56,2026-01-02,Success
PAY107760,7760,5CCEE733-6836-44,Net Banking,2098.25,2025-11-10,Success
PAY107761,7761,2F40B257-6083-4C,Debit Card,9385.64,2026-03-03,Success
PAY107762,7762,DA40359D-64B5-4A,Net Banking,5087.76,2026-06-11,Success
PAY107763,7763,83AC1B9E-6086-4C,UPI,2711.88,2025-12-11,Success
PAY107764,7764,04A4C9DC-D209-4B,UPI,1730.4,2025-08-27,Success
PAY107765,7765,8873B68D-76A9-4B,Credit Card,1258.95,2025-03-05,Success
PAY107766,7766,0F2C2C5F-D8E4-47,Net Banking,68865.88,2025-04-28,Success
PAY107767,7767,BAF6D610-3C5C-47,Cash on Delivery,282919.32,2024-08-25,Success
PAY107768,7768,64FDB290-DDEB-43,UPI,12629.1,2026-05-24,Success
PAY107769,7769,A076C8C5-57D2-42,UPI,7156.8,2025-03-08,Success
PAY107770,7770,817F90F1-71E3-45,Debit Card,99682.9,2024-09-23,Success
PAY107771,7771,AA8ED2B0-AA92-46,UPI,544.35,2026-01-23,Success
PAY107772,7772,01BCAEA7-99E7-49,Debit Card,3752.75,2025-05-15,Success
PAY107773,7773,915DB3FC-9166-40,Debit Card,8166.4,2025-03-28,Success
PAY107774,7774,52FD8266-DA2B-4D,Cash on Delivery,310060.2,2024-09-28,Success
PAY107775,7775,1D20B057-7884-4A,Debit Card,556424.65,2026-03-10,Success
PAY107776,7776,95F3008C-0A04-49,UPI,3569.93,2025-08-17,Success
PAY107777,7777,BD80811E-EB21-4F,Debit Card,13996.8,2025-03-05,Success
PAY107778,7778,8B35BD76-EB7A-43,Credit Card,8382.26,2025-10-01,Success
PAY107779,7779,71448C53-8645-43,Debit Card,7487.1,2025-01-29,Success
PAY107780,7780,C155A0E9-81CA-49,Credit Card,11836.41,2024-12-08,Success
PAY107781,7781,C89FD374-C685-46,Cash on Delivery,2978.25,2024-08-30,Success
PAY107782,7782,D73A2193-3B60-46,Debit Card,1245.0,2026-01-01,Success
PAY107783,7783,FF697CB3-0A40-43,Credit Card,8417.0,2025-06-01,Success
PAY107784,7784,1E9BBBD5-0C27-44,UPI,2004.0,2025-11-01,Success
PAY107785,7785,C4463441-6612-48,Cash on Delivery,611926.05,2025-01-23,Success
PAY107786,7786,CCE0D4B1-7134-41,Net Banking,32728.8,2025-10-03,Failed
PAY107787,7787,B75DFE81-FD82-4A,Cash on Delivery,2114.82,2026-05-21,Success
PAY107788,7788,0597A6A0-5A82-41,Cash on Delivery,9982.8,2025-05-22,Success
PAY107789,7789,15312FD8-836E-47,Net Banking,51597.0,2025-07-24,Refunded
PAY107790,7790,352AFC15-D500-48,Credit Card,5367.6,2025-04-21,Success
PAY107791,7791,444A9178-EF5C-49,Net Banking,152169.6,2025-01-10,Success
PAY107792,7792,8DDEBB4F-724C-41,Net Banking,282996.4,2024-11-06,Success
PAY107793,7793,619F9188-55A4-4C,Credit Card,4363.16,2026-03-27,Success
PAY107794,7794,98C21513-47C0-43,Net Banking,1340.5,2025-12-04,Success
PAY107795,7795,4940653B-1799-43,Credit Card,489300.56,2025-02-01,Success
PAY107796,7796,6629A9D1-A8D1-49,Debit Card,3322.8,2025-06-22,Success
PAY107797,7797,AA8A1DB7-3B59-49,Net Banking,1075.75,2026-06-09,Refunded
PAY107798,7798,E01B04FF-88DF-44,Debit Card,1494.45,2026-05-25,Success
PAY107799,7799,39D61625-09F0-45,Debit Card,35650.0,2025-06-20,Success
PAY107800,7800,ABB51371-3341-4E,UPI,17112.5,2025-05-18,Failed
PAY107801,7801,551A241F-837A-47,Net Banking,18379.52,2024-07-19,Success
PAY107802,7802,2297E79F-3773-4E,Credit Card,5717.04,2025-12-10,Failed
PAY107803,7803,8261EC5C-B12D-49,Debit Card,6804.2,2025-08-13,Success
PAY107804,7804,F337F3B3-490C-4C,UPI,6628.92,2025-05-11,Success
PAY107805,7805,EFCFB86E-42D9-40,Credit Card,4489.2,2024-12-24,Success
PAY107806,7806,3BD0B2CC-1C6B-41,UPI,128211.72,2024-09-26,Failed
PAY107807,7807,8598B0D3-0FD2-42,Net Banking,84590.28,2024-11-28,Refunded
PAY107808,7808,36DD5E76-92A7-43,Credit Card,1275.0,2025-12-28,Success
PAY107809,7809,83C245BE-8CCD-48,Credit Card,1245.0,2025-10-20,Success
PAY107810,7810,4541EA47-85FC-43,Credit Card,745.2,2025-04-11,Failed
PAY107811,7811,D13C5250-7221-4D,Cash on Delivery,3742.83,2025-09-23,Success
PAY107812,7812,DEB17596-3E7A-44,Cash on Delivery,9159.36,2026-07-06,Success
PAY107813,7813,200A23DD-78BD-4D,Credit Card,81376.53,2024-11-06,Success
PAY107814,7814,2D8A5BC9-DA12-4A,Credit Card,2869.44,2025-05-11,Success
PAY107815,7815,C1C84FAF-F90B-4B,Cash on Delivery,17476.0,2025-01-04,Success
PAY107816,7816,0AC4AF6E-FDF9-44,Cash on Delivery,1735.3,2025-11-14,Success
PAY107817,7817,67D33F93-18DB-4F,Cash on Delivery,950.18,2024-11-05,Refunded
PAY107818,7818,50957296-0887-40,UPI,29753.4,2025-07-30,Success
PAY107819,7819,FE41FBF3-A055-4F,Credit Card,3615.3,2024-09-01,Success
PAY107820,7820,001BCF76-2065-4F,Credit Card,59340.0,2026-01-30,Refunded
PAY107821,7821,4558C327-397F-42,Credit Card,1048.0,2024-10-24,Success
PAY107822,7822,5E73B933-C89E-4B,Cash on Delivery,2591.6,2025-02-17,Success
PAY107823,7823,DEE5764B-48D6-40,UPI,519.65,2024-12-22,Success
PAY107824,7824,1E024292-9EB9-40,Debit Card,2439.5,2026-05-21,Success
PAY107825,7825,C14C2554-0746-41,Credit Card,146136.32,2024-09-19,Success
PAY107826,7826,C1B7E955-FA75-48,Debit Card,215091.45,2026-01-04,Success
PAY107827,7827,328DF709-FDF3-4F,Credit Card,2198.25,2025-10-24,Success
PAY107828,7828,C4D4C7A1-63A8-43,Debit Card,751.2,2025-09-09,Success
PAY107829,7829,7EF20282-40A6-43,Cash on Delivery,611625.7,2025-03-06,Failed
PAY107830,7830,7DA7D950-C93B-49,Cash on Delivery,693.67,2025-05-09,Success
PAY107831,7831,C92924D9-D0DB-4C,UPI,20463.92,2025-09-19,Success
PAY107832,7832,9A4CCB16-D629-4D,UPI,6936.0,2024-12-08,Success
PAY107833,7833,461E61F5-02AF-4A,Net Banking,19033.0,2025-01-07,Success
PAY107834,7834,EB274E41-B6CC-46,Debit Card,17753.7,2024-07-27,Failed
PAY107835,7835,D2C6CA36-9756-4C,Cash on Delivery,4235.64,2024-09-21,Success
PAY107836,7836,0569BDC9-D258-4C,UPI,1364.13,2026-01-30,Success
PAY107837,7837,F4627968-34AC-41,Cash on Delivery,1057.9,2025-09-24,Success
PAY107838,7838,A4B51DDB-3694-42,Debit Card,268076.72,2025-04-23,Success
PAY107839,7839,7B1C2A5F-F403-42,UPI,363131.1,2025-03-07,Failed
PAY107840,7840,CCC9909E-63BE-4B,Debit Card,10267.5,2025-05-22,Success
PAY107841,7841,66534F80-5D81-45,Debit Card,14279.72,2025-08-19,Success
PAY107842,7842,EA991B02-F14B-41,Credit Card,11726.37,2024-09-27,Success
PAY107843,7843,BE475387-C672-41,Net Banking,2534.61,2024-10-11,Refunded
PAY107844,7844,1D7DB3C7-973B-49,Net Banking,7141.83,2025-06-08,Success
PAY107845,7845,A1C6E030-44F5-48,UPI,4556.8,2024-12-09,Success
PAY107846,7846,EA63ED2F-1A94-4D,UPI,4258.8,2025-05-09,Refunded
PAY107847,7847,AB9A4F2B-90DA-4C,Credit Card,12093.12,2024-08-08,Success
PAY107848,7848,A310564E-7D09-43,Debit Card,4150.0,2026-02-04,Success
PAY107849,7849,79964CF0-43FD-4F,Credit Card,1748.85,2024-12-20,Success
PAY107850,7850,DBC07F95-DE95-41,Debit Card,1594.56,2026-06-19,Success
PAY107851,7851,1805EE53-7407-48,Debit Card,172.48,2026-01-14,Success
PAY107852,7852,8A4A3F3C-28D2-4C,Cash on Delivery,5258.26,2025-06-17,Failed
PAY107853,7853,75D6F074-7E49-42,Credit Card,1674.75,2025-08-13,Failed
PAY107854,7854,E1A1A2CE-79C1-48,Credit Card,1976.8,2026-01-04,Success
PAY107855,7855,02FFC861-E628-4C,Credit Card,1281.4,2026-01-30,Success
PAY107856,7856,0BF51CF1-CC17-4B,Cash on Delivery,38042.4,2024-11-15,Success
PAY107857,7857,05BBA096-8C18-4F,UPI,1701.08,2025-12-02,Refunded
PAY107858,7858,E82B8AED-C5C3-4F,Net Banking,873.16,2024-09-09,Refunded
PAY107859,7859,96377D96-BBBF-40,Debit Card,1992.6,2024-10-30,Refunded
PAY107860,7860,FCD7C62D-6685-42,Cash on Delivery,605.68,2025-06-02,Success
PAY107861,7861,3E8B77DB-275B-44,UPI,745.2,2024-12-13,Failed
PAY107862,7862,5E32B8B3-1EA3-41,UPI,13027.5,2024-08-05,Success
PAY107863,7863,F94E47E9-F15B-4F,Debit Card,80572.32,2024-10-20,Success
PAY107864,7864,D91A815C-BFC6-40,Net Banking,13074.16,2025-09-07,Refunded
PAY107865,7865,913540E4-217C-4F,Credit Card,33668.0,2025-01-09,Success
PAY107866,7866,53D86062-BD53-4A,Cash on Delivery,109179.58,2025-11-03,Refunded
PAY107867,7867,51647CA8-9684-47,Net Banking,31157.28,2025-06-15,Failed
PAY107868,7868,F11353A3-3F3B-40,Cash on Delivery,3578.4,2025-08-20,Success
PAY107869,7869,27AA1491-7461-43,Cash on Delivery,296.4,2026-04-03,Success
PAY107870,7870,F909CFB3-E181-42,Cash on Delivery,422951.4,2025-10-04,Success
PAY107871,7871,A8FB826A-7625-4F,Cash on Delivery,698.94,2025-09-10,Success
PAY107872,7872,F9B55DD1-9732-4E,Debit Card,1597.12,2026-06-27,Success
PAY107873,7873,102A4F87-B1FF-40,Net Banking,2912.64,2025-09-18,Failed
PAY107874,7874,EF0EBB9A-931A-45,Credit Card,564.14,2025-05-03,Success
PAY107875,7875,672A2E90-23F3-41,Credit Card,1948.32,2024-11-30,Success
PAY107876,7876,5ACC3464-4ADD-40,Credit Card,49583.6,2024-10-13,Success
PAY107877,7877,3A624AC0-FA9C-40,UPI,1483.02,2025-12-03,Success
PAY107878,7878,27F7E8FB-AEB4-42,UPI,47472.0,2025-07-29,Success
PAY107879,7879,55F8CE81-C9FA-4C,UPI,6293.76,2025-10-16,Success
PAY107880,7880,FB921102-CEE4-4F,Debit Card,173770.2,2026-03-22,Success
PAY107881,7881,CC4DCBAB-7CE1-44,Credit Card,861.84,2026-01-29,Success
PAY107882,7882,416E7293-2486-47,Cash on Delivery,169496.1,2025-12-20,Success
PAY107883,7883,63D29C85-47C6-4E,Debit Card,13907.64,2025-10-25,Success
PAY107884,7884,1DD8B255-AF85-42,Debit Card,188269.9,2025-10-21,Failed
PAY107885,7885,2C70991E-E0E1-4A,Debit Card,4121.0,2025-12-24,Success
PAY107886,7886,1BB868DE-883F-47,Credit Card,1399.08,2025-11-26,Refunded
PAY107887,7887,C3E029F2-0FEF-41,Credit Card,9069.84,2025-03-05,Failed
PAY107888,7888,50333F8D-2558-44,Cash on Delivery,416.64,2026-01-14,Success
PAY107889,7889,B997B9E5-2633-4C,Credit Card,3499.2,2025-02-27,Success
PAY107890,7890,DFB3DAB8-8FF1-4B,Debit Card,344.96,2025-09-22,Success
PAY107891,7891,3EC50390-0B73-42,Debit Card,2233.8,2025-09-08,Success
PAY107892,7892,6FCC6008-D8F9-43,Cash on Delivery,46508.8,2025-11-01,Refunded
PAY107893,7893,D9648D8F-42D6-44,UPI,245101.75,2024-10-01,Success
PAY107894,7894,77133404-1442-4E,UPI,2020.2,2025-05-25,Failed
PAY107895,7895,7555F869-8B22-45,UPI,7952.58,2025-03-17,Refunded
PAY107896,7896,77C40243-5B95-43,Cash on Delivery,3818.38,2026-01-13,Failed
PAY107897,7897,C70F242B-A25F-4A,UPI,7203.6,2024-11-08,Success
PAY107898,7898,45900D82-888C-43,Debit Card,1597.12,2026-05-17,Success
PAY107899,7899,D9B66226-2642-48,UPI,648.6,2026-03-21,Refunded
PAY107900,7900,4374FCC0-6439-48,Debit Card,2462.28,2026-01-04,Success
PAY107901,7901,7D66858D-869F-49,Credit Card,11910.5,2026-06-28,Success
PAY107902,7902,76607322-0993-4F,Credit Card,5674.86,2024-11-27,Success
PAY107903,7903,A7039792-E0F7-49,Credit Card,17164.4,2024-12-19,Success
PAY107904,7904,AEAA162E-D26C-42,Net Banking,8031.68,2026-07-08,Refunded
PAY107905,7905,32A7893F-4190-4D,Net Banking,13235.95,2026-05-17,Success
PAY107906,7906,4415249E-9AFB-40,UPI,94648.17,2024-08-25,Success
PAY107907,7907,6DF7FA48-EAF3-46,UPI,123.9,2025-08-18,Success
PAY107908,7908,D58BBD0B-0A75-4D,Cash on Delivery,6293.76,2024-12-19,Success
PAY107909,7909,549E2FF9-5EAC-49,Cash on Delivery,2325.4,2025-09-20,Success
PAY107910,7910,433AD6D4-750E-45,Net Banking,128211.72,2025-03-14,Success
PAY107911,7911,F598608E-4EC3-40,Cash on Delivery,8433.0,2024-10-12,Failed
PAY107912,7912,7B3D2B61-814C-43,Net Banking,3752.75,2025-11-28,Failed
PAY107913,7913,0F30BA10-A5C7-47,UPI,38360.85,2025-05-26,Success
PAY107914,7914,9587839E-33F9-42,Net Banking,10908.75,2025-04-11,Success
PAY107915,7915,19E85E1B-9FB3-41,Debit Card,2433.4,2025-06-29,Success
PAY107916,7916,7A31E527-CB77-47,Credit Card,9329.58,2024-10-20,Failed
PAY107917,7917,E087DA61-C03C-44,Net Banking,782.31,2026-04-19,Success
PAY107918,7918,4777257E-26B2-41,Debit Card,6936.0,2025-02-17,Success
PAY107919,7919,96501EA8-7BFB-41,Net Banking,299.6,2025-08-27,Success
PAY107920,7920,808A201D-C99C-47,Credit Card,218359.16,2025-04-18,Refunded
PAY107921,7921,94966127-6738-45,Cash on Delivery,10331.64,2024-11-05,Failed
PAY107922,7922,C39A3D70-2A94-4C,Net Banking,4292.72,2025-07-03,Success
PAY107923,7923,45513C14-D730-44,UPI,420642.64,2026-02-22,Failed
PAY107924,7924,9C95898B-8A59-46,Cash on Delivery,163762.2,2025-12-19,Refunded
PAY107925,7925,0FC2372C-73A4-47,Cash on Delivery,54529.8,2024-10-14,Success
PAY107926,7926,77A1D84D-29CC-46,Debit Card,718.56,2025-05-13,Failed
PAY107927,7927,E4D82702-B2A8-45,Debit Card,16484.0,2024-08-03,Success
PAY107928,7928,F3C92935-7F37-40,Debit Card,2782.5,2025-08-02,Success
PAY107929,7929,A0ED6FEC-E9CC-4F,Credit Card,6553.47,2026-04-06,Success
PAY107930,7930,B854278E-8DC7-42,Net Banking,32739.3,2024-09-10,Success
PAY107931,7931,C5205880-7674-46,UPI,4361.6,2025-05-29,Success
PAY107932,7932,3E27068A-096F-4B,Cash on Delivery,7039.23,2025-05-16,Refunded
PAY107933,7933,73E23E59-BEF4-42,Debit Card,1889.91,2024-09-05,Success
PAY107934,7934,F8ABC9B3-F221-4E,UPI,226491.12,2025-11-17,Failed
PAY107935,7935,1A657754-F6AA-41,Debit Card,5258.26,2026-05-28,Refunded
PAY107936,7936,6AF07FB3-F74F-43,Credit Card,4482.94,2025-10-26,Success
PAY107937,7937,525DB12E-90A6-4A,Cash on Delivery,46.62,2026-02-27,Success
PAY107938,7938,87DDF1CD-12D2-46,Credit Card,15330.12,2025-06-20,Success
PAY107939,7939,FD96FF3F-D7D2-4E,UPI,281.78,2025-05-14,Success
PAY107940,7940,C8A0167D-A961-4C,UPI,1507.76,2025-02-02,Success
PAY107941,7941,03AADA92-FAE8-48,Net Banking,293346.24,2025-08-22,Success
PAY107942,7942,72F08B9D-0987-46,Debit Card,1909.19,2026-01-16,Failed
PAY107943,7943,53BC0B09-D5F4-42,Credit Card,1356.36,2024-11-29,Failed
PAY107944,7944,5725DD03-70A2-47,UPI,218793.15,2025-11-26,Success
PAY107945,7945,3A39999E-8194-4B,Debit Card,3261.28,2025-08-18,Success
PAY107946,7946,EB0CB311-6A70-45,UPI,3499.2,2025-03-11,Success
PAY107947,7947,DDCCA326-DEE1-47,Debit Card,3752.75,2025-11-21,Success
PAY107948,7948,40DE89CA-ED8C-47,Cash on Delivery,8527.2,2025-08-01,Failed
PAY107949,7949,2E048942-DC57-44,Credit Card,2819.76,2024-10-18,Success
PAY107950,7950,7F909C2A-29DD-40,Debit Card,23326.26,2025-11-01,Failed
PAY107951,7951,03106AF6-B2F3-46,UPI,21282.3,2025-02-10,Success
PAY107952,7952,69540D9C-7FA2-43,Credit Card,3203.5,2026-05-31,Success
PAY107953,7953,F529F5AB-B68B-49,UPI,470674.75,2025-11-29,Success
PAY107954,7954,A7F44F1B-5933-44,Net Banking,244770.42,2026-03-15,Success
PAY107955,7955,55C60F63-85F5-45,Credit Card,213479.52,2025-02-22,Success
PAY107956,7956,02FDB0A2-F15B-41,UPI,2375.45,2025-05-07,Failed
PAY107957,7957,FDF5D52B-70FA-49,Cash on Delivery,1728.64,2025-12-28,Refunded
PAY107958,7958,3B881612-2F44-4F,Net Banking,281.94,2025-07-22,Success
PAY107959,7959,AF71DDE8-54CC-49,Debit Card,18889.36,2026-05-04,Success
PAY107960,7960,422CEEB5-1DF8-46,Debit Card,2532.64,2025-12-26,Failed
PAY107961,7961,D4039A35-C357-4C,Net Banking,17112.5,2026-01-20,Failed
PAY107962,7962,277E3231-3569-4A,Net Banking,14245.0,2025-10-14,Refunded
PAY107963,7963,8503F8B9-F6D4-4D,Debit Card,8382.26,2025-12-03,Success
PAY107964,7964,632CCBE0-713E-41,UPI,3837.68,2025-12-14,Failed
PAY107965,7965,90BAA0FF-0B24-4C,UPI,2594.4,2025-10-26,Success
PAY107966,7966,9FF0C61B-61C6-4F,Credit Card,693.67,2024-10-01,Refunded
PAY107967,7967,4AAE1A80-C976-47,UPI,461.02,2025-04-13,Success
PAY107968,7968,DF7E7494-0B9C-42,Credit Card,1356.36,2025-10-18,Refunded
PAY107969,7969,CAFF0085-A148-48,UPI,19041.75,2026-05-22,Success
PAY107970,7970,5F6CCE75-DA0D-4F,Cash on Delivery,2087.28,2025-07-03,Success
PAY107971,7971,56C6BBBF-C354-4C,Debit Card,1976.8,2026-02-11,Success
PAY107972,7972,A177AB97-FFC5-44,Debit Card,1118.36,2024-10-19,Refunded
PAY107973,7973,2844B9DE-1B09-47,Debit Card,46508.8,2024-12-09,Success
PAY107974,7974,1220C368-41B9-4D,UPI,170248.0,2025-12-09,Success
PAY107975,7975,E6F5F33C-3637-43,UPI,1911.0,2025-03-25,Success
PAY107976,7976,3B3D501C-1374-41,Credit Card,605.68,2025-04-23,Success
PAY107977,7977,68BE89D5-EA0A-4F,Cash on Delivery,11564.28,2024-08-26,Failed
PAY107978,7978,ED898DC5-F564-47,Net Banking,5680.0,2025-12-10,Success
PAY107979,7979,F4D55EB9-118C-45,Debit Card,2593.47,2025-02-01,Success
PAY107980,7980,1243075F-B884-45,Debit Card,418853.6,2025-08-13,Success
PAY107981,7981,EAB7F196-896A-47,Cash on Delivery,1748.88,2025-08-06,Success
PAY107982,7982,D363C472-6230-49,Credit Card,1721.43,2026-04-30,Success
PAY107983,7983,2C004C43-C5A5-41,Credit Card,146996.25,2025-12-18,Success
PAY107984,7984,C2CA087B-DBB7-46,Cash on Delivery,32752.44,2024-08-12,Success
PAY107985,7985,64ECF4DA-FA77-48,Net Banking,148881.84,2026-04-04,Success
PAY107986,7986,F2309B8F-340D-40,UPI,4893.75,2025-08-08,Success
PAY107987,7987,F79E7B99-4EA4-45,Net Banking,2121.52,2025-03-05,Success
PAY107988,7988,3AB75BD6-721D-42,Debit Card,3182.28,2025-06-01,Failed
PAY107989,7989,2C5AD1F9-48F4-4F,Cash on Delivery,4882.68,2025-12-25,Success
PAY107990,7990,904ADD8D-724E-41,Credit Card,931.92,2025-10-11,Success
PAY107991,7991,4E63F369-CB13-4B,Cash on Delivery,20147.05,2025-09-27,Success
PAY107992,7992,0D960DAA-D39F-4F,Debit Card,21856.32,2026-02-14,Refunded
PAY107993,7993,89D5BCBB-A2C2-46,Credit Card,21254.95,2025-05-30,Success
PAY107994,7994,A9C418D1-EDE5-4C,Net Banking,16107.84,2024-09-07,Refunded
PAY107995,7995,3E6795B0-5AF0-4D,Credit Card,3345.6,2024-08-06,Success
PAY107996,7996,C1135F13-72E3-44,UPI,101965.5,2025-02-12,Success
PAY107997,7997,61F8EAB9-0183-4F,Credit Card,6281.76,2025-09-26,Failed
PAY107998,7998,733C558E-B040-4A,Cash on Delivery,3199.6,2025-08-06,Success
PAY107999,7999,6A37F459-250C-45,Credit Card,11025.0,2024-09-08,Success
PAY108000,8000,03D64505-D316-45,Credit Card,74440.92,2025-12-07,Success
PAY108001,8001,220CA6AD-71F3-45,Credit Card,1085.4,2025-10-23,Failed
PAY108002,8002,14214A14-8342-44,Net Banking,5165.82,2025-04-24,Failed
PAY108003,8003,C71A51C5-9970-4C,Net Banking,5935.16,2026-02-01,Success
PAY108004,8004,626AC309-862E-4A,UPI,206597.64,2025-07-24,Success
PAY108005,8005,3C894DE7-7DA0-4A,Credit Card,326.4,2025-06-14,Success
PAY108006,8006,C45543D2-D678-4F,Net Banking,4200.0,2025-01-12,Success
PAY108007,8007,C4DD32BB-9F7B-41,UPI,6609.2,2024-10-27,Refunded
PAY108008,8008,2F219E2C-DA59-4E,Cash on Delivery,933.88,2025-11-14,Failed
PAY108009,8009,5D9C28ED-C18A-44,Net Banking,112291.62,2025-09-22,Success
PAY108010,8010,B3803F47-14A2-49,Cash on Delivery,923.0,2025-11-19,Success
PAY108011,8011,3089E755-C1DB-42,Debit Card,1271.94,2026-05-03,Success
PAY108012,8012,1EA81B52-C737-45,Net Banking,339347.07,2026-03-12,Refunded
PAY108013,8013,249FBC3C-492B-4B,Net Banking,3136.5,2026-03-26,Success
PAY108014,8014,50303D0B-9F29-4C,Credit Card,1507.76,2025-06-27,Success
PAY108015,8015,DD4545FF-655D-49,Credit Card,2276.64,2026-02-19,Success
PAY108016,8016,01FE0373-38A4-40,Credit Card,9741.6,2025-09-09,Refunded
PAY108017,8017,B2064040-09E7-4C,Debit Card,1651.44,2026-06-02,Failed
PAY108018,8018,7D04B185-D3ED-41,Net Banking,2020.2,2025-03-28,Success
PAY108019,8019,87BB6296-5CA8-49,Debit Card,1041.18,2025-01-06,Success
PAY108020,8020,F2609D17-8262-46,Debit Card,21776.88,2025-10-10,Success
PAY108021,8021,E7F7D04F-E58E-40,Credit Card,98217.9,2024-11-13,Success
PAY108022,8022,31946143-237B-43,Net Banking,9398.4,2025-03-27,Success
PAY108023,8023,7CC084F6-E37C-41,Debit Card,2488.5,2025-03-07,Success
PAY108024,8024,5021DC65-2F43-48,Credit Card,3036.0,2025-08-30,Success
PAY108025,8025,6F00EE4B-2475-48,Credit Card,1683.0,2026-03-31,Success
PAY108026,8026,6269FD3F-966F-43,Cash on Delivery,797.28,2026-03-10,Failed
PAY108027,8027,497E6A17-5EB6-4F,Cash on Delivery,4062.15,2026-02-02,Success
PAY108028,8028,60E6202C-38A6-49,Cash on Delivery,4243.04,2024-12-12,Failed
PAY108029,8029,F97D0632-3546-4F,Net Banking,90883.0,2024-12-21,Success
PAY108030,8030,3A61B413-EDE8-49,Cash on Delivery,14283.66,2025-01-22,Success
PAY108031,8031,C7E8F80F-C279-48,Credit Card,509.68,2025-06-07,Success
PAY108032,8032,486D238C-3469-46,Debit Card,2154.33,2025-12-19,Refunded
PAY108033,8033,03436780-5707-48,Net Banking,930.16,2024-09-08,Success
PAY108034,8034,68A5592A-6C2B-4C,Cash on Delivery,5433.45,2024-11-30,Success
PAY108035,8035,B0B9C881-3B22-48,Credit Card,4893.75,2025-11-21,Success
PAY108036,8036,F4C4CFD3-BEE7-42,Cash on Delivery,109138.85,2026-07-10,Success
PAY108037,8037,EBBF4267-D3F4-42,Net Banking,180815.16,2024-12-23,Failed
PAY108038,8038,4C301489-18A8-4C,Net Banking,172.48,2024-12-27,Failed
PAY108039,8039,35D590C9-7E3E-41,Net Banking,12249.6,2024-09-19,Refunded
PAY108040,8040,E57F9F17-989C-43,Net Banking,180519.6,2026-03-31,Success
PAY108041,8041,ABE30825-7805-4A,Debit Card,4797.1,2025-08-01,Success
PAY108042,8042,BCBAC550-88B9-41,Net Banking,1400.82,2024-09-07,Success
PAY108043,8043,087BC943-258A-42,Debit Card,22974.4,2024-11-26,Failed
PAY108044,8044,759B5F10-98BA-40,UPI,82428.6,2025-10-17,Success
PAY108045,8045,AF2A28E3-AF73-40,UPI,436555.4,2026-04-03,Failed
PAY108046,8046,8E21CE70-CEAB-4F,Net Banking,1618.5,2025-12-29,Success
PAY108047,8047,2632747A-67AD-4B,Debit Card,7669.2,2025-12-17,Success
PAY108048,8048,F8B91546-CCFB-42,Debit Card,2178.0,2025-02-10,Success
PAY108049,8049,1728B0E5-3BE4-4D,Debit Card,3264.14,2026-05-26,Success
PAY108050,8050,1E9C19FE-83E6-4A,Debit Card,26184.6,2025-05-12,Refunded
PAY108051,8051,33561ED1-41C4-48,UPI,13797.8,2025-11-29,Success
PAY108052,8052,0A35F6BF-DD64-4B,UPI,223322.76,2025-10-11,Success
PAY108053,8053,0FB9CD59-A6BB-41,Debit Card,293346.24,2025-01-02,Success
PAY108054,8054,C36B00F7-5E43-42,Cash on Delivery,11849.0,2024-10-06,Success
PAY108055,8055,525ACFC4-BFB8-49,Credit Card,17452.64,2025-08-31,Success
PAY108056,8056,A927F0E0-7A3D-46,Credit Card,81038.4,2025-10-14,Failed
PAY108057,8057,6356F3C2-8F6D-4B,Debit Card,214819.8,2025-08-30,Success
PAY108058,8058,7DE723E3-FFCD-4F,UPI,32971.44,2025-05-04,Failed
PAY108059,8059,E12E9FDF-78D9-4F,Cash on Delivery,20310.75,2024-11-24,Failed
PAY108060,8060,1F73C339-EDFC-44,Debit Card,107707.5,2025-12-08,Refunded
PAY108061,8061,002ED627-B67B-44,UPI,21856.32,2025-09-30,Success
PAY108062,8062,DAB91CEA-E2E7-44,UPI,1551.42,2025-05-31,Success
PAY108063,8063,20A93A40-9F03-48,Debit Card,45214.4,2024-10-07,Refunded
PAY108064,8064,0C93F391-22AA-47,Debit Card,1597.12,2026-02-22,Failed
PAY108065,8065,C07BC1A2-5691-48,Cash on Delivery,2647.19,2024-12-06,Failed
PAY108066,8066,2B65EFEF-ADF5-43,Debit Card,114923.4,2025-09-16,Success
PAY108067,8067,AE8D459A-276E-4C,Cash on Delivery,5751.9,2026-07-04,Failed
PAY108068,8068,68156CB5-09F1-4F,Net Banking,573.81,2026-02-24,Success
PAY108069,8069,65F5D78F-6D27-4E,Debit Card,10436.4,2026-03-28,Success
PAY108070,8070,B56608C0-FA91-45,Debit Card,191528.88,2026-01-06,Refunded
PAY108071,8071,DDF35046-ED51-43,Debit Card,2824.25,2026-03-18,Success
PAY108072,8072,145B718E-F290-4E,Net Banking,1267.92,2026-04-16,Success
PAY108073,8073,F358C26F-A40D-4B,Debit Card,222569.86,2025-09-16,Success
PAY108074,8074,9753DEA8-A6CA-42,Debit Card,13890.24,2026-04-05,Failed
PAY108075,8075,E05B9FFA-0823-4C,Debit Card,3771.2,2024-07-19,Success
PAY108076,8076,D452A7CC-7AB4-45,UPI,8662.68,2025-12-24,Success
PAY108077,8077,A4A2B8E7-ADF3-48,UPI,659027.6,2026-03-09,Success
PAY108078,8078,6221A9B0-B3C5-46,Credit Card,2883.0,2025-04-12,Failed
PAY108079,8079,59CDEA42-E236-43,Debit Card,1494.45,2025-11-30,Failed
PAY108080,8080,527F9E3B-69D9-4F,UPI,3819.0,2026-05-09,Success
PAY108081,8081,D9922BF1-5275-43,Debit Card,8095.75,2025-04-30,Success
PAY108082,8082,0681A591-B6C9-43,Debit Card,102730.32,2026-07-17,Success
PAY108083,8083,0E7E4BB5-0502-46,Debit Card,105160.66,2026-06-11,Success
PAY108084,8084,A5CEF2BD-666C-4F,Debit Card,331.2,2025-09-14,Refunded
PAY108085,8085,435E9FB3-F772-46,Debit Card,34912.8,2025-12-01,Success
PAY108086,8086,7435B2E5-C239-48,Cash on Delivery,163073.8,2025-04-22,Success
PAY108087,8087,89C69696-38DB-40,Debit Card,460.8,2024-08-04,Refunded
PAY108088,8088,AFE80E81-FC21-42,Net Banking,10404.0,2025-06-26,Success
PAY108089,8089,FCD9DA6D-C1A3-4D,Net Banking,5092.0,2026-02-18,Success
PAY108090,8090,3B2811D8-548A-4D,Cash on Delivery,330.0,2024-09-26,Success
PAY108091,8091,3FB7D14C-AD31-44,Credit Card,6033.36,2025-08-04,Success
PAY108092,8092,26BE362B-6C88-4C,Debit Card,2038.72,2024-08-29,Success
PAY108093,8093,6DAEEFE9-4979-4B,Net Banking,2532.64,2025-06-05,Success
PAY108094,8094,E5985D06-92B2-4D,Cash on Delivery,5015.84,2025-05-30,Success
PAY108095,8095,BED16720-A80F-49,Credit Card,1529.04,2025-12-22,Success
PAY108096,8096,E33B093B-ED0F-44,Net Banking,2965.2,2025-06-02,Success
PAY108097,8097,3E54FD70-0283-42,UPI,1953.0,2024-09-02,Success
PAY108098,8098,7E161252-A2A3-49,Cash on Delivery,2625.8,2026-04-18,Refunded
PAY108099,8099,4E32FD62-6B17-46,Debit Card,33910.8,2025-02-04,Success
PAY108100,8100,E326B215-EAAB-45,Net Banking,8433.0,2026-04-05,Success
PAY108101,8101,5E59256E-4EAB-4E,UPI,363131.1,2026-03-09,Success
PAY108102,8102,5D5131CF-22FA-4B,Cash on Delivery,230878.1,2025-04-09,Success
PAY108103,8103,C0044C75-BFFA-4D,Cash on Delivery,4882.5,2026-06-10,Success
PAY108104,8104,F529B73B-6FD2-47,Debit Card,7636.76,2025-12-27,Success
PAY108105,8105,6B54ED7B-36FB-47,Cash on Delivery,1436.4,2025-01-14,Success
PAY108106,8106,48C56BDE-EB2E-4A,Debit Card,21318.0,2025-10-12,Failed
PAY108107,8107,0A211622-38D5-4C,Credit Card,9586.5,2025-02-10,Failed
PAY108108,8108,9E12E002-534B-48,Cash on Delivery,10911.7,2024-08-08,Success
PAY108109,8109,20D4130E-C324-4D,Credit Card,5561.55,2026-02-08,Success
PAY108110,8110,C3473FF1-CF22-47,Net Banking,693.88,2025-07-12,Success
PAY108111,8111,6587E946-7D46-46,Net Banking,121557.6,2024-11-22,Success
PAY108112,8112,095A4906-4D11-45,Credit Card,4288.4,2025-03-07,Success
PAY108113,8113,F86C7705-15A2-4F,Cash on Delivery,35604.0,2024-12-08,Failed
PAY108114,8114,E9914DB8-A3A4-43,Net Banking,1098.09,2026-01-28,Success
PAY108115,8115,696CBD6A-5EFD-48,Net Banking,28910.97,2025-09-13,Success
PAY108116,8116,D6F6596C-A3D0-48,Debit Card,470674.75,2025-07-23,Refunded
PAY108117,8117,9DFEEB93-DCC5-49,Cash on Delivery,11846.5,2025-04-20,Success
PAY108118,8118,D92ECE52-0EF5-44,Net Banking,2819.76,2025-08-03,Success
PAY108119,8119,0D572FDB-8C31-4C,Debit Card,2349.6,2025-08-03,Refunded
PAY108120,8120,2F86185C-1DC0-41,Credit Card,947.38,2024-12-10,Success
PAY108121,8121,01193422-5842-40,Cash on Delivery,1420.0,2024-10-17,Refunded
PAY108122,8122,AE5285A2-0345-4D,Cash on Delivery,1992.6,2025-09-09,Success
PAY108123,8123,DAE04B4B-0FE8-4A,Net Banking,525.16,2025-03-08,Success
PAY108124,8124,C1A0D723-ABF2-45,Debit Card,42085.0,2026-07-09,Success
PAY108125,8125,D9641544-EF31-4D,Net Banking,33888.4,2025-12-23,Success
PAY108126,8126,E306F913-8397-4E,UPI,55718.5,2025-02-26,Success
PAY108127,8127,5CB6AAFE-83E6-43,Cash on Delivery,3216.3,2025-09-04,Success
PAY108128,8128,42208B0D-6598-4F,UPI,3004.8,2026-04-15,Success
PAY108129,8129,04323642-5CA7-4E,Cash on Delivery,17054.4,2025-08-29,Success
PAY108130,8130,01E15C09-2ED7-4B,UPI,1228.5,2025-11-15,Failed
PAY108131,8131,3C99ED31-343B-43,UPI,497136.9,2026-06-22,Success
PAY108132,8132,7E11462B-4D2C-4A,Debit Card,27478.08,2025-06-03,Refunded
PAY108133,8133,8D2F1A7C-E646-4B,Net Banking,13740.48,2025-12-10,Refunded
PAY108134,8134,1182FD29-C827-41,Cash on Delivery,12186.45,2025-04-11,Success
PAY108135,8135,9E5DD1FD-A062-49,Debit Card,5367.6,2025-10-02,Success
PAY108136,8136,AB3C580B-479A-48,Debit Card,29399.25,2024-09-08,Success
PAY108137,8137,410BAE5F-12C2-47,Net Banking,83229.41,2025-02-10,Success
PAY108138,8138,8B3E9961-ADEB-46,Credit Card,1718.28,2024-07-31,Success
PAY108139,8139,03446A44-1656-47,Credit Card,398.64,2025-07-08,Refunded
PAY108140,8140,35D98552-6BB9-4E,Net Banking,15500.85,2024-12-22,Refunded
PAY108141,8141,940DB9A0-23A2-4D,UPI,4150.0,2024-09-18,Success
PAY108142,8142,0BE4AE69-E8A1-43,Debit Card,4739.6,2024-11-28,Success
PAY108143,8143,AADCD2F4-112F-45,Credit Card,98193.6,2025-07-24,Success
PAY108144,8144,CB61D387-94CE-42,Cash on Delivery,339347.07,2025-02-11,Refunded
PAY108145,8145,D7C0D667-A31E-49,Debit Card,1214.4,2025-12-02,Failed
PAY108146,8146,1652C2B5-CA2B-4E,Credit Card,9329.58,2025-10-10,Success
PAY108147,8147,2E5467F7-B612-4B,Cash on Delivery,3670.4,2024-10-22,Refunded
PAY108148,8148,92863C59-5E08-4A,Debit Card,666.12,2026-03-28,Failed
PAY108149,8149,01345019-9398-40,UPI,11975.84,2024-09-30,Success
PAY108150,8150,E19EF2FB-707C-49,Cash on Delivery,668.22,2025-11-08,Success
PAY108151,8151,52581CB3-5586-41,UPI,3752.75,2026-04-08,Success
PAY108152,8152,46BE7E86-299F-40,Credit Card,5048.1,2026-02-16,Failed
PAY108153,8153,E5749611-FD09-43,Debit Card,804.3,2025-03-17,Success
PAY108154,8154,6E5F23FF-B9C0-48,Debit Card,358033.0,2026-01-10,Failed
PAY108155,8155,D9B23655-4D8A-4C,Net Banking,471532.2,2024-10-16,Success
PAY108156,8156,37C967C9-B675-4D,Credit Card,3837.68,2024-12-06,Success
PAY108157,8157,00AFE96E-C5D4-40,Debit Card,14245.0,2026-03-23,Success
PAY108158,8158,F2E8BF41-98C9-43,Cash on Delivery,4361.6,2024-09-27,Success
PAY108159,8159,A9D7541E-9E8B-44,UPI,132760.6,2025-02-05,Failed
PAY108160,8160,4388024D-86EF-44,Cash on Delivery,2878.26,2025-08-27,Failed
PAY108161,8161,45267A6E-2554-43,Cash on Delivery,42562.0,2026-06-27,Success
PAY108162,8162,49A1A836-6490-43,UPI,1482.0,2025-10-16,Success
PAY108163,8163,ADA77FCA-889A-4B,Cash on Delivery,1749.8,2025-03-09,Refunded
PAY108164,8164,2D5DF97D-5F37-45,Credit Card,7944.0,2024-10-01,Success
PAY108165,8165,AB1D39E6-4DAE-4B,Net Banking,21000.0,2025-08-26,Success
PAY108166,8166,49ED2278-497D-49,Cash on Delivery,56599.28,2025-01-12,Success
PAY108167,8167,EA19BE2A-6C6C-4C,Net Banking,1481.04,2025-12-23,Success
PAY108168,8168,F6E1060E-32ED-4E,Debit Card,74220.0,2025-10-20,Success
PAY108169,8169,3EE68850-CB76-42,Credit Card,68302.72,2026-04-14,Success
PAY108170,8170,5712ADAD-392F-42,Credit Card,3073.6,2026-06-11,Failed
PAY108171,8171,4660BFC4-5B5A-41,Debit Card,1113.0,2026-01-06,Success
PAY108172,8172,C91DAD5F-E18D-4A,Net Banking,1690.56,2025-04-01,Success
PAY108173,8173,3407225B-B1D8-43,Cash on Delivery,186214.65,2024-10-31,Refunded
PAY108174,8174,C276F9E7-F367-46,Net Banking,430830.0,2025-11-07,Refunded
PAY108175,8175,13CC2E29-E567-4C,Cash on Delivery,188612.88,2024-10-19,Success
PAY108176,8176,9B2D51C4-E3B9-40,Cash on Delivery,1729.0,2026-03-11,Failed
PAY108177,8177,6F8D560D-9E24-49,Cash on Delivery,42562.0,2025-11-16,Success
PAY108178,8178,A6561DDE-D91F-48,Credit Card,287293.32,2026-05-01,Success
PAY108179,8179,82A46376-81FE-47,UPI,3854.76,2025-06-24,Refunded
PAY108180,8180,DF8CE2B5-2CD3-4B,Credit Card,7191.5,2026-02-18,Success
PAY108181,8181,BD8CAA15-D970-4B,UPI,137342.32,2026-01-17,Success
PAY108182,8182,FA4F6391-EADE-47,Credit Card,16367.55,2024-10-24,Success
PAY108183,8183,35A9383A-4623-4C,Debit Card,1345.4,2026-03-03,Success
PAY108184,8184,2ABA76BD-8ACD-43,Net Banking,4361.6,2025-01-31,Success
PAY108185,8185,182BD356-5712-4E,Debit Card,670.68,2026-05-13,Refunded
PAY108186,8186,251E0758-9740-4F,Credit Card,4435.08,2025-09-04,Failed
PAY108187,8187,A8AEE52B-5D02-42,Debit Card,5433.45,2026-06-07,Failed
PAY108188,8188,EDE37E27-0D55-49,Cash on Delivery,28762.43,2024-10-26,Success
PAY108189,8189,2C01C23D-63BB-43,Debit Card,1891.62,2024-08-06,Refunded
PAY108190,8190,D875FA46-72A2-41,Cash on Delivery,3136.5,2025-09-24,Success
PAY108191,8191,8B61D014-0487-43,Cash on Delivery,3554.22,2025-06-19,Success
PAY108192,8192,A91EFFB9-B177-4B,UPI,1586.85,2025-09-15,Refunded
PAY108193,8193,08701259-9341-4A,Cash on Delivery,2548.4,2024-12-16,Success
PAY108194,8194,CBEECBC5-5732-49,Net Banking,3460.32,2025-07-17,Success
PAY108195,8195,6128C33F-0C5C-4E,UPI,5958.0,2025-02-11,Refunded
PAY108196,8196,8C34489F-DDC4-4B,Cash on Delivery,188612.88,2025-07-04,Success
PAY108197,8197,7D22AECD-591A-4F,Debit Card,1357.92,2024-10-30,Success
PAY108198,8198,A84896B3-2630-48,Net Banking,4200.0,2024-08-29,Success
PAY108199,8199,45E5D9F0-99E9-4F,Credit Card,666.12,2024-08-31,Success
PAY108200,8200,53CA66AE-CACC-46,Cash on Delivery,11042.8,2025-06-22,Success
PAY108201,8201,1A99AAEA-43FB-4D,Debit Card,6393.36,2025-06-15,Success
PAY108202,8202,EEF43D9D-B4DE-44,Net Banking,86287.29,2026-03-03,Failed
PAY108203,8203,C8F91F9E-22A4-4C,Debit Card,1683.0,2026-02-03,Refunded
PAY108204,8204,546FBD72-8C9D-47,Net Banking,419.65,2024-07-24,Success
PAY108205,8205,9D6447B2-8CF4-4D,Debit Card,3659.25,2025-05-19,Success
PAY108206,8206,1D5407F9-456C-4A,UPI,25829.1,2025-12-31,Success
PAY108207,8207,32906EC5-9523-42,Debit Card,904.24,2025-12-20,Success
PAY108208,8208,2974EB37-0C36-4D,UPI,19171.08,2025-04-08,Success
PAY108209,8209,97D0D1BF-3CAA-4F,Net Banking,1343.68,2026-05-30,Success
PAY108210,8210,1358597B-5B58-48,UPI,2295.24,2025-12-26,Refunded
PAY108211,8211,FF3FADDF-6C84-4A,Cash on Delivery,33888.4,2025-05-12,Success
PAY108212,8212,95B736D9-B624-4D,Cash on Delivery,8470.28,2025-07-30,Refunded
PAY108213,8213,9BE91296-1612-4A,Debit Card,1880.82,2025-11-16,Success
PAY108214,8214,B2BC10AA-C935-44,Net Banking,11052.0,2025-10-03,Success
PAY108215,8215,5C41B7E4-817D-40,Cash on Delivery,1324.8,2024-09-17,Success
PAY108216,8216,A61DB19B-4260-40,Cash on Delivery,4614.96,2024-09-03,Success
PAY108217,8217,64C0B85D-952E-45,Cash on Delivery,12363.0,2026-01-31,Success
PAY108218,8218,E0A275D5-91EE-4E,UPI,49457.16,2024-10-28,Success
PAY108219,8219,12DD361B-1EBD-4C,Net Banking,107707.5,2026-05-24,Success
PAY108220,8220,4C8C1450-E17B-49,Net Banking,15116.4,2026-06-25,Success
PAY108221,8221,11AEC930-34E5-4A,Debit Card,27774.5,2026-05-19,Success
PAY108222,8222,60203DA1-A94D-43,Net Banking,6006.55,2026-04-01,Success
PAY108223,8223,EF074D13-05AD-4A,Net Banking,469.9,2024-08-22,Success
PAY108224,8224,F9E6A4CC-EFA8-4D,Net Banking,174866.7,2026-04-12,Success
PAY108225,8225,1B55E84D-E2C2-4D,Debit Card,2445.96,2024-12-11,Success
PAY108226,8226,BD4A9B44-F466-49,UPI,347.2,2024-08-11,Success
PAY108227,8227,8BDE5D8D-EEA8-49,Net Banking,93926.12,2024-11-14,Success
PAY108228,8228,7DE83C60-17E1-45,UPI,4168.26,2024-10-10,Success
PAY108229,8229,A59A2D15-E8A7-46,Credit Card,223322.76,2025-11-18,Success
PAY108230,8230,5E071EE6-9D19-48,Debit Card,11052.0,2025-07-14,Failed
PAY108231,8231,0DC5798C-57C2-46,Cash on Delivery,14734.5,2025-08-30,Success
PAY108232,8232,2506D4AF-B479-4A,Cash on Delivery,7816.5,2025-10-19,Success
PAY108233,8233,B8587A0A-B6B5-43,Credit Card,11732.05,2024-07-29,Success
PAY108234,8234,CCEFB5F1-B5B9-44,UPI,2471.7,2025-12-25,Success
PAY108235,8235,670D8E74-B809-4D,UPI,72706.4,2026-03-04,Success
PAY108236,8236,411B9922-919F-4E,Credit Card,3976.29,2025-05-13,Success
PAY108237,8237,365D296F-BC75-44,Cash on Delivery,244770.42,2025-10-30,Success
PAY108238,8238,87C1858E-4C67-4D,Credit Card,432.16,2025-01-31,Success
PAY108239,8239,0E6DD899-FCAA-4E,Net Banking,21425.96,2025-06-24,Failed
PAY108240,8240,0AA4BBDF-A01A-44,Cash on Delivery,56599.28,2024-10-02,Success
PAY108241,8241,37AE5323-73BE-4E,Cash on Delivery,33988.5,2025-08-29,Refunded
PAY108242,8242,BF67D005-D52B-4F,Cash on Delivery,2043.3,2025-09-27,Success
PAY108243,8243,A946350D-5AA3-4E,Net Banking,2340.0,2024-07-25,Success
PAY108244,8244,10BC816C-CC0E-42,Debit Card,48265.7,2025-04-06,Success
PAY108245,8245,A9F32C1C-76EB-4E,UPI,571.2,2025-04-08,Success
PAY108246,8246,D4266D67-EC44-4C,Debit Card,497398.0,2025-04-23,Success
PAY108247,8247,0079502C-B9A3-40,Cash on Delivery,666.12,2024-11-07,Success
PAY108248,8248,920CC926-E085-44,UPI,3795.33,2025-01-14,Success
PAY108249,8249,0005866D-2C9E-41,UPI,21318.0,2024-09-24,Success
PAY108250,8250,2593FE17-EAAC-40,Debit Card,26291.3,2026-04-17,Failed
PAY108251,8251,777D1194-7D3E-42,Cash on Delivery,1894.76,2026-05-17,Success
PAY108252,8252,71B637E4-A010-46,Credit Card,12186.45,2024-09-06,Success
PAY108253,8253,A954321E-7890-40,Net Banking,5810.0,2024-12-25,Success
PAY108254,8254,5FB1C364-8659-46,Credit Card,933.88,2025-08-12,Success
PAY108255,8255,8740F4D0-8D92-41,Net Banking,10709.79,2026-04-07,Success
PAY108256,8256,D1546156-EBE9-42,Debit Card,565578.45,2024-11-05,Success
PAY108257,8257,CC85A243-FDD2-48,Credit Card,2666.4,2025-05-29,Success
PAY108258,8258,4E42DACA-05C2-4F,Cash on Delivery,2457.0,2024-08-10,Success
PAY108259,8259,673E6C7A-267E-49,Debit Card,1514.2,2025-06-17,Failed
PAY108260,8260,247DE231-BD5B-4B,UPI,2043.36,2025-07-25,Success
PAY108261,8261,A9935CB9-9D8C-4D,Cash on Delivery,28567.32,2024-07-30,Success
PAY108262,8262,4014B342-0875-47,Net Banking,107429.76,2025-05-09,Refunded
PAY108263,8263,4E5BE9F5-B7AB-4A,Cash on Delivery,1233.7,2025-04-28,Refunded
PAY108264,8264,D0A74BA2-A7C7-4C,Debit Card,215091.45,2026-05-05,Success
PAY108265,8265,30A12810-F4D7-48,Cash on Delivery,368676.0,2025-04-18,Success
PAY108266,8266,7FD5C715-44F9-4A,Credit Card,695.52,2024-12-19,Failed
PAY108267,8267,DF03EE14-C6ED-48,UPI,5935.16,2026-06-16,Success
PAY108268,8268,20F61F44-560C-46,Credit Card,528.95,2025-03-27,Success
PAY108269,8269,F6301741-4CDE-41,Cash on Delivery,2004.0,2025-03-22,Success
PAY108270,8270,5F8965E9-3493-42,Cash on Delivery,9590.04,2025-03-02,Success
PAY108271,8271,88839F3C-3936-4D,Debit Card,12478.5,2026-05-01,Success
PAY108272,8272,50A09F65-E584-4B,UPI,1449.1,2026-06-11,Success
PAY108273,8273,3DF64477-CBF6-40,Cash on Delivery,4857.45,2025-10-18,Success
PAY108274,8274,16827F77-D7F1-4C,Credit Card,692.04,2026-05-20,Success
PAY108275,8275,334CA81A-956D-4A,Cash on Delivery,1362.72,2025-01-15,Success
PAY108276,8276,0056E25B-F7B3-4B,Cash on Delivery,57923.4,2025-08-12,Success
PAY108277,8277,CC88730B-4A09-46,Net Banking,7340.8,2026-02-17,Refunded
PAY108278,8278,01B96489-5F60-40,Net Banking,10469.6,2024-10-10,Refunded
PAY108279,8279,379555CD-3A2E-49,UPI,190.8,2026-06-24,Failed
PAY108280,8280,172A06A8-C028-40,Credit Card,113198.56,2025-06-06,Success
PAY108281,8281,93AB4117-2B41-44,Debit Card,297763.68,2025-12-21,Success
PAY108282,8282,B75AF85F-FB8D-41,Debit Card,10911.7,2025-11-26,Refunded
PAY108283,8283,657DAC20-1D48-4C,Credit Card,147061.05,2026-02-17,Success
PAY108284,8284,B2A612E4-2352-4E,Net Banking,73336.56,2026-06-06,Failed
PAY108285,8285,8F5FBFC7-9C38-4E,Debit Card,15907.5,2026-06-13,Success
PAY108286,8286,851025F7-94FB-46,Debit Card,1060.76,2026-03-25,Failed
PAY108287,8287,C60996AC-62B9-40,Debit Card,517.14,2026-02-03,Success
PAY108288,8288,8C1351F1-A829-40,Debit Card,8496.6,2026-01-10,Refunded
PAY108289,8289,243AE063-4B46-4E,Debit Card,453879.36,2025-03-26,Success
PAY108290,8290,3B439DD0-463B-49,Debit Card,1301.52,2026-02-03,Success
PAY108291,8291,EEBCD17E-3B2E-4E,Cash on Delivery,596.16,2024-09-14,Success
PAY108292,8292,6CDAB9D6-C925-48,Debit Card,10079.5,2025-04-14,Success
PAY108293,8293,E9F87A26-AF29-48,Net Banking,734.4,2025-07-13,Success
PAY108294,8294,341781B0-8811-42,Debit Card,244770.42,2025-03-28,Success
PAY108295,8295,4B9EA97F-9854-42,Net Banking,12442.5,2025-04-29,Refunded
PAY108296,8296,995618D5-81A2-46,Cash on Delivery,495.6,2025-02-23,Refunded
PAY108297,8297,8E06DB36-6C7F-41,Debit Card,2671.29,2026-06-14,Success
PAY108298,8298,31812180-86D5-48,Cash on Delivery,2043.36,2024-09-25,Failed
PAY108299,8299,3FFAEBFB-D0FC-42,Cash on Delivery,3953.6,2026-01-03,Success
PAY108300,8300,48EE4506-AB93-40,Debit Card,10096.2,2026-04-15,Success
PAY108301,8301,74A06CAA-FF96-4B,Debit Card,2263.2,2024-10-07,Success
PAY108302,8302,17062193-047A-4C,UPI,677.97,2026-07-13,Failed
PAY108303,8303,BC2033CF-815E-46,Debit Card,21048.5,2026-02-11,Success
PAY108304,8304,599B96EC-5284-44,Credit Card,947.38,2025-12-19,Success
PAY108305,8305,2B34AB4B-0B83-42,Cash on Delivery,862.68,2025-07-06,Success
PAY108306,8306,FE9BEEAA-3545-4B,UPI,683.92,2026-01-24,Refunded
PAY108307,8307,CE95763A-A73B-46,Credit Card,2978.4,2026-01-30,Refunded
PAY108308,8308,C1C6D1F0-ADA0-48,Debit Card,9055.75,2025-09-11,Success
PAY108309,8309,973DD52A-7227-41,Debit Card,1245.0,2024-10-28,Success
PAY108310,8310,C2020988-C9F1-4E,Net Banking,395416.56,2025-07-09,Success
PAY108311,8311,4F0B924D-0C63-4E,UPI,5015.84,2026-07-01,Success
PAY108312,8312,33326E4B-EC7D-42,Net Banking,249207.25,2025-03-29,Success
PAY108313,8313,993E656C-A7A0-49,UPI,3398.64,2025-09-26,Success
PAY108314,8314,ABFBCE78-E02A-41,Net Banking,4879.0,2024-12-13,Success
PAY108315,8315,E0D6E3CE-E5FC-42,Net Banking,250209.12,2025-08-17,Failed
PAY108316,8316,845197C4-5593-40,Net Banking,57461.7,2025-08-15,Success
PAY108317,8317,2A759C75-3825-49,Net Banking,729.19,2026-04-17,Success
PAY108318,8318,80EA606A-B3BB-47,Net Banking,758.88,2025-10-31,Success
PAY108319,8319,19EA387D-1337-45,UPI,845.28,2025-06-09,Success
PAY108320,8320,DAA8A84D-EC12-45,Credit Card,51365.16,2026-02-06,Failed
PAY108321,8321,A190B39C-DCAE-4C,Cash on Delivery,434424.8,2025-02-25,Failed
PAY108322,8322,D61D4B6A-0907-4E,Credit Card,5430.08,2026-02-10,Success
PAY108323,8323,8C992F8F-215F-4E,UPI,19908.72,2025-12-30,Success
PAY108324,8324,9227C14B-759B-41,Cash on Delivery,7107.9,2025-03-28,Success
PAY108325,8325,FDA99C55-6F92-42,Cash on Delivery,418853.6,2024-11-03,Success
PAY108326,8326,33FD25D7-D903-48,Debit Card,4263.2,2025-04-14,Success
PAY108327,8327,75F46C72-AA9E-4A,Cash on Delivery,626.94,2026-03-24,Success
PAY108328,8328,AD12A58D-F5B4-4E,Net Banking,2875.92,2025-10-18,Refunded
PAY108329,8329,D1FE619B-97FA-48,Credit Card,256.2,2025-02-18,Success
PAY108330,8330,D2E36D75-313B-4F,UPI,10888.44,2025-11-26,Refunded
PAY108331,8331,0AD21808-2485-47,Net Banking,19637.28,2025-02-07,Success
PAY108332,8332,865513D3-7804-45,Cash on Delivery,499.59,2026-01-12,Success
PAY108333,8333,4F7FE210-9AF3-4B,Credit Card,1735.3,2025-09-28,Success
PAY108334,8334,A6C4B6BE-4D7B-49,UPI,7562.4,2026-02-07,Success
PAY108335,8335,1DCCC74D-6A9E-4A,Net Banking,2158.0,2026-05-25,Success
PAY108336,8336,F786CF94-E326-4F,Net Banking,11425.05,2025-09-05,Failed
PAY108337,8337,7CEE8AF2-6689-45,UPI,1597.12,2025-01-12,Success
PAY108338,8338,3AA5132B-0E5E-48,Debit Card,73068.16,2024-11-01,Success
PAY108339,8339,F28211EE-0B8A-49,Net Banking,461.02,2025-03-19,Success
PAY108340,8340,C0ED40A4-EFE6-44,Net Banking,189296.34,2024-12-07,Success
PAY108341,8341,6AD44B70-0506-40,Credit Card,6507.6,2025-11-01,Success
PAY108342,8342,4CA3BAB7-580F-48,Cash on Delivery,1993.68,2026-04-23,Failed
PAY108343,8343,4BA32E1D-596A-40,Credit Card,1329.12,2026-02-12,Success
PAY108344,8344,83B0ACA7-1F35-47,Cash on Delivery,25175.04,2026-01-06,Failed
PAY108345,8345,F20ABFDA-2A3C-41,Net Banking,32739.3,2024-09-11,Success
PAY108346,8346,F94612B6-3DF1-41,UPI,166053.42,2025-07-24,Success
PAY108347,8347,3D1B2340-69F2-41,Cash on Delivery,1821.6,2024-12-23,Success
PAY108348,8348,8AEE89D9-EC69-43,Cash on Delivery,106411.5,2025-09-21,Success
PAY108349,8349,C5291FB5-F6FB-46,UPI,764.4,2026-05-12,Success
PAY108350,8350,940EC8E5-25F8-48,Debit Card,622.5,2024-12-24,Refunded
PAY108351,8351,7CD1F5D4-BDAC-43,Cash on Delivery,11849.0,2024-11-16,Success
PAY108352,8352,9B77D6C0-67EA-43,Credit Card,520.8,2026-05-29,Success
PAY108353,8353,1B433F4D-9946-41,Debit Card,7156.8,2025-10-11,Success
PAY108354,8354,3E8EF903-5528-4B,Credit Card,655.32,2024-09-08,Success
PAY108355,8355,F9076B64-4261-49,Debit Card,5087.76,2025-10-21,Success
PAY108356,8356,E2299943-2F1D-46,Debit Card,3945.47,2025-11-22,Success
PAY108357,8357,873E8452-3D16-4A,Credit Card,26669.5,2026-07-17,Success
PAY108358,8358,6064C3B4-AA4D-45,Debit Card,286.2,2024-09-28,Failed
PAY108359,8359,F782B51D-20D7-47,Net Banking,4849.65,2025-11-06,Success
PAY108360,8360,7724D046-F932-4B,Cash on Delivery,147061.05,2025-04-12,Success
PAY108361,8361,89B08C92-FBCE-43,Cash on Delivery,20310.75,2024-12-08,Success
PAY108362,8362,9A169C06-A3AF-40,Net Banking,3743.58,2025-05-13,Success
PAY108363,8363,BD4CFE17-8B44-4F,Cash on Delivery,4168.08,2026-01-15,Success
PAY108364,8364,1854A767-42C0-48,UPI,54529.8,2026-01-29,Success
PAY108365,8365,DFA4C59D-8D4E-48,UPI,686.14,2026-06-16,Success
PAY108366,8366,92BC76CB-28A2-4D,Cash on Delivery,282730.8,2025-10-03,Success
PAY108367,8367,45EF30D3-BA31-4A,Cash on Delivery,3896.64,2024-11-07,Success
PAY108368,8368,CEEE8951-CCF2-43,Debit Card,3818.38,2026-03-29,Success
PAY108369,8369,7E114B0F-1758-41,Credit Card,422.67,2025-03-02,Success
PAY108370,8370,2CBAA8AC-087B-4E,Debit Card,382.2,2025-07-12,Success
PAY108371,8371,D27B94B4-05CE-48,Debit Card,979.2,2024-09-24,Refunded
PAY108372,8372,8DD6532C-4A60-45,Credit Card,7968.12,2024-12-09,Success
PAY108373,8373,1CBDB2D3-4108-4F,Net Banking,629.85,2026-01-17,Success
PAY108374,8374,C71E3AAA-0804-4A,Cash on Delivery,1664.28,2026-06-06,Success
PAY108375,8375,AC63A65B-C3B5-40,UPI,3405.6,2025-11-03,Success
PAY108376,8376,5C03142B-6A67-4E,Debit Card,8095.75,2025-06-24,Failed
PAY108377,8377,C36BA51B-AF91-47,Debit Card,6958.25,2026-07-14,Success
PAY108378,8378,9ADCBC15-6AA0-4B,Credit Card,5566.23,2025-11-18,Success
PAY108379,8379,BE1F3D34-DAED-42,Net Banking,1992.03,2026-05-06,Success
PAY108380,8380,FE41D931-B2E5-40,Net Banking,2774.68,2025-06-28,Refunded
PAY108381,8381,1AB554A0-7A14-4D,Debit Card,1446.66,2026-03-14,Success
PAY108382,8382,8691BAB9-C37E-49,Net Banking,3782.16,2024-11-04,Success
PAY108383,8383,78825C99-D7C4-4F,Cash on Delivery,399.84,2026-01-26,Refunded
PAY108384,8384,3C33E626-8CDB-42,UPI,1362.86,2026-02-15,Success
PAY108385,8385,3F031811-4B94-47,Credit Card,3854.76,2026-06-27,Success
PAY108386,8386,AA1DFB5E-502E-4C,UPI,2697.5,2025-01-16,Refunded
PAY108387,8387,9CE88D30-033E-49,Cash on Delivery,213686.2,2025-01-23,Failed
PAY108388,8388,B457994A-B19A-41,Cash on Delivery,1383.2,2025-06-01,Refunded
PAY108389,8389,D8189A73-23F3-40,Debit Card,782.31,2025-09-19,Refunded
PAY108390,8390,503BE590-67D0-4B,Cash on Delivery,6921.6,2024-08-21,Refunded
PAY108391,8391,5CA40B98-240F-40,Cash on Delivery,38042.4,2025-06-01,Failed
PAY108392,8392,3B57E470-AE75-43,Net Banking,30955.68,2025-12-27,Success
PAY108393,8393,3B459583-AE9C-47,Cash on Delivery,107707.5,2025-05-07,Success
PAY108394,8394,0FF65387-54F4-4A,Debit Card,22012.32,2026-06-29,Failed
PAY108395,8395,BA4379F8-99E9-46,Debit Card,7944.0,2024-07-29,Refunded
PAY108396,8396,36AC90BB-6F28-42,Debit Card,1928.88,2025-09-24,Success
PAY108397,8397,2707B222-1298-4B,Credit Card,12629.1,2025-07-28,Success
PAY108398,8398,82F503C1-BE77-41,Debit Card,51159.8,2024-09-30,Success
PAY108399,8399,678B161E-A187-4B,Credit Card,3832.53,2025-02-05,Success
PAY108400,8400,61AF6DC6-5212-4F,Credit Card,3398.64,2026-03-21,Success
PAY108401,8401,A924AC82-775E-4F,UPI,724.91,2026-05-13,Success
PAY108402,8402,1EE63905-7B5D-4D,Credit Card,3769.4,2025-10-31,Success
PAY108403,8403,6C1B0B4F-03B9-4D,Net Banking,13397.4,2025-09-11,Success
PAY108404,8404,431E5DE9-2299-4E,Credit Card,6350.08,2024-12-10,Success
PAY108405,8405,734F8768-84CD-40,Debit Card,6393.36,2026-03-16,Success
PAY108406,8406,7CED1B9A-1B93-4A,Cash on Delivery,37242.93,2024-08-31,Failed
PAY108407,8407,80E69869-4E7D-4D,Net Banking,5775.12,2024-12-31,Refunded
PAY108408,8408,D0D3B52E-4337-4A,Net Banking,214014.5,2025-11-19,Success
PAY108409,8409,912C60FB-2E10-42,Credit Card,482.12,2025-10-23,Success
PAY108410,8410,6B94AC7D-890C-44,Debit Card,10928.16,2024-12-16,Failed
PAY108411,8411,11E8F574-A581-40,UPI,222874.0,2024-09-05,Success
PAY108412,8412,AC7F56AE-72ED-43,Cash on Delivery,461.66,2024-10-21,Refunded
PAY108413,8413,C7640482-A90B-4B,UPI,99682.9,2025-10-14,Success
PAY108414,8414,759CB10E-CAE9-47,Credit Card,76084.8,2025-11-10,Success
PAY108415,8415,26165F46-3E46-43,Debit Card,2133.12,2025-07-19,Success
PAY108416,8416,5588902B-0CCF-47,Credit Card,728.16,2025-05-20,Success
PAY108417,8417,D1193E55-A250-4B,Net Banking,3486.0,2025-01-30,Success
PAY108418,8418,7110F51B-F654-46,Credit Card,512.4,2026-02-11,Success
PAY108419,8419,ABDDAEEB-4446-4B,Credit Card,3816.72,2026-03-06,Failed
PAY108420,8420,D7E740DC-0072-4B,Net Banking,489300.56,2025-01-04,Success
PAY108421,8421,B5F5B68F-C900-4D,Debit Card,1101.6,2024-12-31,Success
PAY108422,8422,FA2806FA-C2DB-43,Net Banking,1948.32,2026-04-13,Success
PAY108423,8423,E1264B7D-14BA-4E,UPI,3656.6,2025-06-06,Success
PAY108424,8424,07D30CCA-2F08-4D,Net Banking,12967.35,2024-09-11,Success
PAY108425,8425,813CEEBB-1F42-4C,UPI,904.24,2025-07-29,Success
PAY108426,8426,20F57C93-360A-45,Net Banking,1146.6,2026-01-26,Success
PAY108427,8427,823D7E34-3EC3-42,Debit Card,7590.66,2026-06-03,Success
PAY108428,8428,9F29CE31-5218-40,Cash on Delivery,298438.8,2025-08-06,Failed
PAY108429,8429,323EFB73-36F7-48,Debit Card,46508.8,2024-10-21,Success
PAY108430,8430,EAC7E00F-2894-42,Cash on Delivery,33596.25,2025-01-02,Success
PAY108431,8431,646445B4-262F-45,Cash on Delivery,397918.4,2025-01-14,Success
PAY108432,8432,9786A2CE-1226-4C,Net Banking,3476.91,2025-05-11,Success
PAY108433,8433,A3FC24BA-D1D0-4A,UPI,55351.14,2025-05-28,Success
PAY108434,8434,88F85526-83C6-4E,UPI,1928.92,2025-02-03,Success
PAY108435,8435,ACC4FBCA-AA93-41,Net Banking,5065.28,2025-02-03,Success
PAY108436,8436,E5030571-9D42-4C,Debit Card,2962.08,2026-05-01,Refunded
PAY108437,8437,397FB7B0-D029-4D,Credit Card,5002.5,2024-09-09,Success
PAY108438,8438,B72E2EBC-4A17-4F,UPI,1836.0,2024-09-22,Success
PAY108439,8439,A529F6B9-8052-4C,Cash on Delivery,1709.1,2025-07-04,Success
PAY108440,8440,23FB1603-2642-45,Credit Card,1612.41,2026-01-09,Refunded
PAY108441,8441,6E2B8EFA-E93A-49,Credit Card,155130.08,2024-11-24,Success
PAY108442,8442,D6470A2B-A9EF-43,Net Banking,163814.04,2025-06-06,Success
PAY108443,8443,2A7E2F3F-6470-42,Credit Card,19220.2,2024-09-09,Success
PAY108444,8444,10803BE2-9C5C-49,Cash on Delivery,4451.37,2026-06-20,Refunded
PAY108445,8445,E5DA35ED-D6E9-4C,UPI,10494.75,2025-09-15,Success
PAY108446,8446,8104103B-498E-42,Cash on Delivery,26911.92,2025-04-22,Success
PAY108447,8447,99F79F3B-5DE4-42,Net Banking,51597.0,2024-10-27,Success
PAY108448,8448,AB52B7CC-AA59-4F,Cash on Delivery,12130.2,2025-02-27,Success
PAY108449,8449,5D6F9C6A-F828-45,Cash on Delivery,479.52,2025-04-21,Success
PAY108450,8450,005996A8-4B5E-47,Cash on Delivery,455.04,2025-05-17,Success
PAY108451,8451,56BDB59A-15AF-4C,Debit Card,428.4,2024-11-13,Success
PAY108452,8452,8CBA69F7-42C5-4D,Net Banking,416.64,2025-11-28,Failed
PAY108453,8453,9561E183-45EF-48,Credit Card,17849.65,2025-08-10,Success
PAY108454,8454,D0A19FFA-C8FD-47,Net Banking,335082.88,2025-01-25,Success
PAY108455,8455,305C258F-D7A1-45,Net Banking,270054.96,2026-05-12,Success
PAY108456,8456,4C4C9D71-A779-40,UPI,1088.7,2024-10-25,Failed
PAY108457,8457,B082F4F6-CB08-4A,Cash on Delivery,18889.36,2025-07-21,Refunded
PAY108458,8458,6CF55A72-6563-49,Net Banking,1986.0,2025-07-27,Success
PAY108459,8459,7B890D04-A10A-4C,Credit Card,681.12,2024-08-31,Success
PAY108460,8460,DD7A7775-2D91-4E,Cash on Delivery,16509.24,2026-03-25,Failed
PAY108461,8461,90A61F6A-914A-4D,Net Banking,7407.45,2025-12-24,Refunded
PAY108462,8462,CDFB5B1D-F9BB-4C,Debit Card,1835.2,2025-06-26,Success
PAY108463,8463,9DFBBBD6-F9D2-4D,Debit Card,1891.08,2025-07-19,Success
PAY108464,8464,82B4B880-E302-45,Net Banking,4250.99,2025-11-06,Success
PAY108465,8465,B2AD181F-D85C-46,UPI,215091.45,2026-06-10,Failed
PAY108466,8466,D63CFCA5-6430-44,Credit Card,10668.41,2025-02-11,Success
PAY108467,8467,F18C2543-FBD8-49,Cash on Delivery,1220.67,2026-01-08,Failed
PAY108468,8468,F80CF21A-C480-40,Net Banking,5810.0,2026-06-15,Success
PAY108469,8469,FA869A2C-EBB7-4B,UPI,5673.24,2025-02-21,Success
PAY108470,8470,294C8E96-C850-44,UPI,212810.0,2026-01-27,Refunded
PAY108471,8471,0398C8E9-FE29-42,Credit Card,335.34,2026-02-09,Success
PAY108472,8472,BA39778B-A422-40,Credit Card,128412.9,2025-04-02,Success
PAY108473,8473,892EAB22-48AA-44,UPI,292101.25,2024-08-05,Success
PAY108474,8474,20FE62B1-E367-43,Debit Card,296880.0,2025-11-01,Success
PAY108475,8475,BC1CCF7E-1AA9-44,Debit Card,148400.24,2025-01-11,Success
PAY108476,8476,222DE810-E355-4F,Debit Card,25146.78,2026-05-17,Success
PAY108477,8477,2CBF119F-B939-4A,Cash on Delivery,815.32,2026-01-08,Success
PAY108478,8478,3DA9502A-E35F-40,Credit Card,187.96,2024-07-29,Success
PAY108479,8479,075F4E97-92D9-47,Credit Card,2205.0,2026-07-16,Success
PAY108480,8480,D6A3E7CC-F362-48,Credit Card,90407.58,2026-01-18,Success
PAY108481,8481,047E3327-68ED-4E,UPI,2658.24,2025-05-05,Success
PAY108482,8482,F8E811DE-21C0-4A,Credit Card,2115.8,2025-07-22,Refunded
PAY108483,8483,D7A2B12C-F44E-40,Net Banking,1977.36,2025-05-04,Success
PAY108484,8484,97722E67-36A9-41,Credit Card,163814.04,2025-10-06,Success
PAY108485,8485,356F2E21-4C7F-49,Debit Card,17849.65,2025-01-02,Success
PAY108486,8486,DDD3ECB5-A5F4-43,Credit Card,166053.42,2024-08-25,Success
PAY108487,8487,B8A1D021-9386-4B,UPI,214014.5,2025-02-17,Success
PAY108488,8488,E7F063FC-CA90-43,UPI,3294.27,2025-08-26,Success
PAY108489,8489,48D98698-FA7F-45,Credit Card,2840.0,2026-03-25,Failed
PAY108490,8490,D9DBB2CD-BD7A-48,Debit Card,461.66,2025-11-23,Success
PAY108491,8491,52490292-BAF4-41,Net Banking,18881.28,2025-03-26,Success
PAY108492,8492,66E5B108-FA35-4F,Cash on Delivery,3779.82,2024-11-05,Success
PAY108493,8493,AADAD51E-4D63-40,Debit Card,201057.54,2025-12-30,Failed
PAY108494,8494,D9AE090C-165F-42,UPI,48184.95,2026-04-21,Success
PAY108495,8495,CF22F5D3-1033-45,Debit Card,2982.0,2024-08-01,Refunded
PAY108496,8496,A6CA3BF2-E1B5-4F,Credit Card,2078.6,2025-06-27,Refunded
PAY108497,8497,EFD8A4B2-D73F-47,Credit Card,2086.56,2025-01-08,Success
PAY108498,8498,50A9635C-C82A-43,Credit Card,832.65,2025-09-16,Success
PAY108499,8499,229624EF-1EA6-4E,Net Banking,16800.0,2025-07-02,Success
PAY108500,8500,755AEDBF-23D4-4B,UPI,3972.0,2025-01-03,Success
PAY108501,8501,72839BB7-4021-4A,Debit Card,327416.55,2025-11-14,Success
PAY108502,8502,AE900FAC-1B9A-45,Credit Card,55615.56,2024-10-09,Success
PAY108503,8503,3120BA91-AAD5-48,Debit Card,213.84,2024-10-05,Success
PAY108504,8504,E023EE45-E86A-4E,Cash on Delivery,185387.72,2024-08-31,Success
PAY108505,8505,7772181E-2536-4B,Credit Card,4977.0,2026-01-29,Refunded
PAY108506,8506,8A0F042D-F7AB-49,Debit Card,3227.25,2026-02-05,Success
PAY108507,8507,E31DDF69-D3A4-4A,UPI,66380.3,2026-05-06,Success
PAY108508,8508,CEED1200-D3AB-49,UPI,28961.1,2026-03-02,Refunded
PAY108509,8509,4373DA19-69B4-49,Debit Card,7597.92,2026-07-17,Success
PAY108510,8510,3F7C34DD-BF31-4D,Credit Card,18714.15,2024-09-01,Success
PAY108511,8511,81D58F78-E33C-45,Credit Card,128211.72,2025-09-23,Success
PAY108512,8512,6FD1DD6C-F240-45,Cash on Delivery,21425.49,2025-01-22,Success
PAY108513,8513,58EB16D3-775E-44,Credit Card,6804.2,2024-12-26,Success
PAY108514,8514,46BB20C8-71AB-40,Cash on Delivery,3271.32,2025-03-22,Success
PAY108515,8515,0E37117D-712C-41,UPI,170948.96,2025-03-17,Success
PAY108516,8516,11E062B1-5BD7-47,Cash on Delivery,153694.8,2026-05-03,Success
PAY108517,8517,2A75883A-CDFD-49,Net Banking,2820.7,2025-12-02,Refunded
PAY108518,8518,D36F363B-7DF8-4C,Cash on Delivery,363131.1,2025-09-05,Success
PAY108519,8519,7D63C4D7-C4FB-45,Debit Card,211390.24,2025-11-30,Refunded
PAY108520,8520,79D3106F-5A2A-43,Debit Card,1098.09,2024-09-27,Success
PAY108521,8521,122AF57C-FE53-43,Credit Card,1855.41,2024-08-15,Success
PAY108522,8522,DB5AD61F-A0EA-4C,Credit Card,3314.46,2026-04-30,Success
PAY108523,8523,AE0A6CA9-1C7B-46,UPI,1356.36,2025-10-01,Success
PAY108524,8524,C18A6561-6FB6-42,Cash on Delivery,6225.0,2025-04-29,Refunded
PAY108525,8525,01E0BD31-C474-47,Debit Card,131805.52,2024-08-20,Success
PAY108526,8526,55A5CAC2-A894-4A,UPI,3489.28,2024-09-23,Refunded
PAY108527,8527,9119DB5C-E30E-41,Cash on Delivery,46.62,2026-08-02,Refunded
PAY108528,8528,CF856C23-81F7-44,Debit Card,7788.48,2026-04-20,Success
PAY108529,8529,991FB0BF-7AE5-45,Credit Card,1489.2,2024-08-24,Success
PAY108530,8530,3524FF0E-4732-44,UPI,364655.25,2026-07-13,Success
PAY108531,8531,2451F250-B5A2-44,Credit Card,29182.2,2024-12-28,Success
PAY108532,8532,087E83EF-CB5A-4E,Cash on Delivery,12873.3,2025-04-10,Success
PAY108533,8533,90D928A0-5187-4B,Credit Card,855.36,2025-03-24,Success
PAY108534,8534,EBDEF65B-1D1C-4D,UPI,692.8,2024-12-01,Success
PAY108535,8535,0B23D3B8-334A-46,Net Banking,2403.8,2025-05-02,Refunded
PAY108536,8536,79C8C2A3-9CF8-46,Cash on Delivery,707.52,2025-12-12,Failed
PAY108537,8537,D76DFBC2-7367-43,UPI,2808.0,2025-03-07,Failed
PAY108538,8538,C5A9859B-6701-43,Debit Card,1253.88,2025-05-19,Success
PAY108539,8539,BB394539-411D-42,Cash on Delivery,53714.88,2025-09-12,Success
PAY108540,8540,CF7BE8AB-8DDE-4E,UPI,2311.15,2024-09-13,Success
PAY108541,8541,BD450A65-345F-49,UPI,114923.4,2025-03-19,Success
PAY108542,8542,3472DA22-CA75-4D,UPI,1296.48,2026-05-07,Refunded
PAY108543,8543,46604553-C9CD-4C,Net Banking,15497.46,2025-09-02,Success
PAY108544,8544,44D7AC30-367F-4C,Net Banking,13685.76,2025-10-18,Success
PAY108545,8545,6B407126-88CB-43,Cash on Delivery,110702.28,2025-02-01,Success
PAY108546,8546,AE25BE85-F196-40,UPI,382.2,2024-10-05,Failed
PAY108547,8547,FC3CA1BD-DB30-45,Net Banking,3073.6,2025-08-28,Failed
PAY108548,8548,EB1B3F3E-D179-4E,Credit Card,170248.0,2024-12-09,Success
PAY108549,8549,CDF01491-C321-41,Credit Card,1701.05,2024-09-21,Success
PAY108550,8550,2AB45235-5D62-49,Cash on Delivery,2191.5,2026-06-30,Success
PAY108551,8551,03781B0E-9380-4D,Net Banking,564.14,2024-12-21,Success
PAY108552,8552,4879F404-08C5-4B,Cash on Delivery,3603.93,2025-03-03,Success
PAY108553,8553,2E0EF7B3-7B1C-4C,Net Banking,14023.56,2024-08-09,Success
PAY108554,8554,BEBCA1A3-6438-4F,Cash on Delivery,33988.5,2025-07-11,Success
PAY108555,8555,9C9596D9-5DDB-4A,Cash on Delivery,5554.9,2025-10-15,Success
PAY108556,8556,5DB2B628-B8F0-41,Debit Card,4243.04,2025-03-14,Success
PAY108557,8557,294DC85D-B988-4D,Credit Card,694.12,2025-10-23,Failed
PAY108558,8558,A7E19E1F-88D0-42,Net Banking,222874.0,2025-07-22,Success
PAY108559,8559,C404810D-EB92-43,UPI,527222.08,2026-06-25,Success
PAY108560,8560,7BF3FC8F-9BEB-4A,Cash on Delivery,14345.28,2024-09-19,Failed
PAY108561,8561,3371073F-F84A-49,Credit Card,11732.05,2025-09-05,Success
PAY108562,8562,97C1CB0B-76BB-47,Debit Card,94134.95,2025-05-06,Success
PAY108563,8563,6DAA6A02-1AD2-48,Cash on Delivery,2148.8,2024-09-03,Success
PAY108564,8564,DD103A53-8607-47,Credit Card,7636.76,2025-09-09,Success
PAY108565,8565,5C568809-BFC8-45,Credit Card,202596.0,2026-05-16,Success
PAY108566,8566,91CD503C-D43A-45,Net Banking,497136.9,2024-09-19,Success
PAY108567,8567,47445EB9-246E-4E,UPI,4435.08,2025-07-04,Success
PAY108568,8568,63F00F65-AB54-47,Debit Card,226018.95,2025-08-06,Success
PAY108569,8569,99690A75-7C3F-47,UPI,11573.28,2025-02-08,Success
PAY108570,8570,88522AA1-E317-46,Credit Card,135611.37,2026-02-25,Success
PAY108571,8571,437D9C07-DE40-4D,Credit Card,4451.37,2026-01-25,Refunded
PAY108572,8572,D1B41963-755C-48,Cash on Delivery,85474.48,2025-06-21,Success
PAY108573,8573,C82B5DA5-783A-49,Credit Card,33890.22,2025-04-05,Failed
PAY108574,8574,CA4A54D1-E49A-4A,UPI,1434.72,2026-03-13,Success
PAY108575,8575,0CAAA9B7-E833-4A,Credit Card,139.86,2026-02-04,Success
PAY108576,8576,2E945C65-3F11-47,Credit Card,3089.36,2026-05-30,Success
PAY108577,8577,A5CF00E0-F3E8-46,UPI,470674.75,2025-10-31,Success
PAY108578,8578,CA710866-14A7-41,Net Banking,2819.76,2024-09-18,Success
PAY108579,8579,6F645AC9-9454-41,Credit Card,497136.9,2025-01-14,Refunded
PAY108580,8580,B5BBF212-9D2C-4B,Debit Card,8237.08,2026-04-23,Success
PAY108581,8581,9F6F724F-CF13-4C,Credit Card,185387.72,2026-01-24,Refunded
PAY108582,8582,4657725C-4DF3-4D,UPI,5554.9,2024-08-24,Success
PAY108583,8583,232DFB5C-AF5A-42,Net Banking,924.0,2025-03-17,Success
PAY108584,8584,799B6F0D-C644-43,Debit Card,57524.86,2025-04-25,Success
PAY108585,8585,F9DE2286-4C80-4F,Net Banking,524.0,2026-04-01,Success
PAY108586,8586,67A5131E-C52C-42,Net Banking,22175.4,2025-09-21,Success
PAY108587,8587,1CECC405-162D-40,Cash on Delivery,57.42,2024-10-10,Refunded
PAY108588,8588,F462CD51-F3FC-48,Debit Card,139.86,2025-11-02,Failed
PAY108589,8589,7A938BDA-790C-4D,UPI,2001.0,2025-07-06,Success
PAY108590,8590,2C3F0FF3-C12E-46,Net Banking,3112.5,2025-05-09,Failed
PAY108591,8591,A2137027-5D7F-4A,Debit Card,745.2,2025-09-10,Success
PAY108592,8592,EC58B6E7-763C-4E,Debit Card,10430.73,2026-03-18,Refunded
PAY108593,8593,A9ED1983-46B4-48,Credit Card,10588.76,2025-06-25,Success
PAY108594,8594,F97B8F92-99B0-41,Cash on Delivery,333854.79,2025-12-13,Success
PAY108595,8595,7609C2B9-C4FC-43,Credit Card,33529.04,2024-10-08,Success
PAY108596,8596,73EEC830-E26B-41,UPI,11424.5,2025-06-28,Success
PAY108597,8597,9B3EC755-14CA-48,Credit Card,65504.88,2026-07-06,Success
PAY108598,8598,E279F52F-870F-42,Debit Card,2210.4,2024-08-18,Success
PAY108599,8599,F92E4EF5-88FD-4F,Credit Card,7562.4,2026-05-11,Success
PAY108600,8600,BB97DDBB-F952-45,Net Banking,445139.72,2025-07-14,Success
PAY108601,8601,B1C007BB-72D4-43,Cash on Delivery,2774.68,2025-11-03,Success
PAY108602,8602,7C3D715D-2986-45,Net Banking,7559.64,2024-09-06,Success
PAY108603,8603,F136FFF9-D43D-4D,Cash on Delivery,7039.23,2025-11-10,Success
PAY108604,8604,A4E61183-5D3B-43,Net Banking,17456.4,2025-02-23,Success
PAY108605,8605,60A9DDF9-CD8D-4A,Cash on Delivery,188612.88,2026-04-14,Success
PAY108606,8606,2C2F07EB-8C81-42,Debit Card,4150.0,2025-06-20,Refunded
PAY108607,8607,2A768DF8-B040-4C,Debit Card,163073.8,2025-10-21,Success
PAY108608,8608,DBAA080A-3304-43,Cash on Delivery,214819.8,2024-09-20,Success
PAY108609,8609,CBBDF408-270A-4C,UPI,3984.06,2025-02-26,Success
PAY108610,8610,25766D58-7108-41,Cash on Delivery,7691.6,2026-02-14,Success
PAY108611,8611,FBAD87E7-713B-47,Net Banking,4451.37,2024-11-15,Success
PAY108612,8612,0D18B4C7-66D1-47,Net Banking,18889.36,2024-11-16,Success
PAY108613,8613,9BD5C6CB-0C34-4B,UPI,1856.79,2024-09-21,Success
PAY108614,8614,083EE9DF-B37E-4F,Credit Card,26512.5,2024-08-05,Refunded
PAY108615,8615,7245772C-1AC3-44,Cash on Delivery,199365.8,2026-06-20,Success
PAY108616,8616,667D2772-2F79-43,Cash on Delivery,17476.0,2025-01-17,Success
PAY108617,8617,1276535B-D572-4A,Debit Card,83097.98,2025-09-22,Success
PAY108618,8618,B95B5D8F-2ED1-49,Cash on Delivery,717.36,2025-12-10,Success
PAY108619,8619,E40012B1-6531-44,Net Banking,801.09,2024-09-30,Success
PAY108620,8620,FC99EFC9-2DCB-4F,Net Banking,42562.0,2026-05-28,Success
PAY108621,8621,4D6271CC-A7EC-46,Credit Card,1728.64,2024-07-30,Success
PAY108622,8622,2B6B4E52-7CAD-49,Debit Card,607.2,2024-09-15,Success
PAY108623,8623,E2092CDB-719E-49,UPI,127686.0,2025-04-04,Success
PAY108624,8624,0F1AD425-EE6C-46,Debit Card,1346.8,2025-09-20,Refunded
PAY108625,8625,169A3472-4232-44,UPI,9176.0,2026-03-16,Success
PAY108626,8626,2266C7D4-7859-44,UPI,9954.0,2024-09-03,Success
PAY108627,8627,3B6F28D1-DFF5-4A,Cash on Delivery,13841.28,2025-09-05,Refunded
PAY108628,8628,6ECFDF0E-2B6A-4B,UPI,576.6,2025-01-08,Success
PAY108629,8629,F1F3B046-3891-4F,Credit Card,21178.2,2025-03-02,Success
PAY108630,8630,4AEAFD06-7D28-41,Credit Card,4376.6,2024-10-06,Success
PAY108631,8631,7C151EEC-7CFF-40,Debit Card,162076.8,2024-11-16,Success
PAY108632,8632,A6EE3B5C-95E0-4B,Cash on Delivery,295.4,2025-09-23,Failed
PAY108633,8633,6844857D-AC7D-4D,Net Banking,16664.7,2024-12-21,Failed
PAY108634,8634,560690CE-FC9E-4C,Net Banking,111754.52,2025-08-24,Success
PAY108635,8635,74153086-234C-45,UPI,1558.95,2025-01-23,Success
PAY108636,8636,A92E12E0-9C8C-46,UPI,5378.75,2026-04-10,Success
PAY108637,8637,D7C42B35-9197-4B,Debit Card,7944.0,2024-11-09,Success
PAY108638,8638,B4DE1E01-7CBF-41,UPI,1398.32,2025-06-01,Failed
PAY108639,8639,BC7DDAD1-8B80-47,Net Banking,1498.0,2025-06-17,Success
PAY108640,8640,2BC41CEC-0C72-49,Cash on Delivery,44384.25,2026-04-22,Success
PAY108641,8641,6C1E900F-2F7F-42,Debit Card,1465.5,2026-07-10,Success
PAY108642,8642,FA6FFBDD-6CA5-4A,UPI,212810.0,2025-06-12,Success
PAY108643,8643,61C13A2F-A5D7-4C,Net Banking,6724.41,2026-06-28,Success
PAY108644,8644,76B6E08A-A80E-44,UPI,728.16,2026-03-30,Failed
PAY108645,8645,F658B1F0-975F-46,Cash on Delivery,153694.8,2025-05-18,Success
PAY108646,8646,BDB808C1-EF2D-45,UPI,28567.32,2025-08-06,Refunded
PAY108647,8647,E9291B5E-EF84-41,Cash on Delivery,13996.8,2024-11-02,Success
PAY108648,8648,07C13B84-5967-46,Credit Card,4121.0,2026-05-07,Success
PAY108649,8649,6D700471-F928-41,Debit Card,1170.0,2026-06-27,Failed
PAY108650,8650,B2FC5B74-27E9-4C,Credit Card,10331.64,2026-04-19,Success
PAY108651,8651,8B6BBB4F-B399-4F,Cash on Delivery,38042.4,2026-04-13,Refunded
PAY108652,8652,FFF4C32C-C37B-43,UPI,3495.8,2024-12-23,Refunded
PAY108653,8653,D20A8BCC-FD21-45,Net Banking,14283.66,2026-06-05,Success
PAY108654,8654,044E41A4-8737-46,Net Banking,57524.86,2024-12-05,Refunded
PAY108655,8655,8D0F1AF9-CC6F-4D,Cash on Delivery,13872.0,2026-05-12,Success
PAY108656,8656,F55BC74B-EE84-4E,Cash on Delivery,1436.64,2026-03-02,Success
PAY108657,8657,13A0299E-5ABC-46,Debit Card,3345.6,2025-08-26,Success
PAY108658,8658,4A19D57B-EF80-42,Credit Card,8572.2,2025-09-07,Success
PAY108659,8659,7074C71C-B1A9-4D,Net Banking,8505.25,2024-07-26,Success
PAY108660,8660,0F8A77C2-A411-45,Credit Card,12980.8,2024-10-17,Success
PAY108661,8661,B1FD8F45-37AF-47,Debit Card,19171.08,2025-08-08,Failed
PAY108662,8662,470EE12C-C3C8-4A,UPI,4489.2,2025-07-27,Success
PAY108663,8663,AA9D2C79-0B77-41,Credit Card,30536.04,2026-05-26,Success
PAY108664,8664,8B1E37B0-1DFB-49,UPI,4292.72,2025-02-09,Success
PAY108665,8665,CF68CE1A-6380-42,Debit Card,2715.04,2026-03-02,Success
PAY108666,8666,9A0F0E39-6C49-40,Cash on Delivery,229.68,2026-06-19,Success
PAY108667,8667,2095F52D-A638-4E,Credit Card,10485.6,2025-12-09,Success
PAY108668,8668,19B0EA49-9B49-48,UPI,3857.76,2026-01-31,Success
PAY108669,8669,AEEA53FB-5652-4F,UPI,5211.0,2025-06-09,Success
PAY108670,8670,1551348B-1E41-46,Cash on Delivery,69946.68,2025-05-04,Refunded
PAY108671,8671,74294A2A-EE06-40,UPI,2439.5,2025-01-30,Success
PAY108672,8672,A9524E3E-5112-49,Cash on Delivery,3468.0,2026-02-15,Success
PAY108673,8673,324D6069-8A91-41,Credit Card,5557.44,2025-01-03,Refunded
PAY108674,8674,AF713523-7279-42,Credit Card,1846.64,2026-07-14,Success
PAY108675,8675,BAD6191C-B539-42,Cash on Delivery,6625.68,2024-11-01,Success
PAY108676,8676,7EE280DE-30A0-41,UPI,6947.1,2024-09-30,Success
PAY108677,8677,C16CFE6B-AFD6-4B,UPI,111635.4,2025-06-21,Success
PAY108678,8678,62F5E92B-CDC0-44,Cash on Delivery,166458.82,2025-08-20,Success
PAY108679,8679,FDDB842B-3739-47,UPI,209.95,2024-07-21,Success
PAY108680,8680,6939D70E-4C9B-48,UPI,222874.0,2025-04-06,Refunded
PAY108681,8681,56246BEB-0347-4C,Debit Card,2577.96,2024-12-25,Success
PAY108682,8682,32FF13A3-2385-4B,UPI,10163.34,2026-02-14,Success
PAY108683,8683,E7E711E9-6A0B-4B,Credit Card,33529.04,2025-08-31,Success
PAY108684,8684,7AED9F26-76CF-44,UPI,1098.09,2024-09-08,Success
PAY108685,8685,4782C93F-C44B-47,Net Banking,375.92,2025-07-09,Success
PAY108686,8686,0FE20531-C69F-40,Net Banking,1112.97,2025-04-22,Success
PAY108687,8687,4EE6E6EE-BFF1-4C,Debit Card,30738.96,2024-08-21,Success
PAY108688,8688,6F9A5581-D3B6-49,Credit Card,146996.25,2026-02-05,Success
PAY108689,8689,34E1A3BC-156A-41,Cash on Delivery,15682.5,2024-10-08,Success
PAY108690,8690,EC5975DC-B6BF-48,Debit Card,626.94,2024-11-27,Success
PAY108691,8691,8FD7BAB1-6D23-4A,Cash on Delivery,1918.08,2025-10-06,Refunded
PAY108692,8692,6EF0C973-93E7-43,Debit Card,6553.47,2026-02-19,Success
PAY108693,8693,8ECD7BF8-3D29-41,Cash on Delivery,3023.28,2025-12-27,Failed
PAY108694,8694,AEE892AB-2514-41,Cash on Delivery,6153.28,2025-03-06,Success
PAY108695,8695,111ED141-70AA-42,Cash on Delivery,2721.75,2025-06-29,Success
PAY108696,8696,CFF806FD-CCF8-43,Net Banking,68865.88,2025-05-22,Success
PAY108697,8697,3B746D90-B6FC-41,Debit Card,182670.4,2026-01-25,Success
PAY108698,8698,8D6428AC-2B4D-42,Net Banking,11425.05,2025-11-11,Success
PAY108699,8699,1E54CBEB-78B0-44,Net Banking,2128.4,2026-06-02,Refunded
PAY108700,8700,32EEC442-0786-49,Credit Card,4792.77,2026-01-10,Success
PAY108701,8701,88CC3355-C8EE-42,UPI,3495.2,2026-01-30,Success
PAY108702,8702,071916E0-436B-47,Credit Card,18037.57,2025-06-19,Success
PAY108703,8703,E6BA7CE2-53F8-40,UPI,3136.5,2026-03-09,Success
PAY108704,8704,7693BF71-DD87-4D,Credit Card,2015.9,2025-04-04,Success
PAY108705,8705,11A9C8CE-BC8F-4A,Net Banking,165316.74,2026-02-01,Success
PAY108706,8706,BA64DEFF-F90C-49,UPI,297763.68,2026-02-18,Success
PAY108707,8707,1407D096-E6E1-42,Debit Card,1345.4,2026-02-07,Success
PAY108708,8708,670E2F80-DCB4-4C,Cash on Delivery,17753.7,2026-01-08,Success
PAY108709,8709,2866790A-8ED2-48,Debit Card,65370.8,2025-08-23,Refunded
PAY108710,8710,0A7ED612-F0E0-40,Debit Card,2325.4,2025-11-29,Success
PAY108711,8711,71495676-428E-40,Cash on Delivery,39666.88,2026-01-14,Success
PAY108712,8712,15DCDBAB-C37F-48,UPI,4799.4,2025-11-02,Success
PAY108713,8713,679F2F0A-DD1B-48,Debit Card,19162.65,2025-12-11,Success
PAY108714,8714,0F38F79C-5A8E-4C,Debit Card,44545.62,2024-09-20,Success
PAY108715,8715,1845EBBB-E232-46,Cash on Delivery,278592.5,2025-09-18,Success
PAY108716,8716,725D81C8-4D69-45,Credit Card,2711.88,2025-06-22,Success
PAY108717,8717,3EAD8E56-B950-47,Net Banking,681.36,2026-05-28,Refunded
PAY108718,8718,E26023A5-AA4B-42,Net Banking,839.8,2026-02-21,Success
PAY108719,8719,E0B5E459-824B-40,Net Banking,7146.3,2024-12-13,Success
PAY108720,8720,75361C28-A34A-4D,UPI,10384.64,2024-11-22,Success
PAY108721,8721,E4F48949-5492-4A,Net Banking,33529.04,2026-05-02,Success
PAY108722,8722,8659B0E7-87C7-47,UPI,558772.6,2025-02-03,Success
PAY108723,8723,F06EBEF2-D2B7-43,Net Banking,8728.2,2025-10-01,Success
PAY108724,8724,209B82C4-8AD6-45,Cash on Delivery,5097.96,2025-03-21,Success
PAY108725,8725,3B7988F9-F3C0-4A,UPI,282404.85,2026-01-22,Success
PAY108726,8726,D439B045-AB6C-4B,UPI,8841.6,2025-06-22,Success
PAY108727,8727,81E26061-C766-47,Credit Card,2346.41,2025-10-15,Success
PAY108728,8728,74F12ED5-8F27-46,Debit Card,1645.6,2025-11-04,Success
PAY108729,8729,6C563AD0-9B23-49,Cash on Delivery,32138.94,2026-04-19,Success
PAY108730,8730,59A10CE6-D5A0-4A,Debit Card,4361.6,2024-10-08,Refunded
PAY108731,8731,385046CA-4B34-49,Net Banking,6642.64,2025-06-24,Failed
PAY108732,8732,1BDEA0BE-382B-47,Debit Card,20147.05,2025-06-05,Success
PAY108733,8733,5DAE9F9A-C0E3-4F,UPI,5430.08,2024-08-08,Success
PAY108734,8734,33B5780F-9CBD-4D,Net Banking,9528.4,2025-02-11,Success
PAY108735,8735,22BB6B52-48C4-42,Cash on Delivery,2936.25,2026-01-15,Success
PAY108736,8736,5DC469C5-A12E-44,UPI,43712.64,2026-05-24,Success
PAY108737,8737,E3B04583-552B-47,Debit Card,4805.24,2025-07-20,Success
PAY108738,8738,A5E99221-BB20-44,UPI,9982.8,2024-09-25,Success
PAY108739,8739,61520156-4834-41,Debit Card,285.6,2025-01-12,Success
PAY108740,8740,A01BA58A-9275-49,Cash on Delivery,1153.2,2026-04-27,Success
PAY108741,8741,FA30D4D1-0AA4-41,Net Banking,1343.68,2026-02-24,Refunded
PAY108742,8742,DA2A406B-D6A0-40,Debit Card,1219.75,2025-12-19,Success
PAY108743,8743,A5B300DB-1D7E-48,Cash on Delivery,367.2,2025-01-10,Success
PAY108744,8744,7987E9E9-F77F-40,Credit Card,55560.96,2025-04-26,Failed
PAY108745,8745,DAE5F0B7-393E-47,Debit Card,1911.0,2026-04-14,Failed
PAY108746,8746,D96B1DF0-06D4-45,Net Banking,9975.84,2025-04-01,Success
PAY108747,8747,6705F816-0635-4E,Credit Card,622.5,2026-07-01,Success
PAY108748,8748,C50EC357-56FD-46,Debit Card,20416.0,2025-11-29,Success
PAY108749,8749,EBA9F33C-5A32-41,Debit Card,32752.44,2025-02-21,Failed
PAY108750,8750,C9C5DB8D-93E9-45,UPI,37100.06,2025-10-02,Success
PAY108751,8751,5007E0BD-E18A-42,Net Banking,74423.6,2026-02-19,Success
PAY108752,8752,E68C64C5-0AA6-48,Credit Card,170248.0,2025-09-04,Failed
PAY108753,8753,C13E9F12-1034-40,Debit Card,10668.41,2025-02-28,Success
PAY108754,8754,3370DF84-3956-47,UPI,2457.0,2026-05-27,Success
PAY108755,8755,C6C84D00-0781-4A,Debit Card,25175.04,2025-04-17,Refunded
PAY108756,8756,F1A1F24F-F362-4C,Cash on Delivery,2942.64,2026-02-17,Success
PAY108757,8757,5509FEAB-4A64-4F,Net Banking,5183.2,2025-12-27,Success
PAY108758,8758,706A9725-DC13-40,Cash on Delivery,546977.2,2025-08-18,Success
PAY108759,8759,CE2BB1CF-A490-47,Cash on Delivery,1049.75,2025-06-18,Success
PAY108760,8760,AAAEC6EB-85A0-41,Credit Card,172.48,2025-01-17,Success
PAY108761,8761,4085831E-EE93-4F,UPI,2490.0,2024-09-11,Success
PAY108762,8762,492CEA97-5B0C-44,Debit Card,1643.58,2024-12-12,Success
PAY108763,8763,0DD5B9AB-D0EE-4E,Cash on Delivery,2658.24,2025-12-11,Success
PAY108764,8764,89F91DB1-EA60-48,UPI,10667.8,2026-05-10,Refunded
PAY108765,8765,FE4AE83E-CF81-4F,UPI,1985.5,2025-12-03,Success
PAY108766,8766,E8507AD6-F354-4C,Debit Card,3398.64,2026-02-16,Success
PAY108767,8767,82B09724-A014-44,Credit Card,73735.2,2026-06-13,Success
PAY108768,8768,5EAFAFFE-8BC5-43,Cash on Delivery,3854.76,2025-06-03,Success
PAY108769,8769,687D705B-EED4-4D,Credit Card,5802.72,2026-05-29,Success
PAY108770,8770,18090DEB-C30E-47,UPI,3495.8,2025-05-14,Success
PAY108771,8771,D9605D60-4F2D-4F,Cash on Delivery,335263.56,2024-09-26,Refunded
PAY108772,8772,AB8942C3-E858-41,Net Banking,77565.04,2024-12-07,Success
PAY108773,8773,81EBCD4D-448F-46,UPI,2470.95,2024-12-08,Success
PAY108774,8774,C58B6227-2B23-43,Debit Card,4182.0,2024-10-24,Success
PAY108775,8775,121DC2B7-57D1-42,Net Banking,6365.0,2024-12-23,Success
PAY108776,8776,64D83774-15A0-48,Cash on Delivery,8400.0,2025-11-25,Success
PAY108777,8777,DC2FDF55-492A-47,Credit Card,1828.3,2025-05-29,Success
PAY108778,8778,AEF9436E-26E9-4B,Cash on Delivery,561458.1,2025-06-06,Success
PAY108779,8779,4D0D01C2-46D6-4B,UPI,2174.73,2025-06-05,Failed
PAY108780,8780,5F45275D-5D3B-46,Net Banking,3819.0,2025-07-04,Success
PAY108781,8781,62321011-67FC-4B,Credit Card,77047.74,2024-09-12,Success
PAY108782,8782,CE2A3413-BD7E-4A,Debit Card,11424.5,2026-05-27,Success
PAY108783,8783,E167795F-A9D9-49,Credit Card,3340.0,2025-09-23,Failed
PAY108784,8784,114C6F51-1A8F-4C,Debit Card,1041.6,2026-05-08,Success
PAY108785,8785,663A3195-5CE6-4E,Net Banking,55718.5,2025-01-08,Success
PAY108786,8786,BE48EBDC-8D33-4D,UPI,28583.1,2025-06-25,Success
PAY108787,8787,23A9D70B-1D83-45,Net Banking,2018.1,2026-02-18,Refunded
PAY108788,8788,A51A1EC2-1E59-4A,Net Banking,2671.29,2025-10-24,Success
PAY108789,8789,086A0436-56D7-45,Cash on Delivery,832.65,2025-02-05,Success
PAY108790,8790,FEB3DBB3-E4C3-47,Net Banking,15907.5,2024-11-25,Success
PAY108791,8791,F63AFEDF-4F42-44,Net Banking,134038.36,2025-09-14,Success
PAY108792,8792,6C651627-1751-47,UPI,539.5,2025-04-04,Success
PAY108793,8793,C54BB737-468A-44,UPI,2490.0,2024-10-12,Failed
PAY108794,8794,95D2D750-3A85-42,UPI,381.6,2025-07-12,Success
PAY108795,8795,53959886-CF96-43,Cash on Delivery,2236.72,2024-11-11,Success
PAY108796,8796,5536C431-E0AD-4F,Debit Card,1219.75,2024-08-24,Success
PAY108797,8797,692149D8-CB21-4F,UPI,22219.6,2025-08-25,Success
PAY108798,8798,3BBA1A74-1669-49,Net Banking,1301.52,2025-01-01,Success
PAY108799,8799,89635EF7-3997-4C,Net Banking,187656.84,2025-06-02,Success
PAY108800,8800,73ACCE1E-A203-46,UPI,2686.0,2024-12-26,Success
PAY108801,8801,91D9E339-DFC8-4F,Debit Card,10373.88,2025-05-02,Success
PAY108802,8802,0DA07B52-F950-42,Net Banking,12705.42,2026-05-19,Success
PAY108803,8803,9ED99567-05F2-4F,Credit Card,5490.45,2025-07-13,Success
PAY108804,8804,F62EF50B-77E2-4C,UPI,640.7,2025-09-06,Success
PAY108805,8805,9D879C39-3D3A-4E,UPI,1434.72,2025-01-01,Success
PAY108806,8806,C247DB8B-3C38-48,Cash on Delivery,56518.0,2025-09-21,Refunded
PAY108807,8807,F248AA31-2BFF-4A,Debit Card,9792.42,2025-12-25,Success
PAY108808,8808,8646A154-3BEB-40,Net Banking,1247.86,2024-10-29,Success
PAY108809,8809,D1F723CF-11F5-42,Net Banking,447018.08,2025-04-15,Failed
PAY108810,8810,C0EFAD97-6E73-4C,Credit Card,2629.75,2025-09-04,Refunded
PAY108811,8811,9F8D7EA3-8C01-40,UPI,2178.0,2026-02-26,Success
PAY108812,8812,B41209C7-0C55-42,Credit Card,447018.08,2025-06-29,Success
PAY108813,8813,0A46EA36-E7A1-49,Net Banking,517.14,2025-07-29,Success
PAY108814,8814,CEC62CF8-DF10-42,Net Banking,22813.47,2026-06-15,Success
PAY108815,8815,A3F9D4C3-90ED-47,Net Banking,3402.1,2025-01-08,Success
PAY108816,8816,1CD99ABB-5776-45,Debit Card,872.32,2025-10-18,Success
PAY108817,8817,E94254AD-32AB-48,Credit Card,186.48,2025-05-01,Success
PAY108818,8818,742D8521-E1D3-4A,Net Banking,6609.2,2025-10-30,Success
PAY108819,8819,9C49FCDA-3E88-44,Net Banking,2647.19,2025-08-10,Success
PAY108820,8820,300EEB66-DB18-4E,Debit Card,10373.88,2025-12-26,Success
PAY108821,8821,72DEBD5D-61D0-4C,Net Banking,545897.9,2025-10-16,Refunded
PAY108822,8822,D48ED7E3-ECB3-44,Credit Card,5191.2,2026-04-30,Success
PAY108823,8823,691BCCCA-F9BF-45,UPI,3283.04,2025-08-16,Success
PAY108824,8824,7F23704F-9143-4C,Cash on Delivery,56483.7,2024-10-12,Refunded
PAY108825,8825,D39BF553-F2CF-4D,Cash on Delivery,2725.72,2025-11-12,Success
PAY108826,8826,AA79FA0A-7927-4C,UPI,28730.85,2025-03-09,Success
PAY108827,8827,67C22F3D-9005-4C,Credit Card,244770.42,2026-05-13,Success
PAY108828,8828,9CFA1B78-308E-48,Debit Card,6628.92,2024-08-24,Success
PAY108829,8829,6247E692-1F5E-40,Debit Card,8726.32,2025-04-09,Refunded
PAY108830,8830,A5F43865-1834-49,UPI,281.94,2026-05-01,Success
PAY108831,8831,D79B7C57-CADF-47,UPI,6375.0,2025-04-19,Failed
PAY108832,8832,930997C2-508F-44,UPI,619.5,2025-01-12,Success
PAY108833,8833,5291CDCD-C650-44,Debit Card,5367.6,2025-03-24,Refunded
PAY108834,8834,490C08F5-D010-41,Net Banking,327416.55,2025-06-16,Success
PAY108835,8835,2A476CC5-1C3C-42,Cash on Delivery,122955.84,2024-11-16,Success
PAY108836,8836,E5E836AF-383C-4F,Debit Card,22175.4,2025-08-17,Success
PAY108837,8837,C208BD8B-9A92-44,Net Banking,15500.85,2026-07-08,Success
PAY108838,8838,069CE576-4CC2-41,Cash on Delivery,2001.0,2024-08-21,Success
PAY108839,8839,B3204E75-A757-4E,Debit Card,16657.65,2025-01-18,Success
PAY108840,8840,A29C10DC-4283-41,Net Banking,1846.64,2026-01-09,Failed
PAY108841,8841,4FD549AB-40C5-47,Debit Card,300866.0,2025-08-05,Success
PAY108842,8842,293F6867-56FC-4B,Cash on Delivery,4174.95,2024-09-03,Success
PAY108843,8843,443DA17B-FCDE-44,UPI,3402.1,2025-09-22,Success
PAY108844,8844,02FA97F3-4DAF-42,UPI,21000.0,2024-10-16,Success
PAY108845,8845,CCE6CC5F-48E6-46,Net Banking,1880.82,2026-04-29,Success
PAY108846,8846,77D04163-5AB3-42,Credit Card,397709.52,2024-08-20,Success
PAY108847,8847,CC238ADF-07F3-48,Cash on Delivery,5671.8,2025-11-08,Failed
PAY108848,8848,E8C15EA2-608C-46,Cash on Delivery,21776.88,2026-01-11,Success
PAY108849,8849,BC147843-5CD6-43,Debit Card,611625.7,2026-05-13,Success
PAY108850,8850,973EEB37-939E-4F,Net Banking,14437.8,2024-11-20,Success
PAY108851,8851,60B77B86-6CAC-42,Net Banking,286035.12,2025-02-28,Refunded
PAY108852,8852,2512E702-4C31-45,UPI,1948.32,2025-04-05,Success
PAY108853,8853,C9B71FA5-6C8D-4A,Credit Card,1885.6,2024-11-09,Success
PAY108854,8854,2CAA385C-87BC-4A,Net Banking,86884.96,2026-01-29,Success
PAY108855,8855,BD18F545-F9E7-41,UPI,718.11,2025-12-15,Failed
PAY108856,8856,F49AEDA9-CF82-47,Credit Card,2395.68,2026-02-27,Success
PAY108857,8857,7CDC8FEE-7214-4A,Net Banking,9244.6,2025-06-07,Failed
PAY108858,8858,F2E8C580-7414-48,Net Banking,226397.12,2025-01-21,Success
PAY108859,8859,72F69727-0164-4B,UPI,6946.8,2026-03-26,Success
PAY108860,8860,D0B99BF6-3315-4A,UPI,466.94,2025-08-31,Failed
PAY108861,8861,48D357C8-FBF9-49,Debit Card,988.68,2025-05-27,Failed
PAY108862,8862,531155CC-3F53-40,Net Banking,246.51,2025-04-01,Success
PAY108863,8863,741D3B22-6991-4E,Net Banking,8178.3,2026-06-08,Success
PAY108864,8864,185FB59B-BA88-46,Cash on Delivery,563.56,2024-07-26,Success
PAY108865,8865,D087DD88-7FB1-42,UPI,1391.04,2025-02-17,Success
PAY108866,8866,CD850A17-7EC6-46,UPI,5557.68,2025-06-27,Refunded
PAY108867,8867,13AE24F7-7950-4F,Net Banking,14023.56,2025-08-13,Success
PAY108868,8868,962105C9-74FB-4B,Credit Card,344329.4,2025-10-07,Refunded
PAY108869,8869,90534444-9174-42,Cash on Delivery,249293.94,2026-05-20,Success
PAY108870,8870,FBFFA137-5FA6-41,Net Banking,4260.0,2026-06-25,Refunded
PAY108871,8871,77E79703-8339-44,Net Banking,2543.88,2024-12-30,Success
PAY108872,8872,0545170A-DB3F-44,Cash on Delivery,6845.0,2024-12-04,Success
PAY108873,8873,C4B71369-7D8A-4F,Debit Card,14473.8,2025-04-27,Success
PAY108874,8874,AD412B38-14FA-4E,UPI,335095.9,2024-10-08,Success
PAY108875,8875,5FC058F6-A4D7-47,UPI,874.9,2025-08-14,Success
PAY108876,8876,DD5976D1-73DC-4B,Credit Card,537.47,2026-01-05,Failed
PAY108877,8877,FE019D6C-6BCE-4D,Cash on Delivery,2086.56,2026-03-07,Failed
PAY108878,8878,37B01106-8DC6-46,Cash on Delivery,111284.93,2025-12-13,Success
PAY108879,8879,EB4FF728-DEAE-49,UPI,4489.2,2025-03-14,Success
PAY108880,8880,26EB8274-A08C-43,Credit Card,221404.56,2025-08-31,Success
PAY108881,8881,211FBC41-F2E6-49,UPI,1220.67,2025-01-18,Refunded
PAY108882,8882,0B1019FF-EC60-4D,UPI,18379.52,2026-01-21,Refunded
PAY108883,8883,32B6A7F4-2D04-4F,Credit Card,4882.5,2025-02-05,Refunded
PAY108884,8884,E63C1435-820D-42,Net Banking,1388.8,2025-09-04,Refunded
PAY108885,8885,AD04C322-75EF-45,Credit Card,4443.12,2026-04-22,Refunded
PAY108886,8886,9CB6363B-D8EC-44,Debit Card,4365.8,2026-05-09,Success
PAY108887,8887,670EC27C-D924-43,Net Banking,2087.28,2025-10-21,Success
PAY108888,8888,61082756-4CC4-49,UPI,6615.0,2025-04-10,Success
PAY108889,8889,45B0D9B4-99C7-48,Credit Card,6853.08,2024-08-06,Failed
PAY108890,8890,D1D668DF-F0B4-42,Debit Card,375704.48,2026-01-28,Success
PAY108891,8891,57EDE77A-0563-42,Cash on Delivery,8834.24,2024-11-24,Success
PAY108892,8892,D0AD3BE4-A41D-48,Debit Card,15344.34,2026-05-19,Success
PAY108893,8893,FD13E366-6473-41,Net Banking,21210.0,2025-06-24,Success
PAY108894,8894,8093EA40-5C15-46,UPI,16107.84,2025-09-14,Success
PAY108895,8895,D7CCFCA7-85F7-49,Cash on Delivery,1732.0,2025-04-05,Success
PAY108896,8896,FA635312-15B6-40,Cash on Delivery,8970.64,2024-12-29,Success
PAY108897,8897,BFD128DE-89A3-4A,UPI,7817.58,2025-06-27,Success
PAY108898,8898,8DC4BBD7-E070-41,Credit Card,115049.72,2025-10-07,Failed
PAY108899,8899,6719C218-BC96-41,Credit Card,1384.98,2024-12-31,Success
PAY108900,8900,889F4C15-ECE1-45,Cash on Delivery,225828.75,2025-07-30,Success
PAY108901,8901,17D650FA-116E-44,UPI,2467.4,2024-10-06,Success
PAY108902,8902,48C257E2-F636-4A,UPI,36353.2,2026-01-24,Success
PAY108903,8903,F27764BF-2307-41,Cash on Delivery,922.04,2025-04-03,Failed
PAY108904,8904,86698B26-B519-48,Debit Card,325041.2,2025-10-04,Success
PAY108905,8905,38300041-B452-48,Cash on Delivery,1528.8,2025-08-19,Success
PAY108906,8906,F92FF8E0-936E-4F,UPI,1630.64,2025-06-28,Success
PAY108907,8907,4438126F-CF27-4F,Credit Card,8946.0,2024-08-09,Success
PAY108908,8908,16A46C1C-1335-45,UPI,1232.55,2026-03-15,Success
PAY108909,8909,7E631BA3-E432-45,Net Banking,12442.5,2025-06-27,Success
PAY108910,8910,AD13C399-C3A4-45,Debit Card,3349.5,2024-09-27,Success
PAY108911,8911,C69D3E59-AC37-4F,UPI,469.8,2025-08-10,Success
PAY108912,8912,3F595FBE-92AB-40,Cash on Delivery,4981.98,2026-04-29,Refunded
PAY108913,8913,08D6A5E3-0493-49,Cash on Delivery,1641.52,2025-05-20,Success
PAY108914,8914,E536EC62-CC89-4E,Cash on Delivery,22974.4,2025-09-21,Success
PAY108915,8915,2CB1E681-A1DB-44,Net Banking,7523.76,2025-12-16,Success
PAY108916,8916,550CCEF2-0B8C-4A,Cash on Delivery,611625.7,2026-02-13,Success
PAY108917,8917,C371D1CC-EC11-45,Credit Card,10588.76,2025-09-26,Success
PAY108918,8918,79910786-AB42-46,Net Banking,172.48,2024-11-01,Success
PAY108919,8919,2B21D7B2-6A33-46,Net Banking,714.0,2025-06-30,Success
PAY108920,8920,334EF6E6-508A-4C,Net Banking,3134.7,2025-01-12,Success
PAY108921,8921,71B55A34-54F3-44,Cash on Delivery,210321.32,2026-04-27,Success
PAY108922,8922,7DF27529-F8C7-47,Credit Card,30738.96,2025-01-28,Success
PAY108923,8923,5FC2A668-4D5A-44,UPI,6444.9,2025-01-26,Refunded
PAY108924,8924,862E18B8-FA4E-47,Credit Card,673.4,2025-05-29,Success
PAY108925,8925,42BC5AA4-640C-4D,Cash on Delivery,67798.44,2024-07-31,Success
PAY108926,8926,567F2D87-5AEA-4E,Cash on Delivery,2276.64,2025-01-11,Success
PAY108927,8927,CAAE90D1-BB51-48,Credit Card,300866.0,2026-04-13,Success
PAY108928,8928,0EE2FA2D-FF29-49,Debit Card,111231.12,2024-09-16,Success
PAY108929,8929,6433B728-10C0-4C,Cash on Delivery,1306.8,2025-09-01,Success
PAY108930,8930,3B2A01A1-246C-46,Net Banking,13272.48,2024-10-27,Failed
PAY108931,8931,CF78F734-F37B-43,UPI,29351.2,2025-12-28,Failed
PAY108932,8932,8CAF03A9-BEE6-47,Debit Card,31484.25,2025-08-04,Success
PAY108933,8933,EB3DBBB2-182E-43,Debit Card,4736.9,2024-10-01,Failed
PAY108934,8934,809A3DC1-C6C4-46,Credit Card,15208.98,2026-05-22,Failed
PAY108935,8935,602D46DE-0016-45,Net Banking,2946.9,2025-08-26,Failed
PAY108936,8936,6307AD18-CED4-47,Debit Card,9137.44,2025-08-14,Success
PAY108937,8937,635B0D9E-7BC2-41,Cash on Delivery,6476.6,2026-04-27,Success
PAY108938,8938,07A61B2C-F7AE-4E,Debit Card,372204.6,2024-08-21,Failed
PAY108939,8939,C9A00BCF-E4E5-46,Debit Card,276755.7,2026-01-21,Failed
PAY108940,8940,0E7B70F0-104A-4A,Net Banking,1310.64,2026-04-29,Success
PAY108941,8941,FA6A0AF4-D9F7-4B,Credit Card,275463.52,2026-02-07,Success
PAY108942,8942,4C650126-83CE-4E,Debit Card,71606.6,2025-09-06,Success
PAY108943,8943,8565CBA6-18EF-45,Cash on Delivery,1145.52,2025-07-02,Success
PAY108944,8944,48E2C9BA-37A5-49,Net Banking,561458.1,2025-06-02,Success
PAY108945,8945,CB650FA9-4E2B-43,Net Banking,629.85,2025-02-12,Success
PAY108946,8946,B8783123-9B9B-4C,Credit Card,226939.68,2026-02-17,Success
PAY108947,8947,AD28C4B8-6CF8-47,Credit Card,294940.8,2025-08-02,Success
PAY108948,8948,4C9B05EF-5090-4D,Debit Card,1482.0,2026-02-05,Refunded
PAY108949,8949,21C4E444-2EB9-4E,Debit Card,419.65,2024-09-30,Success
PAY108950,8950,1D71E784-01DC-49,Credit Card,1718.28,2026-01-22,Success
PAY108951,8951,3DBA224E-E72B-4D,UPI,3976.29,2026-04-08,Success
PAY108952,8952,88BCA73F-C7EA-4D,Cash on Delivery,11052.0,2025-01-10,Success
PAY108953,8953,F4368BC0-1040-41,Net Banking,2724.48,2025-11-08,Success
PAY108954,8954,12212DCE-CF6F-4F,Cash on Delivery,6804.2,2026-04-03,Refunded
PAY108955,8955,1EC082DF-158E-4A,Credit Card,2428.8,2024-11-01,Success
PAY108956,8956,7D6B5552-13DA-4B,Net Banking,3100.17,2025-12-24,Success
PAY108957,8957,C0DA5E46-EF1A-47,Debit Card,1501.1,2025-01-02,Success
PAY108958,8958,068FC76E-F5C7-4D,Debit Card,17863.2,2025-04-25,Success
PAY108959,8959,166AC648-3B35-43,Credit Card,874.9,2025-04-08,Success
PAY108960,8960,85803175-8FEA-4F,Cash on Delivery,166.53,2025-04-11,Success
PAY108961,8961,1FEC7788-939B-42,Debit Card,244129.59,2025-07-10,Refunded
PAY108962,8962,CE8829FE-36E5-42,Credit Card,5561.55,2025-04-13,Success
PAY108963,8963,A348C277-38DC-4E,Cash on Delivery,7427.16,2026-03-02,Success
PAY108964,8964,81425656-700D-4B,Net Banking,10712.98,2025-08-28,Refunded
PAY108965,8965,FA55E6AB-19AB-48,Net Banking,127686.0,2025-11-08,Success
PAY108966,8966,FAF79428-4710-47,UPI,98040.7,2025-11-13,Success
PAY108967,8967,67FE9152-A058-49,Net Banking,7937.6,2024-10-09,Success
PAY108968,8968,A4BF5711-CC7C-4E,Cash on Delivery,7191.5,2024-10-30,Success
PAY108969,8969,44BE2CCC-A4A1-44,UPI,8834.24,2025-09-04,Success
PAY108970,8970,EFE3F616-2AB0-47,Debit Card,286.2,2025-05-03,Success
PAY108971,8971,4C4C07C9-C672-42,Credit Card,18714.15,2025-04-07,Success
PAY108972,8972,BD05452E-06D6-43,UPI,4417.12,2026-01-11,Success
PAY108973,8973,B692E02F-B512-4C,UPI,844.87,2025-12-03,Success
PAY108974,8974,D99CC8D5-0092-40,Cash on Delivery,2782.5,2025-11-17,Success
PAY108975,8975,E2C86474-B120-4D,Credit Card,13089.48,2024-12-09,Refunded
PAY108976,8976,196B4350-3818-4C,UPI,2548.4,2024-10-29,Success
PAY108977,8977,143CA169-2AF1-48,Credit Card,29364.3,2025-05-22,Success
PAY108978,8978,552D8C99-22E5-4A,UPI,5794.94,2025-09-15,Success
PAY108979,8979,FA379A84-7261-49,Credit Card,1494.45,2025-06-17,Success
PAY108980,8980,E987FBFF-F337-4E,Debit Card,5794.94,2024-07-31,Success
PAY108981,8981,2A28D43B-4D7E-47,Net Banking,988.68,2026-07-28,Refunded
PAY108982,8982,8510145A-018D-47,UPI,561458.1,2026-05-28,Success
PAY108983,8983,81910F95-98A0-41,Credit Card,2236.72,2025-02-17,Refunded
PAY108984,8984,E4D0CFA0-5110-49,Debit Card,249293.94,2025-02-23,Success
PAY108985,8985,70CA6482-0FB4-40,Credit Card,1345.4,2025-09-19,Refunded
PAY108986,8986,0101F51E-FC52-48,Cash on Delivery,999.6,2025-09-15,Success
PAY108987,8987,45D78752-CDCE-41,Net Banking,2184.48,2024-09-27,Refunded
PAY108988,8988,E26FE618-2ED4-46,Credit Card,3430.7,2025-09-07,Success
PAY108989,8989,7B992107-19C5-42,Net Banking,226939.68,2026-06-16,Failed
PAY108990,8990,33E9A445-5FC4-46,Credit Card,2658.24,2025-12-21,Success
PAY108991,8991,74399200-6CBB-45,Credit Card,1457.6,2026-07-13,Failed
PAY108992,8992,196504F5-7BFE-42,Credit Card,4674.52,2025-01-22,Success
PAY108993,8993,221E94C4-6439-4A,Debit Card,9479.2,2025-05-21,Refunded
PAY108994,8994,368E53A2-6109-4B,Net Banking,1174.5,2026-03-21,Success
PAY108995,8995,9F0EA0BF-5703-43,UPI,2152.08,2025-01-09,Success
PAY108996,8996,1449CFC6-59B8-4F,Cash on Delivery,6200.34,2025-10-09,Failed
PAY108997,8997,84AFB3F8-24CE-42,Debit Card,46175.62,2025-07-15,Success
PAY108998,8998,48E09EBA-326D-41,Net Banking,418930.24,2024-09-25,Success
PAY108999,8999,130571C7-AB56-4D,Cash on Delivery,5378.75,2025-12-11,Success
PAY109000,9000,99C962DA-FDA9-4F,Debit Card,6857.76,2025-08-20,Success
PAY109001,9001,BE267900-CA6A-4F,Credit Card,2965.2,2024-12-02,Failed
PAY109002,9002,9BC3BBBC-61FA-4E,Cash on Delivery,980.88,2026-06-21,Success
PAY109003,9003,C1F2B848-1131-47,Debit Card,2210.4,2025-03-20,Success
PAY109004,9004,E312B8B4-4324-49,Credit Card,4805.24,2025-09-30,Success
PAY109005,9005,FF785A25-29C0-46,UPI,11421.8,2025-03-10,Success
PAY109006,9006,7329FBA8-E1D5-4F,Net Banking,9590.04,2025-10-24,Refunded
PAY109007,9007,407F231C-83D2-49,Credit Card,4569.8,2025-07-27,Success
PAY109008,9008,4E9BF763-405F-4E,UPI,10422.0,2025-04-15,Success
PAY109009,9009,7AD6D3B0-99D5-45,Net Banking,121557.6,2025-07-22,Success
PAY109010,9010,0E644D36-86AE-43,Net Banking,167123.6,2026-05-11,Success
PAY109011,9011,E13D0FA9-19C7-42,Cash on Delivery,12873.3,2026-06-16,Success
PAY109012,9012,BD151F0A-655C-45,Debit Card,4174.95,2025-01-23,Success
PAY109013,9013,C49D9384-B796-4E,Credit Card,3622.3,2025-05-24,Success
PAY109014,9014,E0B18E9A-15D0-4B,Credit Card,2369.3,2025-03-17,Success
PAY109015,9015,FB74B84D-A6BD-4B,Debit Card,312761.4,2026-02-25,Success
PAY109016,9016,A4DE5FF1-8E28-43,Cash on Delivery,2625.8,2025-02-21,Success
PAY109017,9017,BDAAAA30-5844-49,Debit Card,980.88,2025-07-26,Success
PAY109018,9018,FCBB6614-C774-41,Net Banking,13257.84,2025-03-20,Success
PAY109019,9019,EBC782C3-4300-45,Credit Card,4465.8,2026-05-29,Success
PAY109020,9020,E1069110-83F6-42,Debit Card,7590.66,2026-06-21,Success
PAY109021,9021,3C51B0BA-F80C-41,Credit Card,11891.92,2024-08-15,Success
PAY109022,9022,56EEEBFC-C44F-4D,Credit Card,140.89,2026-02-24,Success
PAY109023,9023,722ED121-7FA5-40,Cash on Delivery,16940.56,2025-02-22,Success
PAY109024,9024,230E2FE1-5261-49,UPI,4118.25,2025-05-24,Success
PAY109025,9025,D9599337-9495-4A,Cash on Delivery,17301.6,2026-01-23,Refunded
PAY109026,9026,C8C18E23-6A4C-4D,UPI,294940.8,2025-12-26,Refunded
PAY109027,9027,AA3D1195-6751-48,Debit Card,5505.6,2026-07-08,Failed
PAY109028,9028,EC3A1B9F-D6BA-4E,UPI,545694.25,2024-11-19,Success
PAY109029,9029,04596FEC-DADF-4C,Credit Card,495.6,2025-03-11,Success
PAY109030,9030,52C54F65-05AD-41,Debit Card,2858.52,2024-11-21,Refunded
PAY109031,9031,8F96F50D-5327-4C,Net Banking,13091.52,2025-12-21,Success
PAY109032,9032,C112A86E-C082-48,Debit Card,4015.84,2025-03-18,Success
PAY109033,9033,161CA852-8FE5-4B,Debit Card,1836.0,2025-12-24,Success
PAY109034,9034,AF4250C8-5396-46,Credit Card,2686.0,2026-04-08,Refunded
PAY109035,9035,913E3C4F-9F5C-44,UPI,328386.5,2025-10-27,Failed
PAY109036,9036,242EF1B2-B90E-4B,Debit Card,2087.28,2026-01-18,Success
PAY109037,9037,25204823-74E9-47,Cash on Delivery,15905.16,2025-08-19,Success
PAY109038,9038,3BB97583-89F6-4D,Net Banking,1072.4,2025-06-17,Success
PAY109039,9039,D4CFD3C3-FBFD-4A,Net Banking,2966.64,2024-10-13,Success
PAY109040,9040,ACF9F86F-CDF1-46,Net Banking,9516.5,2026-03-22,Success
PAY109041,9041,E6958FD8-E438-43,Cash on Delivery,750.55,2026-05-23,Success
PAY109042,9042,20BB3A0B-1F54-42,Credit Card,68865.88,2026-03-29,Success
PAY109043,9043,CB5EA68D-2DCE-4B,UPI,1400.82,2024-12-30,Success
PAY109044,9044,B17E2189-A4C3-40,Credit Card,2133.12,2025-10-03,Success
PAY109045,9045,97E535FB-8AB1-4C,Cash on Delivery,4352.04,2024-11-08,Success
PAY109046,9046,81BB06EA-BC0F-43,Debit Card,368676.0,2026-05-30,Success
PAY109047,9047,CAC9C1AD-3B98-4A,UPI,5065.28,2025-08-03,Success
PAY109048,9048,7DB16A16-9D93-4B,Cash on Delivery,285.6,2025-09-27,Success
PAY109049,9049,B0C5A776-8C89-42,Net Banking,5088.96,2025-01-02,Success
PAY109050,9050,56FAF4E1-877B-44,Cash on Delivery,4031.8,2025-07-13,Success
PAY109051,9051,98223DCC-3157-43,Cash on Delivery,169180.56,2025-10-31,Success
PAY109052,9052,35C926E1-A04A-4C,Net Banking,10888.44,2025-08-25,Success
PAY109053,9053,DC006914-C67E-45,Net Banking,5561.55,2024-08-31,Refunded
PAY109054,9054,1E86D087-FC81-4D,Debit Card,65942.88,2026-04-28,Success
PAY109055,9055,0E246BB3-5523-41,Debit Card,4882.5,2026-02-22,Success
PAY109056,9056,3DC06526-F30B-47,UPI,6239.3,2025-04-15,Success
PAY109057,9057,1B98695B-B4EB-42,Net Banking,3586.32,2025-05-23,Success
PAY109058,9058,70B6C990-E0A3-48,Net Banking,6835.2,2026-01-09,Success
PAY109059,9059,46FDDF59-E222-41,Cash on Delivery,3089.36,2025-08-15,Success
PAY109060,9060,D486FE5A-724E-49,Credit Card,14023.56,2026-05-30,Success
PAY109061,9061,D555DF8C-F719-4B,Net Banking,11497.59,2025-07-07,Success
PAY109062,9062,44A66BC1-8337-4E,Net Banking,199.92,2026-07-19,Success
PAY109063,9063,03862941-C3B2-4B,Debit Card,2899.64,2025-10-04,Success
PAY109064,9064,F6A52B4C-9D8D-48,Net Banking,150994.08,2025-05-12,Success
PAY109065,9065,006D1B97-A47E-43,Net Banking,2946.9,2024-11-23,Success
PAY109066,9066,1705D16F-9057-4D,Credit Card,4906.98,2026-02-06,Success
PAY109067,9067,53C9BD75-D25D-40,Net Banking,3157.98,2025-05-10,Refunded
PAY109068,9068,7935A412-8B1E-40,Credit Card,371.7,2025-01-18,Refunded
PAY109069,9069,EAF8E38E-1EAB-41,UPI,213479.52,2025-02-04,Refunded
PAY109070,9070,671F2FAA-F878-4A,Credit Card,6350.08,2025-02-11,Refunded
PAY109071,9071,EF6B90CF-6665-45,Net Banking,4363.5,2024-10-22,Success
PAY109072,9072,D93AA83C-4F7B-41,Debit Card,19833.44,2025-04-01,Failed
PAY109073,9073,86B471C3-95C5-42,Net Banking,197031.9,2026-01-27,Success
PAY109074,9074,D2613B82-B818-4F,Cash on Delivery,18881.28,2026-05-20,Success
PAY109075,9075,892E4CE1-2DC2-45,Cash on Delivery,2219.04,2025-04-23,Success
PAY109076,9076,41497F28-C450-4C,Net Banking,489540.84,2025-04-04,Success
PAY109077,9077,C8574F0F-F947-45,Credit Card,1446.66,2025-09-21,Success
PAY109078,9078,68C24832-BBB8-44,Credit Card,298.08,2024-12-15,Success
PAY109079,9079,F9871125-149B-47,Cash on Delivery,8237.08,2025-01-06,Success
PAY109080,9080,AD6AB884-19EF-4B,Net Banking,206597.64,2025-12-22,Success
PAY109081,9081,C8E29CED-951A-47,Credit Card,418930.24,2025-02-09,Success
PAY109082,9082,5EC683F1-A9E8-47,UPI,2759.56,2025-05-04,Success
PAY109083,9083,A7EE4977-AB7A-4B,Credit Card,9453.0,2025-03-30,Success
PAY109084,9084,9070DF9D-14D3-47,UPI,3923.52,2025-08-06,Failed
PAY109085,9085,61D96732-EF1F-40,Debit Card,1993.68,2024-10-04,Success
PAY109086,9086,886F781F-B116-4D,Net Banking,783.15,2026-01-31,Success
PAY109087,9087,AFB10701-2C31-4A,Credit Card,2131.6,2026-04-27,Success
PAY109088,9088,8F2CE265-ECAE-48,UPI,2715.04,2025-06-10,Success
PAY109089,9089,45657497-2026-48,Cash on Delivery,2477.16,2025-05-05,Success
PAY109090,9090,8C9818F7-1725-4A,Debit Card,286035.12,2025-10-12,Success
PAY109091,9091,4FDE2C72-6BF4-4E,Credit Card,104732.56,2025-10-02,Success
PAY109092,9092,A81C6251-5439-43,Cash on Delivery,222874.0,2025-09-23,Refunded
PAY109093,9093,2A8FC19E-5294-43,Cash on Delivery,49457.16,2025-01-23,Success
PAY109094,9094,69348914-42C7-48,Debit Card,3405.6,2024-07-17,Failed
PAY109095,9095,46A6C119-1C95-4C,Debit Card,482.22,2024-11-29,Refunded
PAY109096,9096,8C7B6890-CABC-41,Cash on Delivery,12066.72,2025-09-17,Success
PAY109097,9097,44C0001F-3892-4B,Cash on Delivery,479.52,2025-06-10,Success
PAY109098,9098,6C2DFA87-56F2-47,Debit Card,6871.04,2026-05-15,Success
PAY109099,9099,5F036B28-F35E-46,Cash on Delivery,32971.44,2025-10-03,Success
PAY109100,9100,3C6876AA-E672-45,Cash on Delivery,71508.78,2026-01-31,Success
PAY109101,9101,822DDB4A-E6CA-46,UPI,45378.99,2025-03-17,Success
PAY109102,9102,3B3B534E-4551-46,Net Banking,3035.52,2025-05-04,Failed
PAY109103,9103,1421341F-3469-40,Credit Card,7793.28,2025-06-15,Failed
PAY109104,9104,D6852D81-F524-45,Credit Card,4182.0,2026-02-11,Success
PAY109105,9105,8413E06D-9FEB-4C,Net Banking,9960.15,2026-05-06,Refunded
PAY109106,9106,6428E789-A979-45,UPI,1477.0,2026-06-09,Success
PAY109107,9107,2469529C-DF32-4D,UPI,2272.64,2026-03-15,Success
PAY109108,9108,B8B192C9-7D58-42,Credit Card,23611.7,2025-07-02,Success
PAY109109,9109,A24F686E-9D5B-46,Debit Card,222874.0,2024-10-15,Failed
PAY109110,9110,994F42A2-0EC4-4D,Debit Card,1335.15,2026-01-15,Success
PAY109111,9111,E9BA8274-EE97-47,Cash on Delivery,890.96,2026-03-25,Failed
PAY109112,9112,5E4EC293-F203-41,UPI,282730.8,2025-10-05,Success
PAY109113,9113,30D198FC-1E3B-46,Debit Card,195024.72,2026-05-03,Success
PAY109114,9114,BDCB465D-524E-49,Net Banking,25175.04,2026-04-12,Success
PAY109115,9115,8E065D72-4347-40,Debit Card,49096.8,2025-09-13,Refunded
PAY109116,9116,3ABD30E2-7ABF-48,UPI,21000.0,2026-03-28,Success
PAY109117,9117,0830F0EE-1E3C-48,Net Banking,1894.76,2026-04-04,Success
PAY109118,9118,B61CC516-0289-47,Debit Card,4738.6,2025-03-09,Refunded
PAY109119,9119,11757F34-4819-44,UPI,370775.44,2025-03-27,Success
PAY109120,9120,DEE1AED8-7361-4A,Net Banking,689.92,2026-04-11,Failed
PAY109121,9121,BDB03F49-CCF8-44,Credit Card,739.53,2025-06-20,Success
PAY109122,9122,C3C99EA0-B799-46,Debit Card,5088.96,2025-04-08,Success
PAY109123,9123,9310786E-A571-40,UPI,3742.83,2025-01-16,Success
PAY109124,9124,0EB5354A-66D6-47,Net Banking,497398.0,2024-11-13,Success
PAY109125,9125,6FCB3526-971F-4C,Cash on Delivery,325506.12,2025-01-13,Success
PAY109126,9126,63E13BB8-5955-45,Credit Card,3605.7,2025-09-15,Failed
PAY109127,9127,E26575FA-8F45-4B,Net Banking,10373.88,2026-03-21,Failed
PAY109128,9128,9E8085BA-22AA-4F,Credit Card,3460.32,2025-07-10,Success
PAY109129,9129,2B82815E-9C36-4A,Debit Card,4150.0,2026-03-09,Success
PAY109130,9130,F0283D8B-223C-4B,Debit Card,85474.48,2025-07-28,Success
PAY109131,9131,591C724E-C0F9-45,Debit Card,32138.94,2025-08-04,Success
PAY109132,9132,A3CD7797-58DC-4F,Cash on Delivery,34973.34,2026-05-11,Success
PAY109133,9133,7F287EA3-4A36-46,UPI,16332.8,2024-07-30,Success
PAY109134,9134,496A238C-9897-43,Debit Card,148767.0,2025-08-24,Success
PAY109135,9135,229A9665-23F6-4D,Cash on Delivery,6200.34,2025-02-15,Success
PAY109136,9136,1F9478B7-1116-4B,Credit Card,13235.95,2025-03-11,Success
PAY109137,9137,D622E6BC-47F7-44,Cash on Delivery,22607.2,2025-08-09,Success
PAY109138,9138,5737EA57-A327-49,Credit Card,77303.2,2026-01-31,Success
PAY109139,9139,1A1B6473-11BF-4E,Credit Card,596.16,2026-05-05,Refunded
PAY109140,9140,F7D76B0E-CD8B-4D,Credit Card,16572.3,2025-08-14,Success
PAY109141,9141,3F5298EE-8B2C-4C,Net Banking,2307.5,2024-09-04,Refunded
PAY109142,9142,7CC40E77-5024-44,Cash on Delivery,180815.16,2025-06-20,Success
PAY109143,9143,EBB0895B-7B7D-46,UPI,263611.04,2024-11-03,Success
PAY109144,9144,0C633935-4E54-40,UPI,10305.36,2025-06-11,Success
PAY109145,9145,5C10EA8D-7B5D-4D,Net Banking,9994.59,2026-02-08,Failed
PAY109146,9146,027481C9-16D6-49,Credit Card,822.8,2024-09-13,Success
PAY109147,9147,C8DAAAD9-2E78-43,Credit Card,732.75,2024-09-01,Success
PAY109148,9148,0EFAA56F-C155-47,Cash on Delivery,7253.4,2024-10-23,Success
PAY109149,9149,030E4F30-71E1-4A,UPI,191528.88,2025-03-17,Success
PAY109150,9150,376595C9-E542-4D,Net Banking,1711.85,2025-10-07,Success
PAY109151,9151,87A8DF25-4C1E-4E,Cash on Delivery,2382.1,2024-09-25,Refunded
PAY109152,9152,B7CAC579-2B12-4F,Cash on Delivery,52473.75,2026-04-19,Success
PAY109153,9153,771015B6-55E8-43,Net Banking,11928.0,2026-05-06,Success
PAY109154,9154,FA99F401-5B7D-44,Cash on Delivery,4291.1,2025-07-26,Success
PAY109155,9155,D3FD3C11-DEF6-4D,Net Banking,1149.12,2025-10-02,Failed
PAY109156,9156,558C89E5-C6C7-47,Credit Card,184702.48,2024-09-25,Failed
PAY109157,9157,0B295789-A5C3-4B,Credit Card,5148.0,2025-11-03,Success
PAY109158,9158,569B814D-B56F-49,Debit Card,5564.85,2026-02-17,Success
PAY109159,9159,E50F5929-0E65-47,UPI,2690.8,2025-11-19,Refunded
PAY109160,9160,1CE94DEC-690C-47,Net Banking,26877.0,2025-07-28,Refunded
PAY109161,9161,E6710763-64DA-4A,Net Banking,482.22,2025-07-04,Success
PAY109162,9162,E42AE138-CDF7-49,Debit Card,3586.32,2025-04-25,Success
PAY109163,9163,F780709F-B9C7-49,Credit Card,1047.42,2025-12-13,Success
PAY109164,9164,72AFAD92-01BD-48,Debit Card,957.76,2025-10-12,Success
PAY109165,9165,0A041355-1FE6-49,Net Banking,49841.45,2026-06-28,Success
PAY109166,9166,1DA06B00-320E-42,Debit Card,3076.64,2026-05-27,Success
PAY109167,9167,C6727557-2437-4A,Debit Card,3789.52,2026-04-13,Refunded
PAY109168,9168,CD33C484-8FF6-47,Net Banking,3561.72,2024-12-06,Success
PAY109169,9169,10686A5C-6148-44,Cash on Delivery,528.95,2025-06-02,Success
PAY109170,9170,D86225B7-E44B-4E,Cash on Delivery,1362.72,2026-03-15,Failed
PAY109171,9171,1E283D5C-C365-4E,Credit Card,3771.2,2025-06-11,Success
PAY109172,9172,C0295F9C-0D80-47,Cash on Delivery,523662.8,2025-10-10,Success
PAY109173,9173,CE77A9E9-4D8C-4B,Credit Card,3742.83,2025-05-18,Success
PAY109174,9174,29C06474-7C2C-48,Credit Card,22219.6,2026-05-20,Success
PAY109175,9175,07BCF093-DD11-4F,UPI,4235.14,2025-03-26,Success
PAY109176,9176,8D2766BD-8740-4A,Cash on Delivery,6365.0,2026-04-01,Success
PAY109177,9177,A61B0767-560D-4F,Net Banking,3842.0,2025-05-13,Refunded
PAY109178,9178,EF7AE367-6CB3-40,Net Banking,7691.6,2025-07-28,Refunded
PAY109179,9179,2B9FD86E-1F1C-47,Cash on Delivery,12573.6,2026-06-17,Refunded
PAY109180,9180,834AD602-2B57-4D,UPI,11589.88,2026-01-10,Failed
PAY109181,9181,4725B329-D229-48,Credit Card,2495.72,2024-10-10,Success
PAY109182,9182,52BADED3-6C42-4A,Net Banking,2490.0,2026-01-01,Refunded
PAY109183,9183,7CC9434A-672E-46,Debit Card,8946.0,2026-03-19,Failed
PAY109184,9184,7D8B497B-4CD4-4A,Credit Card,7937.6,2026-04-10,Success
PAY109185,9185,2DB521BC-F05D-40,Debit Card,8124.3,2024-09-12,Success
PAY109186,9186,B23344A5-C450-47,Cash on Delivery,2687.35,2024-11-04,Success
PAY109187,9187,B2F8437F-C1FC-47,Credit Card,2904.0,2025-10-19,Success
PAY109188,9188,3BBBF78C-43E0-45,Cash on Delivery,46508.8,2026-03-06,Success
PAY109189,9189,C62D606D-E253-41,UPI,1281.0,2025-09-08,Success
PAY109190,9190,D3E349EB-041F-49,Credit Card,1867.5,2026-04-21,Success
PAY109191,9191,2CD18597-3BE8-46,Net Banking,3816.72,2025-04-24,Success
PAY109192,9192,34CEF125-478C-4A,Cash on Delivery,5850.0,2025-03-04,Success
PAY109193,9193,10A41EA4-8CD3-41,Net Banking,1482.0,2025-07-01,Success
PAY109194,9194,681BD5C0-F9FD-49,Credit Card,17496.0,2025-07-15,Success
PAY109195,9195,4993A2B7-6ED4-4B,Cash on Delivery,98193.6,2024-10-07,Success
PAY109196,9196,A1CA24BA-624B-47,Net Banking,6835.2,2026-06-17,Success
PAY109197,9197,09D25ACD-B83F-4B,Cash on Delivery,4944.4,2025-12-23,Success
PAY109198,9198,31DEB455-DB09-44,Debit Card,1281.0,2025-10-22,Refunded
PAY109199,9199,DCE439DA-3910-44,UPI,1578.99,2025-03-06,Refunded
PAY109200,9200,D72C2B6A-A56F-4C,Cash on Delivery,101697.66,2024-11-29,Success
PAY109201,9201,625A8F5F-2E4E-4C,UPI,2912.64,2024-11-17,Success
PAY109202,9202,1E8EAC04-78E3-44,UPI,469.9,2025-09-14,Success
PAY109203,9203,66CB8A80-4C7D-4E,UPI,862.4,2025-07-21,Success
PAY109204,9204,7582FCFF-015E-4E,UPI,6958.25,2025-10-09,Refunded
PAY109205,9205,4C87C83E-5474-42,UPI,2934.6,2025-05-30,Success
PAY109206,9206,4F90E947-899E-48,UPI,20416.0,2024-07-18,Failed
PAY109207,9207,CB2B61B3-00C7-44,Debit Card,8970.64,2025-02-09,Success
PAY109208,9208,0295878C-F02A-43,Credit Card,3561.72,2024-09-20,Success
PAY109209,9209,1DD1E879-7242-4B,Cash on Delivery,1735.3,2025-02-12,Success
PAY109210,9210,DBCDE9B7-0DA2-49,Cash on Delivery,5165.82,2024-09-02,Success
PAY109211,9211,ACFC8B38-9E42-40,UPI,41780.9,2024-08-22,Success
PAY109212,9212,FF4EF9A6-4A4A-4A,Debit Card,7141.83,2026-04-02,Success
PAY109213,9213,77EC8DB3-48E8-41,Net Banking,215415.0,2025-06-20,Success
PAY109214,9214,B1163D10-D1EF-46,Credit Card,996.3,2025-09-12,Success
PAY109215,9215,87772140-1731-4A,UPI,1818.84,2025-11-04,Success
PAY109216,9216,EAEECA08-32AA-45,Cash on Delivery,94306.44,2024-11-07,Success
PAY109217,9217,5AA0B8C6-2155-43,Cash on Delivery,25682.58,2025-10-29,Success
PAY109218,9218,2B04D310-4188-4B,Credit Card,11573.28,2025-02-10,Success
PAY109219,9219,E2C4E944-DB53-42,UPI,313.26,2025-05-20,Refunded
PAY109220,9220,5063FBE4-11F3-4B,Debit Card,988.68,2024-11-21,Success
PAY109221,9221,8E75B586-2D3D-43,UPI,253770.84,2025-08-05,Success
PAY109222,9222,145E7239-7B50-49,Credit Card,872.32,2026-03-09,Success
PAY109223,9223,00F58275-5B07-4F,Net Banking,143394.3,2024-12-07,Refunded
PAY109224,9224,1FC531A4-3B97-42,Credit Card,4303.0,2026-03-11,Success
PAY109225,9225,2A38BE34-5971-41,Debit Card,732.75,2025-05-15,Success
PAY109226,9226,FE7D5A64-9FE1-4E,Net Banking,143213.2,2024-09-09,Success
PAY109227,9227,AF56DFFD-ACF7-4D,UPI,5727.57,2026-01-19,Success
PAY109228,9228,458DB7A9-C1C4-4C,Net Banking,431.34,2024-12-19,Success
PAY109229,9229,3B4CC16A-9B2A-48,UPI,5237.1,2025-08-15,Failed
PAY109230,9230,AD94BD46-D501-4C,Cash on Delivery,2546.0,2025-11-01,Success
PAY109231,9231,E97DB11E-20BD-49,Debit Card,1744.64,2025-10-27,Success
PAY109232,9232,51D7B517-8146-4A,UPI,1918.84,2026-01-26,Success
PAY109233,9233,CD1118AA-C4DA-4E,Net Banking,3294.27,2026-07-11,Refunded
PAY109234,9234,F255D83B-EE3D-49,Credit Card,532.1,2025-01-21,Refunded
PAY109235,9235,CF1A5697-89AD-49,Net Banking,798.56,2025-09-04,Failed
PAY109236,9236,384F45E1-56FF-4B,Credit Card,20147.05,2025-11-27,Failed
PAY109237,9237,D198A7CF-60BC-4C,Cash on Delivery,144805.5,2025-03-05,Success
PAY109238,9238,F42F68F7-4D71-4E,UPI,218793.15,2025-02-15,Failed
PAY109239,9239,E9A66FE9-DBE4-4D,Net Banking,4303.0,2025-08-09,Success
PAY109240,9240,40E81B53-0BE3-43,Credit Card,174866.7,2025-09-15,Success
PAY109241,9241,B2EA6D32-6874-42,Cash on Delivery,1699.32,2026-02-02,Success
PAY109242,9242,29AE8D03-6D19-4D,Debit Card,6507.6,2024-09-24,Refunded
PAY109243,9243,FF68A77A-C95F-40,Cash on Delivery,36018.0,2025-11-20,Success
PAY109244,9244,7C249CDA-2FB8-48,Cash on Delivery,8727.0,2025-05-18,Success
PAY109245,9245,0CCF7B48-6D68-41,Debit Card,312761.4,2025-05-14,Success
PAY109246,9246,2C061CE3-0DD8-4E,Credit Card,77565.04,2026-01-09,Success
PAY109247,9247,E57DB49C-98AF-45,Net Banking,186059.0,2024-07-21,Success
PAY109248,9248,745A4F58-1A17-4C,Net Banking,11109.8,2026-04-12,Refunded
PAY109249,9249,DEEBEE75-D62E-41,Credit Card,199.92,2025-07-17,Failed
PAY109250,9250,FBC0786E-F29D-4E,UPI,10668.41,2025-06-12,Success
PAY109251,9251,7254EB72-F25B-42,UPI,89091.24,2024-08-06,Failed
PAY109252,9252,53F02608-83DA-41,Credit Card,629.85,2025-10-12,Success
PAY109253,9253,F5DBA8C7-32F3-41,Net Banking,2253.6,2024-12-04,Failed
PAY109254,9254,BE28528F-2B5A-46,Cash on Delivery,21335.6,2025-05-19,Success
PAY109255,9255,381BAB13-DEFD-49,Credit Card,4587.69,2024-08-26,Success
PAY109256,9256,68AB7F7D-0169-4B,Credit Card,32665.32,2024-09-01,Success
PAY109257,9257,B0D7B0BB-CCBF-45,Debit Card,6847.4,2025-04-24,Success
PAY109258,9258,65B7957A-9A6D-4F,Cash on Delivery,2226.0,2026-03-18,Success
PAY109259,9259,1A3D5ADE-0254-43,UPI,89260.2,2025-08-17,Refunded
PAY109260,9260,11B10DF7-771C-4F,UPI,1856.79,2025-06-24,Refunded
PAY109261,9261,2BE90081-36BC-41,UPI,363131.1,2026-01-04,Success
PAY109262,9262,68B50E2A-0D56-42,Credit Card,3073.6,2024-11-01,Success
PAY109263,9263,1FBB5EDE-1250-47,Debit Card,9283.95,2024-08-21,Success
PAY109264,9264,953AF5C1-78E7-4F,Net Banking,8559.25,2025-04-07,Success
PAY109265,9265,B8989310-7798-42,Debit Card,10712.98,2025-11-17,Success
PAY109266,9266,1CC1DEA0-B85D-4A,Cash on Delivery,571.2,2026-05-16,Failed
PAY109267,9267,DB35D5F0-DB69-44,UPI,265521.2,2025-08-05,Success
PAY109268,9268,C0E2BDA3-D8F4-49,UPI,337568.7,2025-06-09,Success
PAY109269,9269,A51837DC-6C36-47,Debit Card,18037.57,2025-06-07,Success
PAY109270,9270,F1576428-BB55-46,Debit Card,11385.99,2025-05-28,Success
PAY109271,9271,718DD5C0-CA74-45,Credit Card,107429.76,2024-12-19,Success
PAY109272,9272,93227D44-5F3A-49,UPI,80572.32,2025-12-07,Failed
PAY109273,9273,AA098BF9-5429-41,Net Banking,169942.5,2026-01-25,Success
PAY109274,9274,6C813447-7727-46,Net Banking,12093.12,2024-10-22,Success
PAY109275,9275,717A7128-BC2B-46,Net Banking,161265.6,2026-02-24,Success
PAY109276,9276,4D9AB70C-749E-48,UPI,2863.8,2025-05-28,Success
PAY109277,9277,AE9D9774-3035-47,Debit Card,20192.4,2026-06-08,Refunded
PAY109278,9278,B73FCBFD-BAF7-4B,Net Banking,67513.74,2026-07-18,Success
PAY109279,9279,F87063D2-5DBC-46,Cash on Delivery,519.03,2026-02-12,Refunded
PAY109280,9280,24827488-D6CE-45,UPI,10096.2,2026-05-01,Success
PAY109281,9281,3115EB59-D708-44,Debit Card,1233.7,2026-03-20,Success
PAY109282,9282,0FA16B0C-115F-44,Cash on Delivery,2967.58,2026-02-25,Success
PAY109283,9283,C0A2084E-1B92-48,Credit Card,15208.98,2026-06-29,Success
PAY109284,9284,70117065-2B7A-4B,Net Banking,673.4,2025-11-03,Success
PAY109285,9285,5867ABB0-A093-46,Net Banking,7562.4,2025-01-31,Refunded
PAY109286,9286,C3A291E5-3570-42,Debit Card,3971.0,2025-02-06,Success
PAY109287,9287,678D47E5-E18D-49,Debit Card,11975.84,2025-08-20,Success
PAY109288,9288,008275EE-5688-48,Net Banking,1465.5,2025-03-31,Success
PAY109289,9289,D765A933-65DC-45,UPI,1821.6,2025-06-22,Success
PAY109290,9290,9D0BF7CB-8B59-44,Net Banking,9586.5,2025-01-10,Success
PAY109291,9291,F4FD4179-C045-4E,Debit Card,6871.04,2024-12-20,Success
PAY109292,9292,C0024982-4A11-49,Credit Card,718.56,2025-10-25,Success
PAY109293,9293,DDDA2B39-A5EB-46,UPI,223509.04,2026-06-15,Failed
PAY109294,9294,A28B246C-13CD-4C,Credit Card,294940.8,2024-08-02,Refunded
PAY109295,9295,173D52B9-3F9F-46,Credit Card,9792.42,2024-12-27,Failed
PAY109296,9296,4CDDD727-F626-4A,Debit Card,188612.88,2026-06-23,Success
PAY109297,9297,2F96F450-5632-4C,UPI,5678.4,2024-09-30,Refunded
PAY109298,9298,152A9442-CD56-4E,Net Banking,9329.58,2026-06-22,Success
PAY109299,9299,73CBE6C0-6633-4A,Net Banking,844.87,2026-07-02,Success
PAY109300,9300,C3DE536C-5B55-4F,Debit Card,9189.76,2026-04-22,Success
PAY109301,9301,D51E4F00-06A1-49,Debit Card,223509.04,2025-01-23,Success
PAY109302,9302,B381E74A-8847-4A,Cash on Delivery,2687.35,2025-07-11,Refunded
PAY109303,9303,D4C5776F-46A8-43,UPI,128412.9,2026-04-28,Success
PAY109304,9304,C2B93046-9C1B-48,UPI,231693.6,2025-07-23,Success
PAY109305,9305,002CF8C7-21B4-44,Cash on Delivery,728.8,2025-04-23,Success
PAY109306,9306,7AC9B785-157F-44,UPI,473240.85,2026-06-04,Success
PAY109307,9307,FAF19758-86D8-4C,UPI,2916.76,2025-08-31,Success
PAY109308,9308,F2AA640E-7763-4E,Credit Card,27110.72,2025-02-15,Failed
PAY109309,9309,D271B441-5BA9-49,Credit Card,13797.8,2025-11-28,Success
PAY109310,9310,960198F1-7353-40,Credit Card,5087.76,2025-11-28,Success
PAY109311,9311,286FD76F-2432-4C,Debit Card,512.4,2025-01-08,Failed
PAY109312,9312,2633B05D-4686-4B,Credit Card,5561.55,2025-02-17,Refunded
PAY109313,9313,C4841E79-EBE8-40,Debit Card,98257.32,2026-01-13,Failed
PAY109314,9314,C0956CA3-0052-4E,Credit Card,6393.36,2024-09-08,Success
PAY109315,9315,D56D7D08-C7E0-45,Cash on Delivery,1072.1,2025-10-05,Success
PAY109316,9316,ED01B51F-37B1-44,Credit Card,1750.64,2024-08-09,Success
PAY109317,9317,95CFA64B-A0EE-43,UPI,22593.48,2024-11-11,Failed
PAY109318,9318,0BCA0E91-3695-42,Credit Card,27515.4,2026-06-29,Success
PAY109319,9319,FBDEA0B0-AF32-44,Cash on Delivery,331901.5,2024-12-02,Success
PAY109320,9320,F348F288-F0CF-44,UPI,3320.0,2026-02-07,Success
PAY109321,9321,0C6D7355-5392-4C,Debit Card,43712.64,2025-06-30,Success
PAY109322,9322,EA5B5501-DACD-40,UPI,1048.0,2025-08-19,Success
PAY109323,9323,BF4AD1FF-1C97-49,UPI,222462.24,2024-12-16,Success
PAY109324,9324,38151141-64BB-44,Net Banking,3476.91,2024-11-15,Success
PAY109325,9325,EC346AD3-8F85-48,Credit Card,1069.2,2026-02-26,Success
PAY109326,9326,1ED7E2C4-525F-4F,Debit Card,12093.12,2026-04-22,Success
PAY109327,9327,BFB6BAAA-A934-4A,Debit Card,4303.0,2025-03-11,Success
PAY109328,9328,3A44425E-7CFE-44,Cash on Delivery,1768.8,2026-01-25,Success
PAY109329,9329,9BF8B4A8-2ABE-43,UPI,1482.0,2025-06-16,Success
PAY109330,9330,DA92EB79-B3FA-4B,Cash on Delivery,416147.05,2025-07-29,Success
PAY109331,9331,3744231F-1F6A-4D,Cash on Delivery,517.44,2025-10-25,Refunded
PAY109332,9332,25471EBA-24DB-4E,Net Banking,3578.4,2025-10-11,Success
PAY109333,9333,BBF47EAE-31A2-42,UPI,111635.4,2024-10-31,Success
PAY109334,9334,F9C0EBAB-89BE-4E,UPI,1201.31,2024-12-21,Success
PAY109335,9335,59001763-E260-47,Debit Card,197031.9,2024-10-10,Failed
PAY109336,9336,47507AF0-6B59-48,Net Banking,1007.76,2026-01-09,Success
PAY109337,9337,92C198CD-6E9F-4A,UPI,3476.91,2025-01-13,Success
PAY109338,9338,A62ABDFA-82E7-4F,Cash on Delivery,3271.32,2025-07-03,Success
PAY109339,9339,AD142925-F9DB-44,Debit Card,145862.1,2024-10-09,Success
PAY109340,9340,D362E571-5374-46,UPI,355799.2,2025-06-23,Success
PAY109341,9341,1F6B6817-8A72-4A,Cash on Delivery,72150.28,2025-11-08,Success
PAY109342,9342,88D7CEFC-5FF4-46,Debit Card,4489.2,2025-02-14,Refunded
PAY109343,9343,6A39B07F-E9E4-4C,Credit Card,199365.8,2024-11-05,Success
PAY109344,9344,D5D50CC0-F735-42,Credit Card,2253.6,2024-11-17,Success
PAY109345,9345,47F80D66-B66A-4C,Net Banking,6065.1,2024-08-12,Failed
PAY109346,9346,18C86F29-ADC5-48,Cash on Delivery,1037.4,2024-10-12,Success
PAY109347,9347,7EDD16A6-4C21-4C,Net Banking,85474.48,2025-03-23,Success
PAY109348,9348,9DB1DB4A-206D-4F,UPI,122385.21,2025-05-25,Success
PAY109349,9349,7CFE2CF3-E1EC-48,Credit Card,286426.4,2025-01-20,Success
PAY109350,9350,C569B2E6-0214-4A,Net Banking,5455.85,2024-11-14,Refunded
PAY109351,9351,8A75138E-5286-44,UPI,38022.45,2025-08-19,Success
PAY109352,9352,410092FD-F7F5-49,UPI,51597.0,2025-06-29,Success
PAY109353,9353,86B59DB3-DE82-43,Debit Card,9385.64,2025-05-16,Failed
PAY109354,9354,2B0618DB-A993-41,Credit Card,222874.0,2026-05-29,Success
PAY109355,9355,465B6536-B53A-43,Net Banking,1228.5,2025-02-23,Success
PAY109356,9356,EFA2499A-F0E8-44,Credit Card,4977.0,2024-09-10,Success
PAY109357,9357,0A36C589-E1EC-45,Cash on Delivery,10296.0,2025-04-25,Success
PAY109358,9358,2D9E8941-D805-45,UPI,200.76,2025-10-05,Success
PAY109359,9359,47B04E7A-4A97-49,Net Banking,383057.76,2026-04-20,Success
PAY109360,9360,92388A86-85D9-46,Debit Card,325041.2,2024-10-15,Success
PAY109361,9361,5C35B2C0-D115-4C,Credit Card,6365.0,2026-03-31,Success
PAY109362,9362,7DF04EB9-1021-4C,UPI,2666.4,2025-04-26,Success
PAY109363,9363,AC14689D-D847-4F,Credit Card,9479.2,2024-10-24,Success
PAY109364,9364,A54A962B-631C-4F,UPI,6365.0,2026-02-18,Success
PAY109365,9365,EA95EBBD-6AFE-41,Credit Card,17941.28,2025-07-30,Success
PAY109366,9366,D732096C-57A4-4B,Credit Card,5796.4,2025-10-04,Success
PAY109367,9367,AD8B2EFC-5F0E-4B,Debit Card,1395.24,2024-09-27,Success
PAY109368,9368,E58F4F3F-1C65-44,UPI,115049.72,2025-09-08,Success
PAY109369,9369,F075B2FC-3B72-4A,Credit Card,691.6,2024-11-01,Success
PAY109370,9370,8CBBFC2C-0B0D-45,Debit Card,11228.49,2026-01-30,Success
PAY109371,9371,D357FAA6-BF1C-43,Net Banking,15890.55,2024-09-05,Success
PAY109372,9372,93F0833A-0351-49,Net Banking,125342.7,2025-08-27,Success
PAY109373,9373,78611B27-FCA5-4A,UPI,11928.0,2026-05-29,Refunded
PAY109374,9374,381F0A88-D2C4-4A,Cash on Delivery,226491.12,2025-03-01,Success
PAY109375,9375,A25B51A5-FB2A-42,Credit Card,187656.84,2026-01-22,Success
PAY109376,9376,FC9D4316-9DFF-46,UPI,728.16,2024-12-18,Failed
PAY109377,9377,065B01F1-E406-48,Credit Card,38066.0,2026-03-28,Success
PAY109378,9378,AC1F8EE5-5204-43,Credit Card,561458.1,2026-07-14,Refunded
PAY109379,9379,FA06D01F-089E-49,Cash on Delivery,9329.58,2026-01-25,Success
PAY109380,9380,69818282-61B5-48,Net Banking,964.24,2025-02-13,Success
PAY109381,9381,DDE548D8-8ACA-4E,Net Banking,14121.25,2025-05-22,Success
PAY109382,9382,A66629B0-1FE9-4D,Credit Card,5681.6,2025-03-19,Success
PAY109383,9383,6161410E-3B53-4C,Cash on Delivery,1596.3,2025-05-12,Refunded
PAY109384,9384,D83AE866-F1BF-4F,Debit Card,327416.55,2024-08-01,Success
PAY109385,9385,116A1603-10F4-43,Net Banking,1458.38,2026-03-25,Success
PAY109386,9386,3AAE647C-B6D5-49,Debit Card,27110.72,2026-03-04,Success
PAY109387,9387,4EAE6744-2E81-46,UPI,2115.8,2025-06-22,Success
PAY109388,9388,93566DEF-12D8-47,Cash on Delivery,26213.88,2026-06-12,Success
PAY109389,9389,4FADA343-B5B4-46,Cash on Delivery,1025.46,2025-12-21,Success
PAY109390,9390,5EDC7DAD-1C97-4C,UPI,2154.33,2026-01-07,Success
PAY109391,9391,0704F9D5-945E-43,UPI,2276.64,2025-03-03,Success
PAY109392,9392,CFD703EC-415E-4D,Credit Card,7427.16,2024-10-22,Refunded
PAY109393,9393,947D02AE-5C94-4D,Debit Card,4981.98,2025-09-13,Success
PAY109394,9394,5D02CB55-BAE4-40,Net Banking,222660.0,2024-08-15,Success
PAY109395,9395,79BA2B65-0FCE-48,Credit Card,214819.8,2025-03-04,Success
PAY109396,9396,F177554F-0FE5-49,Net Banking,173770.2,2025-11-21,Success
PAY109397,9397,E6F98EFD-F9B7-4F,Credit Card,191528.88,2026-06-27,Success
PAY109398,9398,DA35B5CA-671C-4D,Credit Card,4417.12,2025-06-10,Success
PAY109399,9399,B12B0671-CEE6-4E,Credit Card,335095.9,2025-10-02,Refunded
PAY109400,9400,4330FA80-2F6F-44,Net Banking,4594.88,2026-01-16,Success
PAY109401,9401,12C29800-ACE3-47,Debit Card,6663.06,2025-07-12,Success
PAY109402,9402,C3D9EE3C-929C-4E,Net Banking,12980.8,2025-10-29,Success
PAY109403,9403,F69160E7-C43C-4E,Cash on Delivery,185500.3,2026-01-04,Failed
PAY109404,9404,BEAF8C4D-F3B6-48,Debit Card,3972.0,2025-10-10,Refunded
PAY109405,9405,398E9DB4-4A17-43,Debit Card,3615.3,2024-08-22,Success
PAY109406,9406,FF19EEFD-9673-40,Cash on Delivery,36075.14,2025-11-05,Refunded
PAY109407,9407,3FE5B57D-F385-48,Debit Card,4002.0,2026-06-23,Success
PAY109408,9408,6AC7E1C7-A1B8-4D,Debit Card,169180.56,2025-03-11,Success
PAY109409,9409,1CAFCF2F-A5F6-48,Net Banking,45214.4,2024-12-13,Failed
PAY109410,9410,3C9E9A2B-64A2-4A,Credit Card,1367.84,2025-10-31,Refunded
PAY109411,9411,B74EEA59-2529-49,Debit Card,732.75,2025-02-08,Success
PAY109412,9412,5D0B80CC-3C54-49,Credit Card,139893.36,2026-05-13,Success
PAY109413,9413,7FA17EEA-CA8D-4A,UPI,479.52,2025-12-17,Success
PAY109414,9414,6F28E3A2-FA1A-4A,Net Banking,3514.68,2026-01-07,Refunded
PAY109415,9415,D46F03DC-7E8E-47,Net Banking,15578.64,2025-08-28,Success
PAY109416,9416,8C3C489C-C399-4A,Credit Card,10928.16,2025-04-16,Success
PAY109417,9417,F8946420-A305-4A,Cash on Delivery,13740.48,2025-03-24,Refunded
PAY109418,9418,81E68166-91A1-4F,UPI,1977.36,2025-11-29,Failed
PAY109419,9419,7C5D9360-B92C-4A,Net Banking,38547.96,2025-04-23,Success
PAY109420,9420,C3013D3F-A758-43,Debit Card,7244.6,2025-05-28,Success
PAY109421,9421,8FDA71E4-2EF6-42,Credit Card,375.92,2025-07-26,Success
PAY109422,9422,35CD0F70-2B64-46,Debit Card,626.94,2024-12-05,Success
PAY109423,9423,BBD9A22F-7C1A-4A,Debit Card,4648.0,2025-08-13,Success
PAY109424,9424,0087C812-EB34-4D,Net Banking,1674.75,2025-12-01,Success
PAY109425,9425,D0EA5890-2575-44,Credit Card,2544.48,2025-09-04,Success
PAY109426,9426,0E67435D-7DC6-45,UPI,1977.76,2025-11-10,Success
PAY109427,9427,F0FA54F3-6AB0-4C,Credit Card,723.06,2025-04-19,Refunded
PAY109428,9428,249C1E8F-3C6D-4C,Cash on Delivery,561.0,2026-01-04,Success
PAY109429,9429,F72822F8-DB17-48,Net Banking,1736.0,2025-07-02,Failed
PAY109430,9430,7EC7A711-697A-41,UPI,1362.2,2024-08-03,Success
PAY109431,9431,AD0698D5-A375-47,Debit Card,8652.0,2025-12-20,Failed
PAY109432,9432,BF25B516-817E-43,UPI,8726.32,2025-02-26,Success
PAY109433,9433,D29E4E91-0302-43,Net Banking,3603.93,2024-09-20,Refunded
PAY109434,9434,E0028F1D-8238-4F,Debit Card,8470.28,2024-07-21,Success
PAY109435,9435,5A760A2F-10DB-4B,Cash on Delivery,4002.0,2024-12-29,Success
PAY109436,9436,91B914C1-C0E5-48,UPI,113092.32,2024-09-16,Success
PAY109437,9437,FEC1AF15-4F3E-4D,UPI,15907.5,2025-03-14,Success
PAY109438,9438,E4C65E09-DD1E-45,Debit Card,5678.4,2025-01-17,Success
PAY109439,9439,C2B7F1FE-3D6B-4F,Credit Card,6790.08,2025-09-21,Success
PAY109440,9440,BFD6C165-CE63-44,UPI,12705.42,2025-03-29,Refunded
PAY109441,9441,F9819EE3-DD8B-4F,Net Banking,2591.6,2026-02-13,Success
PAY109442,9442,AE6B6CD4-6795-4F,UPI,12752.97,2026-06-28,Success
PAY109443,9443,85B094AE-27AC-48,Net Banking,25240.5,2025-04-07,Success
PAY109444,9444,EE0D69FA-1391-4E,Debit Card,6047.7,2026-07-07,Success
PAY109445,9445,ACF5BD30-0F29-49,UPI,21318.0,2024-08-31,Success
PAY109446,9446,761E228A-C4B0-49,Net Banking,3015.52,2025-01-02,Refunded
PAY109447,9447,E83C84A1-20F1-4D,Cash on Delivery,23254.4,2026-05-20,Success
PAY109448,9448,6A84EF9F-8CEF-47,Net Banking,747.96,2026-04-28,Refunded
PAY109449,9449,B83ECF57-C376-4A,Cash on Delivery,1372.28,2026-01-31,Success
PAY109450,9450,E1633C96-9BC3-46,Net Banking,592.8,2025-11-21,Success
PAY109451,9451,2591950A-ABC9-40,Cash on Delivery,244610.7,2025-02-20,Success
PAY109452,9452,9E28A1BE-647F-4F,Credit Card,1596.3,2024-12-15,Success
PAY109453,9453,0CE681AA-36B4-43,UPI,4420.8,2026-06-30,Success
PAY109454,9454,6BF2279A-09C4-4D,Net Banking,1729.8,2026-02-12,Success
PAY109455,9455,0148374C-EA26-48,Net Banking,17452.64,2024-12-11,Failed
PAY109456,9456,3E619EFF-12A7-4E,UPI,493.02,2025-08-25,Success
PAY109457,9457,E69FF450-7D7C-49,Net Banking,65677.3,2026-06-16,Refunded
PAY109458,9458,6E4ACC39-A948-4B,Cash on Delivery,156.63,2025-02-22,Success
PAY109459,9459,5014C27B-DD79-48,Net Banking,1844.08,2024-09-24,Success
PAY109460,9460,01DB8D96-F46A-4D,UPI,4174.56,2025-01-11,Success
PAY109461,9461,FBDEE2EE-3BBA-40,Debit Card,9176.0,2026-07-07,Refunded
PAY109462,9462,A5E35F98-8502-4E,Debit Card,2403.8,2026-04-25,Failed
PAY109463,9463,0FA452B0-1BED-4F,Cash on Delivery,4103.8,2025-09-28,Success
PAY109464,9464,7ADE8184-851B-4E,Net Banking,1391.65,2024-11-27,Success
PAY109465,9465,B73B31C6-F265-47,UPI,15116.4,2026-07-14,Refunded
PAY109466,9466,EFA5C963-3499-47,Debit Card,4314.9,2025-01-07,Success
PAY109467,9467,29D22497-841E-47,UPI,6006.55,2025-07-15,Refunded
PAY109468,9468,0C6F2F7E-6F46-41,Debit Card,146996.25,2024-09-29,Success
PAY109469,9469,9E25E1F2-22D0-49,Cash on Delivery,2901.36,2025-02-16,Success
PAY109470,9470,8A2ECF43-1980-48,Cash on Delivery,1253.88,2025-10-22,Success
PAY109471,9471,F3293334-F747-40,Credit Card,74220.0,2025-03-11,Success
PAY109472,9472,253BB75A-AC90-4F,Credit Card,9636.99,2025-05-26,Refunded
PAY109473,9473,2D5CD7E8-8AE0-41,Credit Card,1917.3,2025-02-22,Refunded
PAY109474,9474,7148794E-9E34-46,Credit Card,4347.3,2024-10-02,Success
PAY109475,9475,F33D9E18-5E65-4D,Debit Card,20416.0,2025-03-16,Success
PAY109476,9476,3A047D36-4987-4D,UPI,1281.0,2025-03-04,Success
PAY109477,9477,9B63C1EA-BFF1-4E,Credit Card,957.76,2024-11-28,Success
PAY109478,9478,AC3EC140-8308-40,Debit Card,2377.95,2026-01-05,Success
PAY109479,9479,63EE5654-DE5C-46,Cash on Delivery,1297.2,2025-09-18,Success
PAY109480,9480,1064DDEF-374F-4A,Net Banking,1599.84,2025-06-30,Failed
PAY109481,9481,49E6555D-606F-48,Net Banking,2805.0,2026-01-26,Refunded
PAY109482,9482,F5E88902-3A2D-4C,Net Banking,3405.6,2025-01-18,Success
PAY109483,9483,C38748C2-80D2-4E,UPI,5294.38,2025-01-05,Failed
PAY109484,9484,32A076A2-70A3-43,Debit Card,11207.35,2025-07-21,Success
PAY109485,9485,A8440624-CD92-4D,Net Banking,6663.06,2025-05-13,Success
PAY109486,9486,C4DFE271-0869-43,Net Banking,1415.04,2025-09-04,Success
PAY109487,9487,66DF44D9-5A89-4D,Debit Card,908.52,2026-04-23,Refunded
PAY109488,9488,B6B9645A-2DD2-4E,UPI,2759.56,2026-07-10,Success
PAY109489,9489,D91DBE2A-6F93-4D,UPI,74485.86,2025-03-18,Success
PAY109490,9490,5875FCF7-A9BD-4B,Cash on Delivery,298282.14,2025-12-22,Success
PAY109491,9491,6E0F0666-5445-4F,Debit Card,614.25,2024-09-10,Failed
PAY109492,9492,0BFECCCE-52CD-44,Net Banking,523662.8,2024-12-07,Success
PAY109493,9493,182947D6-B479-4B,Net Banking,169496.1,2024-09-02,Success
PAY109494,9494,20A826C1-6170-4E,Net Banking,234.9,2025-10-12,Failed
PAY109495,9495,9213FFFB-BD4C-41,Cash on Delivery,422.64,2024-10-07,Success
PAY109496,9496,C3175F60-2409-4D,Debit Card,11975.84,2026-06-09,Success
PAY109497,9497,4629FC08-C6D0-49,Credit Card,58798.5,2025-08-16,Success
PAY109498,9498,DB626074-A878-4C,Debit Card,38042.4,2025-08-18,Success
PAY109499,9499,EEE9CE29-B2EE-47,Cash on Delivery,2842.14,2025-05-21,Success
PAY109500,9500,EB3A4BEF-057D-45,Credit Card,1346.8,2025-11-21,Success
PAY109501,9501,44A8336E-7150-41,UPI,1909.19,2024-07-22,Refunded
PAY109502,9502,23913413-7648-4E,Credit Card,7481.88,2026-02-13,Success
PAY109503,9503,DD9460C7-43F9-4A,Debit Card,717.36,2026-03-31,Success
PAY109504,9504,29EC672C-0100-4C,Cash on Delivery,489540.84,2025-11-12,Success
PAY109505,9505,44417210-3442-40,Cash on Delivery,2477.16,2024-11-10,Success
PAY109506,9506,BB53D183-7997-43,UPI,93.24,2025-06-15,Success
PAY109507,9507,5852499C-1D05-4F,Net Banking,2901.36,2026-07-05,Failed
PAY109508,9508,1F0F2D51-D014-44,Cash on Delivery,1922.1,2026-04-13,Success
PAY109509,9509,95BED397-EA8A-42,Cash on Delivery,20989.5,2026-06-01,Success
PAY109510,9510,73ABA0F0-1DA9-48,Debit Card,2305.2,2025-08-01,Success
PAY109511,9511,138843FD-9677-4A,Cash on Delivery,189296.34,2024-12-16,Success
PAY109512,9512,419217F2-644D-4B,Net Banking,54529.8,2025-05-20,Success
PAY109513,9513,1E8310EC-4ACB-41,UPI,1729.0,2026-06-20,Success
PAY109514,9514,1597C925-F5B1-48,Credit Card,110702.28,2025-07-06,Success
PAY109515,9515,6F1B6F6C-ACF5-46,Debit Card,5378.75,2026-02-07,Success
PAY109516,9516,CC0A6F77-ADB5-4F,Credit Card,2131.6,2024-10-31,Refunded
PAY109517,9517,EAC5323C-5FC8-49,Debit Card,33888.4,2024-08-23,Success
PAY109518,9518,26EAC464-8180-40,Net Banking,101965.5,2026-05-11,Refunded
PAY109519,9519,F02B7492-2B52-4C,UPI,596.16,2025-12-19,Success
PAY109520,9520,D1C6AE8E-D728-42,Net Banking,298282.14,2025-01-22,Success
PAY109521,9521,560469CA-BFA0-4C,UPI,16107.84,2024-10-24,Success
PAY109522,9522,910862FF-4118-4A,Cash on Delivery,5673.24,2024-08-01,Success
PAY109523,9523,5BE90679-F20A-4C,Cash on Delivery,2236.72,2025-12-23,Failed
PAY109524,9524,0193BFA0-8D80-43,Net Banking,163814.04,2024-10-27,Success
PAY109525,9525,6DBE58C8-BA57-4D,Net Banking,8981.88,2024-12-30,Success
PAY109526,9526,7706B24A-5315-48,Net Banking,5103.15,2024-08-30,Success
PAY109527,9527,D54B0496-95FC-46,Cash on Delivery,2739.3,2025-06-08,Refunded
PAY109528,9528,73D09EDB-5A88-4B,UPI,6990.4,2024-10-20,Success
PAY109529,9529,29537638-6C5E-4A,Credit Card,77303.2,2026-02-19,Success
PAY109530,9530,F050655B-E7BA-46,Net Banking,9141.5,2025-09-09,Success
PAY109531,9531,5C92530F-B33C-4C,Cash on Delivery,652.8,2026-01-17,Failed
PAY109532,9532,F82478E3-117D-44,Credit Card,38042.4,2026-02-11,Success
PAY109533,9533,2B8932D6-A5F8-43,Net Banking,1165.92,2026-04-20,Success
PAY109534,9534,9DA6F23F-4623-49,Net Banking,143213.2,2026-06-11,Refunded
PAY109535,9535,61F49EB0-9AF2-4E,UPI,42562.0,2024-09-12,Success
PAY109536,9536,ACDEC20C-4E74-49,Cash on Delivery,2007.92,2025-09-27,Success
PAY109537,9537,40562395-C2AC-4E,Net Banking,547.86,2025-04-17,Refunded
PAY109538,9538,D29D60D8-084D-4D,Debit Card,387825.2,2025-08-12,Success
PAY109539,9539,F9C77287-6C0F-46,Net Banking,6847.4,2026-01-22,Success
PAY109540,9540,60D2D5A0-4FBF-49,UPI,226491.12,2026-05-25,Success
PAY109541,9541,F64587FB-E181-4F,UPI,1288.98,2025-02-14,Failed
PAY109542,9542,7C6DD439-8B7B-4B,Net Banking,1072.4,2026-04-29,Refunded
PAY109543,9543,051A0690-E571-49,Debit Card,1632.0,2025-02-19,Success
PAY109544,9544,47836828-4EAA-46,Cash on Delivery,718.56,2026-07-07,Success
PAY109545,9545,9540D163-B1E0-40,Cash on Delivery,751.2,2024-12-06,Success
PAY109546,9546,1F718630-7B25-47,UPI,415489.9,2025-05-07,Failed
PAY109547,9547,26B125ED-F957-48,Cash on Delivery,148847.2,2025-12-01,Success
PAY109548,9548,D2C19FBB-1178-45,Credit Card,3644.0,2024-08-01,Failed
PAY109549,9549,D24506D1-507B-40,Cash on Delivery,1928.88,2025-08-31,Success
PAY109550,9550,C9DDD486-A307-42,Credit Card,1538.32,2025-04-15,Refunded
PAY109551,9551,985AC8F5-8F32-42,Cash on Delivery,3002.2,2025-11-13,Failed
PAY109552,9552,BA60823D-4076-4B,Net Banking,8433.0,2026-05-06,Success
PAY109553,9553,CF318438-C013-44,Credit Card,3645.95,2025-11-18,Success
PAY109554,9554,DBA57644-B8DD-46,Debit Card,113115.69,2025-04-20,Refunded
PAY109555,9555,D448CC57-0921-4D,UPI,5681.6,2025-09-10,Success
PAY109556,9556,49DCA3F1-25D5-4D,Credit Card,2174.73,2025-11-12,Success
PAY109557,9557,6E923236-DB5A-40,UPI,6947.1,2024-11-08,Success
PAY109558,9558,BBFEC484-C391-48,Debit Card,571.2,2026-02-10,Success
PAY109559,9559,3FA53B73-639B-4A,Cash on Delivery,1048.0,2025-02-17,Success
PAY109560,9560,9BEF423E-CD85-49,Credit Card,2151.5,2025-11-13,Failed
PAY109561,9561,A1263639-0EEE-42,Credit Card,4260.0,2024-11-14,Success
PAY109562,9562,7882D1EC-303E-4E,Debit Card,15245.01,2024-11-29,Success
PAY109563,9563,4B07A59C-102D-42,UPI,4942.0,2026-03-25,Success
PAY109564,9564,AF966EAA-8BCE-4D,Credit Card,13690.0,2025-04-13,Success
PAY109565,9565,11D381F4-B974-44,Net Banking,263611.04,2026-01-13,Success
PAY109566,9566,439DE06D-6F58-46,Cash on Delivery,10519.0,2026-04-02,Failed
PAY109567,9567,AEA2D572-DACC-49,UPI,1656.0,2025-04-09,Success
PAY109568,9568,C6B560A1-724B-44,Cash on Delivery,35507.4,2025-07-29,Success
PAY109569,9569,3A3C64E4-C212-47,Debit Card,1528.8,2026-04-05,Success
PAY109570,9570,4C5C50EB-01BA-46,Net Banking,187852.24,2024-11-12,Success
PAY109571,9571,289A50B7-04D6-42,Credit Card,249688.23,2026-03-20,Failed
PAY109572,9572,DFE49388-BFEC-4F,Credit Card,22219.6,2026-04-03,Success
PAY109573,9573,FE61DF07-2243-48,UPI,1596.3,2026-05-28,Success
PAY109574,9574,7456516F-94C3-48,Cash on Delivery,6724.41,2025-08-19,Success
PAY109575,9575,6E2FFA35-FC2C-4C,Credit Card,340.68,2026-03-25,Success
PAY109576,9576,10BE9FDC-D35B-42,Credit Card,33899.22,2024-10-28,Refunded
PAY109577,9577,DDB69C4A-6E60-49,Credit Card,2233.8,2025-09-19,Refunded
PAY109578,9578,864DEBBE-5FB2-4A,Net Banking,2001.0,2024-11-18,Refunded
PAY109579,9579,C4E218C8-C0EA-44,Net Banking,114923.4,2025-11-09,Success
PAY109580,9580,0189C6B6-CB44-4A,Debit Card,4987.92,2025-11-28,Success
PAY109581,9581,5395F66D-CB9B-46,Cash on Delivery,1911.6,2026-04-12,Success
PAY109582,9582,91AA3B3E-B724-4F,Net Banking,1174.5,2026-01-07,Success
PAY109583,9583,B720E63C-1DC0-4D,Debit Card,355799.2,2026-06-06,Failed
PAY109584,9584,B0FFFAFD-CFA2-44,Net Banking,27774.5,2026-02-19,Success
PAY109585,9585,9A621A9D-D395-40,Credit Card,1632.0,2026-04-25,Success
PAY109586,9586,4FD342DB-A43D-44,Debit Card,28762.43,2026-07-18,Success
PAY109587,9587,DA788D1D-61D9-48,Net Banking,1072.1,2024-08-03,Success
PAY109588,9588,DDF0050D-A4D0-40,Debit Card,4243.04,2025-09-18,Success
PAY109589,9589,DFEBC84C-F72B-4E,UPI,1162.0,2026-01-06,Success
PAY109590,9590,0F4C59A9-08AA-41,Debit Card,5100.0,2025-10-04,Success
PAY109591,9591,5FD036A1-CCF4-41,Debit Card,8841.6,2025-06-17,Success
PAY109592,9592,6C9603FF-B641-4A,Debit Card,1275.0,2026-07-06,Success
PAY109593,9593,1B93B278-2D20-46,Cash on Delivery,344.96,2025-05-05,Success
PAY109594,9594,1BB3D5B6-A436-40,Debit Card,66380.3,2024-11-13,Success
PAY109595,9595,475748A3-36B5-48,Net Banking,36353.2,2026-05-30,Failed
PAY109596,9596,B5787CDF-C63D-4B,Debit Card,1434.72,2026-06-01,Success
PAY109597,9597,84F2BAB1-445A-4C,UPI,437581.76,2025-09-17,Failed
PAY109598,9598,B8C42BF3-703E-41,Credit Card,3963.25,2026-01-01,Success
PAY109599,9599,81843435-327A-48,Debit Card,559.18,2024-09-16,Refunded
PAY109600,9600,FDD8D9CB-508F-43,Net Banking,11555.75,2026-01-12,Success
PAY109601,9601,E46992FA-03C8-43,UPI,825.72,2025-07-01,Refunded
PAY109602,9602,E06FE9EB-83DC-4A,Debit Card,1928.48,2024-12-01,Success
PAY109603,9603,807679C1-7434-4A,Cash on Delivery,9329.58,2026-06-07,Success
PAY109604,9604,69A08E43-A986-41,Cash on Delivery,6098.75,2026-03-26,Success
PAY109605,9605,C45109D1-3A6A-41,UPI,1039.2,2024-09-09,Success
PAY109606,9606,A3432180-6B05-4B,Credit Card,251312.16,2026-03-13,Success
PAY109607,9607,19F5E41F-29E1-4E,Debit Card,43641.0,2025-12-25,Success
PAY109608,9608,FFF51A0A-516B-44,UPI,1957.5,2026-04-29,Failed
PAY109609,9609,1976501E-8548-4D,Credit Card,2256.56,2026-05-17,Failed
PAY109610,9610,E6537725-8F03-43,Credit Card,9097.65,2025-11-20,Success
PAY109611,9611,64AD7FEA-1AD3-4D,Debit Card,2291.04,2025-02-11,Success
PAY109612,9612,0DD84CBF-B709-45,Credit Card,39222.48,2024-12-08,Success
PAY109613,9613,20C86710-AEDB-44,Debit Card,523662.8,2024-10-14,Success
PAY109614,9614,77574CCC-54F8-4A,Net Banking,57.42,2025-06-17,Success
PAY109615,9615,23809E06-C989-4E,Credit Card,4614.96,2025-08-10,Success
PAY109616,9616,D8D177B4-EC4D-44,Credit Card,17384.82,2024-10-09,Success
PAY109617,9617,59950997-9B31-4D,Cash on Delivery,298438.8,2025-09-17,Success
PAY109618,9618,A6E440DE-A77F-44,Debit Card,2858.52,2024-11-08,Refunded
PAY109619,9619,18E85548-3DCB-49,Net Banking,2878.26,2025-03-16,Success
PAY109620,9620,9DDC05F5-3C09-4E,UPI,233.1,2025-04-14,Success
PAY109621,9621,FCA8793C-CE16-4D,Cash on Delivery,110702.28,2025-12-28,Refunded
PAY109622,9622,03C66955-56D6-4C,UPI,7564.32,2025-01-29,Success
PAY109623,9623,06197233-5496-4A,Credit Card,7313.2,2025-03-12,Success
PAY109624,9624,65F17589-C299-44,Cash on Delivery,2820.7,2025-01-05,Refunded
PAY109625,9625,1DF7F451-6F5C-40,UPI,482.22,2026-07-05,Success
PAY109626,9626,C016831D-9CA1-4B,Debit Card,3314.46,2025-02-09,Success
PAY109627,9627,CE01C994-8FB7-4A,Debit Card,6553.47,2025-02-08,Success
PAY109628,9628,15DC200D-4F3F-46,Cash on Delivery,5872.86,2024-07-26,Failed
PAY109629,9629,8D380480-9815-41,Debit Card,42737.24,2025-11-17,Success
PAY109630,9630,DE5FFD9E-114F-46,Debit Card,2181.75,2025-03-28,Refunded
PAY109631,9631,95BEB132-5C85-4F,Debit Card,21282.3,2026-04-03,Success
PAY109632,9632,DCD5257C-5C50-42,Credit Card,11006.16,2026-06-29,Success
PAY109633,9633,F5430644-4F64-42,Debit Card,5616.0,2026-01-01,Success
PAY109634,9634,5AE28104-D842-49,Net Banking,3227.25,2024-09-13,Success
PAY109635,9635,29EEC2AA-A249-4C,Credit Card,83770.72,2026-04-23,Success
PAY109636,9636,005DEDA7-8808-4F,Net Banking,37211.8,2026-04-11,Success
PAY109637,9637,27DF34FB-3874-47,Debit Card,245484.0,2025-01-17,Success
PAY109638,9638,6EB85184-02DA-41,Debit Card,1538.32,2025-11-07,Refunded
PAY109639,9639,CABE141F-ECA3-40,Debit Card,163762.2,2025-05-17,Success
PAY109640,9640,89E0C779-8ABD-41,Debit Card,1122.0,2024-08-05,Success
PAY109641,9641,DF298801-4655-49,UPI,212810.0,2025-05-19,Success
PAY109642,9642,7BE6C8D9-2B63-4B,Net Banking,1072.4,2026-03-11,Success
PAY109643,9643,871FD63B-536F-42,Cash on Delivery,3742.83,2025-12-11,Refunded
PAY109644,9644,74CC7A2E-AA0B-48,UPI,4291.1,2026-04-24,Success
PAY109645,9645,A26977B9-7845-41,Debit Card,4991.4,2024-12-11,Success
PAY109646,9646,678F4C7C-1E04-40,Debit Card,1679.6,2025-11-08,Success
PAY109647,9647,BD373F56-F87F-46,UPI,933.88,2025-06-11,Success
PAY109648,9648,BE6A64D6-621E-47,UPI,14283.66,2024-11-18,Success
PAY109649,9649,3393265E-3338-44,Net Banking,11228.49,2025-11-19,Success
PAY109650,9650,E4234AFD-213A-46,Debit Card,86884.96,2024-11-03,Refunded
PAY109651,9651,0BD86844-AC5D-48,Debit Card,539.5,2025-08-23,Success
PAY109652,9652,ACF99070-F6F0-4F,Cash on Delivery,376539.8,2024-12-27,Success
PAY109653,9653,DB06E7A1-F92E-49,Net Banking,11550.24,2025-08-16,Success
PAY109654,9654,FC6F0F41-FCE2-46,Credit Card,3170.6,2024-11-28,Refunded
PAY109655,9655,E3AC6E95-0B7B-4C,UPI,32767.35,2025-02-05,Success
PAY109656,9656,892276FF-700E-4D,Credit Card,137342.32,2025-06-26,Success
PAY109657,9657,DFABAD72-5D85-41,UPI,226184.64,2025-08-13,Failed
PAY109658,9658,6C283543-9C59-4A,Cash on Delivery,35882.56,2024-12-24,Success
PAY109659,9659,7CF1B96B-915A-43,Net Banking,7156.8,2024-10-25,Success
PAY109660,9660,7061C7C9-4A58-4D,Cash on Delivery,163814.04,2026-06-13,Failed
PAY109661,9661,958C290D-9907-46,UPI,723.06,2025-05-04,Success
PAY109662,9662,E61ED23E-4680-46,UPI,4224.35,2026-03-29,Success
PAY109663,9663,CD582D7F-0757-42,Debit Card,13272.48,2026-03-26,Success
PAY109664,9664,8D6F772C-0A84-41,Credit Card,26291.3,2025-04-01,Success
PAY109665,9665,AAD9B93D-0F31-44,Net Banking,5186.94,2025-12-17,Failed
PAY109666,9666,3147A105-10D2-4D,UPI,98257.32,2024-09-02,Success
PAY109667,9667,E1489674-E045-45,Net Banking,7894.95,2025-09-29,Failed
PAY109668,9668,2DD91C4C-4C0E-46,Cash on Delivery,2863.8,2026-04-29,Success
PAY109669,9669,E62810D1-6918-4F,Net Banking,26213.88,2024-12-06,Success
PAY109670,9670,A97EE044-882E-4E,UPI,1911.6,2026-03-14,Success
PAY109671,9671,BA869390-75AD-4B,Debit Card,3585.15,2025-12-24,Success
PAY109672,9672,7ABD9487-D802-43,UPI,1415.04,2025-01-17,Success
PAY109673,9673,365880F0-EC90-4F,Credit Card,988.88,2026-07-14,Refunded
PAY109674,9674,BE5DC7EC-8CB0-4A,Debit Card,3349.5,2025-05-10,Failed
PAY109675,9675,AA1A7CB2-5A5F-4F,Credit Card,1355.94,2026-01-20,Success
PAY109676,9676,8323D721-3BC4-4D,Debit Card,1434.72,2025-04-23,Success
PAY109677,9677,C709C281-A594-45,Debit Card,8727.0,2025-11-19,Success
PAY109678,9678,E81D2905-F319-44,UPI,114.84,2026-06-16,Success
PAY109679,9679,F07204C9-54CD-41,Net Banking,2471.7,2025-12-26,Success
PAY109680,9680,62EB4ECA-B54B-40,UPI,3460.32,2026-03-04,Success
PAY109681,9681,487FA92E-32D7-48,Credit Card,554.76,2026-04-24,Refunded
PAY109682,9682,DFD5CCD5-6521-48,Debit Card,140.89,2025-09-01,Success
PAY109683,9683,6018E357-CA0A-48,Debit Card,3468.0,2025-07-15,Failed
PAY109684,9684,904FAA2C-A098-4A,Debit Card,14245.0,2026-02-05,Failed
PAY109685,9685,FECE2884-81E6-42,Net Banking,1233.7,2025-09-10,Success
PAY109686,9686,23011C1F-E1C4-47,UPI,3825.0,2025-05-10,Success
PAY109687,9687,DCC6E9AC-5941-43,Cash on Delivery,4482.94,2025-06-13,Success
PAY109688,9688,9DA117CF-9D53-4D,Cash on Delivery,3271.32,2025-07-04,Success
PAY109689,9689,1C623B6B-7E81-49,Debit Card,18100.08,2024-10-01,Failed
PAY109690,9690,29FB4A48-4265-44,Credit Card,276755.7,2025-05-18,Refunded
PAY109691,9691,46997875-9886-46,Debit Card,282730.8,2024-10-01,Failed
PAY109692,9692,85B7B176-6EF8-4E,UPI,921.6,2025-05-15,Success
PAY109693,9693,0988F22D-CFC6-47,Net Banking,172.26,2025-08-23,Failed
PAY109694,9694,3ABF4608-284B-45,Debit Card,6393.36,2024-08-28,Success
PAY109695,9695,8CBBD395-7423-49,Credit Card,5958.0,2024-12-08,Success
PAY109696,9696,7DC83A26-F3CF-4C,Cash on Delivery,463469.3,2025-12-08,Success
PAY109697,9697,1F9530F8-27A8-49,Net Banking,244770.42,2026-04-08,Success
PAY109698,9698,063739D9-C165-42,Credit Card,7937.6,2026-03-31,Success
PAY109699,9699,E1BF373E-7B01-4B,Debit Card,226184.64,2025-07-25,Success
PAY109700,9700,AE5CFBE6-8674-4A,Credit Card,3468.35,2026-05-21,Refunded
PAY109701,9701,A5BDD047-F000-4D,UPI,2196.18,2026-06-14,Success
PAY109702,9702,672EAC4A-C6C8-47,Net Banking,99479.6,2026-03-03,Failed
PAY109703,9703,A65F30C6-75CD-4E,Cash on Delivery,1703.4,2026-04-11,Refunded
PAY109704,9704,E6DC22B2-D2BA-44,Net Banking,152169.6,2026-03-22,Success
PAY109705,9705,1FD9DB9B-BEDF-48,UPI,113198.56,2024-09-19,Success
PAY109706,9706,632DE137-3EF6-4F,Credit Card,3435.52,2025-01-25,Success
PAY109707,9707,4603828F-F9DC-42,Credit Card,33888.4,2024-08-17,Success
PAY109708,9708,448F42E8-DDEB-42,UPI,1635.66,2025-03-21,Success
PAY109709,9709,636F42FC-87E3-49,Cash on Delivery,3578.4,2024-08-21,Success
PAY109710,9710,BFBDF1E8-B0E5-44,Net Banking,249293.94,2024-08-04,Success
PAY109711,9711,2C1CFF87-CDFF-4B,Debit Card,7405.2,2025-11-11,Success
PAY109712,9712,DC2D3F02-2A13-45,Net Banking,333854.79,2025-07-04,Success
PAY109713,9713,A444173F-819D-44,UPI,422780.48,2024-12-11,Success
PAY109714,9714,A31658ED-7F25-49,Net Banking,572.76,2026-03-18,Refunded
PAY109715,9715,279E9F22-9119-41,Net Banking,2993.96,2026-04-10,Failed
PAY109716,9716,03C8FB52-D820-46,Credit Card,131805.52,2026-07-17,Success
PAY109717,9717,EE55D849-90E3-49,Debit Card,1173.84,2026-03-17,Success
PAY109718,9718,8AD03563-414E-4A,Net Banking,2284.1,2026-07-15,Success
PAY109719,9719,B15F713C-1DB7-47,Debit Card,2219.04,2026-06-27,Success
PAY109720,9720,D4536A24-1CC5-4F,UPI,15208.98,2026-04-03,Success
PAY109721,9721,DB73D0F6-A516-4F,UPI,5294.38,2025-08-09,Success
PAY109722,9722,0BB537F8-BDC8-41,UPI,478822.2,2024-08-12,Failed
PAY109723,9723,6BA740A7-E6D8-4F,Cash on Delivery,3819.0,2025-11-29,Failed
PAY109724,9724,A7351B30-B40B-4A,UPI,7654.5,2024-11-22,Success
PAY109725,9725,C5425224-A185-42,Credit Card,992.75,2025-11-30,Success
PAY109726,9726,56F8252D-3A2B-4B,Net Banking,10738.56,2026-06-05,Success
PAY109727,9727,5DE31FCF-C012-46,UPI,11550.24,2025-10-23,Success
PAY109728,9728,0451D421-8048-43,Net Banking,2962.08,2025-06-04,Success
PAY109729,9729,BCE59EE5-A047-42,UPI,18698.08,2025-09-23,Success
PAY109730,9730,F124ED83-41A5-47,Debit Card,188612.88,2025-08-11,Success
PAY109731,9731,42393386-D910-46,Net Banking,41911.3,2025-10-07,Success
PAY109732,9732,1AEB04E4-E014-4A,Debit Card,1272.24,2025-05-26,Success
PAY109733,9733,6CC52251-870B-4A,Credit Card,556424.65,2026-07-03,Success
PAY109734,9734,275C5BA7-7F9B-45,Credit Card,751.2,2025-08-14,Success
PAY109735,9735,3B3A4123-9145-4A,Credit Card,1633.05,2025-03-24,Success
PAY109736,9736,BDECD7C6-4624-4A,Credit Card,226184.64,2026-05-08,Success
PAY109737,9737,6D3BE881-79B6-4C,UPI,8419.4,2025-10-18,Success
PAY109738,9738,0BC05731-11B2-40,Credit Card,35507.4,2026-03-06,Failed
PAY109739,9739,EEB00DB6-AD4A-48,Credit Card,3603.93,2024-10-26,Success
PAY109740,9740,A3B0DFD3-21A7-48,Debit Card,2457.0,2024-12-07,Success
PAY109741,9741,BC29F02D-7C7A-4B,Net Banking,8278.68,2025-07-08,Failed
PAY109742,9742,2F781D33-78EE-48,Credit Card,295.4,2025-09-27,Success
PAY109743,9743,97D2B65E-E37F-41,Debit Card,104732.56,2026-06-06,Success
PAY109744,9744,004E5E0D-E02A-43,UPI,990.0,2025-08-03,Success
PAY109745,9745,B5B1277A-7504-4A,Credit Card,93.98,2026-05-20,Success
PAY109746,9746,2D5BF336-9692-48,Cash on Delivery,23736.0,2024-08-11,Success
PAY109747,9747,2828E0B3-7006-49,Cash on Delivery,6574.5,2024-08-13,Success
PAY109748,9748,BBDDEBE5-A924-4B,UPI,3004.8,2026-05-02,Success
PAY109749,9749,4EE35D1E-6B7C-40,UPI,5155.92,2025-04-08,Refunded
PAY109750,9750,BC881422-39AD-43,UPI,1146.6,2025-07-15,Refunded
PAY109751,9751,C001D525-F7C3-44,Net Banking,4622.3,2026-06-08,Refunded
PAY109752,9752,837030C4-58A0-4B,Cash on Delivery,1068.12,2025-03-17,Success
PAY109753,9753,38CC4F3E-5D32-4E,Credit Card,1809.6,2026-05-08,Success
PAY109754,9754,301C2900-AE8F-4E,Cash on Delivery,7559.64,2024-07-28,Success
PAY109755,9755,3391AD54-4FF0-44,UPI,768.4,2025-12-07,Success
PAY109756,9756,4720BA31-7AD1-4A,UPI,2196.18,2025-01-30,Success
PAY109757,9757,E0E284B8-47E5-49,Debit Card,45186.96,2025-05-12,Success
PAY109758,9758,EE9EB835-6C06-46,Credit Card,18698.08,2025-04-24,Success
PAY109759,9759,50A28F98-E025-41,UPI,229.68,2025-02-02,Refunded
PAY109760,9760,0FB659DC-A968-44,Net Banking,16267.04,2025-05-20,Success
PAY109761,9761,1645C421-47DF-47,Debit Card,723.06,2024-08-24,Success
PAY109762,9762,16F2B7CD-31F6-40,Net Banking,1321.84,2024-12-28,Success
PAY109763,9763,A0993ADC-9638-40,Debit Card,1796.4,2025-08-16,Refunded
PAY109764,9764,D32777D5-260B-40,Net Banking,5557.44,2025-04-19,Failed
PAY109765,9765,BC0F1A83-03F4-48,Debit Card,1037.4,2026-05-06,Success
PAY109766,9766,035792C2-C1F8-41,Net Banking,2210.4,2025-04-15,Success
PAY109767,9767,56DF578F-0ADB-4F,UPI,135596.88,2024-09-15,Success
PAY109768,9768,FEAE427E-90C2-47,UPI,605.68,2026-05-03,Success
PAY109769,9769,7F8B8761-2113-4F,Net Banking,16800.0,2025-03-20,Success
PAY109770,9770,05324698-FB63-4C,Net Banking,12967.35,2025-05-23,Success
PAY109771,9771,901E56DA-D418-42,Cash on Delivery,3379.48,2026-07-09,Refunded
PAY109772,9772,F5DED88A-3FDE-49,Cash on Delivery,1586.85,2025-06-17,Failed
PAY109773,9773,6565B5C6-D57C-4D,Debit Card,2210.4,2025-09-27,Success
PAY109774,9774,D533C779-25FB-42,Debit Card,9113.6,2026-06-19,Success
PAY109775,9775,8101FF6F-506F-43,UPI,170248.0,2024-12-22,Success
PAY109776,9776,18DABF5E-B0C1-40,Net Banking,16764.52,2025-03-10,Success
PAY109777,9777,E98A52E1-BA52-47,Cash on Delivery,12629.1,2025-02-24,Failed
PAY109778,9778,DC1C9CB3-9EA4-49,Net Banking,8496.6,2026-01-28,Success
PAY109779,9779,B8FEDA49-608C-49,UPI,112291.62,2025-07-26,Success
PAY109780,9780,A47B3A46-0868-43,Debit Card,10373.88,2024-09-08,Success
PAY109781,9781,B67C0DD0-3FE8-48,Debit Card,287.1,2025-10-02,Success
PAY109782,9782,EDF5B8D3-0DE5-4D,Credit Card,55718.5,2025-10-20,Refunded
PAY109783,9783,836EFA36-D650-48,Net Banking,576.6,2024-12-03,Success
PAY109784,9784,EF82D9AA-5FD6-44,Debit Card,1211.36,2024-07-27,Success
PAY109785,9785,294A2A93-CF23-41,UPI,54604.68,2025-09-05,Success
PAY109786,9786,38845760-2EFF-4A,UPI,71159.84,2026-07-22,Refunded
PAY109787,9787,02E29924-CBD1-49,Credit Card,2057.0,2026-01-26,Success
PAY109788,9788,ED9C4461-7643-47,Credit Card,3945.47,2025-10-11,Success
PAY109789,9789,D30F790B-1DCD-4D,Credit Card,332391.92,2025-01-17,Success
PAY109790,9790,C42353A1-2621-46,Cash on Delivery,10296.0,2024-10-06,Refunded
PAY109791,9791,0AAD3813-AB3D-48,Net Banking,12705.42,2025-10-17,Success
PAY109792,9792,A01D67D5-7B8D-4E,Debit Card,104732.56,2024-12-18,Success
PAY109793,9793,D81DC15D-9380-43,Cash on Delivery,9277.05,2025-06-10,Success
PAY109794,9794,8627FE5E-34AA-46,UPI,327.66,2025-09-27,Failed
PAY109795,9795,69212854-0FB4-4C,UPI,7039.23,2024-07-23,Success
PAY109796,9796,C814D720-0660-45,Net Banking,7141.83,2024-12-02,Success
PAY109797,9797,D134704A-46F1-4C,Net Banking,8496.6,2025-09-03,Success
PAY109798,9798,D36107F7-FEF5-46,UPI,120346.4,2026-02-05,Success
PAY109799,9799,890C064F-B6ED-48,UPI,728.8,2024-11-03,Success
PAY109800,9800,6FDF697E-85B9-44,Credit Card,10516.52,2025-12-02,Refunded
PAY109801,9801,A92F5F3B-C8AF-4E,UPI,1977.36,2025-02-07,Success
PAY109802,9802,E4F56F07-A08B-4D,UPI,21776.88,2026-05-14,Success
PAY109803,9803,AD6FE3D3-498B-43,Net Banking,169797.84,2026-01-10,Refunded
PAY109804,9804,6FE2CA01-D986-48,Credit Card,6286.8,2024-12-19,Success
PAY109805,9805,AF37AEAF-FEEA-43,UPI,964.24,2026-03-01,Refunded
PAY109806,9806,399B4A4E-5A4F-4C,Net Banking,367155.63,2026-05-18,Success
PAY109807,9807,8D4C5D48-D89D-41,Net Banking,2241.47,2024-09-12,Success
PAY109808,9808,A24839CF-621E-41,Credit Card,270054.96,2024-12-13,Success
PAY109809,9809,835CA6DF-974B-45,Cash on Delivery,1844.08,2025-05-07,Success
PAY109810,9810,6E4891DB-2EA8-43,Debit Card,5258.26,2026-06-17,Success
PAY109811,9811,F0E1E59C-9D9F-44,Net Banking,21335.6,2025-06-15,Success
PAY109812,9812,04439CA9-B1F5-4A,Debit Card,199365.8,2025-01-21,Failed
PAY109813,9813,9CAD1C3B-3E6B-4D,Net Banking,107510.4,2025-07-16,Failed
PAY109814,9814,698FDC70-50E4-4F,Cash on Delivery,89260.2,2026-07-23,Refunded
PAY109815,9815,83522352-8693-44,Cash on Delivery,556.5,2025-06-29,Success
PAY109816,9816,FB466888-1184-46,Credit Card,1483.79,2026-06-20,Success
PAY109817,9817,228C194C-F2AC-4C,UPI,3194.24,2025-09-07,Refunded
PAY109818,9818,C02F89E0-F04B-41,UPI,3283.04,2025-06-13,Success
PAY109819,9819,61CCCB31-18DB-46,Cash on Delivery,11038.24,2025-08-10,Success
PAY109820,9820,C6D38FFD-2BEB-4F,Net Banking,16320.7,2025-09-11,Refunded
PAY109821,9821,37807B95-999C-49,Debit Card,1384.98,2025-08-29,Refunded
PAY109822,9822,3E017162-5603-43,Net Banking,212810.0,2026-05-02,Success
PAY109823,9823,BCD73C9D-6A90-46,Cash on Delivery,1992.6,2025-11-09,Refunded
PAY109824,9824,71EABB41-0BE0-42,Net Banking,6219.72,2026-02-19,Success
PAY109825,9825,C1727623-69EC-47,UPI,9176.0,2024-10-09,Refunded
PAY109826,9826,855FB4A4-1445-49,Cash on Delivery,15905.16,2025-05-22,Success
PAY109827,9827,71198531-B6CF-48,Cash on Delivery,21856.32,2025-01-10,Success
PAY109828,9828,C705D231-D2FD-4E,Net Banking,74220.0,2024-11-17,Success
PAY109829,9829,33FA1ECA-5799-4F,Cash on Delivery,3896.64,2026-03-05,Refunded
PAY109830,9830,53B5183E-43B2-41,Credit Card,287.1,2025-03-19,Success
PAY109831,9831,AB29842B-D4AB-41,Credit Card,1757.34,2025-08-16,Failed
PAY109832,9832,9677BEA6-2508-45,Net Banking,85714.6,2024-10-08,Failed
PAY109833,9833,DDCDFA28-71A9-49,Credit Card,1848.0,2026-07-24,Refunded
PAY109834,9834,972EA765-FCC4-4E,Cash on Delivery,693.67,2024-09-01,Success
PAY109835,9835,7B2155CB-E182-4A,Credit Card,222728.1,2025-05-11,Success
PAY109836,9836,0D598337-FB88-48,Credit Card,3157.98,2025-07-31,Success
PAY109837,9837,9250FE1A-C26D-47,Cash on Delivery,616.85,2025-08-24,Success
PAY109838,9838,2939FEA5-75AC-48,Net Banking,115846.8,2026-03-25,Success
PAY109839,9839,2BEB397B-AED7-41,Credit Card,2942.64,2026-06-13,Refunded
PAY109840,9840,D7BE9A5F-A621-4C,Credit Card,232695.12,2025-05-13,Refunded
PAY109841,9841,1FBB4484-A138-4C,Debit Card,1383.2,2024-12-28,Success
PAY109842,9842,8D7359C6-A1AF-47,Net Banking,94306.44,2026-05-08,Success
PAY109843,9843,52395577-C378-43,Debit Card,26291.3,2026-05-09,Failed
PAY109844,9844,E2B4E15B-9453-4D,Credit Card,46508.8,2025-12-22,Success
PAY109845,9845,5710F29E-0EEC-4B,Credit Card,16975.2,2026-05-30,Failed
PAY109846,9846,E93D05E0-7FB0-4A,Net Banking,2004.0,2025-03-14,Success
PAY109847,9847,4CC15A9B-FC8E-48,Credit Card,2114.82,2025-12-09,Refunded
PAY109848,9848,68D02559-721D-4F,Net Banking,1709.8,2025-06-28,Success
PAY109849,9849,3B90C127-8F2F-40,Debit Card,3076.64,2026-04-10,Success
PAY109850,9850,7E839F71-BF26-40,Credit Card,5775.12,2025-07-24,Failed
PAY109851,9851,2119E4B0-49AE-49,Debit Card,9136.4,2026-04-12,Success
PAY109852,9852,5691FBBB-995F-46,Cash on Delivery,1329.12,2024-10-07,Success
PAY109853,9853,8BF65B44-D154-4A,Credit Card,4699.2,2024-07-27,Success
PAY109854,9854,8A7A3B22-E83F-42,Credit Card,4062.15,2025-07-19,Success
PAY109855,9855,8BEF23F1-8F20-43,UPI,2018.1,2025-10-10,Failed
PAY109856,9856,3254FBBE-170E-45,UPI,30536.04,2024-12-29,Success
PAY109857,9857,2CEBF4FD-F8A4-4D,Debit Card,10731.8,2025-09-29,Failed
PAY109858,9858,4E2090F8-6738-46,Cash on Delivery,2158.0,2026-02-08,Success
PAY109859,9859,1A3E8FA4-77D3-46,UPI,9097.65,2024-07-26,Success
PAY109860,9860,93BA12C1-1085-45,Debit Card,1113.7,2025-10-18,Refunded
PAY109861,9861,A2D48A46-10BA-47,Debit Card,7636.76,2025-07-15,Success
PAY109862,9862,8D1F27DA-BBAE-4A,Debit Card,734.4,2026-04-25,Failed
PAY109863,9863,C3113D7A-43F4-49,UPI,1388.24,2026-02-10,Success
PAY109864,9864,43F98607-43F3-47,UPI,445.48,2026-02-09,Failed
PAY109865,9865,027550BA-EBAB-4A,UPI,3501.28,2025-07-24,Success
PAY109866,9866,46F362E0-0CE1-4B,Credit Card,7562.4,2025-12-16,Success
PAY109867,9867,D824C610-0FD9-46,Cash on Delivery,2778.84,2024-11-18,Success
PAY109868,9868,A1E0647E-9DE5-4A,Cash on Delivery,5519.12,2025-01-04,Success
PAY109869,9869,888314B5-0F22-48,Debit Card,1641.52,2024-12-20,Success
PAY109870,9870,F1408B9C-95B6-4E,Credit Card,717.03,2026-03-26,Success
PAY109871,9871,CB1E8055-63C1-44,Cash on Delivery,576.6,2026-03-24,Success
PAY109872,9872,826EAAA8-C32B-43,UPI,17610.72,2024-08-14,Success
PAY109873,9873,DEE9D3E5-FA69-4C,Credit Card,287293.32,2025-04-15,Success
PAY109874,9874,35A336A7-3116-46,Credit Card,59506.8,2025-09-01,Success
PAY109875,9875,C1EF7A83-49D5-48,Cash on Delivery,567349.2,2026-06-26,Success
PAY109876,9876,234BDD39-2C73-4B,Cash on Delivery,533.28,2025-12-10,Success
PAY109877,9877,31A407C9-9A05-46,UPI,11663.13,2026-07-03,Success
PAY109878,9878,C8582E00-21D8-44,UPI,3389.85,2024-07-27,Success
PAY109879,9879,196010FF-2A9E-4D,Debit Card,8349.12,2025-09-04,Success
PAY109880,9880,1C8C3952-FD68-48,Debit Card,2773.8,2025-09-06,Success
PAY109881,9881,77D865C5-C941-4C,Debit Card,431.34,2025-09-08,Success
PAY109882,9882,126F6B3E-DAFD-49,UPI,7709.52,2024-11-17,Success
PAY109883,9883,29B66832-AA41-46,UPI,15126.33,2024-11-06,Success
PAY109884,9884,76F3ED5F-1514-4B,UPI,45214.4,2026-03-31,Success
PAY109885,9885,FED00CC8-796A-40,Cash on Delivery,3971.0,2025-06-20,Success
PAY109886,9886,411190CB-9BB7-49,Credit Card,5789.52,2026-03-11,Refunded
PAY109887,9887,40929695-DDA9-4A,Debit Card,6615.0,2025-08-05,Success
PAY109888,9888,6E57CB31-C506-4E,Net Banking,1728.64,2025-12-25,Success
PAY109889,9889,E75EB32A-941F-4A,Net Banking,4981.98,2024-10-02,Success
PAY109890,9890,9BBD5A7B-F9E8-43,Debit Card,27110.72,2026-06-01,Success
PAY109891,9891,5FE30AA5-5897-4F,Credit Card,4288.4,2025-04-07,Success
PAY109892,9892,02E11753-FCC0-45,Net Banking,11836.41,2025-06-29,Success
PAY109893,9893,588DFA9A-5E15-4F,Debit Card,4374.5,2025-02-28,Success
PAY109894,9894,E319C35D-571F-40,Credit Card,12355.62,2025-10-23,Success
PAY109895,9895,E1A4FAAB-172D-4E,UPI,19660.41,2024-10-02,Success
PAY109896,9896,F1262A74-3FC1-4F,Net Banking,20326.68,2024-08-10,Success
PAY109897,9897,5F766C18-BEC9-46,Debit Card,11573.28,2024-12-16,Refunded
PAY109898,9898,CF23BAB5-7DB9-4B,Net Banking,964.46,2026-04-25,Success
PAY109899,9899,2C89C937-E742-42,Credit Card,4103.8,2024-10-13,Success
PAY109900,9900,AB8E4D30-D5C1-4E,Debit Card,2156.7,2025-12-22,Failed
PAY109901,9901,42F3426D-85BC-4D,Credit Card,590.8,2026-06-03,Success
PAY109902,9902,45C44CA4-C607-42,Credit Card,672.7,2024-10-10,Success
PAY109903,9903,29D09B07-09A8-41,Net Banking,40714.72,2024-12-04,Success
PAY109904,9904,94991C86-8ECC-49,Cash on Delivery,190.8,2025-12-07,Success
PAY109905,9905,EA8E5946-A2DD-4C,Cash on Delivery,1672.8,2024-10-03,Failed
PAY109906,9906,1CF3BD84-F249-4B,Debit Card,4128.6,2026-04-09,Failed
PAY109907,9907,2DC83CBE-9E3D-49,Credit Card,1288.98,2025-08-10,Refunded
PAY109908,9908,29E3E54D-4F32-46,Cash on Delivery,1245.0,2024-09-19,Success
PAY109909,9909,470FB8B4-ECFE-44,Credit Card,2394.4,2026-06-26,Failed
PAY109910,9910,ED779CD8-423E-4F,UPI,49457.16,2025-02-27,Success
PAY109911,9911,A420E0C0-D531-45,Net Banking,353.76,2026-02-09,Success
PAY109912,9912,50E3AA71-E2E6-45,Debit Card,13555.36,2025-07-14,Failed
PAY109913,9913,1F6D00D2-F728-41,Cash on Delivery,2131.6,2024-10-01,Success
PAY109914,9914,90C9BE70-94E7-4A,Net Banking,13257.84,2024-10-26,Failed
PAY109915,9915,585CEFBE-95EF-47,UPI,399.84,2026-02-01,Success
PAY109916,9916,4F2F5500-0F6B-4B,Cash on Delivery,20192.4,2025-01-12,Success
PAY109917,9917,0CC0CE07-2D9C-41,Debit Card,422.64,2025-02-28,Success
PAY109918,9918,98756C50-FB19-49,Debit Card,6153.28,2026-04-08,Success
PAY109919,9919,AC5F9B90-3AB8-4A,UPI,2402.62,2026-06-20,Failed
PAY109920,9920,A9B7D3F3-5C1F-4E,Debit Card,19908.72,2025-03-01,Success
PAY109921,9921,3C4DFBAD-9AD1-4F,Cash on Delivery,346.02,2025-09-29,Success
PAY109922,9922,6F2E4553-922B-48,Cash on Delivery,1336.0,2025-08-22,Success
PAY109923,9923,AF439161-959F-4E,Cash on Delivery,537.2,2026-02-04,Success
PAY109924,9924,CF5D4146-3F53-41,Debit Card,1578.99,2025-11-26,Failed
PAY109925,9925,28D0FF9A-3578-48,Debit Card,53342.05,2025-09-22,Success
PAY109926,9926,9AE2C24A-9A20-43,UPI,924.0,2025-05-26,Success
PAY109927,9927,B4E7E984-FBF2-45,Cash on Delivery,2253.6,2026-05-02,Success
PAY109928,9928,F9EC0ECD-B9FB-46,Net Banking,2946.9,2024-11-01,Success
PAY109929,9929,4E215054-FF9B-46,Cash on Delivery,4614.96,2026-02-23,Success
PAY109930,9930,7B561DCA-1042-41,Cash on Delivery,4420.8,2025-06-28,Success
PAY109931,9931,41776B80-4548-4C,Cash on Delivery,1641.52,2024-12-11,Success
PAY109932,9932,6F283F89-7F20-41,UPI,81536.9,2026-06-04,Success
PAY109933,9933,FEE02A69-66EB-4D,UPI,1690.56,2024-08-19,Refunded
PAY109934,9934,EEDC47F4-A5BD-4A,UPI,1384.5,2024-08-03,Success
PAY109935,9935,39E7A325-EF4D-45,Credit Card,2433.4,2024-11-01,Success
PAY109936,9936,3B50D60D-4A46-4C,UPI,128211.72,2024-07-31,Success
PAY109937,9937,A45DA927-15EB-4A,Cash on Delivery,435.6,2024-07-21,Success
PAY109938,9938,629389D9-E773-49,Cash on Delivery,9069.84,2024-12-28,Success
PAY109939,9939,A880E3FB-CC4B-48,Net Banking,15116.4,2025-05-01,Success
PAY109940,9940,F99C4F03-4B87-41,Credit Card,127686.0,2025-09-14,Success
PAY109941,9941,7C0D65F1-5A61-43,UPI,139893.36,2025-12-22,Success
PAY109942,9942,40D1AB84-D890-49,Net Banking,4963.75,2025-07-10,Failed
PAY109943,9943,25444242-5A68-4A,Credit Card,185387.72,2025-09-03,Success
PAY109944,9944,1DD31CAA-B090-41,Credit Card,9409.5,2026-01-10,Refunded
PAY109945,9945,44080A60-AC72-4D,UPI,1201.31,2025-08-27,Success
PAY109946,9946,61E0CC1B-4EFF-40,Debit Card,1809.6,2024-07-23,Failed
PAY109947,9947,D2F19077-43D5-4D,Cash on Delivery,222660.0,2026-05-30,Success
PAY109948,9948,86115947-E78B-47,UPI,31484.25,2024-09-01,Success
PAY109949,9949,93C182AC-9C93-4F,Cash on Delivery,699.54,2025-08-16,Success
PAY109950,9950,132BC27A-C9D6-41,Credit Card,20416.0,2025-11-22,Success
PAY109951,9951,B80344CF-1E84-40,Credit Card,6953.82,2025-10-28,Success
PAY109952,9952,120A6567-0410-4D,Cash on Delivery,2625.96,2025-08-05,Success
PAY109953,9953,B02A705C-766A-4D,Cash on Delivery,662.4,2024-09-17,Refunded
PAY109954,9954,D445AEDA-4B9F-49,Credit Card,395416.56,2025-01-03,Success
PAY109955,9955,0CF62958-C5A4-4B,Debit Card,19273.98,2025-04-25,Success
PAY109956,9956,C393B2C7-BD49-41,Credit Card,3955.52,2025-04-26,Failed
PAY109957,9957,467607ED-CA85-43,UPI,1034.28,2025-09-15,Refunded
PAY109958,9958,132EC060-084A-42,UPI,982.98,2024-10-29,Success
PAY109959,9959,988DCC42-7E66-43,Net Banking,750.55,2026-02-21,Success
PAY109960,9960,4BC2F04F-9B2A-46,Cash on Delivery,135954.0,2025-12-19,Failed
PAY109961,9961,F3F88BE4-28EA-49,Cash on Delivery,50893.4,2025-12-24,Refunded
PAY109962,9962,0116F218-A7DB-40,Debit Card,563.56,2024-09-28,Success
PAY109963,9963,C7508C2F-2F8C-4F,Debit Card,298282.14,2024-11-25,Success
PAY109964,9964,C8357BC0-43F1-4A,Credit Card,275463.52,2025-07-15,Failed
PAY109965,9965,98C8F4A8-C0F2-49,Debit Card,10738.56,2025-10-11,Success
PAY109966,9966,CE5625BC-1086-4D,UPI,5727.57,2026-04-08,Success
PAY109967,9967,1EBA92A2-9E93-40,Net Banking,538537.5,2025-07-18,Success
PAY109968,9968,1AE345F0-C087-4B,Debit Card,27110.72,2024-11-30,Success
PAY109969,9969,9BB990E3-CE24-41,Debit Card,26877.0,2026-07-13,Success
PAY109970,9970,C099E15E-84D9-44,Credit Card,8834.24,2025-06-27,Success
PAY109971,9971,D0A7D61E-7191-46,Net Banking,4568.72,2024-12-28,Success
PAY109972,9972,74193777-ED7B-4D,Net Banking,5165.82,2025-03-02,Success
PAY109973,9973,9CE8A681-6400-4E,Debit Card,865.05,2025-05-19,Success
PAY109974,9974,57DE0DEC-2182-44,Cash on Delivery,173770.2,2024-12-12,Success
PAY109975,9975,E977AD53-3B7C-48,UPI,76084.8,2024-07-25,Success
PAY109976,9976,5F5594EB-E713-43,Debit Card,134287.2,2026-05-04,Success
PAY109977,9977,0447C45D-9AED-4C,Cash on Delivery,533.28,2025-07-14,Success
PAY109978,9978,141E5668-222F-4B,UPI,28549.5,2025-12-16,Success
PAY109979,9979,084926AD-D1FD-4B,Debit Card,221205.6,2024-11-16,Success
PAY109980,9980,CEE7853B-AC42-4E,Cash on Delivery,4452.15,2024-12-08,Success
PAY109981,9981,3402403E-2221-44,UPI,4363.5,2025-01-14,Refunded
PAY109982,9982,136E0032-B92C-48,UPI,4260.0,2025-08-06,Failed
PAY109983,9983,244B3FC9-4B11-47,Debit Card,188269.9,2024-08-17,Success
PAY109984,9984,9F689255-C8F6-4E,Credit Card,3142.26,2025-11-26,Success
PAY109985,9985,C5DA6369-8A03-43,Debit Card,993.6,2025-08-13,Success
PAY109986,9986,5FF1FE0C-C30A-44,Credit Card,3340.0,2024-11-16,Success
PAY109987,9987,A379A3C4-C55F-48,Cash on Delivery,5796.4,2026-06-15,Refunded
PAY109988,9988,4F76F463-8725-4E,Net Banking,2178.0,2026-06-09,Success
PAY109989,9989,9F782D81-5237-47,Cash on Delivery,85124.0,2024-07-20,Success
PAY109990,9990,D57BCE09-DF31-4F,UPI,498.15,2024-09-22,Success
PAY109991,9991,4A9F9177-620E-41,Credit Card,333854.79,2026-03-13,Success
PAY109992,9992,631812D2-637B-4D,Debit Card,683.92,2024-08-10,Success
PAY109993,9993,223825A2-9EAC-46,Debit Card,910.08,2025-09-14,Failed
PAY109994,9994,AD945B54-7799-4F,Net Banking,3294.6,2026-02-24,Success
PAY109995,9995,9A5F876C-A551-44,Net Banking,3586.32,2025-11-20,Refunded
PAY109996,9996,D68DF744-3DC1-4D,Credit Card,7793.28,2024-10-01,Success
PAY109997,9997,21A7EEA6-8B91-4A,UPI,1233.7,2026-07-09,Success
PAY109998,9998,A8BFA96B-58C5-40,UPI,8527.2,2025-10-09,Success
PAY109999,9999,8655E651-82F1-47,Credit Card,12093.12,2026-05-10,Refunded
PAY110000,10000,4378F0C2-3A59-44,Credit Card,1446.66,2026-05-07,Success
