ReviewID,OrderID,CustomerID,ProductID,Rating,ReviewTitle,ReviewText,ReviewDate
1,1,10651,276,4,Worth the Money,Very satisfied with the purchase.,2025-09-24
2,7,4903,53,3,Could Be Better,Delivery was on time.,2025-04-17
3,8,11374,435,4,Highly Recommended,Excellent quality and fast delivery.,2026-03-08
4,10,16550,119,5,Not Worth It,Excellent quality and fast delivery.,2024-12-21
5,11,1366,491,5,Not Worth It,Excellent quality and fast delivery.,2026-01-21
6,12,13490,450,4,Satisfied,Very satisfied with the purchase.,2025-09-23
7,13,3660,302,3,Amazing Purchase,Average quality.,2026-03-22
8,14,1865,454,5,Satisfied,Packaging was good and product is amazing.,2025-12-08
9,17,17292,240,5,Satisfied,Exactly as described.,2026-05-31
10,18,11197,392,4,Could Be Better,Packaging was good and product is amazing.,2025-02-13
11,19,1679,271,3,Satisfied,Delivery was on time.,2026-04-26
12,20,7407,261,2,Not Worth It,Stopped working after few days.,2025-05-14
13,21,14638,67,4,Amazing Purchase,Superb quality and easy to use.,2026-02-25
14,22,19441,235,1,Excellent Product,Not worth the price.,2024-10-28
15,24,2684,74,5,Excellent Product,Superb quality and easy to use.,2026-02-02
16,25,1016,77,5,Excellent Product,Value for money. Will buy again.,2025-01-05
17,26,16936,3,5,Worth the Money,Exactly as described.,2024-10-08
18,27,2974,431,3,Worth the Money,Expected a little better.,2026-03-02
19,28,988,161,2,Could Be Better,Poor quality product.,2026-07-15
20,29,13929,368,4,Very Good,Great experience with this product.,2026-04-22
21,30,12941,350,5,Not Worth It,Packaging was good and product is amazing.,2025-04-02
22,31,18374,231,5,Highly Recommended,Superb quality and easy to use.,2026-01-17
23,34,8113,154,5,Worth the Money,Packaging was good and product is amazing.,2025-01-12
24,36,14209,399,5,Worth the Money,Packaging was good and product is amazing.,2025-04-27
25,37,12716,370,5,Poor Quality,Very satisfied with the purchase.,2026-06-19
26,38,15106,80,5,Could Be Better,Packaging was good and product is amazing.,2024-09-28
27,39,17112,299,5,Amazing Purchase,Superb quality and easy to use.,2024-12-15
28,40,17947,155,1,Excellent Product,Will not recommend.,2026-04-27
29,42,2890,207,4,Excellent Product,Great experience with this product.,2024-11-01
30,44,16418,308,1,Worth the Money,Received a defective item.,2026-01-08
31,48,2244,154,4,Satisfied,Very satisfied with the purchase.,2025-04-09
32,49,8040,207,3,Highly Recommended,Works as intended.,2024-11-24
33,50,8515,202,5,Worth the Money,Superb quality and easy to use.,2025-12-05
34,51,1392,124,2,Highly Recommended,Stopped working after few days.,2025-09-29
35,54,4645,10,4,Average Product,Exactly as described.,2025-08-04
36,55,7522,321,4,Not Worth It,Superb quality and easy to use.,2024-08-24
37,56,3546,392,2,Average Product,Will not recommend.,2024-08-03
38,57,11583,250,5,Highly Recommended,Loved the product. Highly recommended.,2025-08-01
39,59,10927,245,2,Average Product,Will not recommend.,2025-03-13
40,60,1239,282,4,Not Worth It,Packaging was good and product is amazing.,2024-10-13
41,61,19183,447,3,Average Product,Average quality.,2025-06-08
42,63,16837,405,5,Excellent Product,Loved the product. Highly recommended.,2025-07-08
43,66,17180,427,3,Worth the Money,Average quality.,2024-12-20
44,68,8645,464,4,Could Be Better,Very satisfied with the purchase.,2024-09-04
45,72,4604,190,4,Could Be Better,Superb quality and easy to use.,2026-03-08
46,74,18033,411,5,Highly Recommended,Superb quality and easy to use.,2025-01-14
47,75,14347,428,4,Poor Quality,Very satisfied with the purchase.,2025-07-05
48,77,5740,370,5,Average Product,Excellent quality and fast delivery.,2025-10-29
49,78,16348,227,3,Excellent Product,Delivery was on time.,2025-07-12
50,79,17470,430,3,Worth the Money,Product is okay.,2025-11-30
51,80,912,147,4,Very Good,Value for money. Will buy again.,2026-03-16
52,81,19546,483,4,Not Worth It,Exactly as described.,2025-09-03
53,83,3194,133,5,Not Worth It,Loved the product. Highly recommended.,2026-02-21
54,84,13546,463,3,Satisfied,Average quality.,2025-12-08
55,85,12262,367,4,Satisfied,Loved the product. Highly recommended.,2025-07-01
56,87,9901,205,4,Average Product,Loved the product. Highly recommended.,2026-02-06
57,88,9639,41,3,Worth the Money,Product is okay.,2026-04-08
58,91,4774,496,1,Highly Recommended,Bad packaging.,2025-05-09
59,94,17028,65,3,Poor Quality,Product is okay.,2026-05-03
60,97,10302,227,3,Highly Recommended,Product is okay.,2025-09-04
61,98,18833,22,5,Not Worth It,Loved the product. Highly recommended.,2025-01-25
62,99,12890,12,2,Satisfied,Bad packaging.,2025-06-02
63,100,9755,106,2,Highly Recommended,Bad packaging.,2024-08-08
64,101,2654,148,3,Not Worth It,Delivery was on time.,2025-08-09
65,104,19940,474,5,Very Good,Exactly as described.,2025-08-29
66,105,4529,113,5,Very Good,Superb quality and easy to use.,2026-05-12
67,106,3603,253,2,Very Good,Not worth the price.,2024-12-01
68,111,18982,21,4,Poor Quality,Excellent quality and fast delivery.,2026-03-16
69,112,18888,191,5,Average Product,Excellent quality and fast delivery.,2024-11-21
70,113,5617,458,4,Excellent Product,Very satisfied with the purchase.,2025-07-29
71,114,9729,397,2,Excellent Product,Bad packaging.,2025-06-11
72,116,12673,499,4,Average Product,Loved the product. Highly recommended.,2025-12-05
73,118,8822,23,4,Poor Quality,Loved the product. Highly recommended.,2025-08-21
74,121,8781,460,4,Could Be Better,Value for money. Will buy again.,2025-11-01
75,123,8065,171,4,Amazing Purchase,Great experience with this product.,2025-02-06
76,128,19972,280,3,Poor Quality,Delivery was on time.,2025-05-04
77,129,17843,461,4,Worth the Money,Great experience with this product.,2024-11-12
78,130,15043,156,5,Highly Recommended,Packaging was good and product is amazing.,2025-12-26
79,131,7257,438,2,Average Product,Stopped working after few days.,2025-05-12
80,132,12500,223,4,Excellent Product,Excellent quality and fast delivery.,2025-12-08
81,134,16604,42,3,Poor Quality,Average quality.,2024-12-25
82,135,4636,464,5,Worth the Money,Great experience with this product.,2025-02-22
83,137,18111,189,2,Highly Recommended,Very disappointed.,2025-01-05
84,140,17953,385,4,Not Worth It,Excellent quality and fast delivery.,2026-01-25
85,142,2971,384,5,Not Worth It,Superb quality and easy to use.,2026-04-09
86,143,1355,114,3,Satisfied,Works as intended.,2024-11-13
87,145,17157,490,4,Satisfied,Value for money. Will buy again.,2025-07-11
88,150,19597,173,4,Very Good,Value for money. Will buy again.,2024-09-10
89,154,16349,231,2,Average Product,Poor quality product.,2026-04-20
90,159,17925,146,3,Average Product,Works as intended.,2026-03-06
91,160,11130,140,4,Satisfied,Exactly as described.,2025-10-31
92,165,15784,327,1,Average Product,Received a defective item.,2026-02-02
93,167,270,141,3,Highly Recommended,Works as intended.,2025-01-22
94,169,5033,345,3,Very Good,Product is okay.,2026-01-01
95,171,534,78,3,Excellent Product,Works as intended.,2025-07-29
96,172,11073,181,5,Satisfied,Excellent quality and fast delivery.,2025-05-20
97,173,18155,140,3,Poor Quality,Expected a little better.,2026-02-25
98,175,3133,272,4,Could Be Better,Exactly as described.,2025-03-25
99,177,14097,69,4,Poor Quality,Great experience with this product.,2026-07-22
100,178,9088,196,5,Highly Recommended,Very satisfied with the purchase.,2025-03-09
101,183,4287,345,2,Could Be Better,Bad packaging.,2025-05-01
102,185,14905,157,3,Poor Quality,Works as intended.,2025-10-31
103,186,22,454,1,Could Be Better,Not worth the price.,2025-09-11
104,187,3897,489,3,Highly Recommended,Expected a little better.,2025-01-26
105,191,17575,14,5,Worth the Money,Exactly as described.,2025-09-27
106,193,3672,68,2,Amazing Purchase,Poor quality product.,2025-09-20
107,194,6782,222,3,Satisfied,Average quality.,2025-05-26
108,196,9222,138,4,Poor Quality,Superb quality and easy to use.,2025-08-12
109,199,2746,197,3,Very Good,Works as intended.,2024-12-11
110,201,15131,275,3,Could Be Better,Delivery was on time.,2025-03-15
111,205,1826,65,4,Poor Quality,Superb quality and easy to use.,2024-10-09
112,209,9000,487,4,Average Product,Packaging was good and product is amazing.,2024-09-06
113,211,17252,402,5,Amazing Purchase,Excellent quality and fast delivery.,2024-12-22
114,215,6486,351,2,Could Be Better,Will not recommend.,2026-03-26
115,220,18745,336,4,Excellent Product,Excellent quality and fast delivery.,2025-10-21
116,226,19907,130,5,Not Worth It,Packaging was good and product is amazing.,2025-10-26
117,227,11442,212,4,Amazing Purchase,Value for money. Will buy again.,2025-02-06
118,228,13941,118,5,Could Be Better,Value for money. Will buy again.,2024-12-06
119,229,13772,399,5,Not Worth It,Value for money. Will buy again.,2024-10-31
120,230,16733,182,4,Not Worth It,Exactly as described.,2025-12-31
121,231,5614,462,4,Not Worth It,Superb quality and easy to use.,2024-09-18
122,232,2350,231,5,Could Be Better,Packaging was good and product is amazing.,2025-05-19
123,234,11711,316,5,Poor Quality,Great experience with this product.,2025-08-02
124,235,1107,499,3,Satisfied,Expected a little better.,2026-02-27
125,236,6596,483,5,Satisfied,Packaging was good and product is amazing.,2024-11-06
126,237,5162,442,1,Not Worth It,Very disappointed.,2026-07-14
127,238,5069,465,3,Highly Recommended,Expected a little better.,2024-12-29
128,241,2768,401,3,Very Good,Expected a little better.,2024-09-26
129,243,7061,37,4,Average Product,Loved the product. Highly recommended.,2025-08-03
130,245,18071,30,3,Could Be Better,Works as intended.,2025-10-24
131,246,6910,434,4,Could Be Better,Great experience with this product.,2025-01-10
132,247,16894,497,5,Worth the Money,Very satisfied with the purchase.,2025-01-09
133,248,302,144,5,Satisfied,Very satisfied with the purchase.,2025-08-24
134,249,3955,122,4,Amazing Purchase,Loved the product. Highly recommended.,2025-02-11
135,250,9767,435,4,Satisfied,Loved the product. Highly recommended.,2026-04-14
136,251,11810,354,4,Excellent Product,Very satisfied with the purchase.,2025-03-28
137,253,1164,226,4,Highly Recommended,Packaging was good and product is amazing.,2026-05-05
138,258,8822,8,5,Poor Quality,Very satisfied with the purchase.,2024-08-12
139,259,2512,108,5,Highly Recommended,Very satisfied with the purchase.,2026-02-25
140,260,75,158,3,Excellent Product,Delivery was on time.,2024-09-17
141,261,8681,427,1,Average Product,Not worth the price.,2025-04-03
142,263,14846,255,5,Could Be Better,Packaging was good and product is amazing.,2025-06-07
143,264,18001,457,4,Excellent Product,Superb quality and easy to use.,2026-02-22
144,268,10439,203,4,Satisfied,Value for money. Will buy again.,2026-07-22
145,269,958,311,4,Very Good,Very satisfied with the purchase.,2025-07-02
146,270,16725,338,2,Could Be Better,Bad packaging.,2025-10-19
147,272,16796,446,5,Very Good,Packaging was good and product is amazing.,2024-11-16
148,274,18981,473,1,Amazing Purchase,Bad packaging.,2026-06-11
149,275,3553,479,2,Worth the Money,Stopped working after few days.,2026-02-03
150,276,9012,94,5,Amazing Purchase,Value for money. Will buy again.,2025-05-14
151,280,11597,75,3,Satisfied,Delivery was on time.,2025-10-27
152,282,9688,167,5,Worth the Money,Exactly as described.,2026-06-11
153,283,2082,15,5,Poor Quality,Value for money. Will buy again.,2024-11-03
154,284,5165,228,3,Excellent Product,Delivery was on time.,2024-08-18
155,285,3241,294,2,Poor Quality,Stopped working after few days.,2026-06-09
156,290,14803,213,5,Very Good,Value for money. Will buy again.,2024-08-04
157,291,16865,393,5,Satisfied,Value for money. Will buy again.,2025-10-27
158,297,19939,137,4,Poor Quality,Loved the product. Highly recommended.,2025-01-17
159,298,19857,93,4,Worth the Money,Very satisfied with the purchase.,2025-01-31
160,299,3525,268,5,Highly Recommended,Value for money. Will buy again.,2024-08-28
161,300,5541,111,3,Very Good,Average quality.,2025-12-03
162,302,4409,22,5,Could Be Better,Superb quality and easy to use.,2024-11-07
163,304,2746,461,4,Not Worth It,Packaging was good and product is amazing.,2025-03-21
164,306,5072,89,4,Amazing Purchase,Superb quality and easy to use.,2024-08-07
165,309,12108,269,1,Not Worth It,Poor quality product.,2026-07-26
166,311,3345,485,1,Not Worth It,Poor quality product.,2025-10-15
167,312,6626,59,3,Highly Recommended,Average quality.,2025-09-07
168,313,1155,15,4,Very Good,Exactly as described.,2026-03-15
169,314,17802,138,3,Worth the Money,Average quality.,2025-10-19
170,315,12803,275,5,Could Be Better,Packaging was good and product is amazing.,2026-04-30
171,319,7046,127,3,Worth the Money,Product is okay.,2025-02-06
172,320,14292,222,1,Very Good,Not worth the price.,2025-08-22
173,322,12032,30,5,Average Product,Packaging was good and product is amazing.,2025-03-07
174,324,16455,427,4,Not Worth It,Excellent quality and fast delivery.,2024-09-02
175,326,16248,316,4,Excellent Product,Great experience with this product.,2025-09-06
176,328,12067,464,2,Very Good,Bad packaging.,2025-12-14
177,332,13674,249,4,Poor Quality,Excellent quality and fast delivery.,2025-01-11
178,333,11312,163,4,Worth the Money,Excellent quality and fast delivery.,2025-08-09
179,334,12903,278,1,Average Product,Very disappointed.,2024-09-05
180,337,5824,165,3,Very Good,Product is okay.,2025-07-04
181,338,6796,65,3,Poor Quality,Product is okay.,2025-08-09
182,340,8860,448,4,Excellent Product,Value for money. Will buy again.,2026-02-23
183,341,377,241,4,Amazing Purchase,Exactly as described.,2024-07-28
184,343,10719,294,4,Excellent Product,Excellent quality and fast delivery.,2025-07-11
185,345,3208,87,4,Very Good,Great experience with this product.,2026-04-05
186,348,16962,355,4,Amazing Purchase,Value for money. Will buy again.,2024-07-30
187,349,3300,139,3,Could Be Better,Product is okay.,2025-11-12
188,350,13312,289,4,Satisfied,Superb quality and easy to use.,2024-11-22
189,353,1386,475,4,Satisfied,Loved the product. Highly recommended.,2025-09-14
190,354,4578,468,4,Average Product,Packaging was good and product is amazing.,2025-06-24
191,356,10466,313,2,Very Good,Received a defective item.,2025-04-09
192,357,3624,327,4,Worth the Money,Very satisfied with the purchase.,2024-10-10
193,358,19590,12,5,Worth the Money,Loved the product. Highly recommended.,2026-03-19
194,359,14442,306,3,Could Be Better,Average quality.,2026-07-20
195,360,14096,486,2,Worth the Money,Bad packaging.,2024-11-24
196,361,11165,183,3,Worth the Money,Expected a little better.,2025-01-12
197,362,5014,355,1,Worth the Money,Very disappointed.,2025-02-19
198,363,14750,128,5,Amazing Purchase,Great experience with this product.,2024-12-28
199,365,4897,201,5,Poor Quality,Great experience with this product.,2024-12-07
200,366,6782,391,5,Amazing Purchase,Value for money. Will buy again.,2026-01-13
201,368,6360,134,5,Excellent Product,Very satisfied with the purchase.,2026-04-27
202,371,2326,218,4,Average Product,Very satisfied with the purchase.,2024-08-22
203,372,3706,11,4,Worth the Money,Value for money. Will buy again.,2024-08-03
204,377,2697,64,2,Satisfied,Will not recommend.,2026-03-26
205,378,7573,38,4,Could Be Better,Loved the product. Highly recommended.,2024-09-17
206,379,3495,40,5,Worth the Money,Packaging was good and product is amazing.,2024-10-20
207,380,11950,92,4,Satisfied,Great experience with this product.,2024-07-31
208,381,1204,243,3,Excellent Product,Expected a little better.,2025-02-16
209,382,3477,450,4,Poor Quality,Great experience with this product.,2024-10-22
210,384,749,380,2,Excellent Product,Stopped working after few days.,2024-10-17
211,387,9940,278,5,Amazing Purchase,Very satisfied with the purchase.,2025-12-12
212,389,3352,146,4,Highly Recommended,Excellent quality and fast delivery.,2026-07-13
213,390,2616,131,5,Satisfied,Great experience with this product.,2026-01-26
214,393,10224,106,5,Could Be Better,Value for money. Will buy again.,2026-04-15
215,395,12926,83,5,Poor Quality,Superb quality and easy to use.,2025-09-05
216,396,7342,447,4,Average Product,Packaging was good and product is amazing.,2026-03-26
217,397,2311,135,2,Worth the Money,Very disappointed.,2025-06-26
218,398,8753,411,3,Very Good,Delivery was on time.,2026-07-24
219,399,2032,470,5,Amazing Purchase,Exactly as described.,2025-09-29
220,400,16696,403,4,Worth the Money,Great experience with this product.,2026-02-25
221,402,11406,69,1,Satisfied,Received a defective item.,2025-02-11
222,404,7371,46,4,Satisfied,Very satisfied with the purchase.,2024-11-20
223,405,15387,175,5,Excellent Product,Superb quality and easy to use.,2026-04-16
224,406,9112,387,5,Very Good,Great experience with this product.,2026-04-15
225,408,15068,461,4,Not Worth It,Value for money. Will buy again.,2026-05-08
226,409,10485,54,3,Poor Quality,Expected a little better.,2025-04-09
227,410,10017,287,4,Highly Recommended,Packaging was good and product is amazing.,2025-03-17
228,412,9649,101,5,Worth the Money,Value for money. Will buy again.,2024-08-17
229,415,14631,478,3,Average Product,Expected a little better.,2025-11-17
230,417,4618,71,3,Excellent Product,Works as intended.,2025-05-03
231,418,15975,412,4,Highly Recommended,Value for money. Will buy again.,2024-12-28
232,419,6312,311,5,Could Be Better,Very satisfied with the purchase.,2025-05-20
233,423,16316,331,4,Poor Quality,Superb quality and easy to use.,2025-10-15
234,425,18236,393,4,Worth the Money,Very satisfied with the purchase.,2024-12-11
235,428,17036,247,3,Poor Quality,Product is okay.,2025-07-01
236,429,15289,465,5,Average Product,Excellent quality and fast delivery.,2026-06-08
237,430,14570,112,4,Worth the Money,Loved the product. Highly recommended.,2024-11-19
238,436,8414,191,1,Satisfied,Not worth the price.,2025-07-19
239,440,720,297,4,Excellent Product,Exactly as described.,2025-10-25
240,441,3342,212,3,Average Product,Product is okay.,2025-04-29
241,444,17019,306,5,Not Worth It,Packaging was good and product is amazing.,2025-11-24
242,445,4260,66,4,Poor Quality,Packaging was good and product is amazing.,2025-11-07
243,450,19343,276,4,Highly Recommended,Great experience with this product.,2025-05-25
244,451,2680,105,4,Satisfied,Packaging was good and product is amazing.,2024-12-15
245,452,710,240,4,Satisfied,Packaging was good and product is amazing.,2025-09-02
246,454,7678,471,5,Average Product,Very satisfied with the purchase.,2025-09-25
247,455,16374,366,4,Very Good,Packaging was good and product is amazing.,2024-11-16
248,456,10140,175,4,Poor Quality,Value for money. Will buy again.,2024-09-23
249,457,11913,17,4,Not Worth It,Value for money. Will buy again.,2026-05-28
250,460,5885,42,4,Satisfied,Value for money. Will buy again.,2025-05-07
251,461,7369,58,4,Worth the Money,Superb quality and easy to use.,2024-12-01
252,462,6156,213,3,Worth the Money,Average quality.,2025-07-26
253,463,16022,327,4,Amazing Purchase,Value for money. Will buy again.,2025-05-31
254,468,6469,441,4,Highly Recommended,Exactly as described.,2024-12-20
255,470,6541,444,3,Excellent Product,Works as intended.,2024-08-23
256,474,4030,163,5,Could Be Better,Very satisfied with the purchase.,2025-05-02
257,476,12603,50,4,Worth the Money,Exactly as described.,2025-04-11
258,477,13332,462,5,Very Good,Value for money. Will buy again.,2026-06-09
259,478,4535,370,5,Worth the Money,Superb quality and easy to use.,2026-03-31
260,480,13028,377,5,Amazing Purchase,Very satisfied with the purchase.,2026-04-06
261,481,240,379,4,Highly Recommended,Loved the product. Highly recommended.,2025-03-08
262,482,19303,105,3,Poor Quality,Product is okay.,2025-05-30
263,484,11847,445,5,Amazing Purchase,Very satisfied with the purchase.,2026-05-03
264,487,7487,211,5,Worth the Money,Excellent quality and fast delivery.,2026-02-10
265,488,18457,361,3,Highly Recommended,Delivery was on time.,2025-10-30
266,489,19842,38,5,Amazing Purchase,Excellent quality and fast delivery.,2024-08-16
267,490,1586,221,2,Worth the Money,Bad packaging.,2024-10-29
268,492,6212,43,5,Very Good,Superb quality and easy to use.,2024-11-29
269,495,2408,85,4,Highly Recommended,Superb quality and easy to use.,2024-10-27
270,496,10411,306,5,Worth the Money,Loved the product. Highly recommended.,2025-10-12
271,499,12100,156,3,Satisfied,Works as intended.,2024-08-27
272,500,12162,395,4,Not Worth It,Excellent quality and fast delivery.,2025-06-30
273,501,10441,444,5,Satisfied,Loved the product. Highly recommended.,2024-11-28
274,503,11825,313,5,Satisfied,Value for money. Will buy again.,2025-09-13
275,506,16028,297,3,Could Be Better,Expected a little better.,2025-01-29
276,507,5011,447,5,Average Product,Exactly as described.,2026-06-08
277,509,6122,309,3,Not Worth It,Expected a little better.,2025-04-07
278,510,18742,93,5,Not Worth It,Packaging was good and product is amazing.,2026-07-18
279,513,6459,246,2,Highly Recommended,Not worth the price.,2025-10-04
280,517,13076,244,4,Not Worth It,Superb quality and easy to use.,2025-06-06
281,519,11382,293,5,Average Product,Superb quality and easy to use.,2026-07-20
282,520,4123,123,5,Not Worth It,Excellent quality and fast delivery.,2025-11-18
283,522,13497,352,4,Satisfied,Loved the product. Highly recommended.,2025-10-04
284,523,5518,467,2,Average Product,Will not recommend.,2025-05-13
285,525,17882,414,5,Average Product,Excellent quality and fast delivery.,2025-12-11
286,526,16595,69,4,Worth the Money,Superb quality and easy to use.,2025-08-05
287,528,12164,107,4,Excellent Product,Exactly as described.,2024-10-11
288,529,13215,100,4,Satisfied,Packaging was good and product is amazing.,2025-06-13
289,530,8401,47,5,Worth the Money,Very satisfied with the purchase.,2026-05-09
290,531,19831,111,5,Very Good,Packaging was good and product is amazing.,2026-02-22
291,532,7569,17,3,Could Be Better,Works as intended.,2025-12-21
292,534,9540,389,4,Not Worth It,Exactly as described.,2025-11-19
293,537,7977,254,4,Excellent Product,Superb quality and easy to use.,2025-10-29
294,540,11471,396,5,Could Be Better,Superb quality and easy to use.,2024-08-12
295,541,16212,88,5,Highly Recommended,Superb quality and easy to use.,2026-05-07
296,542,10348,252,5,Highly Recommended,Loved the product. Highly recommended.,2026-02-08
297,544,9501,228,4,Not Worth It,Loved the product. Highly recommended.,2025-02-19
298,545,18331,86,3,Highly Recommended,Works as intended.,2026-01-16
299,547,5003,7,2,Highly Recommended,Stopped working after few days.,2025-10-22
300,549,15079,237,5,Not Worth It,Loved the product. Highly recommended.,2024-11-02
301,550,6643,355,4,Highly Recommended,Great experience with this product.,2025-08-10
302,551,15615,239,1,Average Product,Very disappointed.,2025-10-01
303,552,2640,114,5,Satisfied,Great experience with this product.,2024-08-04
304,555,18735,241,5,Excellent Product,Exactly as described.,2026-03-17
305,557,9186,186,4,Amazing Purchase,Excellent quality and fast delivery.,2026-07-17
306,561,6407,34,3,Average Product,Expected a little better.,2026-02-12
307,565,3770,180,3,Average Product,Works as intended.,2026-04-30
308,568,9778,390,3,Could Be Better,Expected a little better.,2025-06-24
309,570,18164,228,4,Satisfied,Great experience with this product.,2024-12-06
310,573,10302,419,1,Poor Quality,Very disappointed.,2025-01-27
311,574,14869,480,2,Could Be Better,Will not recommend.,2025-12-28
312,575,11565,27,2,Not Worth It,Poor quality product.,2025-11-21
313,576,1511,340,3,Poor Quality,Delivery was on time.,2025-11-15
314,580,527,274,5,Very Good,Great experience with this product.,2025-03-22
315,581,15286,8,4,Worth the Money,Great experience with this product.,2025-01-04
316,582,17565,209,5,Worth the Money,Value for money. Will buy again.,2026-06-18
317,585,1849,498,2,Amazing Purchase,Stopped working after few days.,2025-09-11
318,588,12990,393,5,Worth the Money,Superb quality and easy to use.,2025-01-19
319,589,10303,132,4,Highly Recommended,Value for money. Will buy again.,2026-04-08
320,590,8152,310,4,Average Product,Loved the product. Highly recommended.,2025-08-20
321,591,3758,67,5,Excellent Product,Packaging was good and product is amazing.,2025-08-31
322,592,16881,349,5,Not Worth It,Very satisfied with the purchase.,2026-03-14
323,597,6467,53,5,Very Good,Value for money. Will buy again.,2025-07-01
324,598,1227,11,4,Average Product,Loved the product. Highly recommended.,2025-08-12
325,600,16137,468,2,Poor Quality,Received a defective item.,2025-06-06
326,605,3536,293,1,Poor Quality,Stopped working after few days.,2025-08-02
327,606,8336,129,5,Could Be Better,Superb quality and easy to use.,2025-03-20
328,607,8323,495,5,Not Worth It,Excellent quality and fast delivery.,2026-01-08
329,608,6976,427,4,Excellent Product,Loved the product. Highly recommended.,2024-10-12
330,611,16817,74,4,Very Good,Superb quality and easy to use.,2026-01-13
331,615,10732,146,5,Highly Recommended,Value for money. Will buy again.,2024-11-20
332,617,1691,241,3,Average Product,Expected a little better.,2024-10-27
333,620,17204,278,4,Amazing Purchase,Value for money. Will buy again.,2026-06-06
334,621,10441,136,4,Worth the Money,Very satisfied with the purchase.,2026-02-04
335,624,11555,62,1,Worth the Money,Stopped working after few days.,2025-07-18
336,627,376,129,5,Highly Recommended,Exactly as described.,2025-05-08
337,629,10225,498,5,Highly Recommended,Packaging was good and product is amazing.,2025-02-11
338,632,2320,270,3,Excellent Product,Expected a little better.,2024-08-13
339,634,12414,18,3,Highly Recommended,Average quality.,2025-01-09
340,636,3073,422,3,Not Worth It,Works as intended.,2026-05-26
341,638,2938,491,5,Poor Quality,Exactly as described.,2025-02-24
342,639,1901,458,4,Satisfied,Exactly as described.,2025-08-25
343,640,3592,21,3,Could Be Better,Expected a little better.,2026-06-27
344,642,757,239,5,Highly Recommended,Very satisfied with the purchase.,2025-12-31
345,643,238,292,5,Very Good,Superb quality and easy to use.,2025-11-25
346,646,2872,492,4,Not Worth It,Great experience with this product.,2025-03-25
347,647,19817,283,3,Very Good,Average quality.,2024-12-26
348,648,8094,356,3,Could Be Better,Delivery was on time.,2026-01-08
349,651,8652,86,1,Poor Quality,Bad packaging.,2025-09-09
350,652,5992,146,5,Excellent Product,Superb quality and easy to use.,2024-10-07
351,655,8640,102,5,Worth the Money,Loved the product. Highly recommended.,2024-08-10
352,656,4074,477,5,Satisfied,Value for money. Will buy again.,2026-04-13
353,657,4101,315,2,Highly Recommended,Very disappointed.,2025-05-20
354,658,3067,64,4,Satisfied,Superb quality and easy to use.,2025-11-11
355,659,11231,362,4,Amazing Purchase,Exactly as described.,2026-02-13
356,663,6027,1,3,Worth the Money,Average quality.,2025-11-06
357,665,9211,114,5,Amazing Purchase,Loved the product. Highly recommended.,2024-08-16
358,666,19049,430,3,Average Product,Average quality.,2024-07-31
359,668,14001,432,3,Could Be Better,Average quality.,2026-07-13
360,670,7394,158,2,Amazing Purchase,Poor quality product.,2025-03-20
361,671,9264,374,5,Amazing Purchase,Loved the product. Highly recommended.,2026-01-02
362,673,19602,248,5,Amazing Purchase,Loved the product. Highly recommended.,2025-02-18
363,674,13237,444,3,Poor Quality,Works as intended.,2026-01-17
364,675,720,327,4,Not Worth It,Packaging was good and product is amazing.,2024-10-05
365,678,4027,416,5,Very Good,Superb quality and easy to use.,2024-10-04
366,682,7923,310,5,Could Be Better,Great experience with this product.,2026-05-23
367,683,10666,43,3,Highly Recommended,Delivery was on time.,2026-07-10
368,684,2459,208,3,Average Product,Works as intended.,2024-07-29
369,688,5865,443,2,Very Good,Poor quality product.,2026-07-03
370,689,10484,222,3,Excellent Product,Product is okay.,2026-07-16
371,690,8858,155,4,Satisfied,Great experience with this product.,2024-12-21
372,691,12729,425,4,Highly Recommended,Loved the product. Highly recommended.,2025-02-19
373,693,4295,266,3,Amazing Purchase,Average quality.,2024-12-31
374,694,10667,105,5,Amazing Purchase,Very satisfied with the purchase.,2025-11-15
375,695,15582,349,5,Worth the Money,Excellent quality and fast delivery.,2024-12-19
376,696,6251,460,4,Average Product,Superb quality and easy to use.,2025-11-25
377,698,19870,205,4,Amazing Purchase,Very satisfied with the purchase.,2026-05-01
378,700,1376,354,1,Worth the Money,Will not recommend.,2025-07-31
379,701,5486,171,3,Worth the Money,Delivery was on time.,2026-06-25
380,702,5594,336,5,Excellent Product,Great experience with this product.,2026-01-14
381,705,3553,127,4,Average Product,Superb quality and easy to use.,2025-11-23
382,706,17184,80,5,Poor Quality,Superb quality and easy to use.,2026-01-09
383,709,1815,114,2,Excellent Product,Bad packaging.,2024-10-23
384,710,13532,65,5,Highly Recommended,Great experience with this product.,2024-09-15
385,712,9725,436,4,Average Product,Loved the product. Highly recommended.,2025-04-21
386,713,9851,304,3,Excellent Product,Delivery was on time.,2025-05-08
387,714,8427,444,3,Very Good,Delivery was on time.,2025-04-26
388,716,11102,108,4,Very Good,Value for money. Will buy again.,2025-03-08
389,718,1752,153,4,Highly Recommended,Value for money. Will buy again.,2025-10-15
390,719,5059,126,5,Poor Quality,Superb quality and easy to use.,2025-02-15
391,720,1121,296,3,Not Worth It,Delivery was on time.,2024-09-14
392,721,11737,327,4,Poor Quality,Loved the product. Highly recommended.,2025-12-23
393,722,2838,225,4,Could Be Better,Great experience with this product.,2026-07-29
394,723,12129,233,2,Satisfied,Stopped working after few days.,2024-12-23
395,725,3546,175,5,Average Product,Exactly as described.,2025-08-09
396,726,9876,264,5,Average Product,Superb quality and easy to use.,2026-03-29
397,727,6739,312,3,Amazing Purchase,Delivery was on time.,2025-02-20
398,729,7950,429,4,Could Be Better,Very satisfied with the purchase.,2025-06-25
399,730,8481,42,5,Poor Quality,Superb quality and easy to use.,2025-05-13
400,733,17646,240,5,Excellent Product,Very satisfied with the purchase.,2025-06-29
401,736,9352,246,4,Average Product,Packaging was good and product is amazing.,2026-06-04
402,737,18984,478,4,Not Worth It,Packaging was good and product is amazing.,2026-01-13
403,741,13358,57,5,Worth the Money,Loved the product. Highly recommended.,2026-05-16
404,742,5747,287,3,Average Product,Works as intended.,2025-09-12
405,743,1642,208,5,Poor Quality,Exactly as described.,2026-01-18
406,745,14481,99,5,Not Worth It,Superb quality and easy to use.,2025-11-27
407,746,13829,169,4,Satisfied,Value for money. Will buy again.,2024-12-27
408,748,1468,313,5,Worth the Money,Superb quality and easy to use.,2024-12-20
409,749,886,302,2,Average Product,Very disappointed.,2025-04-28
410,751,16901,58,5,Worth the Money,Packaging was good and product is amazing.,2024-09-28
411,752,2081,484,5,Not Worth It,Packaging was good and product is amazing.,2025-11-17
412,754,6006,80,5,Satisfied,Value for money. Will buy again.,2024-08-21
413,755,19374,443,3,Poor Quality,Product is okay.,2024-11-06
414,756,7830,377,5,Highly Recommended,Very satisfied with the purchase.,2024-08-03
415,757,13626,345,5,Could Be Better,Excellent quality and fast delivery.,2025-02-06
416,759,7190,402,5,Not Worth It,Loved the product. Highly recommended.,2026-06-04
417,760,18351,132,4,Very Good,Value for money. Will buy again.,2024-11-08
418,761,8897,141,1,Average Product,Stopped working after few days.,2025-06-01
419,762,18099,159,4,Average Product,Value for money. Will buy again.,2025-06-11
420,763,19645,293,4,Excellent Product,Exactly as described.,2024-10-17
421,765,10468,32,4,Could Be Better,Loved the product. Highly recommended.,2025-08-16
422,767,3738,404,3,Excellent Product,Expected a little better.,2026-07-21
423,768,11301,429,4,Not Worth It,Loved the product. Highly recommended.,2024-09-12
424,770,7345,240,3,Not Worth It,Delivery was on time.,2025-07-11
425,773,12721,349,4,Poor Quality,Exactly as described.,2026-01-17
426,774,1664,54,3,Satisfied,Works as intended.,2026-06-24
427,775,3515,124,4,Amazing Purchase,Exactly as described.,2024-10-07
428,776,18345,8,3,Worth the Money,Average quality.,2025-09-04
429,777,3311,49,5,Could Be Better,Superb quality and easy to use.,2025-02-03
430,778,10067,209,5,Highly Recommended,Value for money. Will buy again.,2025-11-15
431,779,5234,399,2,Worth the Money,Received a defective item.,2026-05-07
432,780,14642,79,4,Amazing Purchase,Packaging was good and product is amazing.,2024-08-28
433,782,14784,113,4,Highly Recommended,Excellent quality and fast delivery.,2025-02-16
434,783,10769,196,5,Excellent Product,Excellent quality and fast delivery.,2025-03-24
435,784,6516,133,4,Highly Recommended,Packaging was good and product is amazing.,2026-07-06
436,786,5906,166,3,Very Good,Product is okay.,2025-01-10
437,787,18925,425,3,Not Worth It,Works as intended.,2024-09-18
438,788,11243,373,4,Excellent Product,Great experience with this product.,2025-06-25
439,789,372,404,5,Could Be Better,Excellent quality and fast delivery.,2025-11-01
440,790,10875,73,3,Not Worth It,Product is okay.,2025-11-21
441,792,10758,276,4,Highly Recommended,Packaging was good and product is amazing.,2026-07-09
442,795,19462,212,4,Could Be Better,Superb quality and easy to use.,2025-12-20
443,796,8265,333,2,Worth the Money,Bad packaging.,2026-04-02
444,798,16160,121,2,Worth the Money,Bad packaging.,2026-06-26
445,799,1326,32,4,Amazing Purchase,Great experience with this product.,2026-07-19
446,800,8506,410,5,Satisfied,Packaging was good and product is amazing.,2025-09-19
447,801,5767,454,4,Not Worth It,Excellent quality and fast delivery.,2026-02-24
448,804,8044,462,5,Worth the Money,Superb quality and easy to use.,2026-01-07
449,806,7730,332,5,Satisfied,Packaging was good and product is amazing.,2025-09-07
450,809,3225,321,4,Amazing Purchase,Great experience with this product.,2025-02-14
451,811,14006,144,4,Very Good,Very satisfied with the purchase.,2025-03-03
452,815,8389,245,3,Satisfied,Product is okay.,2024-11-06
453,816,9326,314,4,Average Product,Exactly as described.,2026-05-27
454,818,17583,412,5,Very Good,Excellent quality and fast delivery.,2025-07-29
455,820,14696,87,3,Worth the Money,Product is okay.,2024-08-18
456,823,7818,239,4,Excellent Product,Packaging was good and product is amazing.,2024-07-28
457,824,7429,38,5,Worth the Money,Superb quality and easy to use.,2024-08-20
458,825,16795,215,2,Average Product,Received a defective item.,2024-09-08
459,827,3898,438,3,Highly Recommended,Works as intended.,2024-10-20
460,828,14545,279,3,Poor Quality,Average quality.,2026-01-09
461,829,11043,206,3,Could Be Better,Expected a little better.,2025-10-13
462,831,4586,266,5,Not Worth It,Very satisfied with the purchase.,2026-07-24
463,832,19083,98,1,Very Good,Not worth the price.,2025-07-13
464,834,19337,285,5,Amazing Purchase,Excellent quality and fast delivery.,2025-06-05
465,837,13473,355,1,Poor Quality,Poor quality product.,2024-12-04
466,840,10686,328,3,Amazing Purchase,Product is okay.,2026-02-13
467,841,18549,22,5,Amazing Purchase,Exactly as described.,2024-08-25
468,842,9725,307,3,Poor Quality,Product is okay.,2026-01-14
469,843,4637,190,4,Excellent Product,Very satisfied with the purchase.,2026-04-08
470,844,11334,86,5,Very Good,Exactly as described.,2025-12-17
471,845,17924,344,4,Could Be Better,Superb quality and easy to use.,2024-07-30
472,846,4314,41,5,Could Be Better,Exactly as described.,2026-05-03
473,847,10722,325,5,Poor Quality,Excellent quality and fast delivery.,2026-01-07
474,848,11829,67,3,Worth the Money,Delivery was on time.,2025-04-25
475,851,7555,355,4,Not Worth It,Superb quality and easy to use.,2026-07-25
476,853,7384,458,3,Average Product,Average quality.,2026-05-30
477,857,10034,221,4,Not Worth It,Excellent quality and fast delivery.,2024-11-29
478,860,2958,11,2,Could Be Better,Will not recommend.,2025-01-13
479,861,288,118,2,Worth the Money,Not worth the price.,2025-05-28
480,864,6169,221,4,Not Worth It,Value for money. Will buy again.,2026-01-20
481,865,11180,365,4,Poor Quality,Exactly as described.,2025-04-05
482,866,16176,496,3,Could Be Better,Works as intended.,2026-04-20
483,867,2591,92,4,Not Worth It,Great experience with this product.,2026-07-04
484,870,3823,209,3,Worth the Money,Expected a little better.,2026-02-16
485,871,19517,239,5,Average Product,Very satisfied with the purchase.,2026-02-05
486,877,16196,46,4,Very Good,Loved the product. Highly recommended.,2024-11-18
487,878,3808,74,3,Amazing Purchase,Product is okay.,2026-01-03
488,879,14357,374,3,Not Worth It,Works as intended.,2026-03-24
489,882,11536,127,5,Not Worth It,Very satisfied with the purchase.,2025-07-07
490,883,17358,112,1,Very Good,Stopped working after few days.,2025-03-26
491,885,9471,482,3,Poor Quality,Delivery was on time.,2025-05-22
492,886,6037,413,5,Highly Recommended,Great experience with this product.,2026-06-07
493,887,17892,94,2,Excellent Product,Very disappointed.,2025-12-26
494,891,13680,432,2,Satisfied,Received a defective item.,2024-09-08
495,892,14380,350,3,Very Good,Expected a little better.,2024-10-30
496,893,18920,389,3,Amazing Purchase,Average quality.,2025-02-25
497,894,15153,331,4,Could Be Better,Loved the product. Highly recommended.,2024-12-15
498,895,18785,246,4,Highly Recommended,Value for money. Will buy again.,2025-08-23
499,896,3508,197,2,Satisfied,Poor quality product.,2025-06-11
500,900,12343,317,3,Worth the Money,Works as intended.,2025-02-25
501,901,16447,161,3,Satisfied,Delivery was on time.,2026-05-06
502,902,7176,400,5,Amazing Purchase,Very satisfied with the purchase.,2025-10-15
503,904,7676,385,4,Worth the Money,Exactly as described.,2024-09-04
504,907,14112,291,4,Could Be Better,Value for money. Will buy again.,2026-04-14
505,909,1557,82,4,Average Product,Exactly as described.,2024-10-08
506,912,1949,344,4,Poor Quality,Value for money. Will buy again.,2025-06-03
507,913,12119,311,5,Worth the Money,Exactly as described.,2024-09-26
508,915,3397,18,1,Highly Recommended,Not worth the price.,2026-04-23
509,916,10738,476,4,Amazing Purchase,Loved the product. Highly recommended.,2025-08-28
510,919,18803,323,5,Excellent Product,Great experience with this product.,2025-01-15
511,921,5692,332,3,Not Worth It,Expected a little better.,2025-09-16
512,925,964,135,5,Poor Quality,Exactly as described.,2024-12-03
513,929,17406,40,2,Poor Quality,Not worth the price.,2025-09-24
514,930,10488,340,3,Worth the Money,Average quality.,2024-11-01
515,932,18200,248,3,Poor Quality,Expected a little better.,2025-07-05
516,937,8348,186,4,Highly Recommended,Packaging was good and product is amazing.,2026-01-08
517,938,17182,330,5,Highly Recommended,Great experience with this product.,2024-11-16
518,940,4646,6,2,Worth the Money,Received a defective item.,2025-04-03
519,941,9577,243,5,Average Product,Value for money. Will buy again.,2026-06-08
520,942,16809,384,4,Worth the Money,Value for money. Will buy again.,2024-11-04
521,943,6441,78,5,Highly Recommended,Packaging was good and product is amazing.,2024-09-18
522,944,17528,315,5,Poor Quality,Loved the product. Highly recommended.,2026-02-27
523,947,5834,332,4,Could Be Better,Superb quality and easy to use.,2024-09-10
524,948,16433,31,4,Average Product,Superb quality and easy to use.,2026-01-06
525,950,12346,108,4,Worth the Money,Value for money. Will buy again.,2025-03-04
526,952,13250,474,3,Worth the Money,Delivery was on time.,2025-06-09
527,956,10633,378,4,Highly Recommended,Superb quality and easy to use.,2024-08-28
528,957,16583,214,5,Excellent Product,Loved the product. Highly recommended.,2025-11-16
529,958,15976,427,5,Satisfied,Superb quality and easy to use.,2026-02-15
530,961,13638,11,5,Amazing Purchase,Great experience with this product.,2025-10-15
531,962,1522,481,2,Worth the Money,Received a defective item.,2026-02-22
532,963,10832,49,5,Highly Recommended,Loved the product. Highly recommended.,2026-05-05
533,964,2376,382,5,Excellent Product,Packaging was good and product is amazing.,2025-08-11
534,967,12744,235,3,Excellent Product,Average quality.,2026-07-12
535,968,14590,216,5,Satisfied,Superb quality and easy to use.,2025-07-17
536,970,2120,494,4,Highly Recommended,Loved the product. Highly recommended.,2024-11-05
537,974,5599,354,2,Highly Recommended,Will not recommend.,2026-07-07
538,975,506,85,4,Could Be Better,Superb quality and easy to use.,2025-12-28
539,977,14306,241,3,Poor Quality,Delivery was on time.,2024-07-23
540,978,17056,480,3,Highly Recommended,Expected a little better.,2026-07-05
541,979,19528,89,4,Could Be Better,Value for money. Will buy again.,2025-08-03
542,980,17806,469,5,Excellent Product,Excellent quality and fast delivery.,2026-05-02
543,984,13246,467,5,Amazing Purchase,Excellent quality and fast delivery.,2026-07-05
544,985,18152,400,4,Satisfied,Packaging was good and product is amazing.,2025-10-30
545,986,15944,326,5,Not Worth It,Great experience with this product.,2025-02-11
546,987,18071,434,5,Not Worth It,Exactly as described.,2026-06-15
547,988,19935,253,2,Could Be Better,Received a defective item.,2025-05-21
548,989,17240,30,2,Poor Quality,Will not recommend.,2026-02-04
549,990,3585,385,5,Excellent Product,Loved the product. Highly recommended.,2025-07-04
550,991,18617,61,4,Amazing Purchase,Great experience with this product.,2025-05-25
551,993,18504,322,5,Poor Quality,Great experience with this product.,2024-08-17
552,994,7165,171,2,Poor Quality,Poor quality product.,2024-09-29
553,995,5197,36,4,Worth the Money,Exactly as described.,2024-09-02
554,997,6471,59,5,Amazing Purchase,Excellent quality and fast delivery.,2025-04-28
555,1000,3899,304,5,Amazing Purchase,Loved the product. Highly recommended.,2026-07-13
556,1006,17578,143,5,Highly Recommended,Loved the product. Highly recommended.,2024-12-29
557,1009,8723,491,5,Poor Quality,Value for money. Will buy again.,2026-01-16
558,1011,13195,194,5,Satisfied,Value for money. Will buy again.,2026-05-20
559,1012,8030,41,2,Not Worth It,Very disappointed.,2025-05-22
560,1014,18326,143,5,Could Be Better,Great experience with this product.,2025-05-17
561,1015,363,65,4,Satisfied,Value for money. Will buy again.,2026-02-02
562,1017,13395,493,4,Worth the Money,Exactly as described.,2025-05-20
563,1018,404,382,4,Very Good,Very satisfied with the purchase.,2025-06-16
564,1019,17132,458,5,Highly Recommended,Excellent quality and fast delivery.,2025-05-06
565,1021,7087,88,4,Average Product,Loved the product. Highly recommended.,2025-08-15
566,1024,12753,287,5,Amazing Purchase,Very satisfied with the purchase.,2025-11-30
567,1026,14165,196,4,Poor Quality,Value for money. Will buy again.,2026-03-12
568,1027,13507,347,4,Not Worth It,Packaging was good and product is amazing.,2026-04-14
569,1030,8106,101,4,Amazing Purchase,Packaging was good and product is amazing.,2025-01-20
570,1033,3192,158,3,Highly Recommended,Delivery was on time.,2025-10-24
571,1034,17875,243,5,Very Good,Very satisfied with the purchase.,2025-08-30
572,1035,7057,335,5,Highly Recommended,Superb quality and easy to use.,2025-05-28
573,1037,5223,447,4,Worth the Money,Superb quality and easy to use.,2025-09-29
574,1038,18026,336,4,Not Worth It,Loved the product. Highly recommended.,2024-10-02
575,1039,6671,198,5,Highly Recommended,Exactly as described.,2025-11-09
576,1040,8342,302,5,Satisfied,Packaging was good and product is amazing.,2025-11-07
577,1042,19386,436,3,Poor Quality,Product is okay.,2025-11-11
578,1044,17192,298,5,Poor Quality,Value for money. Will buy again.,2026-01-14
579,1047,1700,452,5,Amazing Purchase,Loved the product. Highly recommended.,2026-05-11
580,1050,11125,64,4,Satisfied,Excellent quality and fast delivery.,2025-03-28
581,1051,11602,361,5,Excellent Product,Exactly as described.,2024-09-26
582,1052,13585,255,4,Satisfied,Value for money. Will buy again.,2025-04-25
583,1053,5512,398,3,Worth the Money,Average quality.,2025-02-26
584,1054,4008,490,3,Could Be Better,Expected a little better.,2025-07-15
585,1055,2613,95,4,Highly Recommended,Packaging was good and product is amazing.,2024-12-04
586,1056,19264,303,1,Average Product,Very disappointed.,2026-01-22
587,1061,6680,391,4,Could Be Better,Superb quality and easy to use.,2025-08-13
588,1062,1884,172,5,Not Worth It,Very satisfied with the purchase.,2026-05-19
589,1063,5557,212,5,Amazing Purchase,Value for money. Will buy again.,2025-06-09
590,1064,2493,35,3,Very Good,Works as intended.,2025-02-23
591,1067,8945,405,1,Could Be Better,Bad packaging.,2026-03-26
592,1069,4385,331,3,Could Be Better,Expected a little better.,2025-03-23
593,1072,658,462,4,Very Good,Loved the product. Highly recommended.,2025-07-13
594,1074,5836,168,4,Poor Quality,Packaging was good and product is amazing.,2025-11-03
595,1076,204,68,4,Amazing Purchase,Very satisfied with the purchase.,2025-08-08
596,1077,8741,133,3,Average Product,Expected a little better.,2025-11-05
597,1079,15794,388,5,Could Be Better,Very satisfied with the purchase.,2026-04-18
598,1080,6221,294,2,Satisfied,Not worth the price.,2025-05-16
599,1085,3424,9,2,Excellent Product,Stopped working after few days.,2025-11-30
600,1086,137,318,3,Average Product,Average quality.,2025-11-10
601,1087,10066,170,4,Could Be Better,Exactly as described.,2025-08-27
602,1088,880,341,5,Poor Quality,Value for money. Will buy again.,2024-08-17
603,1089,11113,281,4,Average Product,Exactly as described.,2025-08-20
604,1092,18592,17,4,Satisfied,Packaging was good and product is amazing.,2025-06-27
605,1094,17354,341,5,Could Be Better,Value for money. Will buy again.,2024-12-23
606,1095,15055,361,4,Not Worth It,Packaging was good and product is amazing.,2026-03-07
607,1096,769,286,2,Highly Recommended,Very disappointed.,2025-05-08
608,1102,1806,11,4,Worth the Money,Loved the product. Highly recommended.,2026-02-06
609,1103,12663,153,3,Satisfied,Product is okay.,2025-04-26
610,1104,9445,124,4,Amazing Purchase,Superb quality and easy to use.,2024-11-17
611,1105,11360,212,5,Poor Quality,Superb quality and easy to use.,2025-10-29
612,1108,411,462,3,Satisfied,Works as intended.,2025-06-23
613,1109,6792,42,3,Excellent Product,Works as intended.,2026-07-23
614,1110,16517,128,3,Could Be Better,Expected a little better.,2024-10-23
615,1111,3098,257,5,Satisfied,Superb quality and easy to use.,2025-01-02
616,1112,18877,154,5,Poor Quality,Value for money. Will buy again.,2024-10-14
617,1113,1383,287,5,Could Be Better,Superb quality and easy to use.,2025-08-19
618,1114,7217,181,1,Satisfied,Not worth the price.,2026-05-23
619,1115,4275,102,3,Not Worth It,Average quality.,2024-08-12
620,1117,1695,34,4,Could Be Better,Exactly as described.,2026-02-18
621,1118,16448,211,3,Highly Recommended,Product is okay.,2025-11-26
622,1120,10007,337,4,Amazing Purchase,Excellent quality and fast delivery.,2026-07-24
623,1122,5342,411,3,Very Good,Expected a little better.,2025-01-13
624,1123,5884,473,2,Amazing Purchase,Stopped working after few days.,2026-05-30
625,1125,8736,52,2,Not Worth It,Will not recommend.,2025-07-04
626,1126,6044,173,4,Amazing Purchase,Value for money. Will buy again.,2025-08-27
627,1127,4691,196,5,Not Worth It,Loved the product. Highly recommended.,2025-04-03
628,1128,7759,395,3,Not Worth It,Product is okay.,2025-07-01
629,1129,19930,104,2,Very Good,Poor quality product.,2025-09-10
630,1131,8003,105,5,Poor Quality,Packaging was good and product is amazing.,2026-03-02
631,1133,11768,175,5,Very Good,Exactly as described.,2025-03-28
632,1134,5446,91,5,Could Be Better,Great experience with this product.,2025-12-11
633,1136,4239,434,5,Could Be Better,Value for money. Will buy again.,2026-05-08
634,1138,682,182,5,Amazing Purchase,Very satisfied with the purchase.,2026-02-19
635,1139,13294,224,4,Highly Recommended,Packaging was good and product is amazing.,2026-05-21
636,1140,14709,147,4,Excellent Product,Excellent quality and fast delivery.,2025-04-12
637,1142,14404,487,1,Poor Quality,Poor quality product.,2026-02-06
638,1147,10761,497,3,Satisfied,Product is okay.,2025-10-06
639,1149,10343,390,5,Satisfied,Value for money. Will buy again.,2026-02-22
640,1151,4657,408,3,Average Product,Product is okay.,2024-11-26
641,1152,1450,146,5,Could Be Better,Exactly as described.,2026-02-18
642,1153,10075,175,5,Worth the Money,Superb quality and easy to use.,2025-11-17
643,1154,777,64,3,Excellent Product,Works as intended.,2025-03-29
644,1157,4851,466,3,Could Be Better,Works as intended.,2024-11-24
645,1159,13146,172,4,Very Good,Superb quality and easy to use.,2024-12-22
646,1160,11183,81,4,Average Product,Loved the product. Highly recommended.,2025-05-16
647,1162,18886,117,5,Excellent Product,Loved the product. Highly recommended.,2024-12-03
648,1163,2243,249,5,Average Product,Value for money. Will buy again.,2025-08-23
649,1166,869,491,5,Poor Quality,Superb quality and easy to use.,2025-09-22
650,1168,13905,281,5,Amazing Purchase,Exactly as described.,2024-12-27
651,1169,5795,320,5,Highly Recommended,Loved the product. Highly recommended.,2025-01-09
652,1170,18138,154,4,Not Worth It,Exactly as described.,2024-10-04
653,1171,6641,308,4,Average Product,Superb quality and easy to use.,2024-11-19
654,1172,16535,33,3,Excellent Product,Product is okay.,2025-05-16
655,1173,19878,401,5,Satisfied,Excellent quality and fast delivery.,2025-07-26
656,1174,11668,26,1,Amazing Purchase,Will not recommend.,2026-01-30
657,1175,5942,302,4,Very Good,Very satisfied with the purchase.,2024-11-06
658,1176,350,398,5,Amazing Purchase,Loved the product. Highly recommended.,2024-11-04
659,1177,2849,94,3,Could Be Better,Product is okay.,2026-03-27
660,1180,13192,450,4,Worth the Money,Loved the product. Highly recommended.,2026-07-24
661,1181,3267,83,1,Not Worth It,Will not recommend.,2025-05-28
662,1182,5070,482,4,Average Product,Packaging was good and product is amazing.,2024-11-20
663,1185,3817,138,3,Excellent Product,Product is okay.,2025-02-17
664,1187,17611,204,5,Not Worth It,Packaging was good and product is amazing.,2024-12-09
665,1188,18323,444,5,Very Good,Very satisfied with the purchase.,2025-03-18
666,1190,14977,36,5,Highly Recommended,Superb quality and easy to use.,2026-03-24
667,1192,7494,175,5,Worth the Money,Packaging was good and product is amazing.,2026-07-13
668,1193,6136,23,5,Could Be Better,Excellent quality and fast delivery.,2024-09-04
669,1195,14183,28,4,Excellent Product,Exactly as described.,2024-11-01
670,1196,1067,211,3,Worth the Money,Product is okay.,2026-02-10
671,1197,8561,263,4,Amazing Purchase,Excellent quality and fast delivery.,2025-02-05
672,1201,13135,468,5,Highly Recommended,Packaging was good and product is amazing.,2025-01-07
673,1202,6118,101,5,Satisfied,Loved the product. Highly recommended.,2024-10-02
674,1206,14699,162,4,Could Be Better,Exactly as described.,2025-10-17
675,1207,14411,388,3,Very Good,Delivery was on time.,2025-10-20
676,1208,9533,338,3,Not Worth It,Works as intended.,2025-06-05
677,1209,9634,336,5,Average Product,Excellent quality and fast delivery.,2025-11-05
678,1210,9948,475,4,Worth the Money,Packaging was good and product is amazing.,2025-08-28
679,1211,17754,16,5,Excellent Product,Packaging was good and product is amazing.,2026-05-29
680,1212,15441,445,4,Very Good,Very satisfied with the purchase.,2025-09-23
681,1214,5354,297,3,Highly Recommended,Expected a little better.,2026-07-17
682,1215,19580,207,4,Average Product,Superb quality and easy to use.,2024-09-18
683,1216,15076,271,5,Poor Quality,Exactly as described.,2024-08-25
684,1218,19021,16,5,Average Product,Exactly as described.,2025-02-19
685,1222,483,491,5,Satisfied,Excellent quality and fast delivery.,2025-03-07
686,1223,19679,476,1,Average Product,Will not recommend.,2025-10-20
687,1226,15245,85,5,Worth the Money,Exactly as described.,2025-10-27
688,1228,7433,237,5,Amazing Purchase,Great experience with this product.,2024-11-25
689,1230,11182,285,3,Poor Quality,Average quality.,2024-08-13
690,1231,2431,359,4,Satisfied,Exactly as described.,2025-04-06
691,1232,2704,431,5,Poor Quality,Exactly as described.,2024-12-28
692,1233,15704,404,4,Not Worth It,Superb quality and easy to use.,2024-08-01
693,1234,9983,438,1,Satisfied,Will not recommend.,2024-11-07
694,1235,19550,67,3,Not Worth It,Product is okay.,2025-03-01
695,1238,5648,30,4,Worth the Money,Excellent quality and fast delivery.,2026-04-30
696,1240,17350,381,5,Very Good,Excellent quality and fast delivery.,2025-03-16
697,1242,16710,143,4,Could Be Better,Loved the product. Highly recommended.,2025-10-02
698,1244,10835,424,3,Amazing Purchase,Works as intended.,2025-01-04
699,1245,11397,495,3,Worth the Money,Delivery was on time.,2025-03-04
700,1246,9027,143,5,Excellent Product,Excellent quality and fast delivery.,2025-01-23
701,1249,9781,416,5,Poor Quality,Loved the product. Highly recommended.,2025-06-28
702,1250,19020,162,2,Amazing Purchase,Bad packaging.,2026-06-29
703,1251,18106,71,4,Could Be Better,Very satisfied with the purchase.,2026-01-02
704,1252,7935,208,4,Worth the Money,Value for money. Will buy again.,2024-08-11
705,1253,9880,440,4,Could Be Better,Value for money. Will buy again.,2026-04-08
706,1254,5094,260,4,Poor Quality,Value for money. Will buy again.,2026-07-22
707,1255,14276,469,3,Satisfied,Average quality.,2025-11-15
708,1258,686,145,3,Highly Recommended,Average quality.,2025-10-08
709,1259,3852,322,2,Satisfied,Stopped working after few days.,2026-06-08
710,1260,13172,61,4,Very Good,Very satisfied with the purchase.,2025-05-11
711,1261,5266,424,3,Could Be Better,Works as intended.,2025-10-25
712,1262,2249,407,3,Worth the Money,Average quality.,2024-10-07
713,1264,9582,363,3,Average Product,Expected a little better.,2025-08-09
714,1265,10310,480,2,Poor Quality,Very disappointed.,2024-08-13
715,1266,9360,133,5,Very Good,Great experience with this product.,2026-05-28
716,1267,9535,496,5,Average Product,Value for money. Will buy again.,2026-06-26
717,1269,12031,82,5,Not Worth It,Exactly as described.,2024-08-05
718,1270,12432,80,2,Excellent Product,Very disappointed.,2024-09-15
719,1272,1407,317,3,Amazing Purchase,Works as intended.,2024-12-30
720,1277,13056,362,4,Poor Quality,Very satisfied with the purchase.,2026-01-13
721,1287,12653,199,4,Worth the Money,Great experience with this product.,2025-12-09
722,1289,8506,341,1,Could Be Better,Will not recommend.,2026-07-06
723,1293,13030,315,2,Very Good,Not worth the price.,2024-12-14
724,1296,9994,148,4,Satisfied,Great experience with this product.,2024-09-29
725,1297,8064,441,3,Very Good,Delivery was on time.,2024-11-12
726,1298,3732,230,5,Satisfied,Loved the product. Highly recommended.,2026-03-13
727,1299,12793,482,5,Not Worth It,Very satisfied with the purchase.,2024-08-23
728,1301,18037,102,3,Could Be Better,Expected a little better.,2025-08-31
729,1302,2401,132,5,Not Worth It,Excellent quality and fast delivery.,2025-04-26
730,1303,3503,241,4,Very Good,Exactly as described.,2026-01-30
731,1304,17682,400,5,Satisfied,Great experience with this product.,2024-08-14
732,1307,18530,196,4,Worth the Money,Superb quality and easy to use.,2026-02-07
733,1308,15834,202,1,Excellent Product,Very disappointed.,2025-01-19
734,1312,277,131,4,Could Be Better,Exactly as described.,2026-02-17
735,1314,9827,227,4,Poor Quality,Loved the product. Highly recommended.,2025-01-17
736,1315,13143,133,4,Highly Recommended,Excellent quality and fast delivery.,2025-09-09
737,1316,12550,150,5,Highly Recommended,Value for money. Will buy again.,2026-04-18
738,1317,9992,139,4,Very Good,Superb quality and easy to use.,2026-04-22
739,1319,17825,79,3,Very Good,Delivery was on time.,2025-04-02
740,1320,15667,24,3,Satisfied,Delivery was on time.,2024-11-21
741,1321,2185,167,4,Average Product,Packaging was good and product is amazing.,2026-02-06
742,1325,2784,355,4,Highly Recommended,Superb quality and easy to use.,2024-11-11
743,1328,4920,136,1,Highly Recommended,Stopped working after few days.,2025-10-13
744,1329,3279,331,5,Poor Quality,Loved the product. Highly recommended.,2025-08-18
745,1330,8925,215,3,Amazing Purchase,Average quality.,2026-05-26
746,1331,11895,404,3,Poor Quality,Delivery was on time.,2025-06-24
747,1332,8192,143,4,Poor Quality,Value for money. Will buy again.,2024-10-23
748,1334,6533,410,1,Poor Quality,Very disappointed.,2025-03-10
749,1335,16817,208,4,Could Be Better,Very satisfied with the purchase.,2025-02-24
750,1336,6098,75,4,Could Be Better,Great experience with this product.,2025-05-12
751,1338,12366,110,4,Satisfied,Loved the product. Highly recommended.,2026-05-20
752,1339,13953,121,5,Not Worth It,Great experience with this product.,2026-04-13
753,1341,553,251,5,Amazing Purchase,Value for money. Will buy again.,2025-02-13
754,1343,1997,11,3,Very Good,Average quality.,2025-10-19
755,1347,16758,189,5,Satisfied,Exactly as described.,2025-09-26
756,1348,8255,98,5,Could Be Better,Loved the product. Highly recommended.,2024-09-03
757,1350,3335,183,5,Average Product,Superb quality and easy to use.,2024-11-28
758,1353,5420,111,5,Excellent Product,Loved the product. Highly recommended.,2025-12-06
759,1357,19185,157,2,Not Worth It,Not worth the price.,2026-05-26
760,1359,16398,40,5,Average Product,Value for money. Will buy again.,2026-02-10
761,1361,13506,250,3,Worth the Money,Expected a little better.,2024-08-29
762,1365,11306,138,4,Amazing Purchase,Value for money. Will buy again.,2025-02-21
763,1366,19425,263,4,Very Good,Exactly as described.,2025-05-25
764,1367,6859,84,4,Average Product,Packaging was good and product is amazing.,2025-08-09
765,1368,12504,495,3,Average Product,Average quality.,2025-05-05
766,1369,1927,201,5,Worth the Money,Superb quality and easy to use.,2026-05-21
767,1370,13367,473,3,Amazing Purchase,Average quality.,2026-02-06
768,1374,18336,127,5,Average Product,Great experience with this product.,2025-10-25
769,1375,3889,472,2,Worth the Money,Bad packaging.,2024-12-22
770,1376,8443,137,2,Worth the Money,Not worth the price.,2025-09-20
771,1378,11715,366,3,Poor Quality,Expected a little better.,2024-09-24
772,1380,15873,15,4,Highly Recommended,Great experience with this product.,2025-09-05
773,1381,9307,118,2,Not Worth It,Received a defective item.,2026-01-03
774,1383,17627,359,4,Average Product,Great experience with this product.,2025-11-13
775,1385,16359,214,5,Very Good,Excellent quality and fast delivery.,2026-07-29
776,1386,19543,213,5,Very Good,Packaging was good and product is amazing.,2025-02-20
777,1387,3134,333,4,Very Good,Loved the product. Highly recommended.,2024-07-29
778,1388,12380,235,5,Not Worth It,Loved the product. Highly recommended.,2024-09-11
779,1389,8165,260,5,Satisfied,Value for money. Will buy again.,2025-09-05
780,1391,6858,439,5,Poor Quality,Exactly as described.,2025-08-10
781,1394,1776,257,5,Satisfied,Excellent quality and fast delivery.,2025-02-07
782,1395,1904,382,4,Satisfied,Loved the product. Highly recommended.,2025-01-10
783,1396,16534,307,3,Not Worth It,Delivery was on time.,2025-07-21
784,1399,6564,207,4,Poor Quality,Very satisfied with the purchase.,2025-11-09
785,1400,9790,266,4,Excellent Product,Packaging was good and product is amazing.,2025-02-12
786,1401,401,220,5,Amazing Purchase,Exactly as described.,2025-03-08
787,1405,11026,18,5,Poor Quality,Exactly as described.,2024-12-06
788,1406,15471,316,4,Very Good,Exactly as described.,2025-06-04
789,1407,12682,155,4,Not Worth It,Superb quality and easy to use.,2024-09-09
790,1408,11284,279,3,Excellent Product,Expected a little better.,2025-10-23
791,1409,12342,282,3,Highly Recommended,Expected a little better.,2026-05-18
792,1410,159,497,5,Satisfied,Excellent quality and fast delivery.,2026-07-18
793,1412,18105,496,3,Amazing Purchase,Works as intended.,2025-07-02
794,1413,8672,32,2,Average Product,Bad packaging.,2025-05-26
795,1415,14878,12,4,Average Product,Superb quality and easy to use.,2026-05-11
796,1416,9463,439,5,Worth the Money,Exactly as described.,2025-01-14
797,1417,591,248,4,Worth the Money,Loved the product. Highly recommended.,2026-03-11
798,1418,10401,452,4,Worth the Money,Superb quality and easy to use.,2026-07-18
799,1419,3339,311,5,Not Worth It,Value for money. Will buy again.,2024-09-21
800,1420,18722,350,2,Satisfied,Not worth the price.,2025-11-23
801,1422,14888,142,4,Satisfied,Great experience with this product.,2025-09-13
802,1427,12872,106,1,Poor Quality,Received a defective item.,2025-02-12
803,1429,11805,448,5,Average Product,Superb quality and easy to use.,2025-03-27
804,1431,2646,368,2,Very Good,Received a defective item.,2026-05-07
805,1434,2714,25,3,Amazing Purchase,Works as intended.,2024-08-05
806,1435,11324,236,5,Poor Quality,Great experience with this product.,2025-05-24
807,1437,815,35,5,Satisfied,Excellent quality and fast delivery.,2025-09-09
808,1442,585,174,4,Could Be Better,Excellent quality and fast delivery.,2025-04-22
809,1443,4247,419,2,Very Good,Poor quality product.,2025-12-03
810,1445,15876,499,5,Highly Recommended,Great experience with this product.,2025-04-05
811,1454,13485,190,4,Amazing Purchase,Superb quality and easy to use.,2026-05-21
812,1455,11966,114,5,Very Good,Exactly as described.,2025-01-22
813,1456,18486,98,5,Satisfied,Excellent quality and fast delivery.,2025-06-24
814,1458,13875,61,5,Not Worth It,Value for money. Will buy again.,2025-07-30
815,1461,15264,218,2,Worth the Money,Bad packaging.,2025-03-15
816,1462,10346,64,5,Amazing Purchase,Very satisfied with the purchase.,2024-10-19
817,1464,1787,125,5,Poor Quality,Excellent quality and fast delivery.,2024-12-05
818,1465,12571,187,2,Poor Quality,Received a defective item.,2025-07-21
819,1466,18548,131,2,Amazing Purchase,Very disappointed.,2025-07-16
820,1467,10327,69,4,Worth the Money,Excellent quality and fast delivery.,2026-03-30
821,1468,8725,240,2,Excellent Product,Poor quality product.,2024-08-06
822,1469,661,207,3,Average Product,Delivery was on time.,2025-09-10
823,1473,16355,339,5,Average Product,Excellent quality and fast delivery.,2025-05-08
824,1474,17880,233,4,Excellent Product,Superb quality and easy to use.,2025-04-01
825,1477,4093,381,3,Could Be Better,Expected a little better.,2025-05-19
826,1478,2049,223,4,Not Worth It,Excellent quality and fast delivery.,2026-03-28
827,1480,19028,187,3,Excellent Product,Works as intended.,2025-03-15
828,1486,4167,139,5,Very Good,Loved the product. Highly recommended.,2024-08-29
829,1488,10143,253,4,Highly Recommended,Excellent quality and fast delivery.,2026-05-06
830,1489,2199,297,4,Average Product,Value for money. Will buy again.,2025-12-20
831,1490,18732,343,5,Satisfied,Loved the product. Highly recommended.,2025-02-15
832,1491,11968,340,4,Not Worth It,Great experience with this product.,2024-08-12
833,1496,5049,222,4,Excellent Product,Very satisfied with the purchase.,2025-04-07
834,1498,19080,273,4,Could Be Better,Loved the product. Highly recommended.,2025-09-26
835,1500,8780,209,2,Average Product,Stopped working after few days.,2024-09-06
836,1501,5665,307,5,Satisfied,Excellent quality and fast delivery.,2025-01-23
837,1503,17301,280,2,Satisfied,Poor quality product.,2025-04-01
838,1505,19936,485,3,Average Product,Product is okay.,2025-08-16
839,1506,15018,265,4,Average Product,Loved the product. Highly recommended.,2026-05-03
840,1507,239,494,4,Worth the Money,Excellent quality and fast delivery.,2026-01-31
841,1509,19927,373,4,Average Product,Packaging was good and product is amazing.,2025-09-23
842,1515,4387,128,4,Very Good,Excellent quality and fast delivery.,2026-07-01
843,1516,17061,56,3,Could Be Better,Average quality.,2025-09-13
844,1519,18971,465,1,Average Product,Bad packaging.,2025-07-31
845,1520,16248,311,4,Satisfied,Exactly as described.,2024-08-15
846,1528,6006,320,2,Poor Quality,Very disappointed.,2025-12-03
847,1530,12017,239,5,Very Good,Superb quality and easy to use.,2025-12-22
848,1532,14822,458,5,Amazing Purchase,Loved the product. Highly recommended.,2025-08-03
849,1533,8124,26,3,Excellent Product,Product is okay.,2024-12-18
850,1534,3468,22,4,Excellent Product,Loved the product. Highly recommended.,2024-11-19
851,1535,16226,152,2,Could Be Better,Stopped working after few days.,2024-12-24
852,1536,10788,29,5,Worth the Money,Excellent quality and fast delivery.,2024-12-21
853,1538,2779,57,3,Not Worth It,Product is okay.,2025-10-01
854,1542,901,141,5,Worth the Money,Superb quality and easy to use.,2024-10-24
855,1543,4221,352,3,Excellent Product,Delivery was on time.,2025-02-17
856,1545,13518,117,5,Amazing Purchase,Packaging was good and product is amazing.,2025-10-27
857,1547,1073,106,5,Highly Recommended,Loved the product. Highly recommended.,2025-11-01
858,1550,19195,103,4,Could Be Better,Value for money. Will buy again.,2025-07-29
859,1553,10958,109,5,Amazing Purchase,Excellent quality and fast delivery.,2026-04-13
860,1556,11257,296,2,Worth the Money,Bad packaging.,2026-04-11
861,1557,18478,21,5,Highly Recommended,Superb quality and easy to use.,2024-12-15
862,1559,18237,215,2,Poor Quality,Bad packaging.,2025-11-04
863,1564,9925,248,4,Very Good,Great experience with this product.,2025-05-13
864,1565,2441,160,5,Amazing Purchase,Exactly as described.,2025-04-28
865,1566,4280,123,2,Amazing Purchase,Very disappointed.,2026-02-10
866,1571,16281,115,3,Satisfied,Expected a little better.,2026-06-17
867,1572,17223,57,5,Excellent Product,Packaging was good and product is amazing.,2025-08-28
868,1573,16739,240,3,Average Product,Expected a little better.,2026-02-06
869,1574,7495,8,3,Not Worth It,Average quality.,2025-11-21
870,1575,11781,397,3,Satisfied,Product is okay.,2025-07-11
871,1576,1100,455,5,Could Be Better,Packaging was good and product is amazing.,2025-11-15
872,1577,7119,88,4,Amazing Purchase,Loved the product. Highly recommended.,2026-03-14
873,1580,4566,395,5,Could Be Better,Value for money. Will buy again.,2024-10-18
874,1581,14301,151,3,Excellent Product,Expected a little better.,2026-06-07
875,1582,16790,465,4,Average Product,Exactly as described.,2024-11-20
876,1584,17506,303,5,Highly Recommended,Very satisfied with the purchase.,2026-05-01
877,1585,6272,288,2,Worth the Money,Received a defective item.,2025-03-24
878,1586,6832,136,4,Poor Quality,Loved the product. Highly recommended.,2025-03-04
879,1587,4394,89,4,Average Product,Excellent quality and fast delivery.,2025-10-17
880,1588,16610,44,4,Poor Quality,Value for money. Will buy again.,2026-01-16
881,1591,8068,20,4,Not Worth It,Packaging was good and product is amazing.,2025-07-27
882,1593,13507,199,3,Poor Quality,Expected a little better.,2025-01-20
883,1594,19170,140,5,Could Be Better,Great experience with this product.,2024-09-23
884,1596,7064,213,1,Excellent Product,Received a defective item.,2026-07-20
885,1598,3123,57,4,Worth the Money,Great experience with this product.,2025-01-15
886,1601,2913,15,4,Could Be Better,Exactly as described.,2025-05-02
887,1602,12535,98,2,Very Good,Received a defective item.,2025-04-03
888,1603,9194,114,5,Worth the Money,Very satisfied with the purchase.,2026-06-07
889,1604,17072,272,4,Could Be Better,Excellent quality and fast delivery.,2025-01-04
890,1606,15641,361,4,Amazing Purchase,Great experience with this product.,2025-09-08
891,1607,16272,287,3,Highly Recommended,Product is okay.,2026-04-20
892,1608,10564,62,5,Could Be Better,Excellent quality and fast delivery.,2025-09-17
893,1610,2345,105,5,Not Worth It,Superb quality and easy to use.,2026-03-27
894,1611,17551,199,5,Excellent Product,Very satisfied with the purchase.,2024-12-14
895,1612,17825,151,2,Satisfied,Will not recommend.,2026-02-04
896,1614,1550,160,5,Satisfied,Loved the product. Highly recommended.,2025-09-26
897,1616,15938,164,2,Amazing Purchase,Poor quality product.,2026-01-01
898,1617,14039,497,4,Very Good,Packaging was good and product is amazing.,2026-04-03
899,1620,4423,359,5,Satisfied,Packaging was good and product is amazing.,2025-11-03
900,1621,9463,218,4,Highly Recommended,Superb quality and easy to use.,2025-02-11
901,1623,9003,108,4,Amazing Purchase,Exactly as described.,2025-04-03
902,1625,19759,78,2,Excellent Product,Very disappointed.,2026-06-17
903,1626,3232,183,4,Excellent Product,Excellent quality and fast delivery.,2024-08-02
904,1627,5676,251,5,Satisfied,Great experience with this product.,2025-06-08
905,1628,14321,203,5,Average Product,Value for money. Will buy again.,2024-07-23
906,1630,721,488,2,Excellent Product,Received a defective item.,2025-06-26
907,1635,18950,185,3,Satisfied,Delivery was on time.,2026-04-15
908,1636,19325,469,4,Amazing Purchase,Packaging was good and product is amazing.,2025-03-24
909,1637,907,138,2,Satisfied,Received a defective item.,2026-07-09
910,1638,15376,233,3,Excellent Product,Delivery was on time.,2025-11-12
911,1639,2419,84,4,Highly Recommended,Value for money. Will buy again.,2024-12-23
912,1641,19254,90,5,Worth the Money,Great experience with this product.,2025-05-10
913,1643,16768,278,4,Very Good,Packaging was good and product is amazing.,2024-11-18
914,1644,5838,370,4,Worth the Money,Value for money. Will buy again.,2025-03-24
915,1645,14459,275,1,Could Be Better,Will not recommend.,2024-09-14
916,1648,19960,154,5,Worth the Money,Packaging was good and product is amazing.,2025-06-14
917,1650,16796,381,4,Amazing Purchase,Very satisfied with the purchase.,2025-07-02
918,1652,1373,93,5,Excellent Product,Superb quality and easy to use.,2026-06-28
919,1653,13302,90,5,Poor Quality,Superb quality and easy to use.,2024-10-05
920,1658,16896,321,2,Not Worth It,Will not recommend.,2025-03-23
921,1660,8805,436,3,Satisfied,Product is okay.,2025-03-06
922,1661,709,270,4,Could Be Better,Packaging was good and product is amazing.,2025-10-08
923,1662,7628,464,4,Highly Recommended,Excellent quality and fast delivery.,2024-07-31
924,1663,13796,413,5,Worth the Money,Loved the product. Highly recommended.,2024-10-07
925,1664,18067,414,3,Not Worth It,Delivery was on time.,2025-01-31
926,1665,10354,387,2,Satisfied,Received a defective item.,2025-02-07
927,1666,6892,308,3,Excellent Product,Average quality.,2025-02-13
928,1669,14197,105,5,Average Product,Value for money. Will buy again.,2025-07-17
929,1670,389,213,2,Not Worth It,Not worth the price.,2025-04-15
930,1671,10132,325,3,Not Worth It,Delivery was on time.,2024-11-14
931,1677,16714,444,5,Satisfied,Loved the product. Highly recommended.,2026-06-07
932,1679,8246,112,2,Very Good,Poor quality product.,2025-03-02
933,1680,14942,307,5,Amazing Purchase,Very satisfied with the purchase.,2025-03-31
934,1681,15131,442,5,Poor Quality,Packaging was good and product is amazing.,2025-06-24
935,1685,11362,73,5,Amazing Purchase,Exactly as described.,2026-04-23
936,1686,11631,305,2,Worth the Money,Very disappointed.,2026-02-20
937,1687,4124,389,4,Poor Quality,Value for money. Will buy again.,2025-05-06
938,1688,13562,386,5,Very Good,Superb quality and easy to use.,2025-01-10
939,1691,3384,4,5,Average Product,Superb quality and easy to use.,2026-01-12
940,1693,921,497,5,Worth the Money,Packaging was good and product is amazing.,2025-07-28
941,1697,6231,439,3,Could Be Better,Expected a little better.,2025-01-23
942,1699,5089,332,1,Excellent Product,Poor quality product.,2024-08-24
943,1701,19018,237,4,Poor Quality,Exactly as described.,2025-05-18
944,1702,12992,243,5,Satisfied,Exactly as described.,2025-04-05
945,1703,13952,41,5,Satisfied,Packaging was good and product is amazing.,2025-12-09
946,1704,13875,489,5,Poor Quality,Value for money. Will buy again.,2025-02-10
947,1705,14831,334,5,Highly Recommended,Excellent quality and fast delivery.,2026-07-04
948,1707,12909,484,5,Not Worth It,Superb quality and easy to use.,2025-03-01
949,1708,11730,159,2,Could Be Better,Very disappointed.,2024-11-08
950,1716,3663,385,3,Could Be Better,Expected a little better.,2025-04-06
951,1717,2940,410,5,Very Good,Superb quality and easy to use.,2026-01-19
952,1720,5845,235,2,Not Worth It,Very disappointed.,2024-08-31
953,1722,18469,116,3,Worth the Money,Product is okay.,2025-08-11
954,1723,15796,271,4,Not Worth It,Excellent quality and fast delivery.,2026-07-12
955,1724,3052,382,1,Very Good,Bad packaging.,2026-07-01
956,1725,1860,394,3,Not Worth It,Works as intended.,2025-04-16
957,1727,3558,27,4,Excellent Product,Excellent quality and fast delivery.,2024-08-09
958,1730,11378,307,4,Highly Recommended,Packaging was good and product is amazing.,2024-08-02
959,1731,692,11,1,Not Worth It,Bad packaging.,2025-06-27
960,1732,19898,339,4,Not Worth It,Superb quality and easy to use.,2026-04-11
961,1734,513,226,3,Could Be Better,Delivery was on time.,2025-11-27
962,1737,19289,459,4,Satisfied,Loved the product. Highly recommended.,2024-11-22
963,1739,18988,286,3,Worth the Money,Average quality.,2024-11-16
964,1740,8668,440,5,Poor Quality,Packaging was good and product is amazing.,2025-10-03
965,1741,5348,245,5,Satisfied,Loved the product. Highly recommended.,2025-01-03
966,1743,10199,473,4,Highly Recommended,Superb quality and easy to use.,2025-09-12
967,1744,12760,445,5,Very Good,Excellent quality and fast delivery.,2026-06-04
968,1745,3301,66,5,Poor Quality,Loved the product. Highly recommended.,2025-02-27
969,1748,17170,249,4,Poor Quality,Exactly as described.,2025-01-18
970,1749,3364,114,3,Average Product,Works as intended.,2025-03-17
971,1752,2145,486,4,Satisfied,Exactly as described.,2025-04-06
972,1756,3186,366,5,Highly Recommended,Exactly as described.,2025-09-12
973,1757,15834,183,5,Worth the Money,Loved the product. Highly recommended.,2025-12-11
974,1758,19703,44,5,Not Worth It,Excellent quality and fast delivery.,2025-09-24
975,1760,13504,174,5,Amazing Purchase,Packaging was good and product is amazing.,2024-12-27
976,1761,11804,282,1,Very Good,Bad packaging.,2025-06-18
977,1762,10033,378,3,Very Good,Average quality.,2025-12-12
978,1763,4266,2,5,Average Product,Excellent quality and fast delivery.,2025-04-23
979,1764,7612,239,5,Amazing Purchase,Exactly as described.,2026-05-24
980,1767,7936,359,4,Satisfied,Very satisfied with the purchase.,2024-09-26
981,1771,13339,188,4,Average Product,Very satisfied with the purchase.,2026-06-06
982,1772,4644,299,3,Highly Recommended,Works as intended.,2024-12-09
983,1773,15811,204,4,Could Be Better,Exactly as described.,2024-11-07
984,1774,6533,74,4,Excellent Product,Packaging was good and product is amazing.,2025-12-09
985,1775,18437,84,4,Very Good,Packaging was good and product is amazing.,2025-12-14
986,1776,16763,148,2,Average Product,Will not recommend.,2024-11-02
987,1779,12812,73,4,Average Product,Very satisfied with the purchase.,2024-10-05
988,1780,2911,236,4,Very Good,Superb quality and easy to use.,2025-11-07
989,1783,7672,301,3,Poor Quality,Expected a little better.,2025-02-04
990,1784,2008,360,4,Satisfied,Very satisfied with the purchase.,2024-11-14
991,1786,5892,352,3,Average Product,Product is okay.,2025-04-28
992,1788,8683,348,5,Amazing Purchase,Great experience with this product.,2025-05-08
993,1790,10032,384,3,Poor Quality,Product is okay.,2026-01-27
994,1794,13056,240,5,Not Worth It,Superb quality and easy to use.,2024-10-20
995,1795,3600,230,5,Not Worth It,Packaging was good and product is amazing.,2025-12-03
996,1796,11427,171,4,Could Be Better,Excellent quality and fast delivery.,2026-04-26
997,1797,8865,201,1,Highly Recommended,Bad packaging.,2026-01-07
998,1798,15065,476,5,Poor Quality,Value for money. Will buy again.,2026-07-06
999,1801,15766,104,5,Worth the Money,Excellent quality and fast delivery.,2024-09-27
1000,1802,15245,171,4,Not Worth It,Packaging was good and product is amazing.,2025-08-20
1001,1804,15497,17,5,Excellent Product,Loved the product. Highly recommended.,2025-06-02
1002,1805,12021,311,2,Average Product,Will not recommend.,2025-04-16
1003,1806,1725,454,3,Amazing Purchase,Average quality.,2025-02-16
1004,1809,8908,403,3,Very Good,Works as intended.,2024-09-10
1005,1811,8690,268,4,Average Product,Loved the product. Highly recommended.,2025-02-22
1006,1812,10009,298,4,Average Product,Exactly as described.,2024-12-31
1007,1814,16096,188,5,Could Be Better,Packaging was good and product is amazing.,2025-04-07
1008,1815,2013,172,1,Very Good,Bad packaging.,2024-09-16
1009,1816,18050,3,3,Very Good,Works as intended.,2025-03-25
1010,1817,4106,378,3,Could Be Better,Works as intended.,2025-03-17
1011,1821,12311,18,5,Satisfied,Very satisfied with the purchase.,2026-06-21
1012,1822,18607,120,1,Worth the Money,Not worth the price.,2025-04-19
1013,1824,17787,79,5,Highly Recommended,Superb quality and easy to use.,2026-05-21
1014,1827,10616,216,4,Excellent Product,Excellent quality and fast delivery.,2026-01-06
1015,1829,10232,132,4,Poor Quality,Exactly as described.,2025-02-08
1016,1830,16262,416,4,Highly Recommended,Exactly as described.,2026-02-06
1017,1831,2490,291,4,Excellent Product,Great experience with this product.,2024-09-02
1018,1832,17155,423,5,Worth the Money,Superb quality and easy to use.,2026-05-20
1019,1834,12410,222,4,Average Product,Excellent quality and fast delivery.,2025-01-29
1020,1837,18263,423,5,Average Product,Excellent quality and fast delivery.,2025-05-07
1021,1838,1703,377,4,Excellent Product,Very satisfied with the purchase.,2025-07-27
1022,1841,18628,99,3,Worth the Money,Expected a little better.,2025-12-11
1023,1842,18939,319,5,Satisfied,Great experience with this product.,2025-10-03
1024,1844,19928,147,4,Highly Recommended,Loved the product. Highly recommended.,2026-06-25
1025,1846,16710,54,2,Satisfied,Bad packaging.,2025-10-13
1026,1847,14318,295,2,Highly Recommended,Not worth the price.,2025-10-25
1027,1849,18079,426,3,Not Worth It,Product is okay.,2025-10-18
1028,1850,3010,422,4,Could Be Better,Superb quality and easy to use.,2024-11-23
1029,1853,5295,48,3,Not Worth It,Average quality.,2025-08-03
1030,1858,11946,345,4,Poor Quality,Value for money. Will buy again.,2024-09-14
1031,1861,9459,108,4,Worth the Money,Packaging was good and product is amazing.,2024-11-29
1032,1862,627,341,5,Amazing Purchase,Exactly as described.,2025-07-01
1033,1864,13331,101,5,Could Be Better,Superb quality and easy to use.,2024-11-06
1034,1865,11260,229,3,Amazing Purchase,Product is okay.,2025-02-03
1035,1867,2670,221,2,Poor Quality,Stopped working after few days.,2024-09-20
1036,1868,19684,408,5,Not Worth It,Packaging was good and product is amazing.,2026-07-26
1037,1869,13252,356,4,Highly Recommended,Loved the product. Highly recommended.,2025-05-04
1038,1870,9656,280,5,Poor Quality,Very satisfied with the purchase.,2026-02-07
1039,1871,13927,219,3,Poor Quality,Delivery was on time.,2025-12-10
1040,1873,8290,12,1,Poor Quality,Bad packaging.,2025-03-22
1041,1875,19802,212,5,Not Worth It,Excellent quality and fast delivery.,2026-04-15
1042,1877,5958,58,3,Worth the Money,Expected a little better.,2025-03-04
1043,1880,1916,360,4,Excellent Product,Very satisfied with the purchase.,2026-06-07
1044,1882,7912,35,4,Very Good,Great experience with this product.,2025-11-13
1045,1883,2179,271,3,Satisfied,Average quality.,2025-07-09
1046,1884,16553,102,4,Very Good,Great experience with this product.,2024-10-22
1047,1885,3024,262,4,Average Product,Value for money. Will buy again.,2025-06-08
1048,1886,17181,314,3,Very Good,Expected a little better.,2024-07-30
1049,1888,10593,474,5,Worth the Money,Excellent quality and fast delivery.,2024-08-03
1050,1889,10614,339,4,Worth the Money,Great experience with this product.,2025-09-16
1051,1890,10303,57,4,Excellent Product,Exactly as described.,2025-12-25
1052,1893,6190,47,3,Not Worth It,Delivery was on time.,2025-01-01
1053,1894,19244,366,5,Excellent Product,Very satisfied with the purchase.,2025-07-14
1054,1898,994,190,5,Excellent Product,Excellent quality and fast delivery.,2026-06-30
1055,1899,19808,444,3,Not Worth It,Delivery was on time.,2025-06-24
1056,1900,13681,300,4,Amazing Purchase,Excellent quality and fast delivery.,2025-12-07
1057,1903,4375,384,5,Very Good,Very satisfied with the purchase.,2024-11-27
1058,1905,8827,61,5,Average Product,Loved the product. Highly recommended.,2025-09-25
1059,1906,15604,228,5,Poor Quality,Superb quality and easy to use.,2024-12-14
1060,1908,19380,311,4,Satisfied,Exactly as described.,2024-08-12
1061,1910,2819,116,5,Could Be Better,Great experience with this product.,2026-06-29
1062,1911,7190,186,4,Amazing Purchase,Excellent quality and fast delivery.,2026-06-25
1063,1915,13972,260,2,Excellent Product,Very disappointed.,2026-05-12
1064,1916,8838,59,4,Could Be Better,Superb quality and easy to use.,2026-02-08
1065,1921,1781,160,2,Highly Recommended,Poor quality product.,2026-04-08
1066,1924,4945,420,2,Not Worth It,Stopped working after few days.,2025-01-18
1067,1925,17585,18,4,Satisfied,Very satisfied with the purchase.,2024-10-02
1068,1926,8279,104,5,Very Good,Value for money. Will buy again.,2025-10-09
1069,1928,11999,237,2,Average Product,Poor quality product.,2025-02-08
1070,1930,13189,358,4,Poor Quality,Excellent quality and fast delivery.,2026-06-19
1071,1932,10647,99,4,Excellent Product,Excellent quality and fast delivery.,2025-08-27
1072,1938,6978,79,3,Highly Recommended,Product is okay.,2025-02-15
1073,1939,1867,324,4,Satisfied,Very satisfied with the purchase.,2024-08-10
1074,1940,15093,304,4,Worth the Money,Loved the product. Highly recommended.,2025-11-15
1075,1944,15020,418,2,Satisfied,Poor quality product.,2026-03-23
1076,1945,15424,227,4,Poor Quality,Great experience with this product.,2026-05-12
1077,1946,4706,69,4,Average Product,Value for money. Will buy again.,2024-08-05
1078,1947,5497,482,5,Highly Recommended,Excellent quality and fast delivery.,2026-03-10
1079,1948,11576,156,3,Excellent Product,Average quality.,2025-07-24
1080,1949,109,76,5,Not Worth It,Value for money. Will buy again.,2025-11-28
1081,1950,13973,470,5,Could Be Better,Very satisfied with the purchase.,2025-03-22
1082,1953,14411,73,3,Satisfied,Expected a little better.,2025-02-11
1083,1954,13096,333,5,Could Be Better,Loved the product. Highly recommended.,2025-03-24
1084,1958,4518,313,3,Satisfied,Expected a little better.,2024-11-17
1085,1963,472,100,5,Worth the Money,Exactly as described.,2025-01-28
1086,1964,960,76,3,Excellent Product,Works as intended.,2024-09-15
1087,1966,5166,24,5,Very Good,Superb quality and easy to use.,2025-11-14
1088,1968,2302,363,3,Highly Recommended,Works as intended.,2024-10-20
1089,1969,11000,310,4,Amazing Purchase,Superb quality and easy to use.,2025-08-22
1090,1970,3105,130,4,Not Worth It,Loved the product. Highly recommended.,2024-10-23
1091,1971,6085,233,4,Worth the Money,Value for money. Will buy again.,2024-11-03
1092,1973,2111,134,3,Satisfied,Average quality.,2026-06-18
1093,1975,14499,135,5,Worth the Money,Superb quality and easy to use.,2026-01-06
1094,1977,15482,360,3,Very Good,Delivery was on time.,2024-09-08
1095,1978,16732,318,4,Could Be Better,Great experience with this product.,2024-09-16
1096,1979,9235,138,4,Very Good,Very satisfied with the purchase.,2025-02-03
1097,1981,1589,251,5,Average Product,Value for money. Will buy again.,2025-03-27
1098,1984,4446,178,2,Not Worth It,Received a defective item.,2025-12-14
1099,1987,13073,488,2,Poor Quality,Not worth the price.,2025-12-03
1100,1990,13928,39,3,Very Good,Expected a little better.,2025-05-31
1101,1991,17954,394,3,Satisfied,Delivery was on time.,2025-03-17
1102,1992,8748,498,4,Poor Quality,Value for money. Will buy again.,2025-06-30
1103,1993,846,166,5,Could Be Better,Great experience with this product.,2024-11-18
1104,1996,10886,459,5,Satisfied,Loved the product. Highly recommended.,2025-04-13
1105,2000,9813,321,4,Excellent Product,Packaging was good and product is amazing.,2025-03-12
1106,2002,91,454,2,Very Good,Will not recommend.,2025-12-27
1107,2003,7712,19,4,Excellent Product,Value for money. Will buy again.,2024-10-14
1108,2004,3718,79,2,Average Product,Poor quality product.,2024-12-10
1109,2007,11724,211,5,Could Be Better,Packaging was good and product is amazing.,2026-04-02
1110,2008,187,359,5,Could Be Better,Packaging was good and product is amazing.,2026-03-19
1111,2009,949,48,5,Not Worth It,Superb quality and easy to use.,2025-08-07
1112,2011,19966,36,3,Poor Quality,Works as intended.,2025-10-01
1113,2012,2522,131,3,Not Worth It,Works as intended.,2024-10-08
1114,2015,9585,377,3,Excellent Product,Delivery was on time.,2025-06-16
1115,2016,3364,125,4,Not Worth It,Superb quality and easy to use.,2025-02-04
1116,2017,16953,100,4,Highly Recommended,Superb quality and easy to use.,2024-09-24
1117,2018,194,352,2,Very Good,Very disappointed.,2026-06-17
1118,2020,14005,80,5,Worth the Money,Very satisfied with the purchase.,2026-05-23
1119,2021,14376,354,4,Excellent Product,Value for money. Will buy again.,2024-09-03
1120,2022,1527,355,5,Very Good,Very satisfied with the purchase.,2025-03-30
1121,2025,14005,89,3,Amazing Purchase,Expected a little better.,2025-11-27
1122,2028,11798,260,4,Excellent Product,Very satisfied with the purchase.,2025-07-14
1123,2029,14487,486,3,Not Worth It,Product is okay.,2026-07-09
1124,2030,6667,236,5,Excellent Product,Loved the product. Highly recommended.,2026-01-19
1125,2034,1690,55,5,Could Be Better,Very satisfied with the purchase.,2025-05-14
1126,2035,16508,221,5,Not Worth It,Loved the product. Highly recommended.,2025-10-28
1127,2036,2237,308,4,Average Product,Loved the product. Highly recommended.,2025-10-13
1128,2037,15989,79,5,Very Good,Packaging was good and product is amazing.,2025-01-13
1129,2039,2526,357,4,Poor Quality,Packaging was good and product is amazing.,2026-01-11
1130,2040,5460,174,5,Very Good,Excellent quality and fast delivery.,2025-05-24
1131,2042,13606,80,2,Amazing Purchase,Not worth the price.,2025-01-16
1132,2047,15026,337,2,Could Be Better,Poor quality product.,2025-01-26
1133,2049,1567,342,2,Could Be Better,Stopped working after few days.,2026-07-22
1134,2050,1943,16,5,Worth the Money,Loved the product. Highly recommended.,2025-03-13
1135,2051,13345,449,3,Very Good,Delivery was on time.,2025-02-26
1136,2053,5023,433,3,Excellent Product,Average quality.,2026-05-14
1137,2056,11474,274,5,Poor Quality,Packaging was good and product is amazing.,2024-09-08
1138,2057,2627,381,5,Excellent Product,Packaging was good and product is amazing.,2024-08-25
1139,2058,17008,459,4,Average Product,Packaging was good and product is amazing.,2025-04-20
1140,2059,5691,394,4,Very Good,Packaging was good and product is amazing.,2026-07-10
1141,2060,18571,147,4,Average Product,Value for money. Will buy again.,2026-04-10
1142,2061,14007,115,3,Highly Recommended,Delivery was on time.,2026-05-29
1143,2063,13315,342,2,Amazing Purchase,Not worth the price.,2024-09-27
1144,2064,4684,82,4,Could Be Better,Great experience with this product.,2024-10-22
1145,2066,6840,359,2,Very Good,Bad packaging.,2025-06-09
1146,2068,9308,20,5,Very Good,Packaging was good and product is amazing.,2025-09-17
1147,2070,15427,88,4,Could Be Better,Very satisfied with the purchase.,2025-12-20
1148,2071,15813,294,5,Not Worth It,Value for money. Will buy again.,2025-12-05
1149,2073,10856,220,3,Highly Recommended,Delivery was on time.,2026-02-06
1150,2074,12337,334,5,Highly Recommended,Very satisfied with the purchase.,2024-09-22
1151,2076,18983,327,5,Poor Quality,Loved the product. Highly recommended.,2024-08-15
1152,2079,6501,241,5,Excellent Product,Very satisfied with the purchase.,2025-03-22
1153,2080,13558,56,4,Not Worth It,Great experience with this product.,2026-04-27
1154,2081,5826,302,5,Excellent Product,Excellent quality and fast delivery.,2026-01-26
1155,2082,10686,136,5,Average Product,Very satisfied with the purchase.,2024-10-05
1156,2084,2246,302,5,Satisfied,Loved the product. Highly recommended.,2024-09-12
1157,2086,8306,345,3,Amazing Purchase,Delivery was on time.,2024-11-20
1158,2089,16542,387,2,Average Product,Will not recommend.,2026-04-01
1159,2091,5227,204,5,Excellent Product,Very satisfied with the purchase.,2025-10-25
1160,2094,6863,157,3,Very Good,Average quality.,2026-03-21
1161,2095,8254,262,4,Could Be Better,Superb quality and easy to use.,2025-03-07
1162,2099,5657,325,5,Amazing Purchase,Value for money. Will buy again.,2025-03-25
1163,2101,17919,158,4,Satisfied,Loved the product. Highly recommended.,2025-10-08
1164,2106,6940,16,5,Average Product,Exactly as described.,2025-01-12
1165,2107,12425,199,5,Average Product,Superb quality and easy to use.,2026-02-18
1166,2108,13732,460,3,Excellent Product,Works as intended.,2024-10-24
1167,2110,6658,415,4,Could Be Better,Value for money. Will buy again.,2025-04-12
1168,2112,16819,108,3,Worth the Money,Average quality.,2025-09-13
1169,2114,16892,54,5,Amazing Purchase,Very satisfied with the purchase.,2025-06-06
1170,2116,146,314,1,Poor Quality,Received a defective item.,2026-06-10
1171,2117,11526,65,5,Satisfied,Packaging was good and product is amazing.,2025-09-07
1172,2120,5004,218,5,Amazing Purchase,Great experience with this product.,2026-02-05
1173,2122,11488,197,4,Not Worth It,Loved the product. Highly recommended.,2025-11-25
1174,2125,12627,166,4,Not Worth It,Great experience with this product.,2025-06-14
1175,2128,2631,66,3,Worth the Money,Product is okay.,2025-07-14
1176,2129,8964,243,1,Amazing Purchase,Not worth the price.,2025-02-19
1177,2133,15905,32,5,Very Good,Value for money. Will buy again.,2024-09-04
1178,2136,665,79,5,Worth the Money,Loved the product. Highly recommended.,2024-11-29
1179,2138,9684,265,5,Highly Recommended,Exactly as described.,2026-03-03
1180,2140,1234,329,5,Not Worth It,Great experience with this product.,2025-01-08
1181,2141,12482,314,5,Could Be Better,Value for money. Will buy again.,2026-06-27
1182,2143,18327,422,3,Satisfied,Product is okay.,2026-07-03
1183,2145,11743,269,5,Amazing Purchase,Excellent quality and fast delivery.,2026-02-24
1184,2146,2434,254,3,Excellent Product,Average quality.,2024-12-13
1185,2147,1794,85,5,Poor Quality,Great experience with this product.,2026-02-21
1186,2149,11863,292,3,Amazing Purchase,Product is okay.,2025-04-28
1187,2150,890,243,3,Satisfied,Average quality.,2026-02-14
1188,2152,19631,368,5,Amazing Purchase,Exactly as described.,2024-12-14
1189,2153,9686,196,4,Not Worth It,Superb quality and easy to use.,2025-02-24
1190,2155,12565,487,3,Very Good,Works as intended.,2024-10-26
1191,2156,4873,98,5,Worth the Money,Packaging was good and product is amazing.,2024-11-05
1192,2157,10841,147,3,Very Good,Works as intended.,2025-09-14
1193,2158,5792,496,3,Worth the Money,Product is okay.,2024-09-10
1194,2159,1073,166,4,Very Good,Loved the product. Highly recommended.,2025-10-19
1195,2162,18505,53,2,Average Product,Very disappointed.,2026-01-14
1196,2165,1077,490,5,Not Worth It,Excellent quality and fast delivery.,2025-06-25
1197,2166,76,101,3,Average Product,Product is okay.,2026-05-16
1198,2167,12070,121,4,Highly Recommended,Loved the product. Highly recommended.,2025-01-18
1199,2170,10639,192,5,Very Good,Packaging was good and product is amazing.,2025-08-18
1200,2171,18378,102,4,Poor Quality,Packaging was good and product is amazing.,2026-01-12
1201,2172,19621,353,4,Amazing Purchase,Very satisfied with the purchase.,2026-02-26
1202,2173,7127,267,5,Could Be Better,Packaging was good and product is amazing.,2026-03-03
1203,2174,16481,135,5,Worth the Money,Exactly as described.,2026-07-11
1204,2176,8834,312,5,Worth the Money,Great experience with this product.,2025-07-29
1205,2179,14838,140,3,Satisfied,Works as intended.,2024-09-14
1206,2181,2130,299,2,Worth the Money,Very disappointed.,2026-02-08
1207,2182,9273,198,5,Could Be Better,Value for money. Will buy again.,2025-07-02
1208,2183,19663,420,4,Not Worth It,Loved the product. Highly recommended.,2025-08-21
1209,2185,16006,267,2,Amazing Purchase,Will not recommend.,2024-11-03
1210,2187,16504,291,3,Average Product,Delivery was on time.,2026-01-31
1211,2191,12537,139,3,Worth the Money,Works as intended.,2025-12-08
1212,2194,4186,18,4,Very Good,Great experience with this product.,2024-11-20
1213,2200,13612,17,2,Excellent Product,Will not recommend.,2024-09-04
1214,2201,12789,316,3,Amazing Purchase,Expected a little better.,2026-06-28
1215,2209,2778,360,4,Could Be Better,Excellent quality and fast delivery.,2025-01-10
1216,2210,17044,249,3,Amazing Purchase,Expected a little better.,2025-12-07
1217,2211,9352,69,5,Worth the Money,Exactly as described.,2024-11-16
1218,2213,11321,288,5,Very Good,Superb quality and easy to use.,2025-04-30
1219,2214,1303,463,3,Not Worth It,Works as intended.,2025-12-17
1220,2215,210,247,3,Excellent Product,Delivery was on time.,2024-09-30
1221,2216,7420,161,5,Average Product,Great experience with this product.,2026-01-22
1222,2217,13530,42,4,Very Good,Packaging was good and product is amazing.,2025-04-07
1223,2218,1127,150,4,Highly Recommended,Value for money. Will buy again.,2024-09-11
1224,2219,6862,273,5,Excellent Product,Exactly as described.,2026-03-12
1225,2220,654,457,4,Highly Recommended,Superb quality and easy to use.,2026-06-23
1226,2224,872,393,5,Worth the Money,Very satisfied with the purchase.,2024-09-21
1227,2226,17557,351,5,Not Worth It,Exactly as described.,2025-01-27
1228,2227,3182,152,5,Satisfied,Excellent quality and fast delivery.,2024-08-14
1229,2230,8396,236,5,Poor Quality,Value for money. Will buy again.,2025-11-02
1230,2232,3801,278,4,Average Product,Excellent quality and fast delivery.,2025-11-01
1231,2233,19959,101,4,Very Good,Very satisfied with the purchase.,2025-11-02
1232,2235,11022,62,5,Worth the Money,Exactly as described.,2025-02-12
1233,2236,3461,337,4,Could Be Better,Value for money. Will buy again.,2025-03-14
1234,2237,16525,220,5,Satisfied,Excellent quality and fast delivery.,2024-11-23
1235,2239,6138,202,4,Average Product,Value for money. Will buy again.,2025-05-16
1236,2240,11049,447,2,Not Worth It,Not worth the price.,2025-06-01
1237,2242,14178,318,5,Very Good,Superb quality and easy to use.,2025-09-01
1238,2244,383,489,5,Poor Quality,Packaging was good and product is amazing.,2025-12-29
1239,2245,18821,457,3,Poor Quality,Delivery was on time.,2025-09-18
1240,2246,15168,40,5,Amazing Purchase,Exactly as described.,2025-02-27
1241,2247,954,357,2,Poor Quality,Will not recommend.,2026-05-23
1242,2248,18194,398,4,Amazing Purchase,Packaging was good and product is amazing.,2025-02-18
1243,2249,12485,356,2,Poor Quality,Received a defective item.,2025-06-10
1244,2250,13887,471,2,Could Be Better,Received a defective item.,2026-06-18
1245,2254,4426,253,4,Worth the Money,Packaging was good and product is amazing.,2025-03-15
1246,2255,61,192,4,Worth the Money,Value for money. Will buy again.,2026-06-10
1247,2258,14843,233,5,Amazing Purchase,Superb quality and easy to use.,2026-05-05
1248,2261,5366,227,2,Average Product,Bad packaging.,2026-03-01
1249,2264,5151,1,3,Satisfied,Expected a little better.,2024-12-18
1250,2266,6346,237,5,Poor Quality,Superb quality and easy to use.,2024-12-02
1251,2268,8745,18,5,Average Product,Exactly as described.,2025-04-18
1252,2271,11367,117,5,Very Good,Value for money. Will buy again.,2026-01-04
1253,2272,4032,443,2,Amazing Purchase,Very disappointed.,2024-07-28
1254,2273,18573,406,4,Worth the Money,Packaging was good and product is amazing.,2025-05-21
1255,2275,5065,132,1,Highly Recommended,Not worth the price.,2025-09-18
1256,2277,3612,336,5,Worth the Money,Exactly as described.,2025-01-21
1257,2280,13687,3,5,Poor Quality,Excellent quality and fast delivery.,2025-04-20
1258,2283,16840,209,5,Could Be Better,Superb quality and easy to use.,2026-02-05
1259,2285,3069,370,4,Could Be Better,Superb quality and easy to use.,2025-08-07
1260,2288,15845,61,3,Very Good,Delivery was on time.,2025-04-22
1261,2290,4567,411,3,Amazing Purchase,Works as intended.,2024-08-29
1262,2291,4945,394,3,Worth the Money,Product is okay.,2024-12-10
1263,2299,1989,113,4,Average Product,Packaging was good and product is amazing.,2025-08-04
1264,2301,4284,104,3,Very Good,Average quality.,2025-09-24
1265,2303,17345,396,4,Satisfied,Superb quality and easy to use.,2025-07-25
1266,2305,5081,215,3,Satisfied,Average quality.,2025-05-11
1267,2308,2797,9,3,Not Worth It,Expected a little better.,2024-08-24
1268,2309,1303,265,3,Worth the Money,Expected a little better.,2024-09-15
1269,2310,608,464,4,Satisfied,Exactly as described.,2025-04-09
1270,2311,14252,371,4,Could Be Better,Exactly as described.,2026-03-16
1271,2314,17843,108,3,Amazing Purchase,Expected a little better.,2024-12-19
1272,2316,3941,40,5,Excellent Product,Excellent quality and fast delivery.,2025-10-07
1273,2318,4202,311,4,Satisfied,Great experience with this product.,2024-10-19
1274,2321,12051,65,5,Excellent Product,Superb quality and easy to use.,2024-09-13
1275,2322,1196,118,4,Average Product,Packaging was good and product is amazing.,2025-01-02
1276,2323,6433,425,3,Poor Quality,Works as intended.,2025-06-08
1277,2325,9649,237,4,Worth the Money,Packaging was good and product is amazing.,2025-11-19
1278,2327,8421,147,3,Average Product,Product is okay.,2025-11-09
1279,2328,16255,367,4,Worth the Money,Superb quality and easy to use.,2024-12-01
1280,2333,2710,194,5,Very Good,Exactly as described.,2025-07-25
1281,2334,15927,457,3,Average Product,Delivery was on time.,2026-06-20
1282,2336,5534,105,3,Satisfied,Delivery was on time.,2026-07-12
1283,2337,14274,83,4,Satisfied,Superb quality and easy to use.,2026-06-02
1284,2338,14116,498,3,Average Product,Expected a little better.,2025-01-02
1285,2339,13551,400,5,Excellent Product,Excellent quality and fast delivery.,2026-06-20
1286,2340,4317,102,3,Could Be Better,Works as intended.,2026-07-17
1287,2341,16383,153,4,Very Good,Value for money. Will buy again.,2025-07-09
1288,2342,1103,199,2,Average Product,Received a defective item.,2025-01-08
1289,2343,4142,65,3,Excellent Product,Works as intended.,2025-01-10
1290,2344,5127,86,4,Poor Quality,Value for money. Will buy again.,2024-11-26
1291,2345,6945,471,4,Worth the Money,Great experience with this product.,2026-01-04
1292,2348,15000,192,3,Amazing Purchase,Delivery was on time.,2024-10-04
1293,2350,4634,215,5,Worth the Money,Excellent quality and fast delivery.,2025-05-30
1294,2353,13254,438,4,Worth the Money,Exactly as described.,2026-04-17
1295,2355,10178,407,5,Could Be Better,Loved the product. Highly recommended.,2025-01-25
1296,2359,8380,78,4,Poor Quality,Packaging was good and product is amazing.,2026-07-03
1297,2361,8242,435,3,Very Good,Average quality.,2026-06-13
1298,2362,11822,259,4,Poor Quality,Loved the product. Highly recommended.,2025-10-11
1299,2363,14708,292,5,Not Worth It,Exactly as described.,2024-11-21
1300,2368,6905,314,5,Amazing Purchase,Packaging was good and product is amazing.,2026-07-07
1301,2370,739,289,5,Worth the Money,Loved the product. Highly recommended.,2025-03-02
1302,2371,3540,22,3,Average Product,Average quality.,2024-12-21
1303,2373,3505,236,4,Worth the Money,Exactly as described.,2025-01-14
1304,2374,9721,330,5,Poor Quality,Packaging was good and product is amazing.,2024-10-23
1305,2376,9239,341,5,Average Product,Excellent quality and fast delivery.,2025-12-09
1306,2378,19910,467,4,Not Worth It,Loved the product. Highly recommended.,2025-03-05
1307,2379,19830,356,5,Not Worth It,Packaging was good and product is amazing.,2025-04-11
1308,2380,15244,299,2,Average Product,Not worth the price.,2026-05-02
1309,2381,6229,195,2,Worth the Money,Very disappointed.,2026-05-08
1310,2383,8986,93,5,Average Product,Loved the product. Highly recommended.,2024-09-21
1311,2384,16048,487,2,Excellent Product,Received a defective item.,2026-03-20
1312,2385,5698,120,3,Very Good,Product is okay.,2024-12-21
1313,2386,12134,174,4,Not Worth It,Excellent quality and fast delivery.,2025-10-25
1314,2388,15412,62,4,Amazing Purchase,Great experience with this product.,2026-05-14
1315,2390,12234,145,1,Very Good,Stopped working after few days.,2024-08-25
1316,2392,10795,395,1,Amazing Purchase,Poor quality product.,2025-11-05
1317,2394,11606,62,5,Satisfied,Value for money. Will buy again.,2025-08-28
1318,2399,194,263,2,Average Product,Not worth the price.,2025-09-29
1319,2403,1321,382,5,Could Be Better,Very satisfied with the purchase.,2026-06-15
1320,2404,12336,133,3,Average Product,Delivery was on time.,2026-02-19
1321,2406,13924,355,5,Poor Quality,Exactly as described.,2025-12-05
1322,2407,7049,187,3,Satisfied,Works as intended.,2026-04-29
1323,2411,1262,492,3,Not Worth It,Average quality.,2025-12-25
1324,2413,551,318,4,Not Worth It,Loved the product. Highly recommended.,2026-06-27
1325,2414,7416,342,4,Highly Recommended,Packaging was good and product is amazing.,2025-12-18
1326,2415,6892,425,4,Poor Quality,Excellent quality and fast delivery.,2026-05-15
1327,2416,9444,52,5,Could Be Better,Very satisfied with the purchase.,2024-08-17
1328,2417,1413,390,5,Worth the Money,Superb quality and easy to use.,2025-05-28
1329,2419,4745,207,2,Not Worth It,Not worth the price.,2026-06-08
1330,2421,13344,382,3,Poor Quality,Expected a little better.,2025-08-07
1331,2423,13624,364,3,Could Be Better,Average quality.,2024-12-31
1332,2424,13644,240,5,Amazing Purchase,Very satisfied with the purchase.,2024-10-03
1333,2426,2816,178,5,Amazing Purchase,Loved the product. Highly recommended.,2026-04-07
1334,2427,201,392,3,Highly Recommended,Works as intended.,2024-10-15
1335,2428,17909,447,4,Poor Quality,Packaging was good and product is amazing.,2026-04-17
1336,2435,291,421,3,Amazing Purchase,Average quality.,2025-10-31
1337,2439,8415,223,3,Excellent Product,Average quality.,2025-09-23
1338,2441,17161,317,5,Very Good,Superb quality and easy to use.,2025-10-06
1339,2442,5339,143,5,Poor Quality,Very satisfied with the purchase.,2026-05-30
1340,2445,4393,187,3,Worth the Money,Average quality.,2025-09-12
1341,2451,13413,473,3,Not Worth It,Average quality.,2026-04-02
1342,2453,7077,25,5,Not Worth It,Superb quality and easy to use.,2025-11-30
1343,2456,1115,393,5,Worth the Money,Very satisfied with the purchase.,2026-04-12
1344,2457,9335,262,1,Poor Quality,Bad packaging.,2025-02-19
1345,2461,4922,316,4,Highly Recommended,Excellent quality and fast delivery.,2026-07-19
1346,2462,8891,395,4,Highly Recommended,Exactly as described.,2026-06-02
1347,2464,7473,79,2,Highly Recommended,Not worth the price.,2024-08-29
1348,2465,9537,37,3,Worth the Money,Expected a little better.,2026-07-06
1349,2466,7772,118,5,Amazing Purchase,Excellent quality and fast delivery.,2026-03-04
1350,2471,6364,187,3,Average Product,Product is okay.,2026-02-26
1351,2472,752,456,1,Highly Recommended,Poor quality product.,2026-05-30
1352,2477,15763,174,3,Very Good,Works as intended.,2025-09-26
1353,2479,1096,19,5,Poor Quality,Very satisfied with the purchase.,2026-02-27
1354,2481,7147,197,4,Excellent Product,Packaging was good and product is amazing.,2026-02-22
1355,2483,16024,125,2,Very Good,Poor quality product.,2025-02-27
1356,2485,14694,96,5,Very Good,Value for money. Will buy again.,2024-10-10
1357,2487,1917,75,1,Highly Recommended,Very disappointed.,2025-10-19
1358,2490,7188,132,3,Satisfied,Product is okay.,2025-06-13
1359,2494,3335,135,1,Worth the Money,Not worth the price.,2025-12-02
1360,2498,11656,341,4,Average Product,Excellent quality and fast delivery.,2025-02-02
1361,2500,9493,494,5,Satisfied,Very satisfied with the purchase.,2025-09-05
1362,2501,2922,478,3,Highly Recommended,Works as intended.,2026-06-11
1363,2502,11581,385,2,Amazing Purchase,Will not recommend.,2024-12-28
1364,2504,15105,391,4,Highly Recommended,Loved the product. Highly recommended.,2026-07-25
1365,2506,13733,452,5,Not Worth It,Exactly as described.,2026-07-04
1366,2508,2576,292,1,Amazing Purchase,Bad packaging.,2025-04-04
1367,2509,1846,328,3,Poor Quality,Expected a little better.,2025-09-28
1368,2511,5364,348,5,Amazing Purchase,Very satisfied with the purchase.,2025-01-24
1369,2516,232,118,4,Average Product,Very satisfied with the purchase.,2025-05-14
1370,2518,7049,198,5,Not Worth It,Value for money. Will buy again.,2025-09-05
1371,2519,5842,3,1,Highly Recommended,Stopped working after few days.,2025-06-26
1372,2520,4179,47,4,Satisfied,Value for money. Will buy again.,2025-06-17
1373,2523,17829,487,4,Not Worth It,Excellent quality and fast delivery.,2025-06-20
1374,2524,13149,299,3,Excellent Product,Average quality.,2025-08-13
1375,2525,5232,459,3,Worth the Money,Product is okay.,2025-06-10
1376,2528,1321,101,4,Could Be Better,Exactly as described.,2024-10-22
1377,2529,19703,435,5,Poor Quality,Exactly as described.,2026-05-08
1378,2530,19976,194,5,Satisfied,Very satisfied with the purchase.,2024-08-19
1379,2531,17871,19,2,Not Worth It,Stopped working after few days.,2025-08-28
1380,2536,11307,194,5,Very Good,Value for money. Will buy again.,2025-07-13
1381,2537,18774,406,5,Not Worth It,Exactly as described.,2025-08-20
1382,2538,6417,461,5,Average Product,Value for money. Will buy again.,2025-07-11
1383,2541,1965,466,4,Average Product,Very satisfied with the purchase.,2024-11-17
1384,2542,14114,75,5,Not Worth It,Great experience with this product.,2025-11-10
1385,2544,399,464,4,Highly Recommended,Packaging was good and product is amazing.,2025-01-01
1386,2546,2682,465,5,Highly Recommended,Very satisfied with the purchase.,2025-07-14
1387,2548,6952,266,4,Excellent Product,Value for money. Will buy again.,2025-07-27
1388,2549,13816,498,3,Worth the Money,Delivery was on time.,2025-04-04
1389,2550,4484,489,3,Worth the Money,Product is okay.,2024-09-13
1390,2551,7088,74,5,Very Good,Packaging was good and product is amazing.,2025-04-12
1391,2553,15893,247,5,Very Good,Loved the product. Highly recommended.,2026-06-10
1392,2555,18526,110,3,Poor Quality,Product is okay.,2026-04-18
1393,2556,18779,76,3,Satisfied,Average quality.,2024-08-15
1394,2557,5770,371,5,Amazing Purchase,Superb quality and easy to use.,2026-02-24
1395,2559,18858,444,5,Satisfied,Excellent quality and fast delivery.,2026-01-30
1396,2560,16583,20,5,Could Be Better,Value for money. Will buy again.,2024-10-21
1397,2562,13428,450,5,Very Good,Loved the product. Highly recommended.,2025-12-10
1398,2563,3127,469,4,Could Be Better,Packaging was good and product is amazing.,2025-02-21
1399,2566,6257,112,3,Poor Quality,Expected a little better.,2024-08-11
1400,2568,3186,195,4,Very Good,Excellent quality and fast delivery.,2025-11-17
1401,2571,16101,117,5,Not Worth It,Superb quality and easy to use.,2025-04-09
1402,2573,12904,304,5,Satisfied,Very satisfied with the purchase.,2025-12-27
1403,2580,4776,117,2,Could Be Better,Bad packaging.,2025-01-01
1404,2582,16268,145,4,Average Product,Loved the product. Highly recommended.,2026-05-05
1405,2584,11088,333,2,Very Good,Will not recommend.,2024-11-13
1406,2585,19790,77,5,Not Worth It,Exactly as described.,2025-01-20
1407,2587,588,184,5,Not Worth It,Value for money. Will buy again.,2025-05-18
1408,2589,14296,141,5,Worth the Money,Packaging was good and product is amazing.,2024-09-06
1409,2592,17590,218,3,Very Good,Expected a little better.,2026-04-04
1410,2593,12901,297,4,Excellent Product,Exactly as described.,2025-11-25
1411,2594,8981,112,3,Highly Recommended,Works as intended.,2026-01-24
1412,2601,357,47,2,Worth the Money,Stopped working after few days.,2025-03-23
1413,2602,19003,476,3,Could Be Better,Works as intended.,2024-08-03
1414,2603,14966,244,4,Could Be Better,Very satisfied with the purchase.,2025-08-02
1415,2605,7216,329,2,Worth the Money,Not worth the price.,2024-12-18
1416,2607,8100,104,3,Could Be Better,Average quality.,2025-09-03
1417,2608,816,369,3,Amazing Purchase,Product is okay.,2024-11-13
1418,2609,10205,198,5,Not Worth It,Value for money. Will buy again.,2025-08-21
1419,2610,4281,212,4,Worth the Money,Value for money. Will buy again.,2024-08-10
1420,2613,13379,456,5,Highly Recommended,Very satisfied with the purchase.,2026-06-12
1421,2617,9214,166,4,Poor Quality,Loved the product. Highly recommended.,2025-08-18
1422,2618,18998,60,4,Average Product,Very satisfied with the purchase.,2025-02-21
1423,2620,10611,156,3,Not Worth It,Works as intended.,2025-07-25
1424,2622,16780,18,4,Satisfied,Loved the product. Highly recommended.,2025-06-23
1425,2623,14161,309,4,Poor Quality,Packaging was good and product is amazing.,2026-03-10
1426,2630,18556,259,3,Very Good,Product is okay.,2024-12-06
1427,2631,18711,38,2,Excellent Product,Bad packaging.,2025-12-01
1428,2632,8166,293,5,Average Product,Great experience with this product.,2026-04-03
1429,2633,14060,36,5,Could Be Better,Exactly as described.,2024-11-28
1430,2639,16327,45,5,Worth the Money,Value for money. Will buy again.,2025-10-07
1431,2640,15529,371,4,Worth the Money,Excellent quality and fast delivery.,2025-07-16
1432,2646,5547,462,3,Average Product,Average quality.,2024-11-08
1433,2647,15993,56,5,Amazing Purchase,Superb quality and easy to use.,2025-04-20
1434,2650,12197,405,5,Average Product,Superb quality and easy to use.,2025-08-30
1435,2653,13417,199,5,Highly Recommended,Value for money. Will buy again.,2025-12-11
1436,2655,5313,248,5,Excellent Product,Packaging was good and product is amazing.,2026-03-17
1437,2656,975,21,5,Poor Quality,Very satisfied with the purchase.,2025-07-23
1438,2659,14210,392,5,Satisfied,Loved the product. Highly recommended.,2025-01-19
1439,2660,7716,390,5,Could Be Better,Packaging was good and product is amazing.,2026-05-10
1440,2662,6284,38,1,Poor Quality,Stopped working after few days.,2025-03-14
1441,2667,7100,219,3,Amazing Purchase,Product is okay.,2025-09-05
1442,2669,3050,28,3,Very Good,Delivery was on time.,2024-11-07
1443,2671,15833,33,5,Poor Quality,Very satisfied with the purchase.,2025-12-11
1444,2672,11155,290,3,Excellent Product,Product is okay.,2024-12-04
1445,2681,16856,385,5,Poor Quality,Packaging was good and product is amazing.,2025-07-28
1446,2682,19872,445,3,Poor Quality,Product is okay.,2024-10-26
1447,2684,3633,230,5,Could Be Better,Packaging was good and product is amazing.,2026-04-26
1448,2685,13550,320,5,Amazing Purchase,Loved the product. Highly recommended.,2026-04-26
1449,2686,11579,206,4,Average Product,Very satisfied with the purchase.,2025-05-31
1450,2693,4898,172,5,Average Product,Great experience with this product.,2025-06-22
1451,2696,19613,487,3,Highly Recommended,Average quality.,2026-07-09
1452,2698,10604,132,5,Not Worth It,Exactly as described.,2024-08-26
1453,2699,18540,174,5,Excellent Product,Value for money. Will buy again.,2025-08-14
1454,2700,5946,268,4,Very Good,Superb quality and easy to use.,2025-04-27
1455,2701,8393,117,4,Poor Quality,Superb quality and easy to use.,2024-10-06
1456,2702,7232,100,5,Very Good,Superb quality and easy to use.,2024-10-17
1457,2704,19083,496,5,Not Worth It,Superb quality and easy to use.,2025-01-25
1458,2706,8078,362,1,Not Worth It,Very disappointed.,2026-04-23
1459,2711,4961,85,4,Excellent Product,Very satisfied with the purchase.,2026-03-15
1460,2713,15507,103,5,Could Be Better,Great experience with this product.,2025-11-27
1461,2714,5259,29,4,Not Worth It,Exactly as described.,2025-12-21
1462,2715,17492,8,4,Poor Quality,Very satisfied with the purchase.,2024-07-31
1463,2718,16729,304,5,Satisfied,Very satisfied with the purchase.,2024-09-21
1464,2722,1683,134,5,Amazing Purchase,Very satisfied with the purchase.,2024-09-01
1465,2723,17249,479,4,Poor Quality,Packaging was good and product is amazing.,2025-05-21
1466,2724,19981,142,5,Could Be Better,Great experience with this product.,2025-12-01
1467,2725,10976,68,5,Excellent Product,Very satisfied with the purchase.,2026-07-23
1468,2726,6882,22,5,Satisfied,Value for money. Will buy again.,2025-11-26
1469,2728,15635,175,2,Amazing Purchase,Very disappointed.,2025-03-12
1470,2729,6046,157,5,Not Worth It,Loved the product. Highly recommended.,2025-03-16
1471,2731,9387,194,4,Very Good,Exactly as described.,2025-04-07
1472,2732,4412,96,3,Excellent Product,Product is okay.,2026-01-05
1473,2733,1247,411,4,Highly Recommended,Loved the product. Highly recommended.,2026-06-28
1474,2734,11530,378,5,Highly Recommended,Loved the product. Highly recommended.,2026-03-16
1475,2735,18231,342,3,Satisfied,Average quality.,2025-02-27
1476,2737,2738,191,5,Not Worth It,Value for money. Will buy again.,2025-11-11
1477,2739,8573,44,4,Excellent Product,Very satisfied with the purchase.,2025-01-07
1478,2743,6209,216,1,Highly Recommended,Received a defective item.,2025-06-12
1479,2744,2112,16,5,Excellent Product,Great experience with this product.,2026-03-01
1480,2747,13460,92,5,Amazing Purchase,Value for money. Will buy again.,2026-02-21
1481,2749,16188,84,5,Excellent Product,Very satisfied with the purchase.,2025-09-12
1482,2752,5090,26,4,Could Be Better,Very satisfied with the purchase.,2024-12-20
1483,2755,12131,102,3,Very Good,Works as intended.,2026-05-19
1484,2757,11636,373,2,Excellent Product,Bad packaging.,2025-11-11
1485,2762,17906,305,5,Satisfied,Superb quality and easy to use.,2026-06-12
1486,2764,15213,216,4,Satisfied,Great experience with this product.,2024-08-26
1487,2766,16902,483,4,Very Good,Value for money. Will buy again.,2025-01-01
1488,2768,4331,331,3,Amazing Purchase,Works as intended.,2025-04-09
1489,2769,19266,354,4,Poor Quality,Value for money. Will buy again.,2025-07-14
1490,2770,16592,223,5,Highly Recommended,Loved the product. Highly recommended.,2025-05-06
1491,2772,4429,288,3,Worth the Money,Product is okay.,2024-12-17
1492,2773,431,100,3,Excellent Product,Expected a little better.,2025-06-10
1493,2775,1242,123,4,Worth the Money,Excellent quality and fast delivery.,2025-04-19
1494,2776,9814,270,5,Amazing Purchase,Superb quality and easy to use.,2025-12-08
1495,2778,2094,94,5,Average Product,Very satisfied with the purchase.,2025-11-10
1496,2779,17243,217,2,Could Be Better,Received a defective item.,2025-10-20
1497,2780,17423,219,1,Amazing Purchase,Poor quality product.,2026-06-01
1498,2782,8838,110,2,Poor Quality,Stopped working after few days.,2025-03-16
1499,2784,6761,495,5,Average Product,Packaging was good and product is amazing.,2025-05-01
1500,2787,4593,310,3,Average Product,Works as intended.,2026-02-01
1501,2790,4986,458,3,Highly Recommended,Average quality.,2025-04-11
1502,2792,9564,160,3,Average Product,Delivery was on time.,2024-11-24
1503,2794,18409,91,5,Poor Quality,Packaging was good and product is amazing.,2025-05-14
1504,2799,16677,139,4,Could Be Better,Loved the product. Highly recommended.,2025-04-24
1505,2801,8540,371,5,Excellent Product,Packaging was good and product is amazing.,2025-07-05
1506,2803,16878,7,4,Highly Recommended,Excellent quality and fast delivery.,2026-06-14
1507,2806,465,205,5,Satisfied,Excellent quality and fast delivery.,2024-12-24
1508,2807,3559,341,3,Not Worth It,Delivery was on time.,2024-07-31
1509,2809,641,329,3,Highly Recommended,Expected a little better.,2026-04-08
1510,2810,3094,226,2,Highly Recommended,Bad packaging.,2025-09-18
1511,2811,11337,273,4,Average Product,Great experience with this product.,2025-09-18
1512,2813,7834,145,3,Worth the Money,Product is okay.,2024-10-18
1513,2815,13126,475,4,Very Good,Value for money. Will buy again.,2026-06-12
1514,2818,1867,421,3,Average Product,Average quality.,2025-06-30
1515,2821,6594,459,4,Not Worth It,Great experience with this product.,2026-04-11
1516,2823,15117,54,5,Could Be Better,Superb quality and easy to use.,2024-11-02
1517,2825,6523,185,2,Average Product,Stopped working after few days.,2025-07-05
1518,2826,5236,384,4,Poor Quality,Very satisfied with the purchase.,2026-03-27
1519,2827,8301,482,4,Satisfied,Packaging was good and product is amazing.,2024-10-25
1520,2828,212,426,3,Could Be Better,Product is okay.,2024-11-06
1521,2829,14056,356,4,Excellent Product,Great experience with this product.,2025-06-09
1522,2830,11838,405,1,Very Good,Stopped working after few days.,2025-11-15
1523,2834,9421,187,5,Amazing Purchase,Value for money. Will buy again.,2025-07-30
1524,2835,13300,363,4,Highly Recommended,Loved the product. Highly recommended.,2026-03-19
1525,2837,9826,353,4,Not Worth It,Superb quality and easy to use.,2024-11-23
1526,2838,10034,51,5,Highly Recommended,Excellent quality and fast delivery.,2025-06-08
1527,2839,15649,373,4,Poor Quality,Loved the product. Highly recommended.,2025-12-09
1528,2840,6636,374,4,Not Worth It,Value for money. Will buy again.,2024-12-23
1529,2845,7712,416,4,Worth the Money,Packaging was good and product is amazing.,2026-02-10
1530,2848,4889,372,5,Very Good,Value for money. Will buy again.,2025-06-24
1531,2849,8275,446,2,Poor Quality,Stopped working after few days.,2025-07-20
1532,2850,18952,73,4,Poor Quality,Value for money. Will buy again.,2026-04-08
1533,2851,7518,322,5,Poor Quality,Loved the product. Highly recommended.,2025-04-22
1534,2854,2589,417,5,Average Product,Very satisfied with the purchase.,2024-12-02
1535,2856,11024,12,2,Amazing Purchase,Poor quality product.,2025-02-14
1536,2857,13231,245,3,Poor Quality,Expected a little better.,2025-02-18
1537,2860,1046,409,5,Satisfied,Exactly as described.,2025-08-20
1538,2864,16070,314,3,Amazing Purchase,Average quality.,2025-10-01
1539,2865,3925,254,3,Worth the Money,Product is okay.,2026-01-24
1540,2866,1704,228,5,Satisfied,Very satisfied with the purchase.,2025-06-16
1541,2867,4308,280,5,Average Product,Packaging was good and product is amazing.,2025-05-27
1542,2872,10922,29,5,Highly Recommended,Very satisfied with the purchase.,2026-05-20
1543,2874,13817,361,4,Amazing Purchase,Superb quality and easy to use.,2026-05-23
1544,2876,2203,454,2,Highly Recommended,Bad packaging.,2025-09-15
1545,2878,1142,410,3,Could Be Better,Delivery was on time.,2025-12-16
1546,2884,8379,95,4,Not Worth It,Exactly as described.,2025-02-06
1547,2885,9406,318,1,Not Worth It,Bad packaging.,2025-05-28
1548,2886,18330,450,4,Poor Quality,Excellent quality and fast delivery.,2025-06-09
1549,2888,19516,141,4,Could Be Better,Great experience with this product.,2025-02-27
1550,2889,16758,459,2,Average Product,Bad packaging.,2025-10-28
1551,2892,7699,92,5,Poor Quality,Exactly as described.,2024-10-01
1552,2898,16015,82,5,Highly Recommended,Superb quality and easy to use.,2026-07-29
1553,2902,4870,496,2,Poor Quality,Received a defective item.,2026-05-23
1554,2905,19159,415,2,Not Worth It,Poor quality product.,2025-02-13
1555,2909,1789,57,3,Excellent Product,Product is okay.,2024-11-14
1556,2910,18600,20,3,Average Product,Average quality.,2025-08-28
1557,2913,16564,294,4,Average Product,Very satisfied with the purchase.,2025-09-27
1558,2914,3737,36,5,Poor Quality,Superb quality and easy to use.,2025-04-10
1559,2915,14627,393,3,Poor Quality,Delivery was on time.,2024-10-20
1560,2917,18566,24,2,Could Be Better,Poor quality product.,2024-08-06
1561,2918,5566,11,5,Not Worth It,Very satisfied with the purchase.,2025-01-16
1562,2919,14709,233,3,Worth the Money,Average quality.,2025-02-28
1563,2920,15350,423,3,Worth the Money,Expected a little better.,2025-09-19
1564,2921,16353,429,4,Could Be Better,Great experience with this product.,2025-03-24
1565,2922,4086,160,5,Highly Recommended,Great experience with this product.,2025-10-31
1566,2924,2968,431,4,Excellent Product,Value for money. Will buy again.,2026-07-21
1567,2928,19269,114,2,Average Product,Bad packaging.,2024-11-20
1568,2930,40,237,4,Average Product,Great experience with this product.,2024-08-05
1569,2931,10710,11,3,Satisfied,Average quality.,2024-10-18
1570,2932,5432,319,1,Not Worth It,Bad packaging.,2025-03-18
1571,2934,9026,82,4,Excellent Product,Superb quality and easy to use.,2025-08-16
1572,2937,17218,63,4,Average Product,Value for money. Will buy again.,2025-02-20
1573,2938,3678,57,4,Very Good,Exactly as described.,2025-02-22
1574,2941,14410,71,2,Very Good,Will not recommend.,2024-12-02
1575,2942,13913,248,4,Poor Quality,Value for money. Will buy again.,2024-11-05
1576,2943,12616,315,4,Highly Recommended,Value for money. Will buy again.,2026-06-30
1577,2944,10965,74,5,Satisfied,Value for money. Will buy again.,2026-04-21
1578,2945,6380,112,5,Highly Recommended,Loved the product. Highly recommended.,2025-10-17
1579,2946,11193,265,4,Not Worth It,Very satisfied with the purchase.,2024-09-23
1580,2947,6871,88,4,Worth the Money,Very satisfied with the purchase.,2025-05-18
1581,2948,15097,336,4,Worth the Money,Packaging was good and product is amazing.,2026-03-20
1582,2951,18280,446,5,Amazing Purchase,Very satisfied with the purchase.,2025-01-24
1583,2953,13642,280,5,Poor Quality,Exactly as described.,2025-09-14
1584,2954,12068,208,3,Excellent Product,Delivery was on time.,2026-07-07
1585,2955,18173,439,4,Worth the Money,Superb quality and easy to use.,2024-11-08
1586,2958,7868,202,3,Very Good,Works as intended.,2024-08-28
1587,2959,19124,265,2,Could Be Better,Bad packaging.,2025-07-31
1588,2961,417,170,3,Satisfied,Product is okay.,2024-08-18
1589,2963,16430,400,4,Worth the Money,Value for money. Will buy again.,2025-04-30
1590,2964,3067,145,5,Not Worth It,Value for money. Will buy again.,2024-10-23
1591,2965,9820,325,3,Not Worth It,Average quality.,2024-07-30
1592,2966,8169,125,4,Excellent Product,Value for money. Will buy again.,2024-09-26
1593,2967,13983,159,5,Worth the Money,Loved the product. Highly recommended.,2026-01-13
1594,2968,15558,445,5,Not Worth It,Packaging was good and product is amazing.,2026-07-10
1595,2969,13519,260,4,Poor Quality,Value for money. Will buy again.,2025-09-25
1596,2970,14001,129,3,Satisfied,Expected a little better.,2025-12-13
1597,2974,8551,346,2,Worth the Money,Not worth the price.,2025-11-23
1598,2975,18148,1,3,Could Be Better,Works as intended.,2026-03-10
1599,2981,17619,128,5,Average Product,Loved the product. Highly recommended.,2025-12-06
1600,2982,4510,34,5,Amazing Purchase,Very satisfied with the purchase.,2025-03-24
1601,2983,18642,492,4,Excellent Product,Loved the product. Highly recommended.,2026-01-28
1602,2986,15967,453,5,Excellent Product,Very satisfied with the purchase.,2026-06-15
1603,2989,14122,1,4,Satisfied,Exactly as described.,2026-06-08
1604,2990,13967,392,3,Satisfied,Average quality.,2025-07-24
1605,2992,19138,17,5,Could Be Better,Value for money. Will buy again.,2024-12-05
1606,2996,19781,89,5,Highly Recommended,Excellent quality and fast delivery.,2025-01-15
1607,2997,17967,342,5,Average Product,Loved the product. Highly recommended.,2025-05-20
1608,2998,17546,96,4,Not Worth It,Excellent quality and fast delivery.,2025-03-07
1609,3001,1500,284,4,Worth the Money,Excellent quality and fast delivery.,2025-11-06
1610,3002,12778,280,3,Worth the Money,Delivery was on time.,2025-10-04
1611,3006,11379,334,4,Could Be Better,Great experience with this product.,2025-10-05
1612,3008,5166,169,2,Worth the Money,Bad packaging.,2024-12-22
1613,3009,15633,146,4,Amazing Purchase,Very satisfied with the purchase.,2024-11-28
1614,3010,632,282,2,Highly Recommended,Poor quality product.,2025-01-08
1615,3011,3816,149,5,Highly Recommended,Superb quality and easy to use.,2024-10-23
1616,3012,7311,311,5,Amazing Purchase,Value for money. Will buy again.,2024-09-23
1617,3013,10110,77,4,Poor Quality,Packaging was good and product is amazing.,2026-05-28
1618,3014,17517,110,5,Satisfied,Superb quality and easy to use.,2025-08-27
1619,3015,4972,257,5,Could Be Better,Value for money. Will buy again.,2024-09-01
1620,3016,12577,241,4,Highly Recommended,Value for money. Will buy again.,2024-10-12
1621,3018,4958,97,5,Amazing Purchase,Excellent quality and fast delivery.,2025-07-26
1622,3019,11853,444,4,Average Product,Very satisfied with the purchase.,2025-03-16
1623,3023,9555,494,3,Not Worth It,Delivery was on time.,2025-03-05
1624,3024,15221,439,2,Highly Recommended,Not worth the price.,2025-07-08
1625,3025,3054,474,1,Very Good,Very disappointed.,2025-04-22
1626,3030,3263,72,3,Excellent Product,Works as intended.,2025-08-05
1627,3032,1665,462,4,Average Product,Loved the product. Highly recommended.,2024-12-26
1628,3033,15033,178,5,Amazing Purchase,Packaging was good and product is amazing.,2025-09-20
1629,3034,12171,128,5,Average Product,Superb quality and easy to use.,2025-01-02
1630,3035,5692,457,3,Average Product,Delivery was on time.,2025-04-22
1631,3036,7978,440,5,Average Product,Value for money. Will buy again.,2026-04-07
1632,3037,10687,113,5,Satisfied,Value for money. Will buy again.,2025-12-17
1633,3039,9309,72,3,Amazing Purchase,Average quality.,2025-10-15
1634,3040,6516,271,3,Satisfied,Average quality.,2025-12-09
1635,3041,8071,246,3,Excellent Product,Expected a little better.,2025-01-20
1636,3043,12124,66,4,Very Good,Exactly as described.,2024-11-05
1637,3044,6042,473,5,Poor Quality,Excellent quality and fast delivery.,2025-11-29
1638,3046,6252,460,4,Poor Quality,Superb quality and easy to use.,2026-02-12
1639,3047,18787,68,3,Average Product,Works as intended.,2026-03-27
1640,3048,19194,433,4,Worth the Money,Packaging was good and product is amazing.,2025-08-12
1641,3050,3530,180,4,Highly Recommended,Packaging was good and product is amazing.,2025-09-24
1642,3052,3367,254,5,Very Good,Packaging was good and product is amazing.,2025-05-03
1643,3054,14934,422,5,Worth the Money,Value for money. Will buy again.,2024-07-29
1644,3056,10111,95,4,Poor Quality,Packaging was good and product is amazing.,2025-05-01
1645,3057,1872,52,5,Amazing Purchase,Packaging was good and product is amazing.,2024-11-26
1646,3058,10772,294,3,Very Good,Average quality.,2025-05-10
1647,3061,13735,79,2,Satisfied,Bad packaging.,2026-03-01
1648,3062,3964,336,3,Very Good,Product is okay.,2026-05-18
1649,3064,2231,333,2,Worth the Money,Poor quality product.,2025-06-07
1650,3065,9502,232,5,Very Good,Exactly as described.,2025-10-01
1651,3066,14941,441,5,Very Good,Value for money. Will buy again.,2025-08-18
1652,3067,16255,391,4,Very Good,Superb quality and easy to use.,2025-07-20
1653,3068,1280,174,5,Excellent Product,Great experience with this product.,2024-09-04
1654,3069,4150,447,5,Not Worth It,Great experience with this product.,2024-09-04
1655,3070,3278,415,4,Worth the Money,Superb quality and easy to use.,2024-09-25
1656,3071,2510,234,4,Average Product,Loved the product. Highly recommended.,2024-08-31
1657,3076,5452,124,3,Could Be Better,Average quality.,2025-10-14
1658,3078,19810,201,4,Could Be Better,Loved the product. Highly recommended.,2025-10-10
1659,3079,15480,436,5,Worth the Money,Excellent quality and fast delivery.,2026-02-03
1660,3081,10609,62,1,Worth the Money,Poor quality product.,2026-07-09
1661,3082,4861,309,5,Not Worth It,Excellent quality and fast delivery.,2025-06-16
1662,3083,9144,53,3,Could Be Better,Delivery was on time.,2026-01-30
1663,3085,9667,190,4,Poor Quality,Packaging was good and product is amazing.,2024-09-18
1664,3086,18025,307,5,Average Product,Excellent quality and fast delivery.,2024-10-30
1665,3087,8833,118,2,Excellent Product,Received a defective item.,2024-11-20
1666,3091,12203,229,3,Amazing Purchase,Delivery was on time.,2024-11-12
1667,3093,15839,210,2,Not Worth It,Very disappointed.,2025-07-22
1668,3095,7040,126,5,Not Worth It,Loved the product. Highly recommended.,2025-03-19
1669,3096,10638,493,5,Not Worth It,Exactly as described.,2026-02-19
1670,3097,12363,93,3,Highly Recommended,Product is okay.,2025-01-01
1671,3098,7858,169,4,Very Good,Excellent quality and fast delivery.,2025-08-02
1672,3100,4747,151,4,Worth the Money,Loved the product. Highly recommended.,2025-01-06
1673,3104,627,247,1,Excellent Product,Very disappointed.,2025-09-11
1674,3105,3171,344,2,Average Product,Will not recommend.,2025-11-14
1675,3106,12803,59,5,Very Good,Superb quality and easy to use.,2026-07-02
1676,3107,3651,152,4,Satisfied,Exactly as described.,2024-09-09
1677,3109,17935,153,4,Could Be Better,Exactly as described.,2025-07-20
1678,3111,11270,265,2,Amazing Purchase,Bad packaging.,2025-06-11
1679,3114,7911,188,5,Very Good,Excellent quality and fast delivery.,2025-04-20
1680,3117,5269,317,1,Amazing Purchase,Received a defective item.,2025-11-15
1681,3118,15958,35,3,Excellent Product,Average quality.,2025-07-26
1682,3119,7554,277,5,Very Good,Loved the product. Highly recommended.,2024-11-18
1683,3120,16223,136,2,Satisfied,Received a defective item.,2026-03-14
1684,3121,3729,72,5,Not Worth It,Exactly as described.,2025-12-19
1685,3123,14550,463,1,Satisfied,Stopped working after few days.,2025-06-19
1686,3125,45,447,5,Not Worth It,Packaging was good and product is amazing.,2025-05-22
1687,3126,10442,2,2,Very Good,Not worth the price.,2026-01-21
1688,3127,7463,435,4,Average Product,Loved the product. Highly recommended.,2025-12-05
1689,3128,11749,236,5,Could Be Better,Loved the product. Highly recommended.,2025-09-07
1690,3131,7193,476,3,Amazing Purchase,Product is okay.,2025-07-15
1691,3132,1521,146,3,Satisfied,Expected a little better.,2026-04-18
1692,3133,2979,300,4,Amazing Purchase,Great experience with this product.,2025-11-26
1693,3135,1867,160,3,Worth the Money,Works as intended.,2025-02-01
1694,3136,15867,244,3,Could Be Better,Product is okay.,2026-02-14
1695,3137,1594,292,5,Excellent Product,Value for money. Will buy again.,2024-11-01
1696,3138,4538,326,5,Worth the Money,Value for money. Will buy again.,2026-02-08
1697,3139,3433,333,4,Excellent Product,Loved the product. Highly recommended.,2025-09-01
1698,3140,305,99,2,Could Be Better,Very disappointed.,2025-09-01
1699,3144,13174,255,5,Poor Quality,Excellent quality and fast delivery.,2024-11-16
1700,3146,5466,261,4,Very Good,Superb quality and easy to use.,2025-07-18
1701,3147,9843,423,5,Could Be Better,Packaging was good and product is amazing.,2025-06-21
1702,3148,5430,292,4,Very Good,Excellent quality and fast delivery.,2026-02-11
1703,3149,3587,293,4,Not Worth It,Packaging was good and product is amazing.,2026-05-15
1704,3150,18183,97,5,Worth the Money,Loved the product. Highly recommended.,2026-06-03
1705,3153,11305,417,1,Average Product,Will not recommend.,2026-05-04
1706,3155,17083,157,4,Poor Quality,Loved the product. Highly recommended.,2025-06-02
1707,3160,1210,300,5,Could Be Better,Loved the product. Highly recommended.,2025-01-30
1708,3161,17764,406,3,Average Product,Average quality.,2026-01-14
1709,3163,19388,291,3,Not Worth It,Average quality.,2025-05-25
1710,3164,12489,73,5,Very Good,Great experience with this product.,2024-11-21
1711,3166,94,453,2,Excellent Product,Bad packaging.,2025-12-10
1712,3167,19367,194,5,Worth the Money,Great experience with this product.,2026-05-25
1713,3168,12588,309,4,Amazing Purchase,Packaging was good and product is amazing.,2026-05-01
1714,3169,3634,282,5,Worth the Money,Superb quality and easy to use.,2025-12-25
1715,3170,15028,231,3,Highly Recommended,Average quality.,2026-03-31
1716,3173,10179,171,4,Could Be Better,Great experience with this product.,2024-08-14
1717,3181,13385,324,3,Could Be Better,Expected a little better.,2025-02-21
1718,3183,12451,38,5,Very Good,Packaging was good and product is amazing.,2024-11-17
1719,3184,7427,368,4,Satisfied,Exactly as described.,2025-10-25
1720,3185,2920,211,5,Not Worth It,Exactly as described.,2025-01-03
1721,3186,3919,305,3,Could Be Better,Delivery was on time.,2025-06-30
1722,3187,10347,44,5,Average Product,Exactly as described.,2025-05-12
1723,3189,1904,257,4,Poor Quality,Packaging was good and product is amazing.,2024-09-03
1724,3190,13658,9,4,Highly Recommended,Great experience with this product.,2026-03-15
1725,3191,2808,119,5,Not Worth It,Excellent quality and fast delivery.,2026-01-07
1726,3193,447,169,5,Poor Quality,Excellent quality and fast delivery.,2025-05-20
1727,3194,9324,277,4,Average Product,Very satisfied with the purchase.,2026-03-24
1728,3195,15772,116,5,Very Good,Very satisfied with the purchase.,2024-08-27
1729,3196,1712,20,5,Very Good,Value for money. Will buy again.,2026-03-06
1730,3199,5804,383,4,Worth the Money,Packaging was good and product is amazing.,2026-03-31
1731,3202,3432,71,5,Not Worth It,Very satisfied with the purchase.,2025-07-25
1732,3203,10570,77,5,Excellent Product,Superb quality and easy to use.,2024-11-16
1733,3204,19886,51,1,Excellent Product,Stopped working after few days.,2026-07-09
1734,3205,1451,303,1,Poor Quality,Will not recommend.,2025-01-12
1735,3206,14458,271,1,Very Good,Received a defective item.,2024-08-15
1736,3207,6348,246,3,Poor Quality,Expected a little better.,2026-04-01
1737,3209,4968,155,1,Highly Recommended,Received a defective item.,2025-04-16
1738,3210,17320,289,4,Highly Recommended,Excellent quality and fast delivery.,2026-04-05
1739,3214,13991,31,5,Poor Quality,Loved the product. Highly recommended.,2026-05-30
1740,3215,18446,130,5,Satisfied,Very satisfied with the purchase.,2025-10-12
1741,3218,12957,32,2,Could Be Better,Will not recommend.,2026-02-22
1742,3220,9544,335,3,Satisfied,Average quality.,2025-09-16
1743,3222,10839,427,4,Amazing Purchase,Exactly as described.,2025-02-08
1744,3223,13238,373,4,Amazing Purchase,Loved the product. Highly recommended.,2025-03-31
1745,3225,684,463,4,Highly Recommended,Great experience with this product.,2025-02-20
1746,3226,6245,336,5,Highly Recommended,Great experience with this product.,2025-01-12
1747,3228,6599,462,2,Very Good,Very disappointed.,2025-05-03
1748,3229,9886,155,2,Poor Quality,Received a defective item.,2025-05-01
1749,3231,1587,150,1,Could Be Better,Bad packaging.,2026-04-26
1750,3232,11889,57,4,Not Worth It,Very satisfied with the purchase.,2026-04-07
1751,3234,15202,199,3,Not Worth It,Delivery was on time.,2025-12-05
1752,3235,3346,378,5,Excellent Product,Very satisfied with the purchase.,2024-12-14
1753,3239,7578,141,2,Excellent Product,Very disappointed.,2025-09-20
1754,3244,6645,423,5,Highly Recommended,Superb quality and easy to use.,2025-06-15
1755,3246,4335,32,4,Poor Quality,Great experience with this product.,2025-02-28
1756,3247,13325,99,5,Highly Recommended,Value for money. Will buy again.,2024-08-02
1757,3248,15508,54,4,Amazing Purchase,Great experience with this product.,2026-05-05
1758,3249,18617,368,5,Could Be Better,Very satisfied with the purchase.,2025-03-23
1759,3250,7778,1,3,Excellent Product,Works as intended.,2026-07-19
1760,3252,792,98,4,Not Worth It,Superb quality and easy to use.,2025-07-03
1761,3253,17976,263,4,Satisfied,Very satisfied with the purchase.,2024-12-03
1762,3255,9015,449,3,Highly Recommended,Product is okay.,2024-08-31
1763,3259,4942,107,3,Not Worth It,Works as intended.,2025-05-02
1764,3260,14099,155,2,Could Be Better,Poor quality product.,2024-12-04
1765,3261,16164,272,5,Not Worth It,Packaging was good and product is amazing.,2024-11-14
1766,3264,10966,37,1,Worth the Money,Will not recommend.,2025-09-26
1767,3266,3021,369,3,Amazing Purchase,Product is okay.,2024-11-01
1768,3267,14500,349,5,Amazing Purchase,Very satisfied with the purchase.,2025-09-28
1769,3271,19477,81,5,Excellent Product,Great experience with this product.,2024-09-20
1770,3272,5704,429,3,Amazing Purchase,Delivery was on time.,2025-04-28
1771,3273,5675,413,3,Average Product,Expected a little better.,2025-11-30
1772,3274,6513,444,4,Worth the Money,Superb quality and easy to use.,2026-03-30
1773,3275,10992,290,5,Amazing Purchase,Superb quality and easy to use.,2025-07-01
1774,3276,16804,20,5,Amazing Purchase,Exactly as described.,2025-06-25
1775,3280,10625,269,4,Amazing Purchase,Exactly as described.,2025-11-05
1776,3282,123,89,2,Worth the Money,Stopped working after few days.,2026-05-01
1777,3283,7663,144,5,Not Worth It,Value for money. Will buy again.,2025-09-08
1778,3285,4773,479,4,Satisfied,Exactly as described.,2024-11-20
1779,3286,3916,135,5,Satisfied,Excellent quality and fast delivery.,2025-07-25
1780,3287,3176,34,5,Worth the Money,Very satisfied with the purchase.,2025-01-16
1781,3288,7889,173,4,Poor Quality,Value for money. Will buy again.,2025-08-03
1782,3289,11620,314,4,Very Good,Packaging was good and product is amazing.,2025-01-15
1783,3290,766,52,3,Average Product,Expected a little better.,2025-05-31
1784,3292,1779,53,4,Could Be Better,Packaging was good and product is amazing.,2025-06-10
1785,3293,1149,309,3,Highly Recommended,Product is okay.,2025-06-23
1786,3296,15899,220,5,Could Be Better,Excellent quality and fast delivery.,2025-05-19
1787,3297,14737,212,5,Highly Recommended,Excellent quality and fast delivery.,2025-06-02
1788,3300,5391,276,3,Satisfied,Expected a little better.,2024-07-26
1789,3304,11567,384,4,Not Worth It,Packaging was good and product is amazing.,2026-04-23
1790,3307,4178,474,4,Average Product,Packaging was good and product is amazing.,2025-11-02
1791,3308,10989,470,4,Not Worth It,Superb quality and easy to use.,2026-01-23
1792,3309,2914,36,2,Not Worth It,Stopped working after few days.,2026-04-29
1793,3311,8526,166,4,Excellent Product,Packaging was good and product is amazing.,2025-01-23
1794,3315,15824,203,2,Average Product,Will not recommend.,2025-10-27
1795,3317,6885,27,1,Worth the Money,Received a defective item.,2026-04-16
1796,3319,7362,20,3,Worth the Money,Average quality.,2025-01-27
1797,3320,10473,382,4,Amazing Purchase,Very satisfied with the purchase.,2025-07-10
1798,3322,19048,165,4,Worth the Money,Exactly as described.,2025-05-02
1799,3323,17602,453,4,Average Product,Packaging was good and product is amazing.,2024-09-11
1800,3326,19323,1,2,Poor Quality,Bad packaging.,2026-06-04
1801,3327,15034,232,3,Could Be Better,Expected a little better.,2025-05-07
1802,3328,15582,86,5,Could Be Better,Value for money. Will buy again.,2025-04-19
1803,3330,1057,448,4,Satisfied,Value for money. Will buy again.,2025-08-13
1804,3331,8021,305,5,Not Worth It,Superb quality and easy to use.,2025-06-24
1805,3332,9036,9,5,Satisfied,Excellent quality and fast delivery.,2025-01-30
1806,3333,656,469,5,Not Worth It,Value for money. Will buy again.,2024-12-12
1807,3334,2268,348,5,Not Worth It,Loved the product. Highly recommended.,2025-09-09
1808,3335,15202,422,4,Average Product,Superb quality and easy to use.,2024-09-05
1809,3337,572,130,1,Poor Quality,Very disappointed.,2025-11-11
1810,3338,10724,283,4,Not Worth It,Superb quality and easy to use.,2025-10-16
1811,3341,17674,130,3,Excellent Product,Delivery was on time.,2024-10-10
1812,3342,16981,409,4,Highly Recommended,Loved the product. Highly recommended.,2024-12-05
1813,3343,11794,487,4,Amazing Purchase,Packaging was good and product is amazing.,2026-05-09
1814,3344,3140,17,5,Worth the Money,Great experience with this product.,2026-01-10
1815,3345,470,382,5,Satisfied,Loved the product. Highly recommended.,2024-08-09
1816,3346,8222,37,5,Not Worth It,Great experience with this product.,2025-07-08
1817,3347,17455,348,5,Could Be Better,Superb quality and easy to use.,2025-01-19
1818,3349,9388,206,5,Poor Quality,Excellent quality and fast delivery.,2025-02-09
1819,3350,18485,424,5,Amazing Purchase,Value for money. Will buy again.,2026-07-04
1820,3354,7641,295,4,Average Product,Superb quality and easy to use.,2026-07-22
1821,3356,16251,441,4,Excellent Product,Superb quality and easy to use.,2025-10-06
1822,3359,15577,223,5,Satisfied,Very satisfied with the purchase.,2024-09-22
1823,3360,19933,227,3,Satisfied,Expected a little better.,2026-02-21
1824,3361,15414,118,4,Worth the Money,Packaging was good and product is amazing.,2026-06-26
1825,3362,8536,457,4,Satisfied,Superb quality and easy to use.,2025-12-17
1826,3364,10838,283,3,Highly Recommended,Product is okay.,2025-04-02
1827,3365,6681,345,5,Average Product,Exactly as described.,2026-02-02
1828,3367,5364,419,4,Excellent Product,Great experience with this product.,2025-02-09
1829,3368,13334,173,1,Satisfied,Poor quality product.,2025-07-23
1830,3371,3920,389,2,Worth the Money,Poor quality product.,2025-09-27
1831,3372,18346,156,4,Excellent Product,Exactly as described.,2024-12-10
1832,3373,2062,87,2,Worth the Money,Not worth the price.,2025-01-10
1833,3375,577,355,2,Amazing Purchase,Received a defective item.,2024-08-02
1834,3377,16277,328,3,Excellent Product,Works as intended.,2026-03-23
1835,3378,3827,121,5,Highly Recommended,Superb quality and easy to use.,2025-12-16
1836,3380,14279,224,2,Excellent Product,Will not recommend.,2026-03-13
1837,3382,9889,313,4,Very Good,Packaging was good and product is amazing.,2026-05-31
1838,3383,5523,29,5,Very Good,Packaging was good and product is amazing.,2026-05-09
1839,3384,10771,288,2,Poor Quality,Stopped working after few days.,2026-07-01
1840,3385,14589,293,2,Poor Quality,Will not recommend.,2025-12-10
1841,3386,6179,278,5,Amazing Purchase,Packaging was good and product is amazing.,2024-12-26
1842,3387,19670,467,4,Excellent Product,Very satisfied with the purchase.,2025-12-10
1843,3390,5867,268,5,Excellent Product,Packaging was good and product is amazing.,2025-04-07
1844,3391,13707,315,5,Amazing Purchase,Excellent quality and fast delivery.,2026-01-12
1845,3392,9943,500,5,Excellent Product,Superb quality and easy to use.,2025-04-07
1846,3398,16910,264,2,Excellent Product,Will not recommend.,2026-04-16
1847,3399,16931,62,2,Average Product,Will not recommend.,2025-02-23
1848,3400,8152,122,4,Poor Quality,Great experience with this product.,2024-09-20
1849,3402,9408,69,4,Average Product,Packaging was good and product is amazing.,2024-07-31
1850,3403,9058,450,3,Worth the Money,Product is okay.,2025-01-04
1851,3404,3509,482,4,Average Product,Value for money. Will buy again.,2026-05-18
1852,3405,10688,379,5,Satisfied,Packaging was good and product is amazing.,2025-04-07
1853,3406,8910,146,3,Highly Recommended,Product is okay.,2025-06-10
1854,3407,16134,476,5,Worth the Money,Loved the product. Highly recommended.,2025-06-28
1855,3409,6696,344,1,Highly Recommended,Bad packaging.,2026-07-05
1856,3410,4699,459,5,Amazing Purchase,Packaging was good and product is amazing.,2024-11-17
1857,3413,9950,267,4,Highly Recommended,Loved the product. Highly recommended.,2026-05-17
1858,3416,14253,429,4,Excellent Product,Loved the product. Highly recommended.,2025-07-01
1859,3417,5780,326,4,Poor Quality,Great experience with this product.,2024-10-13
1860,3418,5057,201,2,Average Product,Poor quality product.,2026-01-04
1861,3419,17247,59,4,Highly Recommended,Value for money. Will buy again.,2026-04-19
1862,3422,689,2,5,Not Worth It,Value for money. Will buy again.,2024-11-15
1863,3423,1718,309,5,Highly Recommended,Great experience with this product.,2024-10-23
1864,3425,18523,151,4,Worth the Money,Excellent quality and fast delivery.,2025-05-21
1865,3426,9000,41,3,Worth the Money,Average quality.,2024-08-02
1866,3427,12013,321,3,Could Be Better,Delivery was on time.,2025-02-09
1867,3431,1625,390,5,Worth the Money,Exactly as described.,2025-10-03
1868,3432,9152,26,2,Not Worth It,Not worth the price.,2026-07-11
1869,3433,18232,130,5,Satisfied,Packaging was good and product is amazing.,2025-10-09
1870,3434,12539,481,5,Worth the Money,Great experience with this product.,2026-05-08
1871,3436,7172,308,4,Amazing Purchase,Value for money. Will buy again.,2026-07-04
1872,3437,9698,397,5,Amazing Purchase,Packaging was good and product is amazing.,2026-07-19
1873,3438,8879,419,4,Very Good,Value for money. Will buy again.,2024-07-31
1874,3439,14097,472,3,Highly Recommended,Works as intended.,2026-02-22
1875,3442,14762,255,5,Very Good,Great experience with this product.,2026-01-08
1876,3443,6020,150,2,Satisfied,Very disappointed.,2025-07-06
1877,3444,1978,67,3,Highly Recommended,Expected a little better.,2026-05-08
1878,3445,4539,333,3,Worth the Money,Average quality.,2025-08-02
1879,3447,1913,252,1,Poor Quality,Will not recommend.,2025-05-13
1880,3449,14961,472,1,Highly Recommended,Not worth the price.,2026-03-09
1881,3452,16058,335,3,Worth the Money,Works as intended.,2024-11-07
1882,3453,8424,21,1,Could Be Better,Very disappointed.,2025-02-18
1883,3455,1525,461,4,Satisfied,Value for money. Will buy again.,2024-09-06
1884,3459,19022,87,4,Worth the Money,Exactly as described.,2026-05-25
1885,3461,2480,138,5,Very Good,Exactly as described.,2025-12-19
1886,3463,11009,365,3,Excellent Product,Works as intended.,2024-12-30
1887,3464,19605,324,4,Could Be Better,Excellent quality and fast delivery.,2026-02-06
1888,3466,13232,323,3,Worth the Money,Average quality.,2024-08-15
1889,3468,18274,188,5,Very Good,Loved the product. Highly recommended.,2025-05-31
1890,3469,11684,175,5,Excellent Product,Very satisfied with the purchase.,2025-11-06
1891,3470,5082,81,3,Worth the Money,Works as intended.,2024-08-28
1892,3471,7843,280,3,Amazing Purchase,Average quality.,2024-11-29
1893,3476,1945,141,5,Average Product,Exactly as described.,2025-07-03
1894,3478,18017,80,4,Worth the Money,Very satisfied with the purchase.,2026-03-03
1895,3479,557,400,4,Not Worth It,Value for money. Will buy again.,2025-03-19
1896,3480,9693,489,4,Could Be Better,Packaging was good and product is amazing.,2026-04-26
1897,3482,12559,464,5,Very Good,Superb quality and easy to use.,2025-09-12
1898,3483,18909,352,4,Excellent Product,Packaging was good and product is amazing.,2025-09-06
1899,3486,18860,317,4,Worth the Money,Very satisfied with the purchase.,2025-11-28
1900,3487,18740,76,5,Average Product,Very satisfied with the purchase.,2025-02-19
1901,3488,10314,458,4,Satisfied,Superb quality and easy to use.,2025-02-21
1902,3489,18891,233,1,Highly Recommended,Poor quality product.,2026-05-07
1903,3491,16257,325,3,Highly Recommended,Product is okay.,2026-04-01
1904,3492,9551,437,2,Poor Quality,Not worth the price.,2025-03-28
1905,3495,13039,402,5,Satisfied,Packaging was good and product is amazing.,2024-12-03
1906,3502,113,81,4,Satisfied,Superb quality and easy to use.,2026-06-27
1907,3506,14681,461,4,Could Be Better,Superb quality and easy to use.,2024-08-26
1908,3507,10482,53,4,Satisfied,Excellent quality and fast delivery.,2025-06-29
1909,3508,18720,154,3,Amazing Purchase,Works as intended.,2026-02-12
1910,3510,10230,260,4,Excellent Product,Loved the product. Highly recommended.,2026-01-11
1911,3511,8692,88,1,Excellent Product,Bad packaging.,2024-11-06
1912,3512,7133,343,3,Poor Quality,Works as intended.,2025-03-21
1913,3513,18604,399,5,Could Be Better,Packaging was good and product is amazing.,2025-01-26
1914,3516,4958,456,5,Not Worth It,Superb quality and easy to use.,2026-05-05
1915,3518,11815,305,1,Could Be Better,Not worth the price.,2024-09-09
1916,3521,6156,205,2,Satisfied,Bad packaging.,2026-05-21
1917,3523,382,451,5,Average Product,Packaging was good and product is amazing.,2026-06-30
1918,3524,5683,339,1,Satisfied,Very disappointed.,2026-03-17
1919,3526,18852,133,3,Worth the Money,Product is okay.,2026-02-21
1920,3534,18835,463,4,Poor Quality,Value for money. Will buy again.,2024-08-18
1921,3535,11341,339,3,Very Good,Expected a little better.,2025-11-14
1922,3537,5555,472,2,Highly Recommended,Will not recommend.,2025-11-08
1923,3539,14165,132,2,Worth the Money,Poor quality product.,2026-06-13
1924,3541,12581,174,2,Satisfied,Not worth the price.,2025-06-28
1925,3543,3326,33,2,Highly Recommended,Stopped working after few days.,2025-12-06
1926,3544,2404,196,5,Not Worth It,Superb quality and easy to use.,2025-05-27
1927,3546,1273,486,5,Average Product,Very satisfied with the purchase.,2026-03-28
1928,3547,9267,349,2,Average Product,Very disappointed.,2024-10-11
1929,3548,17604,177,5,Amazing Purchase,Great experience with this product.,2025-07-20
1930,3549,6316,313,5,Highly Recommended,Loved the product. Highly recommended.,2025-11-21
1931,3550,13100,377,4,Satisfied,Exactly as described.,2025-07-19
1932,3553,11763,339,5,Not Worth It,Loved the product. Highly recommended.,2025-06-09
1933,3554,8253,326,5,Poor Quality,Loved the product. Highly recommended.,2024-08-17
1934,3556,1711,165,5,Satisfied,Loved the product. Highly recommended.,2024-11-03
1935,3558,13152,159,4,Satisfied,Very satisfied with the purchase.,2025-06-21
1936,3559,16934,383,3,Very Good,Expected a little better.,2025-03-11
1937,3561,8227,72,3,Highly Recommended,Works as intended.,2024-12-29
1938,3562,15442,199,1,Amazing Purchase,Poor quality product.,2026-07-10
1939,3563,12749,495,3,Highly Recommended,Delivery was on time.,2024-10-22
1940,3564,11356,259,4,Amazing Purchase,Packaging was good and product is amazing.,2024-10-12
1941,3565,2687,473,4,Satisfied,Excellent quality and fast delivery.,2024-12-01
1942,3569,18248,386,3,Worth the Money,Product is okay.,2024-12-18
1943,3571,5726,374,4,Average Product,Great experience with this product.,2026-06-07
1944,3573,3182,95,4,Could Be Better,Great experience with this product.,2025-09-04
1945,3575,3576,499,4,Not Worth It,Packaging was good and product is amazing.,2025-03-31
1946,3576,5213,193,5,Worth the Money,Great experience with this product.,2025-03-04
1947,3578,18650,482,4,Not Worth It,Great experience with this product.,2024-12-29
1948,3579,1035,258,2,Excellent Product,Received a defective item.,2026-02-26
1949,3580,7470,162,5,Poor Quality,Very satisfied with the purchase.,2026-05-02
1950,3581,17915,393,5,Very Good,Loved the product. Highly recommended.,2026-05-04
1951,3584,4418,396,5,Worth the Money,Value for money. Will buy again.,2025-04-28
1952,3585,2315,210,4,Average Product,Value for money. Will buy again.,2024-11-17
1953,3586,16328,198,2,Not Worth It,Poor quality product.,2025-02-21
1954,3587,13354,294,4,Not Worth It,Excellent quality and fast delivery.,2025-09-10
1955,3588,5918,11,5,Could Be Better,Loved the product. Highly recommended.,2024-11-04
1956,3589,19406,260,3,Average Product,Works as intended.,2025-08-15
1957,3590,6176,346,2,Very Good,Stopped working after few days.,2026-04-13
1958,3592,18585,101,2,Excellent Product,Bad packaging.,2026-07-14
1959,3594,7015,55,5,Poor Quality,Superb quality and easy to use.,2024-10-29
1960,3595,1143,49,4,Poor Quality,Excellent quality and fast delivery.,2025-09-08
1961,3599,1220,385,3,Highly Recommended,Delivery was on time.,2025-04-26
1962,3600,17783,276,4,Poor Quality,Very satisfied with the purchase.,2025-12-31
1963,3603,778,154,5,Worth the Money,Superb quality and easy to use.,2025-08-10
1964,3604,5453,208,4,Not Worth It,Value for money. Will buy again.,2025-12-18
1965,3605,1237,213,2,Could Be Better,Bad packaging.,2024-11-07
1966,3606,16332,464,2,Highly Recommended,Received a defective item.,2024-10-02
1967,3608,2895,7,5,Satisfied,Great experience with this product.,2024-10-25
1968,3610,2402,418,5,Poor Quality,Exactly as described.,2025-12-01
1969,3612,6930,254,3,Could Be Better,Product is okay.,2024-11-28
1970,3613,4123,3,5,Highly Recommended,Loved the product. Highly recommended.,2026-03-14
1971,3615,3102,214,3,Satisfied,Works as intended.,2025-02-09
1972,3620,5188,481,4,Very Good,Excellent quality and fast delivery.,2026-02-09
1973,3623,19366,380,2,Could Be Better,Very disappointed.,2024-09-08
1974,3630,6549,57,5,Satisfied,Packaging was good and product is amazing.,2026-04-01
1975,3631,12056,254,2,Average Product,Will not recommend.,2025-04-15
1976,3634,8721,247,3,Very Good,Product is okay.,2024-08-09
1977,3636,10625,378,3,Poor Quality,Average quality.,2024-09-18
1978,3640,7217,114,5,Not Worth It,Value for money. Will buy again.,2024-10-26
1979,3642,3279,277,5,Not Worth It,Exactly as described.,2025-01-25
1980,3645,5942,173,5,Worth the Money,Very satisfied with the purchase.,2025-04-26
1981,3646,10373,213,5,Not Worth It,Great experience with this product.,2025-11-17
1982,3647,16486,321,5,Highly Recommended,Exactly as described.,2025-03-24
1983,3648,17225,391,5,Satisfied,Packaging was good and product is amazing.,2026-06-30
1984,3649,4497,108,3,Amazing Purchase,Works as intended.,2025-08-10
1985,3651,14416,106,4,Very Good,Excellent quality and fast delivery.,2026-07-17
1986,3654,15320,34,5,Poor Quality,Value for money. Will buy again.,2024-11-24
1987,3658,17714,330,5,Average Product,Very satisfied with the purchase.,2024-08-10
1988,3660,14509,31,1,Not Worth It,Will not recommend.,2025-09-07
1989,3662,18132,489,4,Highly Recommended,Packaging was good and product is amazing.,2026-02-10
1990,3664,15482,189,4,Not Worth It,Exactly as described.,2025-04-08
1991,3667,19462,416,1,Satisfied,Not worth the price.,2025-10-09
1992,3668,9172,412,3,Poor Quality,Average quality.,2024-12-21
1993,3671,18778,78,2,Highly Recommended,Not worth the price.,2026-06-18
1994,3672,10097,55,5,Poor Quality,Exactly as described.,2024-11-15
1995,3675,2792,206,5,Poor Quality,Excellent quality and fast delivery.,2024-08-02
1996,3676,6000,366,5,Poor Quality,Exactly as described.,2025-10-14
1997,3677,18396,70,3,Average Product,Average quality.,2024-10-10
1998,3679,3897,283,2,Satisfied,Poor quality product.,2026-07-23
1999,3681,15795,229,5,Amazing Purchase,Value for money. Will buy again.,2025-03-08
2000,3683,1704,34,4,Excellent Product,Great experience with this product.,2026-02-19
2001,3686,8977,155,4,Not Worth It,Excellent quality and fast delivery.,2024-12-11
2002,3687,8512,351,4,Could Be Better,Packaging was good and product is amazing.,2025-02-02
2003,3689,1662,182,5,Very Good,Excellent quality and fast delivery.,2024-08-11
2004,3693,10275,313,4,Worth the Money,Value for money. Will buy again.,2024-10-21
2005,3694,4716,488,4,Amazing Purchase,Great experience with this product.,2024-10-17
2006,3695,10473,266,3,Average Product,Average quality.,2026-06-20
2007,3696,19464,158,2,Not Worth It,Not worth the price.,2025-01-02
2008,3700,9286,255,3,Worth the Money,Expected a little better.,2024-08-15
2009,3701,4932,140,4,Very Good,Loved the product. Highly recommended.,2026-06-10
2010,3704,3409,227,4,Poor Quality,Excellent quality and fast delivery.,2026-02-06
2011,3706,13471,15,5,Highly Recommended,Superb quality and easy to use.,2024-07-30
2012,3709,793,336,5,Excellent Product,Exactly as described.,2024-11-22
2013,3710,7680,377,5,Amazing Purchase,Packaging was good and product is amazing.,2025-06-14
2014,3713,4131,397,5,Poor Quality,Exactly as described.,2024-09-14
2015,3715,3890,247,5,Worth the Money,Excellent quality and fast delivery.,2024-08-03
2016,3716,18690,146,5,Excellent Product,Great experience with this product.,2025-09-30
2017,3717,11894,226,4,Average Product,Excellent quality and fast delivery.,2026-01-26
2018,3718,16721,487,2,Worth the Money,Bad packaging.,2026-05-13
2019,3719,18732,400,5,Amazing Purchase,Loved the product. Highly recommended.,2024-08-27
2020,3720,11742,46,4,Very Good,Very satisfied with the purchase.,2024-11-22
2021,3721,11242,215,5,Highly Recommended,Loved the product. Highly recommended.,2025-03-25
2022,3724,4619,198,5,Average Product,Excellent quality and fast delivery.,2024-10-12
2023,3725,12297,487,5,Satisfied,Excellent quality and fast delivery.,2025-02-10
2024,3726,8772,458,4,Average Product,Excellent quality and fast delivery.,2025-03-30
2025,3727,18965,423,5,Amazing Purchase,Excellent quality and fast delivery.,2026-06-23
2026,3730,14781,333,1,Amazing Purchase,Bad packaging.,2026-05-05
2027,3733,17548,51,5,Amazing Purchase,Excellent quality and fast delivery.,2024-11-05
2028,3734,19110,335,4,Highly Recommended,Great experience with this product.,2024-11-25
2029,3735,557,492,3,Satisfied,Average quality.,2024-09-15
2030,3736,7063,181,1,Average Product,Received a defective item.,2025-06-27
2031,3737,11833,292,3,Worth the Money,Works as intended.,2024-12-22
2032,3742,17696,176,3,Poor Quality,Works as intended.,2024-11-11
2033,3744,4077,272,4,Not Worth It,Great experience with this product.,2026-01-19
2034,3745,13664,123,5,Satisfied,Value for money. Will buy again.,2024-08-10
2035,3747,631,109,5,Average Product,Very satisfied with the purchase.,2024-08-15
2036,3749,16486,494,3,Could Be Better,Delivery was on time.,2026-05-05
2037,3751,15,414,4,Worth the Money,Exactly as described.,2024-10-19
2038,3752,8569,142,4,Average Product,Superb quality and easy to use.,2025-12-22
2039,3757,3521,480,5,Could Be Better,Loved the product. Highly recommended.,2024-12-11
2040,3758,4608,116,4,Average Product,Very satisfied with the purchase.,2026-04-09
2041,3760,5336,89,4,Excellent Product,Very satisfied with the purchase.,2025-06-20
2042,3761,13970,123,4,Excellent Product,Exactly as described.,2026-04-05
2043,3762,6588,21,5,Worth the Money,Loved the product. Highly recommended.,2026-07-07
2044,3769,16411,78,5,Poor Quality,Value for money. Will buy again.,2025-02-24
2045,3772,7770,4,4,Amazing Purchase,Very satisfied with the purchase.,2024-08-18
2046,3776,2281,251,3,Worth the Money,Works as intended.,2026-03-04
2047,3778,4225,229,4,Satisfied,Great experience with this product.,2024-09-04
2048,3779,16111,111,5,Highly Recommended,Great experience with this product.,2025-08-24
2049,3781,15524,283,3,Worth the Money,Product is okay.,2025-07-09
2050,3784,1133,464,5,Highly Recommended,Great experience with this product.,2026-04-24
2051,3787,8104,126,5,Satisfied,Superb quality and easy to use.,2025-08-03
2052,3788,144,47,4,Average Product,Superb quality and easy to use.,2025-09-17
2053,3789,17426,273,4,Highly Recommended,Excellent quality and fast delivery.,2024-08-06
2054,3790,10450,227,5,Average Product,Very satisfied with the purchase.,2024-11-23
2055,3793,10089,446,3,Average Product,Expected a little better.,2025-12-22
2056,3796,4214,131,5,Poor Quality,Exactly as described.,2025-03-30
2057,3797,11693,404,5,Satisfied,Exactly as described.,2024-09-12
2058,3798,4480,41,5,Average Product,Loved the product. Highly recommended.,2025-08-29
2059,3800,17672,11,5,Amazing Purchase,Excellent quality and fast delivery.,2024-07-30
2060,3805,15976,41,5,Poor Quality,Very satisfied with the purchase.,2025-07-12
2061,3809,2188,88,4,Worth the Money,Value for money. Will buy again.,2025-12-05
2062,3812,17870,440,5,Average Product,Very satisfied with the purchase.,2025-12-15
2063,3813,15532,131,3,Satisfied,Average quality.,2026-07-01
2064,3820,11028,323,4,Satisfied,Very satisfied with the purchase.,2025-03-15
2065,3821,9375,284,2,Highly Recommended,Very disappointed.,2025-04-10
2066,3822,14481,101,4,Not Worth It,Packaging was good and product is amazing.,2025-07-07
2067,3825,16479,355,4,Highly Recommended,Excellent quality and fast delivery.,2024-08-18
2068,3826,14882,120,5,Highly Recommended,Very satisfied with the purchase.,2026-06-09
2069,3827,4423,183,5,Excellent Product,Superb quality and easy to use.,2025-04-26
2070,3829,14370,50,4,Poor Quality,Packaging was good and product is amazing.,2025-12-24
2071,3830,2011,499,4,Could Be Better,Value for money. Will buy again.,2025-03-01
2072,3831,14394,293,3,Excellent Product,Average quality.,2026-06-21
2073,3832,18249,490,4,Worth the Money,Very satisfied with the purchase.,2025-08-28
2074,3833,17065,415,5,Could Be Better,Value for money. Will buy again.,2025-03-27
2075,3834,3037,47,5,Not Worth It,Superb quality and easy to use.,2024-08-28
2076,3837,19682,56,3,Average Product,Works as intended.,2025-10-04
2077,3838,16076,254,4,Could Be Better,Loved the product. Highly recommended.,2025-01-17
2078,3840,13867,343,4,Average Product,Packaging was good and product is amazing.,2024-09-08
2079,3841,16061,388,3,Highly Recommended,Expected a little better.,2025-08-30
2080,3842,4814,349,3,Not Worth It,Expected a little better.,2024-12-04
2081,3843,3109,122,3,Not Worth It,Works as intended.,2026-06-10
2082,3844,17212,113,5,Very Good,Excellent quality and fast delivery.,2026-01-28
2083,3847,5741,213,5,Highly Recommended,Exactly as described.,2025-08-19
2084,3849,14477,344,4,Very Good,Superb quality and easy to use.,2024-08-03
2085,3851,8277,102,3,Amazing Purchase,Works as intended.,2026-01-12
2086,3852,3323,261,5,Satisfied,Very satisfied with the purchase.,2026-02-01
2087,3858,6525,3,5,Poor Quality,Loved the product. Highly recommended.,2026-05-07
2088,3859,2631,201,3,Highly Recommended,Expected a little better.,2025-11-29
2089,3860,4101,358,3,Not Worth It,Average quality.,2025-08-18
2090,3861,10136,385,5,Excellent Product,Exactly as described.,2026-06-18
2091,3866,11829,431,5,Could Be Better,Very satisfied with the purchase.,2025-03-26
2092,3867,6566,232,4,Highly Recommended,Exactly as described.,2025-03-11
2093,3868,13545,72,4,Worth the Money,Excellent quality and fast delivery.,2025-11-08
2094,3869,10916,456,5,Satisfied,Packaging was good and product is amazing.,2025-03-11
2095,3870,2504,498,2,Highly Recommended,Not worth the price.,2025-06-24
2096,3871,13923,162,5,Amazing Purchase,Superb quality and easy to use.,2025-06-17
2097,3872,12028,214,3,Not Worth It,Expected a little better.,2025-04-21
2098,3874,16650,103,5,Not Worth It,Very satisfied with the purchase.,2026-07-03
2099,3875,19721,467,4,Not Worth It,Excellent quality and fast delivery.,2025-03-08
2100,3876,1883,465,4,Worth the Money,Packaging was good and product is amazing.,2026-01-25
2101,3877,16241,67,4,Average Product,Value for money. Will buy again.,2026-01-28
2102,3878,819,404,4,Could Be Better,Excellent quality and fast delivery.,2026-05-22
2103,3880,2026,61,4,Poor Quality,Loved the product. Highly recommended.,2025-03-31
2104,3881,9747,401,4,Average Product,Exactly as described.,2026-02-15
2105,3883,8717,374,4,Excellent Product,Packaging was good and product is amazing.,2026-03-24
2106,3885,16267,256,3,Worth the Money,Expected a little better.,2026-04-17
2107,3886,17833,96,5,Worth the Money,Great experience with this product.,2026-07-06
2108,3889,15990,62,4,Excellent Product,Loved the product. Highly recommended.,2025-01-09
2109,3890,17649,97,2,Satisfied,Received a defective item.,2026-02-01
2110,3892,9550,305,3,Satisfied,Average quality.,2024-08-05
2111,3893,12134,423,5,Highly Recommended,Great experience with this product.,2024-11-04
2112,3895,5369,238,5,Worth the Money,Value for money. Will buy again.,2025-07-28
2113,3900,1206,75,5,Poor Quality,Exactly as described.,2026-03-27
2114,3901,5482,269,4,Worth the Money,Very satisfied with the purchase.,2025-04-18
2115,3902,901,257,5,Very Good,Loved the product. Highly recommended.,2026-06-15
2116,3903,13778,107,5,Not Worth It,Very satisfied with the purchase.,2025-11-17
2117,3904,12635,18,2,Not Worth It,Poor quality product.,2026-07-05
2118,3910,12984,283,5,Not Worth It,Excellent quality and fast delivery.,2025-08-01
2119,3911,10914,393,4,Poor Quality,Exactly as described.,2025-03-18
2120,3914,18074,36,5,Highly Recommended,Loved the product. Highly recommended.,2025-11-10
2121,3916,8055,450,5,Could Be Better,Superb quality and easy to use.,2024-09-22
2122,3918,3087,327,5,Highly Recommended,Very satisfied with the purchase.,2025-10-25
2123,3919,2592,426,5,Could Be Better,Packaging was good and product is amazing.,2025-11-12
2124,3924,14769,115,2,Poor Quality,Bad packaging.,2025-05-19
2125,3925,17824,218,3,Not Worth It,Delivery was on time.,2025-07-17
2126,3926,2389,264,3,Satisfied,Delivery was on time.,2025-12-06
2127,3928,1494,472,5,Satisfied,Great experience with this product.,2025-03-11
2128,3932,6288,499,5,Poor Quality,Exactly as described.,2025-11-14
2129,3935,13257,96,5,Satisfied,Excellent quality and fast delivery.,2026-03-31
2130,3936,7671,166,4,Excellent Product,Loved the product. Highly recommended.,2025-02-28
2131,3945,13091,428,2,Amazing Purchase,Received a defective item.,2025-04-05
2132,3947,3864,64,5,Average Product,Loved the product. Highly recommended.,2024-11-22
2133,3949,9806,314,5,Worth the Money,Very satisfied with the purchase.,2025-01-15
2134,3950,9686,328,4,Satisfied,Packaging was good and product is amazing.,2025-06-14
2135,3951,16413,206,3,Highly Recommended,Expected a little better.,2026-06-18
2136,3953,14497,253,3,Highly Recommended,Product is okay.,2025-01-27
2137,3954,13977,221,4,Average Product,Superb quality and easy to use.,2025-09-30
2138,3955,16009,368,4,Could Be Better,Excellent quality and fast delivery.,2026-07-24
2139,3957,593,446,4,Average Product,Great experience with this product.,2024-09-04
2140,3960,11250,23,4,Could Be Better,Loved the product. Highly recommended.,2024-08-24
2141,3961,16138,308,2,Poor Quality,Very disappointed.,2025-04-14
2142,3962,12561,222,2,Poor Quality,Bad packaging.,2026-05-03
2143,3964,17871,237,4,Average Product,Value for money. Will buy again.,2026-04-12
2144,3965,7684,362,3,Not Worth It,Delivery was on time.,2025-01-12
2145,3967,12586,316,5,Poor Quality,Great experience with this product.,2025-11-24
2146,3968,3238,208,5,Not Worth It,Loved the product. Highly recommended.,2025-04-10
2147,3969,12887,451,5,Very Good,Excellent quality and fast delivery.,2025-06-02
2148,3975,1583,101,5,Amazing Purchase,Excellent quality and fast delivery.,2026-06-21
2149,3976,15062,76,4,Highly Recommended,Exactly as described.,2025-06-15
2150,3978,16593,75,5,Very Good,Exactly as described.,2026-07-01
2151,3979,8377,329,4,Not Worth It,Value for money. Will buy again.,2025-01-20
2152,3980,14872,186,5,Highly Recommended,Very satisfied with the purchase.,2026-04-04
2153,3982,19038,141,4,Worth the Money,Packaging was good and product is amazing.,2025-07-30
2154,3983,1033,107,4,Average Product,Great experience with this product.,2025-07-03
2155,3984,3784,23,5,Poor Quality,Excellent quality and fast delivery.,2025-04-12
2156,3985,5400,220,1,Highly Recommended,Stopped working after few days.,2024-09-16
2157,3986,3007,132,3,Not Worth It,Delivery was on time.,2025-09-27
2158,3987,7885,292,5,Could Be Better,Superb quality and easy to use.,2024-11-05
2159,3989,7526,82,1,Amazing Purchase,Bad packaging.,2025-12-27
2160,3990,13289,71,5,Poor Quality,Very satisfied with the purchase.,2024-08-08
2161,3991,11439,389,5,Could Be Better,Loved the product. Highly recommended.,2024-09-30
2162,3996,1075,452,1,Not Worth It,Not worth the price.,2026-07-20
2163,3997,6913,138,4,Poor Quality,Value for money. Will buy again.,2026-06-26
2164,3998,11959,446,5,Could Be Better,Great experience with this product.,2024-12-26
2165,3999,14032,198,4,Could Be Better,Great experience with this product.,2025-05-15
2166,4000,18590,6,2,Excellent Product,Stopped working after few days.,2026-05-16
2167,4002,8865,5,3,Worth the Money,Average quality.,2025-08-02
2168,4003,19073,148,4,Not Worth It,Exactly as described.,2025-03-24
2169,4004,19892,335,5,Very Good,Very satisfied with the purchase.,2024-11-19
2170,4008,8926,418,2,Worth the Money,Received a defective item.,2024-12-15
2171,4009,7857,136,2,Highly Recommended,Poor quality product.,2025-09-19
2172,4010,11282,411,2,Amazing Purchase,Bad packaging.,2025-02-18
2173,4011,7126,162,2,Not Worth It,Bad packaging.,2025-05-11
2174,4012,3421,116,3,Average Product,Works as intended.,2025-07-22
2175,4013,495,76,4,Satisfied,Packaging was good and product is amazing.,2025-08-13
2176,4015,14501,496,5,Very Good,Superb quality and easy to use.,2026-01-01
2177,4016,2453,350,3,Amazing Purchase,Works as intended.,2026-06-30
2178,4017,18213,353,5,Could Be Better,Value for money. Will buy again.,2025-11-08
2179,4018,234,430,5,Highly Recommended,Loved the product. Highly recommended.,2024-10-14
2180,4020,15551,181,3,Could Be Better,Average quality.,2024-08-03
2181,4022,11202,269,4,Not Worth It,Value for money. Will buy again.,2025-05-13
2182,4023,16040,246,3,Satisfied,Product is okay.,2025-08-14
2183,4026,19127,282,5,Worth the Money,Packaging was good and product is amazing.,2025-02-11
2184,4027,5400,280,3,Not Worth It,Works as intended.,2026-04-08
2185,4030,19779,36,1,Amazing Purchase,Will not recommend.,2026-02-21
2186,4031,3521,114,4,Worth the Money,Very satisfied with the purchase.,2025-11-28
2187,4033,13730,288,4,Amazing Purchase,Very satisfied with the purchase.,2026-06-30
2188,4034,7117,327,4,Average Product,Great experience with this product.,2026-04-23
2189,4040,12057,28,5,Very Good,Great experience with this product.,2025-01-22
2190,4042,16492,220,4,Highly Recommended,Exactly as described.,2025-12-22
2191,4044,17202,399,3,Amazing Purchase,Works as intended.,2025-11-23
2192,4051,19325,213,4,Satisfied,Superb quality and easy to use.,2025-05-21
2193,4052,8948,307,4,Not Worth It,Superb quality and easy to use.,2024-08-18
2194,4054,7804,478,5,Very Good,Value for money. Will buy again.,2025-12-12
2195,4055,15571,254,4,Worth the Money,Value for money. Will buy again.,2024-12-06
2196,4058,8042,207,4,Not Worth It,Packaging was good and product is amazing.,2025-10-06
2197,4059,13733,373,2,Worth the Money,Will not recommend.,2025-01-14
2198,4060,6869,421,4,Excellent Product,Exactly as described.,2025-02-01
2199,4061,6585,378,2,Very Good,Received a defective item.,2024-10-08
2200,4064,7245,452,5,Could Be Better,Packaging was good and product is amazing.,2025-10-30
2201,4065,19920,459,4,Could Be Better,Loved the product. Highly recommended.,2025-11-13
2202,4070,6060,479,3,Could Be Better,Expected a little better.,2025-07-18
2203,4073,14612,319,4,Worth the Money,Loved the product. Highly recommended.,2026-03-18
2204,4075,18530,446,1,Excellent Product,Stopped working after few days.,2026-01-01
2205,4076,13477,235,5,Not Worth It,Excellent quality and fast delivery.,2026-01-18
2206,4078,7903,184,5,Excellent Product,Value for money. Will buy again.,2024-11-10
2207,4079,6839,322,5,Not Worth It,Very satisfied with the purchase.,2024-09-01
2208,4080,3115,240,5,Not Worth It,Loved the product. Highly recommended.,2026-01-15
2209,4083,15679,119,2,Poor Quality,Will not recommend.,2025-03-25
2210,4085,843,59,2,Excellent Product,Very disappointed.,2025-05-28
2211,4086,11004,471,4,Amazing Purchase,Very satisfied with the purchase.,2025-03-13
2212,4093,11709,181,5,Poor Quality,Great experience with this product.,2025-09-25
2213,4094,19406,108,4,Excellent Product,Very satisfied with the purchase.,2025-12-16
2214,4096,186,300,3,Worth the Money,Delivery was on time.,2024-11-24
2215,4097,1853,463,4,Excellent Product,Loved the product. Highly recommended.,2025-10-22
2216,4098,1222,425,2,Poor Quality,Not worth the price.,2024-12-31
2217,4103,5349,80,4,Excellent Product,Very satisfied with the purchase.,2026-01-30
2218,4104,6409,377,5,Excellent Product,Great experience with this product.,2026-05-31
2219,4105,17186,267,3,Very Good,Delivery was on time.,2026-01-05
2220,4106,15107,8,3,Amazing Purchase,Delivery was on time.,2025-03-11
2221,4107,431,203,3,Not Worth It,Average quality.,2025-03-01
2222,4109,15842,200,3,Worth the Money,Expected a little better.,2025-03-22
2223,4110,1705,158,5,Average Product,Packaging was good and product is amazing.,2024-11-11
2224,4112,7504,183,3,Very Good,Works as intended.,2025-07-15
2225,4115,2619,415,4,Very Good,Loved the product. Highly recommended.,2025-04-07
2226,4116,16220,61,2,Average Product,Received a defective item.,2025-01-08
2227,4117,3399,78,4,Could Be Better,Loved the product. Highly recommended.,2026-01-10
2228,4120,2910,179,5,Could Be Better,Excellent quality and fast delivery.,2026-07-19
2229,4123,18098,224,3,Could Be Better,Works as intended.,2026-06-13
2230,4126,16857,60,5,Could Be Better,Loved the product. Highly recommended.,2025-07-25
2231,4129,12463,228,5,Excellent Product,Superb quality and easy to use.,2025-02-19
2232,4130,3457,224,4,Not Worth It,Excellent quality and fast delivery.,2025-06-19
2233,4131,6891,191,4,Worth the Money,Packaging was good and product is amazing.,2025-01-04
2234,4134,14703,56,5,Very Good,Great experience with this product.,2025-06-06
2235,4136,1991,110,4,Satisfied,Excellent quality and fast delivery.,2025-10-26
2236,4140,15542,113,4,Very Good,Great experience with this product.,2026-01-02
2237,4141,2044,210,5,Satisfied,Loved the product. Highly recommended.,2026-05-17
2238,4143,19532,360,4,Satisfied,Packaging was good and product is amazing.,2024-11-13
2239,4144,9641,394,5,Poor Quality,Excellent quality and fast delivery.,2025-09-16
2240,4146,5014,105,3,Worth the Money,Delivery was on time.,2025-01-25
2241,4149,19013,206,5,Could Be Better,Loved the product. Highly recommended.,2025-07-25
2242,4153,6011,386,5,Satisfied,Excellent quality and fast delivery.,2025-06-04
2243,4156,4949,394,5,Satisfied,Great experience with this product.,2025-12-30
2244,4158,2690,66,5,Poor Quality,Value for money. Will buy again.,2024-09-22
2245,4160,5464,273,3,Satisfied,Product is okay.,2026-05-15
2246,4166,4879,354,4,Amazing Purchase,Exactly as described.,2025-03-12
2247,4168,12650,494,5,Excellent Product,Loved the product. Highly recommended.,2026-03-14
2248,4170,13201,157,5,Poor Quality,Very satisfied with the purchase.,2024-08-15
2249,4171,15156,3,2,Poor Quality,Poor quality product.,2026-05-14
2250,4176,11264,475,4,Highly Recommended,Exactly as described.,2025-07-16
2251,4178,17963,165,4,Worth the Money,Loved the product. Highly recommended.,2026-04-29
2252,4179,14785,282,3,Poor Quality,Delivery was on time.,2026-04-25
2253,4181,5476,93,5,Average Product,Packaging was good and product is amazing.,2026-03-19
2254,4183,5112,401,5,Satisfied,Value for money. Will buy again.,2025-05-11
2255,4184,19915,86,3,Very Good,Expected a little better.,2024-11-13
2256,4185,9465,85,4,Amazing Purchase,Value for money. Will buy again.,2026-04-30
2257,4187,6015,210,4,Poor Quality,Loved the product. Highly recommended.,2025-01-28
2258,4188,8113,478,5,Amazing Purchase,Value for money. Will buy again.,2026-06-09
2259,4189,12861,381,3,Worth the Money,Product is okay.,2026-06-02
2260,4190,10011,365,5,Average Product,Loved the product. Highly recommended.,2025-04-09
2261,4193,10099,42,2,Poor Quality,Received a defective item.,2024-10-08
2262,4197,8801,26,4,Could Be Better,Very satisfied with the purchase.,2024-09-29
2263,4200,12448,421,3,Highly Recommended,Product is okay.,2024-11-28
2264,4202,9725,460,5,Could Be Better,Loved the product. Highly recommended.,2024-09-14
2265,4204,3805,170,2,Average Product,Very disappointed.,2025-07-20
2266,4206,16606,267,5,Satisfied,Superb quality and easy to use.,2024-08-03
2267,4207,19536,48,5,Highly Recommended,Loved the product. Highly recommended.,2025-02-07
2268,4208,275,192,5,Highly Recommended,Packaging was good and product is amazing.,2025-12-17
2269,4209,12590,194,4,Satisfied,Packaging was good and product is amazing.,2026-06-01
2270,4212,370,496,3,Average Product,Works as intended.,2025-07-05
2271,4213,19317,113,3,Excellent Product,Expected a little better.,2025-10-13
2272,4214,12038,329,3,Poor Quality,Product is okay.,2026-05-26
2273,4216,17370,279,4,Worth the Money,Excellent quality and fast delivery.,2025-10-13
2274,4220,18087,98,3,Poor Quality,Product is okay.,2024-10-27
2275,4224,17672,1,4,Amazing Purchase,Loved the product. Highly recommended.,2025-06-09
2276,4225,3389,207,3,Highly Recommended,Product is okay.,2025-07-14
2277,4226,147,470,3,Satisfied,Works as intended.,2025-09-24
2278,4229,11571,428,3,Amazing Purchase,Average quality.,2025-09-29
2279,4231,9832,252,3,Poor Quality,Works as intended.,2025-03-10
2280,4232,6809,10,5,Satisfied,Exactly as described.,2025-10-10
2281,4234,13312,471,5,Average Product,Very satisfied with the purchase.,2025-11-03
2282,4237,15056,41,3,Very Good,Average quality.,2026-07-19
2283,4238,11936,203,3,Satisfied,Product is okay.,2026-03-05
2284,4241,4485,500,5,Not Worth It,Very satisfied with the purchase.,2025-09-28
2285,4242,2743,310,5,Satisfied,Packaging was good and product is amazing.,2026-03-09
2286,4245,7288,334,3,Worth the Money,Delivery was on time.,2025-01-15
2287,4247,15766,353,5,Not Worth It,Loved the product. Highly recommended.,2024-12-26
2288,4248,8507,46,2,Excellent Product,Stopped working after few days.,2025-09-30
2289,4251,9660,273,5,Worth the Money,Value for money. Will buy again.,2025-01-06
2290,4252,16606,1,5,Highly Recommended,Packaging was good and product is amazing.,2026-01-12
2291,4257,11339,282,3,Highly Recommended,Expected a little better.,2025-10-30
2292,4260,12399,258,1,Worth the Money,Poor quality product.,2025-03-28
2293,4261,19911,304,5,Average Product,Excellent quality and fast delivery.,2025-04-21
2294,4264,3617,465,5,Not Worth It,Packaging was good and product is amazing.,2026-02-19
2295,4266,3481,103,5,Average Product,Loved the product. Highly recommended.,2026-06-11
2296,4269,1618,478,4,Satisfied,Loved the product. Highly recommended.,2024-09-12
2297,4270,8052,317,2,Worth the Money,Poor quality product.,2024-12-14
2298,4271,11723,483,5,Average Product,Loved the product. Highly recommended.,2025-09-22
2299,4274,9845,336,5,Excellent Product,Excellent quality and fast delivery.,2024-11-09
2300,4277,18572,37,4,Excellent Product,Superb quality and easy to use.,2026-03-14
2301,4280,2762,103,4,Excellent Product,Packaging was good and product is amazing.,2026-06-13
2302,4281,1452,398,5,Highly Recommended,Superb quality and easy to use.,2024-12-15
2303,4284,6307,136,4,Satisfied,Packaging was good and product is amazing.,2025-11-24
2304,4288,1723,250,5,Could Be Better,Value for money. Will buy again.,2025-11-27
2305,4291,9266,402,5,Not Worth It,Exactly as described.,2025-09-15
2306,4292,1455,288,4,Highly Recommended,Superb quality and easy to use.,2024-11-25
2307,4295,6527,32,4,Highly Recommended,Excellent quality and fast delivery.,2025-08-23
2308,4299,18661,331,4,Satisfied,Excellent quality and fast delivery.,2025-10-08
2309,4302,8252,244,4,Worth the Money,Value for money. Will buy again.,2025-07-28
2310,4303,5035,467,2,Average Product,Received a defective item.,2026-04-13
2311,4304,13072,427,5,Very Good,Superb quality and easy to use.,2025-01-29
2312,4307,1071,138,5,Poor Quality,Loved the product. Highly recommended.,2024-08-10
2313,4309,2248,115,4,Not Worth It,Loved the product. Highly recommended.,2026-04-07
2314,4310,19742,53,4,Could Be Better,Packaging was good and product is amazing.,2024-08-08
2315,4313,841,152,3,Highly Recommended,Works as intended.,2025-09-15
2316,4317,18288,257,5,Satisfied,Loved the product. Highly recommended.,2024-10-27
2317,4320,1454,61,5,Very Good,Loved the product. Highly recommended.,2026-07-16
2318,4321,5746,500,5,Poor Quality,Very satisfied with the purchase.,2026-01-19
2319,4322,1868,102,4,Could Be Better,Exactly as described.,2024-08-19
2320,4324,15061,132,3,Highly Recommended,Average quality.,2025-05-03
2321,4325,9129,7,4,Not Worth It,Value for money. Will buy again.,2025-09-14
2322,4327,19258,30,5,Not Worth It,Packaging was good and product is amazing.,2026-06-17
2323,4328,12299,93,3,Excellent Product,Works as intended.,2025-02-27
2324,4329,9422,170,4,Worth the Money,Exactly as described.,2025-09-19
2325,4331,8941,268,5,Could Be Better,Superb quality and easy to use.,2026-02-19
2326,4332,19977,489,1,Worth the Money,Not worth the price.,2025-08-14
2327,4333,10534,305,4,Worth the Money,Very satisfied with the purchase.,2026-02-02
2328,4335,1612,82,4,Very Good,Exactly as described.,2025-01-09
2329,4338,19044,261,4,Worth the Money,Excellent quality and fast delivery.,2026-07-01
2330,4341,1963,289,3,Amazing Purchase,Works as intended.,2025-04-14
2331,4342,10813,206,5,Average Product,Loved the product. Highly recommended.,2026-02-05
2332,4343,6532,476,5,Worth the Money,Packaging was good and product is amazing.,2024-10-04
2333,4344,11566,24,4,Highly Recommended,Loved the product. Highly recommended.,2025-04-01
2334,4345,15720,4,5,Excellent Product,Superb quality and easy to use.,2025-09-18
2335,4349,11798,375,3,Poor Quality,Product is okay.,2026-06-29
2336,4350,14622,84,4,Very Good,Packaging was good and product is amazing.,2025-02-12
2337,4351,16847,54,3,Highly Recommended,Product is okay.,2026-04-18
2338,4352,16487,81,2,Amazing Purchase,Will not recommend.,2026-03-21
2339,4353,18033,147,3,Excellent Product,Works as intended.,2025-01-30
2340,4354,13563,428,4,Average Product,Exactly as described.,2024-09-17
2341,4355,8546,89,4,Poor Quality,Loved the product. Highly recommended.,2025-01-24
2342,4356,14473,7,5,Satisfied,Value for money. Will buy again.,2024-12-06
2343,4357,19292,471,4,Poor Quality,Great experience with this product.,2025-08-14
2344,4358,7146,21,5,Highly Recommended,Great experience with this product.,2025-02-19
2345,4362,19252,374,2,Worth the Money,Received a defective item.,2024-10-29
2346,4363,6953,475,4,Highly Recommended,Very satisfied with the purchase.,2024-09-27
2347,4365,13587,166,4,Worth the Money,Excellent quality and fast delivery.,2025-06-20
2348,4366,2702,474,4,Worth the Money,Very satisfied with the purchase.,2025-04-20
2349,4368,3453,74,3,Not Worth It,Average quality.,2025-01-21
2350,4373,3242,7,5,Amazing Purchase,Superb quality and easy to use.,2025-03-14
2351,4375,10517,174,3,Could Be Better,Product is okay.,2025-12-12
2352,4376,13009,90,1,Worth the Money,Poor quality product.,2025-02-12
2353,4377,8180,423,5,Poor Quality,Great experience with this product.,2025-02-10
2354,4379,3548,428,3,Could Be Better,Works as intended.,2024-08-12
2355,4380,15448,311,5,Satisfied,Very satisfied with the purchase.,2025-02-22
2356,4384,11928,375,3,Amazing Purchase,Expected a little better.,2025-09-29
2357,4385,10182,346,5,Not Worth It,Excellent quality and fast delivery.,2026-01-07
2358,4387,1902,91,5,Poor Quality,Packaging was good and product is amazing.,2025-12-09
2359,4388,14673,217,4,Highly Recommended,Excellent quality and fast delivery.,2025-05-21
2360,4391,10279,47,2,Poor Quality,Very disappointed.,2024-09-05
2361,4392,14182,218,4,Very Good,Excellent quality and fast delivery.,2025-02-19
2362,4393,915,311,1,Very Good,Not worth the price.,2026-02-26
2363,4399,706,288,5,Satisfied,Great experience with this product.,2026-06-13
2364,4401,14968,296,3,Poor Quality,Expected a little better.,2026-05-11
2365,4405,14107,373,5,Highly Recommended,Great experience with this product.,2025-04-03
2366,4408,7527,406,2,Not Worth It,Poor quality product.,2025-03-10
2367,4411,193,253,4,Poor Quality,Exactly as described.,2026-05-06
2368,4417,4028,214,4,Poor Quality,Loved the product. Highly recommended.,2025-12-31
2369,4418,5210,281,1,Could Be Better,Very disappointed.,2025-04-23
2370,4419,6443,260,5,Satisfied,Packaging was good and product is amazing.,2024-09-14
2371,4421,18222,51,2,Amazing Purchase,Bad packaging.,2025-11-04
2372,4422,16529,303,5,Amazing Purchase,Excellent quality and fast delivery.,2026-03-07
2373,4423,9346,153,2,Poor Quality,Will not recommend.,2026-05-21
2374,4427,17620,24,3,Very Good,Product is okay.,2026-05-31
2375,4428,897,39,1,Amazing Purchase,Stopped working after few days.,2026-06-26
2376,4429,9167,36,5,Worth the Money,Excellent quality and fast delivery.,2026-03-21
2377,4430,11853,59,5,Highly Recommended,Very satisfied with the purchase.,2026-02-13
2378,4431,17462,127,3,Very Good,Delivery was on time.,2025-10-23
2379,4432,9621,3,3,Highly Recommended,Works as intended.,2025-10-29
2380,4433,11140,36,3,Average Product,Expected a little better.,2025-06-12
2381,4436,6010,430,1,Satisfied,Bad packaging.,2026-06-05
2382,4438,496,342,4,Poor Quality,Very satisfied with the purchase.,2025-09-24
2383,4440,18651,122,4,Very Good,Value for money. Will buy again.,2025-12-01
2384,4445,3137,276,5,Average Product,Value for money. Will buy again.,2026-02-26
2385,4446,9687,146,5,Satisfied,Packaging was good and product is amazing.,2025-01-18
2386,4447,11812,154,4,Could Be Better,Great experience with this product.,2025-08-23
2387,4448,19344,191,5,Amazing Purchase,Very satisfied with the purchase.,2024-12-01
2388,4451,15069,477,5,Satisfied,Great experience with this product.,2025-10-31
2389,4453,4884,409,4,Highly Recommended,Great experience with this product.,2026-03-17
2390,4457,1895,143,4,Not Worth It,Loved the product. Highly recommended.,2024-09-01
2391,4458,17170,461,4,Excellent Product,Value for money. Will buy again.,2026-05-04
2392,4459,3746,108,1,Satisfied,Received a defective item.,2025-05-16
2393,4462,898,334,5,Worth the Money,Superb quality and easy to use.,2025-11-17
2394,4466,4892,170,3,Not Worth It,Expected a little better.,2025-04-02
2395,4467,881,169,3,Very Good,Works as intended.,2025-04-03
2396,4469,15591,473,4,Highly Recommended,Exactly as described.,2025-04-10
2397,4471,19378,132,4,Not Worth It,Exactly as described.,2025-04-25
2398,4474,10676,402,5,Very Good,Exactly as described.,2026-05-11
2399,4475,4606,100,4,Worth the Money,Very satisfied with the purchase.,2025-10-01
2400,4476,6722,71,4,Satisfied,Superb quality and easy to use.,2024-12-17
2401,4477,348,22,1,Amazing Purchase,Will not recommend.,2024-12-29
2402,4479,2462,180,4,Very Good,Superb quality and easy to use.,2026-05-02
2403,4480,17203,83,5,Could Be Better,Very satisfied with the purchase.,2025-10-20
2404,4481,6581,326,2,Highly Recommended,Received a defective item.,2025-04-04
2405,4484,6478,110,4,Worth the Money,Very satisfied with the purchase.,2025-10-14
2406,4485,11354,350,5,Amazing Purchase,Great experience with this product.,2026-04-12
2407,4487,5016,234,5,Very Good,Packaging was good and product is amazing.,2025-04-13
2408,4488,5611,255,3,Excellent Product,Delivery was on time.,2026-06-26
2409,4489,15405,103,2,Not Worth It,Stopped working after few days.,2026-03-11
2410,4490,18827,17,5,Could Be Better,Great experience with this product.,2025-11-25
2411,4491,16924,6,3,Poor Quality,Average quality.,2025-11-22
2412,4496,7932,445,2,Worth the Money,Bad packaging.,2026-03-10
2413,4497,18169,433,4,Worth the Money,Very satisfied with the purchase.,2025-03-21
2414,4499,12846,297,2,Amazing Purchase,Stopped working after few days.,2026-06-22
2415,4500,4613,415,5,Satisfied,Superb quality and easy to use.,2025-04-22
2416,4501,4509,286,4,Satisfied,Excellent quality and fast delivery.,2025-05-26
2417,4503,5400,315,2,Could Be Better,Very disappointed.,2025-08-04
2418,4504,5087,480,1,Worth the Money,Bad packaging.,2024-10-15
2419,4505,10025,69,4,Could Be Better,Superb quality and easy to use.,2025-02-10
2420,4507,5284,108,5,Highly Recommended,Excellent quality and fast delivery.,2026-02-20
2421,4510,17661,226,5,Satisfied,Loved the product. Highly recommended.,2026-04-12
2422,4515,7511,282,3,Highly Recommended,Works as intended.,2024-09-09
2423,4516,6098,444,5,Excellent Product,Great experience with this product.,2025-06-26
2424,4517,3957,412,3,Amazing Purchase,Product is okay.,2026-01-02
2425,4518,10806,38,4,Amazing Purchase,Very satisfied with the purchase.,2026-06-26
2426,4520,14746,169,5,Highly Recommended,Very satisfied with the purchase.,2025-03-03
2427,4521,16545,499,3,Satisfied,Expected a little better.,2026-04-04
2428,4522,16880,151,3,Satisfied,Works as intended.,2025-07-15
2429,4523,15731,290,4,Not Worth It,Loved the product. Highly recommended.,2024-08-10
2430,4526,18171,232,5,Satisfied,Loved the product. Highly recommended.,2026-07-04
2431,4527,14114,242,3,Very Good,Delivery was on time.,2024-12-11
2432,4528,18917,242,3,Could Be Better,Product is okay.,2025-10-19
2433,4529,14561,185,5,Very Good,Loved the product. Highly recommended.,2024-09-25
2434,4532,9764,373,3,Excellent Product,Works as intended.,2025-10-28
2435,4533,8512,435,4,Highly Recommended,Value for money. Will buy again.,2026-07-09
2436,4534,16856,343,5,Not Worth It,Excellent quality and fast delivery.,2026-07-15
2437,4535,16562,132,5,Worth the Money,Exactly as described.,2025-12-02
2438,4538,14063,353,5,Average Product,Loved the product. Highly recommended.,2025-11-01
2439,4539,10172,271,3,Amazing Purchase,Works as intended.,2025-06-13
2440,4540,10485,220,4,Satisfied,Superb quality and easy to use.,2025-11-11
2441,4541,11380,29,2,Worth the Money,Received a defective item.,2026-01-11
2442,4542,6773,180,4,Satisfied,Great experience with this product.,2025-06-28
2443,4544,10251,266,5,Very Good,Loved the product. Highly recommended.,2025-11-13
2444,4546,16785,99,2,Amazing Purchase,Will not recommend.,2025-05-16
2445,4548,16687,268,4,Worth the Money,Superb quality and easy to use.,2025-05-19
2446,4549,4279,59,5,Highly Recommended,Very satisfied with the purchase.,2024-09-24
2447,4551,5635,243,4,Average Product,Great experience with this product.,2026-05-07
2448,4553,16081,322,5,Worth the Money,Value for money. Will buy again.,2025-10-31
2449,4554,1169,324,5,Highly Recommended,Great experience with this product.,2025-05-10
2450,4556,7522,213,3,Amazing Purchase,Works as intended.,2024-11-06
2451,4557,18144,296,3,Average Product,Delivery was on time.,2025-12-06
2452,4559,118,61,5,Highly Recommended,Packaging was good and product is amazing.,2025-03-07
2453,4560,13558,444,5,Excellent Product,Superb quality and easy to use.,2026-05-29
2454,4563,14977,413,5,Not Worth It,Great experience with this product.,2024-12-30
2455,4565,4763,41,5,Very Good,Very satisfied with the purchase.,2025-04-16
2456,4566,2857,428,5,Could Be Better,Great experience with this product.,2025-08-22
2457,4567,17710,344,4,Excellent Product,Exactly as described.,2024-11-13
2458,4568,12320,172,5,Excellent Product,Loved the product. Highly recommended.,2026-07-19
2459,4570,325,56,4,Not Worth It,Superb quality and easy to use.,2024-12-06
2460,4571,17493,404,3,Very Good,Expected a little better.,2024-08-08
2461,4572,12816,382,1,Could Be Better,Bad packaging.,2025-07-19
2462,4576,390,182,3,Satisfied,Works as intended.,2025-08-04
2463,4577,6986,29,4,Excellent Product,Packaging was good and product is amazing.,2024-11-17
2464,4579,7294,457,4,Poor Quality,Superb quality and easy to use.,2025-11-23
2465,4580,5816,323,4,Highly Recommended,Exactly as described.,2025-10-27
2466,4582,18363,488,5,Average Product,Superb quality and easy to use.,2024-09-24
2467,4583,16167,284,5,Not Worth It,Exactly as described.,2026-01-03
2468,4584,18518,58,2,Average Product,Will not recommend.,2025-06-25
2469,4586,12454,386,2,Could Be Better,Poor quality product.,2025-04-19
2470,4587,11280,2,5,Satisfied,Exactly as described.,2025-07-31
2471,4588,11194,234,4,Very Good,Value for money. Will buy again.,2026-05-18
2472,4590,13516,443,2,Excellent Product,Received a defective item.,2025-04-03
2473,4591,7377,349,4,Highly Recommended,Excellent quality and fast delivery.,2026-07-02
2474,4592,2661,99,3,Worth the Money,Average quality.,2025-01-29
2475,4594,1538,209,5,Average Product,Exactly as described.,2025-07-15
2476,4595,6342,425,4,Satisfied,Packaging was good and product is amazing.,2026-01-02
2477,4596,14009,448,1,Very Good,Not worth the price.,2025-08-23
2478,4597,1295,195,4,Very Good,Value for money. Will buy again.,2026-04-03
2479,4598,7151,397,5,Poor Quality,Excellent quality and fast delivery.,2026-02-03
2480,4600,9115,439,4,Highly Recommended,Value for money. Will buy again.,2024-08-20
2481,4602,3596,490,2,Could Be Better,Will not recommend.,2025-11-04
2482,4604,1479,297,2,Poor Quality,Stopped working after few days.,2024-08-16
2483,4605,19988,102,2,Could Be Better,Poor quality product.,2024-08-04
2484,4607,8191,93,5,Could Be Better,Exactly as described.,2024-10-08
2485,4611,13828,439,3,Amazing Purchase,Expected a little better.,2026-06-25
2486,4613,14203,448,5,Poor Quality,Superb quality and easy to use.,2026-01-16
2487,4615,13096,304,5,Excellent Product,Exactly as described.,2024-09-13
2488,4619,16317,169,3,Poor Quality,Product is okay.,2025-03-31
2489,4620,5001,273,1,Satisfied,Will not recommend.,2025-06-20
2490,4622,13270,400,4,Poor Quality,Value for money. Will buy again.,2024-10-26
2491,4625,16851,329,5,Excellent Product,Excellent quality and fast delivery.,2025-09-10
2492,4626,16811,336,3,Very Good,Product is okay.,2026-07-23
2493,4630,10535,334,4,Highly Recommended,Excellent quality and fast delivery.,2025-07-21
2494,4631,12464,422,4,Not Worth It,Value for money. Will buy again.,2025-10-17
2495,4632,7259,499,4,Worth the Money,Superb quality and easy to use.,2026-03-29
2496,4634,817,19,2,Not Worth It,Will not recommend.,2025-09-23
2497,4635,12404,447,5,Amazing Purchase,Loved the product. Highly recommended.,2024-09-18
2498,4637,12545,39,5,Not Worth It,Value for money. Will buy again.,2025-04-08
2499,4641,9447,466,5,Amazing Purchase,Value for money. Will buy again.,2024-10-08
2500,4643,6665,226,4,Poor Quality,Excellent quality and fast delivery.,2026-05-21
2501,4645,18107,131,4,Very Good,Packaging was good and product is amazing.,2025-02-03
2502,4646,2652,205,1,Highly Recommended,Will not recommend.,2026-04-10
2503,4648,8389,443,4,Satisfied,Great experience with this product.,2025-01-26
2504,4649,14264,92,5,Excellent Product,Exactly as described.,2025-01-25
2505,4650,10848,171,5,Amazing Purchase,Packaging was good and product is amazing.,2025-08-25
2506,4651,3286,251,5,Not Worth It,Exactly as described.,2025-11-25
2507,4653,11714,174,5,Amazing Purchase,Very satisfied with the purchase.,2026-03-12
2508,4654,19614,14,2,Not Worth It,Will not recommend.,2026-05-24
2509,4655,1949,491,5,Very Good,Packaging was good and product is amazing.,2026-06-21
2510,4657,11622,443,5,Amazing Purchase,Value for money. Will buy again.,2025-09-10
2511,4659,8480,375,3,Not Worth It,Product is okay.,2025-12-30
2512,4660,15382,438,4,Average Product,Superb quality and easy to use.,2026-06-11
2513,4662,14709,19,4,Worth the Money,Very satisfied with the purchase.,2025-05-19
2514,4663,8027,214,2,Excellent Product,Will not recommend.,2024-11-10
2515,4665,2578,277,5,Could Be Better,Exactly as described.,2025-11-10
2516,4667,15506,56,5,Amazing Purchase,Very satisfied with the purchase.,2024-08-27
2517,4669,19807,326,4,Poor Quality,Superb quality and easy to use.,2026-04-05
2518,4670,6812,22,3,Highly Recommended,Product is okay.,2026-04-30
2519,4671,17479,226,4,Amazing Purchase,Excellent quality and fast delivery.,2025-10-15
2520,4673,1084,96,5,Worth the Money,Packaging was good and product is amazing.,2026-05-31
2521,4674,6458,56,2,Excellent Product,Stopped working after few days.,2026-03-12
2522,4675,12217,238,5,Worth the Money,Packaging was good and product is amazing.,2024-11-10
2523,4684,6517,206,2,Amazing Purchase,Will not recommend.,2026-04-07
2524,4685,10368,136,3,Very Good,Delivery was on time.,2026-07-09
2525,4686,10128,194,5,Not Worth It,Value for money. Will buy again.,2025-10-29
2526,4687,12672,109,5,Not Worth It,Excellent quality and fast delivery.,2024-12-17
2527,4689,5146,296,4,Could Be Better,Packaging was good and product is amazing.,2026-02-28
2528,4690,6150,201,2,Satisfied,Received a defective item.,2024-12-21
2529,4693,14480,362,5,Very Good,Packaging was good and product is amazing.,2024-11-16
2530,4695,19349,4,5,Worth the Money,Excellent quality and fast delivery.,2026-01-30
2531,4697,12509,170,5,Poor Quality,Very satisfied with the purchase.,2025-03-04
2532,4698,4280,500,3,Excellent Product,Delivery was on time.,2026-03-28
2533,4699,10061,397,4,Worth the Money,Very satisfied with the purchase.,2025-01-08
2534,4700,18544,376,4,Not Worth It,Superb quality and easy to use.,2024-08-22
2535,4702,15403,113,2,Average Product,Received a defective item.,2024-08-18
2536,4703,2020,113,2,Poor Quality,Received a defective item.,2025-05-20
2537,4709,334,396,3,Average Product,Expected a little better.,2025-12-30
2538,4710,9481,386,4,Satisfied,Value for money. Will buy again.,2026-04-23
2539,4712,18652,346,4,Satisfied,Loved the product. Highly recommended.,2024-10-08
2540,4714,19254,6,3,Highly Recommended,Product is okay.,2026-02-01
2541,4716,18473,438,1,Poor Quality,Stopped working after few days.,2024-10-23
2542,4717,18458,225,4,Very Good,Value for money. Will buy again.,2025-04-05
2543,4719,17305,349,4,Could Be Better,Loved the product. Highly recommended.,2025-04-28
2544,4720,14440,279,1,Average Product,Stopped working after few days.,2024-07-26
2545,4722,16980,256,3,Not Worth It,Average quality.,2024-08-02
2546,4723,5964,117,5,Could Be Better,Very satisfied with the purchase.,2026-01-10
2547,4724,1943,497,4,Excellent Product,Very satisfied with the purchase.,2026-05-24
2548,4725,3268,189,2,Very Good,Not worth the price.,2025-03-29
2549,4728,18266,210,5,Excellent Product,Great experience with this product.,2025-07-19
2550,4729,5296,459,3,Could Be Better,Works as intended.,2025-05-25
2551,4730,3892,6,5,Very Good,Exactly as described.,2026-02-21
2552,4732,14010,403,2,Highly Recommended,Will not recommend.,2024-08-10
2553,4735,2976,345,5,Very Good,Great experience with this product.,2024-09-23
2554,4736,17806,167,3,Excellent Product,Works as intended.,2025-12-27
2555,4739,8563,242,4,Satisfied,Loved the product. Highly recommended.,2024-11-29
2556,4740,10668,430,4,Excellent Product,Loved the product. Highly recommended.,2025-11-21
2557,4741,3051,162,5,Worth the Money,Excellent quality and fast delivery.,2025-11-27
2558,4746,7972,390,3,Average Product,Delivery was on time.,2026-01-23
2559,4747,6139,68,3,Satisfied,Expected a little better.,2026-06-30
2560,4748,4425,102,4,Excellent Product,Great experience with this product.,2025-08-31
2561,4755,8645,184,3,Average Product,Works as intended.,2026-02-15
2562,4756,13823,309,3,Highly Recommended,Delivery was on time.,2025-10-27
2563,4758,19146,153,4,Worth the Money,Superb quality and easy to use.,2024-09-07
2564,4761,8902,75,4,Not Worth It,Superb quality and easy to use.,2024-09-11
2565,4766,5413,286,4,Excellent Product,Great experience with this product.,2026-07-13
2566,4767,5979,187,5,Worth the Money,Great experience with this product.,2026-04-04
2567,4769,2471,465,3,Highly Recommended,Average quality.,2025-08-12
2568,4770,2138,346,4,Poor Quality,Packaging was good and product is amazing.,2025-03-03
2569,4771,11616,81,4,Satisfied,Loved the product. Highly recommended.,2026-04-26
2570,4772,5166,284,1,Poor Quality,Will not recommend.,2025-02-27
2571,4773,10550,463,5,Amazing Purchase,Value for money. Will buy again.,2024-08-31
2572,4774,19837,475,1,Highly Recommended,Very disappointed.,2025-05-25
2573,4775,16640,251,2,Amazing Purchase,Received a defective item.,2026-02-01
2574,4777,9125,409,4,Highly Recommended,Loved the product. Highly recommended.,2024-12-04
2575,4778,6405,247,5,Amazing Purchase,Excellent quality and fast delivery.,2025-06-21
2576,4780,17128,160,4,Very Good,Superb quality and easy to use.,2025-10-11
2577,4781,7168,261,5,Not Worth It,Loved the product. Highly recommended.,2025-03-01
2578,4785,18015,365,4,Not Worth It,Packaging was good and product is amazing.,2024-09-23
2579,4786,13310,230,5,Not Worth It,Great experience with this product.,2024-10-31
2580,4789,9613,138,3,Average Product,Delivery was on time.,2026-03-27
2581,4791,15580,236,5,Not Worth It,Excellent quality and fast delivery.,2026-01-16
2582,4794,3308,256,5,Amazing Purchase,Value for money. Will buy again.,2025-11-22
2583,4795,16513,126,5,Very Good,Superb quality and easy to use.,2025-09-23
2584,4799,5559,444,5,Highly Recommended,Value for money. Will buy again.,2024-09-04
2585,4800,11399,8,3,Could Be Better,Average quality.,2026-05-10
2586,4804,19340,104,1,Could Be Better,Not worth the price.,2026-04-16
2587,4805,7722,332,3,Excellent Product,Product is okay.,2026-06-21
2588,4806,6367,495,3,Satisfied,Product is okay.,2025-10-22
2589,4808,2735,455,1,Very Good,Received a defective item.,2026-05-12
2590,4809,12711,425,4,Average Product,Value for money. Will buy again.,2024-12-22
2591,4810,4049,418,5,Highly Recommended,Excellent quality and fast delivery.,2025-03-19
2592,4811,18318,276,3,Poor Quality,Expected a little better.,2025-01-02
2593,4813,15965,171,5,Excellent Product,Packaging was good and product is amazing.,2025-05-07
2594,4815,13146,470,4,Not Worth It,Great experience with this product.,2025-11-28
2595,4817,17123,289,3,Satisfied,Average quality.,2025-01-25
2596,4818,12305,445,1,Average Product,Stopped working after few days.,2026-06-04
2597,4821,9507,315,4,Poor Quality,Very satisfied with the purchase.,2026-03-22
2598,4822,19981,499,2,Satisfied,Poor quality product.,2024-08-10
2599,4823,14632,76,3,Not Worth It,Works as intended.,2024-11-17
2600,4824,13384,65,1,Very Good,Poor quality product.,2026-07-17
2601,4825,7703,474,4,Could Be Better,Exactly as described.,2024-09-28
2602,4832,16645,199,4,Excellent Product,Value for money. Will buy again.,2024-08-01
2603,4833,1979,361,5,Poor Quality,Value for money. Will buy again.,2026-02-14
2604,4834,13018,298,4,Excellent Product,Packaging was good and product is amazing.,2025-09-04
2605,4835,1820,290,4,Average Product,Packaging was good and product is amazing.,2024-11-04
2606,4836,16895,303,4,Poor Quality,Excellent quality and fast delivery.,2026-03-04
2607,4838,13555,205,2,Poor Quality,Not worth the price.,2026-06-19
2608,4841,1990,484,4,Very Good,Superb quality and easy to use.,2025-11-07
2609,4844,10751,385,5,Excellent Product,Excellent quality and fast delivery.,2024-08-12
2610,4845,17422,122,3,Satisfied,Average quality.,2025-01-22
2611,4847,6204,431,4,Poor Quality,Superb quality and easy to use.,2026-05-29
2612,4848,11713,426,5,Worth the Money,Loved the product. Highly recommended.,2024-08-07
2613,4849,19677,344,4,Could Be Better,Superb quality and easy to use.,2026-06-11
2614,4851,9408,355,3,Worth the Money,Delivery was on time.,2025-09-24
2615,4854,4069,195,5,Could Be Better,Packaging was good and product is amazing.,2026-02-26
2616,4856,2626,458,3,Satisfied,Average quality.,2026-01-29
2617,4859,19284,53,5,Average Product,Value for money. Will buy again.,2025-10-12
2618,4860,6633,145,4,Poor Quality,Value for money. Will buy again.,2026-02-24
2619,4861,11788,36,5,Excellent Product,Packaging was good and product is amazing.,2025-12-17
2620,4862,4831,448,4,Average Product,Very satisfied with the purchase.,2025-04-10
2621,4863,19570,216,5,Poor Quality,Exactly as described.,2025-11-15
2622,4867,18640,202,4,Could Be Better,Exactly as described.,2026-02-16
2623,4869,3553,454,5,Excellent Product,Packaging was good and product is amazing.,2024-08-10
2624,4871,8469,305,4,Could Be Better,Excellent quality and fast delivery.,2026-06-28
2625,4872,10394,421,3,Very Good,Average quality.,2026-02-28
2626,4873,9500,337,4,Could Be Better,Very satisfied with the purchase.,2025-09-05
2627,4876,7957,495,3,Excellent Product,Delivery was on time.,2025-10-09
2628,4877,17135,150,4,Could Be Better,Excellent quality and fast delivery.,2025-10-16
2629,4878,14483,256,5,Highly Recommended,Great experience with this product.,2025-10-22
2630,4880,14670,90,4,Excellent Product,Value for money. Will buy again.,2025-12-21
2631,4881,18925,115,4,Very Good,Loved the product. Highly recommended.,2026-04-17
2632,4883,11129,69,1,Worth the Money,Not worth the price.,2025-05-05
2633,4884,2005,389,5,Average Product,Very satisfied with the purchase.,2025-11-11
2634,4885,5122,264,5,Very Good,Great experience with this product.,2025-10-31
2635,4886,4811,379,4,Could Be Better,Superb quality and easy to use.,2026-07-06
2636,4887,4789,437,4,Poor Quality,Very satisfied with the purchase.,2025-02-15
2637,4889,390,263,5,Amazing Purchase,Great experience with this product.,2025-03-04
2638,4890,13724,302,5,Poor Quality,Superb quality and easy to use.,2025-02-08
2639,4892,3915,82,4,Could Be Better,Packaging was good and product is amazing.,2024-12-21
2640,4893,7929,328,4,Satisfied,Very satisfied with the purchase.,2025-05-07
2641,4894,10612,341,3,Very Good,Product is okay.,2025-01-03
2642,4895,10518,95,5,Average Product,Exactly as described.,2025-01-11
2643,4896,11686,122,5,Not Worth It,Loved the product. Highly recommended.,2024-10-09
2644,4897,2252,443,5,Highly Recommended,Exactly as described.,2025-09-19
2645,4898,11621,458,4,Poor Quality,Exactly as described.,2026-01-05
2646,4899,18695,291,1,Excellent Product,Poor quality product.,2024-09-10
2647,4901,13447,232,4,Excellent Product,Value for money. Will buy again.,2025-02-22
2648,4903,9381,90,2,Worth the Money,Poor quality product.,2025-09-20
2649,4905,5096,222,2,Worth the Money,Very disappointed.,2026-06-12
2650,4906,5847,304,5,Very Good,Exactly as described.,2024-12-18
2651,4907,8207,442,5,Highly Recommended,Great experience with this product.,2024-09-16
2652,4909,7611,480,5,Worth the Money,Very satisfied with the purchase.,2026-03-19
2653,4913,13192,198,5,Worth the Money,Value for money. Will buy again.,2025-11-18
2654,4915,9891,321,4,Worth the Money,Very satisfied with the purchase.,2025-07-21
2655,4916,7837,391,3,Very Good,Product is okay.,2025-03-29
2656,4917,11306,431,5,Average Product,Value for money. Will buy again.,2025-05-08
2657,4918,2142,219,4,Very Good,Loved the product. Highly recommended.,2024-09-24
2658,4919,10868,422,5,Highly Recommended,Packaging was good and product is amazing.,2025-09-21
2659,4920,223,10,1,Average Product,Received a defective item.,2024-10-25
2660,4922,6022,137,4,Poor Quality,Superb quality and easy to use.,2025-04-19
2661,4924,9320,349,2,Amazing Purchase,Poor quality product.,2025-03-18
2662,4927,3032,320,4,Poor Quality,Exactly as described.,2024-10-20
2663,4928,3032,396,2,Worth the Money,Stopped working after few days.,2026-02-05
2664,4929,16499,452,5,Poor Quality,Excellent quality and fast delivery.,2025-03-29
2665,4930,5022,311,3,Satisfied,Product is okay.,2025-05-07
2666,4932,19765,476,3,Could Be Better,Product is okay.,2024-12-10
2667,4933,3050,256,5,Excellent Product,Loved the product. Highly recommended.,2025-07-17
2668,4934,5772,274,2,Average Product,Stopped working after few days.,2026-03-09
2669,4936,2940,76,5,Very Good,Packaging was good and product is amazing.,2024-10-09
2670,4937,7906,244,5,Average Product,Value for money. Will buy again.,2025-05-14
2671,4938,17809,461,3,Satisfied,Average quality.,2025-10-28
2672,4939,3564,24,5,Not Worth It,Packaging was good and product is amazing.,2024-09-25
2673,4942,7877,77,5,Excellent Product,Very satisfied with the purchase.,2025-02-05
2674,4943,137,425,5,Satisfied,Value for money. Will buy again.,2026-05-29
2675,4944,18831,129,5,Highly Recommended,Loved the product. Highly recommended.,2024-12-27
2676,4946,1438,234,3,Not Worth It,Product is okay.,2026-07-05
2677,4947,9161,228,2,Worth the Money,Will not recommend.,2026-03-14
2678,4949,6541,127,5,Amazing Purchase,Loved the product. Highly recommended.,2026-01-29
2679,4951,2348,75,5,Poor Quality,Packaging was good and product is amazing.,2024-10-28
2680,4953,11073,57,2,Not Worth It,Bad packaging.,2025-05-03
2681,4954,16592,104,4,Satisfied,Very satisfied with the purchase.,2025-04-21
2682,4956,15476,321,2,Worth the Money,Stopped working after few days.,2024-09-26
2683,4959,12656,87,5,Worth the Money,Excellent quality and fast delivery.,2025-04-29
2684,4960,3643,429,3,Not Worth It,Delivery was on time.,2024-10-01
2685,4961,11845,33,4,Average Product,Loved the product. Highly recommended.,2026-01-04
2686,4962,4836,371,5,Highly Recommended,Very satisfied with the purchase.,2025-10-17
2687,4963,9249,404,5,Satisfied,Very satisfied with the purchase.,2024-12-20
2688,4964,12380,351,4,Could Be Better,Packaging was good and product is amazing.,2025-12-05
2689,4965,17616,244,5,Could Be Better,Exactly as described.,2025-11-01
2690,4966,9477,86,5,Highly Recommended,Exactly as described.,2025-04-01
2691,4967,18808,103,4,Highly Recommended,Very satisfied with the purchase.,2024-08-21
2692,4968,12608,491,5,Excellent Product,Value for money. Will buy again.,2026-03-24
2693,4969,16307,469,3,Amazing Purchase,Average quality.,2026-07-19
2694,4970,15773,54,4,Poor Quality,Superb quality and easy to use.,2024-07-31
2695,4971,118,444,3,Highly Recommended,Works as intended.,2025-02-24
2696,4972,126,292,5,Could Be Better,Exactly as described.,2025-11-12
2697,4975,17611,465,5,Excellent Product,Very satisfied with the purchase.,2026-06-24
2698,4976,5571,486,4,Average Product,Very satisfied with the purchase.,2026-06-04
2699,4977,15885,6,5,Not Worth It,Great experience with this product.,2025-11-29
2700,4978,13657,468,4,Average Product,Great experience with this product.,2025-03-07
2701,4980,14177,449,4,Amazing Purchase,Value for money. Will buy again.,2024-09-28
2702,4982,869,410,5,Average Product,Value for money. Will buy again.,2026-07-14
2703,4986,16496,21,5,Amazing Purchase,Great experience with this product.,2024-09-10
2704,4988,13484,102,4,Worth the Money,Value for money. Will buy again.,2025-10-25
2705,4989,6965,322,4,Poor Quality,Exactly as described.,2026-04-29
2706,4991,13232,79,4,Average Product,Value for money. Will buy again.,2025-07-29
2707,4992,4985,355,3,Satisfied,Delivery was on time.,2025-09-02
2708,4993,16621,175,5,Not Worth It,Very satisfied with the purchase.,2025-02-12
2709,4994,13197,347,4,Very Good,Great experience with this product.,2025-02-28
2710,4997,4481,299,5,Excellent Product,Very satisfied with the purchase.,2025-03-13
2711,4998,4813,236,5,Excellent Product,Great experience with this product.,2025-11-18
2712,5000,17384,203,3,Amazing Purchase,Works as intended.,2026-05-16
2713,5002,18314,403,4,Poor Quality,Exactly as described.,2025-05-15
2714,5003,8215,431,1,Average Product,Poor quality product.,2026-07-06
2715,5005,11230,128,5,Satisfied,Packaging was good and product is amazing.,2025-10-20
2716,5006,17607,225,4,Poor Quality,Superb quality and easy to use.,2024-12-03
2717,5007,2631,418,3,Very Good,Product is okay.,2024-08-23
2718,5008,19292,265,5,Very Good,Packaging was good and product is amazing.,2025-01-29
2719,5009,17543,418,2,Highly Recommended,Not worth the price.,2026-04-13
2720,5010,957,31,5,Excellent Product,Very satisfied with the purchase.,2024-09-08
2721,5011,12150,268,5,Worth the Money,Superb quality and easy to use.,2025-02-27
2722,5012,9117,477,1,Highly Recommended,Poor quality product.,2024-11-24
2723,5015,18563,344,3,Poor Quality,Works as intended.,2024-10-25
2724,5020,9891,193,2,Very Good,Bad packaging.,2025-04-11
2725,5022,17175,9,3,Very Good,Average quality.,2024-10-08
2726,5026,2403,275,5,Excellent Product,Exactly as described.,2025-03-28
2727,5028,8104,217,5,Very Good,Value for money. Will buy again.,2024-11-29
2728,5029,7117,390,4,Not Worth It,Loved the product. Highly recommended.,2026-04-09
2729,5032,6588,218,4,Amazing Purchase,Value for money. Will buy again.,2025-04-27
2730,5038,4578,148,5,Worth the Money,Value for money. Will buy again.,2024-12-29
2731,5039,19555,354,4,Amazing Purchase,Very satisfied with the purchase.,2025-06-19
2732,5040,9141,334,4,Highly Recommended,Superb quality and easy to use.,2025-05-10
2733,5043,5570,201,5,Very Good,Excellent quality and fast delivery.,2025-08-18
2734,5045,18287,116,4,Average Product,Loved the product. Highly recommended.,2025-03-03
2735,5046,17047,171,4,Average Product,Very satisfied with the purchase.,2026-01-21
2736,5047,13861,328,4,Poor Quality,Very satisfied with the purchase.,2026-06-15
2737,5048,11201,315,5,Not Worth It,Great experience with this product.,2025-08-14
2738,5050,15241,442,3,Worth the Money,Product is okay.,2025-04-08
2739,5055,8365,381,2,Satisfied,Bad packaging.,2025-06-13
2740,5056,13323,152,4,Could Be Better,Packaging was good and product is amazing.,2025-07-16
2741,5059,2870,187,4,Not Worth It,Superb quality and easy to use.,2025-05-13
2742,5061,12981,294,5,Not Worth It,Value for money. Will buy again.,2024-08-04
2743,5062,11743,15,3,Could Be Better,Expected a little better.,2026-07-11
2744,5063,2590,232,4,Satisfied,Loved the product. Highly recommended.,2024-11-27
2745,5065,11279,131,5,Satisfied,Exactly as described.,2024-10-26
2746,5066,14214,119,3,Not Worth It,Average quality.,2024-10-19
2747,5070,14109,192,3,Very Good,Works as intended.,2026-05-19
2748,5072,13307,247,3,Poor Quality,Product is okay.,2024-07-26
2749,5074,8270,418,5,Amazing Purchase,Very satisfied with the purchase.,2024-07-30
2750,5077,13159,350,5,Worth the Money,Great experience with this product.,2025-06-13
2751,5079,16030,96,4,Excellent Product,Great experience with this product.,2025-05-28
2752,5082,6175,489,4,Not Worth It,Very satisfied with the purchase.,2024-09-06
2753,5084,5700,318,4,Highly Recommended,Value for money. Will buy again.,2025-12-07
2754,5087,11591,63,2,Satisfied,Received a defective item.,2026-03-11
2755,5088,15160,9,4,Poor Quality,Exactly as described.,2025-05-05
2756,5089,3683,370,4,Not Worth It,Packaging was good and product is amazing.,2025-09-12
2757,5093,8771,144,3,Amazing Purchase,Product is okay.,2025-10-19
2758,5094,11850,52,4,Average Product,Very satisfied with the purchase.,2026-02-03
2759,5095,6089,223,3,Not Worth It,Product is okay.,2026-06-18
2760,5098,6152,469,2,Amazing Purchase,Received a defective item.,2025-07-04
2761,5099,16663,114,2,Average Product,Stopped working after few days.,2026-07-23
2762,5104,15082,233,3,Could Be Better,Delivery was on time.,2024-11-27
2763,5105,10144,497,3,Not Worth It,Delivery was on time.,2025-03-29
2764,5107,4903,412,5,Worth the Money,Excellent quality and fast delivery.,2026-03-18
2765,5109,1752,139,2,Not Worth It,Bad packaging.,2025-05-17
2766,5111,510,14,3,Not Worth It,Product is okay.,2026-05-11
2767,5114,213,130,4,Highly Recommended,Very satisfied with the purchase.,2025-09-05
2768,5115,8976,239,5,Very Good,Excellent quality and fast delivery.,2024-12-07
2769,5116,17530,265,3,Not Worth It,Average quality.,2025-01-11
2770,5118,8472,312,5,Very Good,Superb quality and easy to use.,2026-04-08
2771,5119,9224,54,3,Satisfied,Average quality.,2025-12-18
2772,5121,15235,231,3,Amazing Purchase,Expected a little better.,2026-01-24
2773,5122,9449,401,5,Satisfied,Loved the product. Highly recommended.,2024-08-17
2774,5124,12036,426,5,Not Worth It,Value for money. Will buy again.,2025-05-25
2775,5126,12667,57,5,Worth the Money,Packaging was good and product is amazing.,2026-02-09
2776,5130,4416,444,3,Satisfied,Product is okay.,2024-09-27
2777,5134,18507,45,5,Not Worth It,Very satisfied with the purchase.,2026-07-17
2778,5135,8198,28,4,Poor Quality,Value for money. Will buy again.,2024-09-22
2779,5136,19554,159,4,Highly Recommended,Superb quality and easy to use.,2026-04-02
2780,5137,2306,73,5,Could Be Better,Exactly as described.,2026-05-27
2781,5138,8301,279,5,Excellent Product,Very satisfied with the purchase.,2025-06-02
2782,5139,14269,270,2,Satisfied,Not worth the price.,2025-12-25
2783,5141,3521,39,3,Satisfied,Average quality.,2026-04-08
2784,5142,17390,500,5,Average Product,Very satisfied with the purchase.,2025-10-04
2785,5143,13699,307,4,Could Be Better,Exactly as described.,2025-12-19
2786,5145,8436,307,3,Satisfied,Delivery was on time.,2026-04-25
2787,5147,6410,271,5,Worth the Money,Value for money. Will buy again.,2025-03-01
2788,5149,17050,255,4,Satisfied,Packaging was good and product is amazing.,2025-04-16
2789,5150,19914,100,3,Highly Recommended,Product is okay.,2026-06-27
2790,5152,1020,403,4,Excellent Product,Very satisfied with the purchase.,2025-09-29
2791,5153,18715,181,4,Very Good,Loved the product. Highly recommended.,2024-09-19
2792,5156,1708,363,5,Worth the Money,Value for money. Will buy again.,2025-04-14
2793,5158,1998,57,5,Very Good,Superb quality and easy to use.,2024-12-19
2794,5159,9933,496,5,Average Product,Loved the product. Highly recommended.,2025-07-31
2795,5163,15773,181,3,Satisfied,Product is okay.,2024-12-25
2796,5164,19491,440,4,Worth the Money,Exactly as described.,2024-11-05
2797,5165,6192,278,4,Worth the Money,Value for money. Will buy again.,2025-05-22
2798,5166,6452,127,5,Worth the Money,Great experience with this product.,2026-05-22
2799,5169,18133,195,3,Very Good,Delivery was on time.,2024-08-31
2800,5172,13550,116,4,Worth the Money,Exactly as described.,2026-06-18
2801,5175,15342,188,5,Amazing Purchase,Very satisfied with the purchase.,2025-03-05
2802,5178,15881,471,1,Average Product,Stopped working after few days.,2025-01-03
2803,5179,666,371,3,Could Be Better,Expected a little better.,2026-07-23
2804,5181,18618,341,3,Not Worth It,Works as intended.,2025-11-06
2805,5183,3530,35,3,Very Good,Product is okay.,2026-03-15
2806,5185,144,255,5,Amazing Purchase,Excellent quality and fast delivery.,2025-06-05
2807,5187,18278,260,3,Worth the Money,Expected a little better.,2025-04-01
2808,5188,6410,181,3,Amazing Purchase,Expected a little better.,2024-10-11
2809,5189,10971,476,4,Very Good,Exactly as described.,2025-04-30
2810,5190,16186,487,4,Not Worth It,Very satisfied with the purchase.,2024-09-19
2811,5191,12241,107,4,Excellent Product,Great experience with this product.,2025-07-20
2812,5192,1234,458,5,Could Be Better,Packaging was good and product is amazing.,2025-09-18
2813,5196,18512,349,3,Worth the Money,Expected a little better.,2026-02-03
2814,5198,8804,9,3,Worth the Money,Product is okay.,2025-12-16
2815,5199,2786,144,4,Very Good,Exactly as described.,2025-02-02
2816,5200,10296,104,5,Satisfied,Value for money. Will buy again.,2025-03-21
2817,5202,187,327,3,Worth the Money,Product is okay.,2026-05-28
2818,5204,15790,20,5,Average Product,Loved the product. Highly recommended.,2026-06-24
2819,5209,14474,423,3,Very Good,Delivery was on time.,2025-11-07
2820,5212,6172,465,4,Not Worth It,Loved the product. Highly recommended.,2025-10-06
2821,5213,14988,145,3,Average Product,Expected a little better.,2026-04-21
2822,5214,18849,40,1,Poor Quality,Will not recommend.,2025-09-15
2823,5216,5094,47,2,Could Be Better,Stopped working after few days.,2026-06-11
2824,5217,6209,354,4,Poor Quality,Great experience with this product.,2026-02-06
2825,5218,9188,73,5,Highly Recommended,Exactly as described.,2024-09-07
2826,5220,8220,464,3,Highly Recommended,Product is okay.,2025-06-19
2827,5221,11684,147,4,Average Product,Packaging was good and product is amazing.,2025-04-11
2828,5224,6537,274,3,Could Be Better,Delivery was on time.,2025-09-03
2829,5229,9228,182,4,Excellent Product,Exactly as described.,2025-01-27
2830,5231,15724,133,5,Could Be Better,Excellent quality and fast delivery.,2026-06-10
2831,5234,8092,153,5,Highly Recommended,Excellent quality and fast delivery.,2025-05-21
2832,5236,6685,419,4,Excellent Product,Great experience with this product.,2024-10-07
2833,5237,8764,186,5,Highly Recommended,Packaging was good and product is amazing.,2025-04-13
2834,5238,10359,262,3,Could Be Better,Delivery was on time.,2026-01-26
2835,5240,16693,303,5,Poor Quality,Excellent quality and fast delivery.,2024-12-19
2836,5241,16012,214,4,Poor Quality,Packaging was good and product is amazing.,2026-06-23
2837,5242,11155,121,5,Excellent Product,Loved the product. Highly recommended.,2026-06-17
2838,5244,9899,31,2,Highly Recommended,Stopped working after few days.,2025-09-30
2839,5245,13164,438,3,Could Be Better,Works as intended.,2024-10-17
2840,5247,623,333,5,Amazing Purchase,Superb quality and easy to use.,2025-08-27
2841,5248,1083,98,4,Excellent Product,Exactly as described.,2024-11-10
2842,5251,6387,287,1,Amazing Purchase,Bad packaging.,2026-07-11
2843,5254,19564,40,2,Poor Quality,Received a defective item.,2026-02-09
2844,5256,13402,374,3,Could Be Better,Expected a little better.,2026-04-01
2845,5257,8495,248,3,Excellent Product,Average quality.,2025-10-15
2846,5258,385,384,2,Highly Recommended,Very disappointed.,2025-10-20
2847,5263,4172,306,3,Highly Recommended,Works as intended.,2026-05-18
2848,5264,3804,481,2,Poor Quality,Will not recommend.,2025-08-21
2849,5266,4066,36,5,Worth the Money,Great experience with this product.,2024-09-06
2850,5267,12627,330,3,Not Worth It,Product is okay.,2024-11-27
2851,5268,8941,91,2,Very Good,Not worth the price.,2024-12-14
2852,5271,5600,226,5,Excellent Product,Value for money. Will buy again.,2026-07-25
2853,5272,10673,135,3,Poor Quality,Delivery was on time.,2026-02-04
2854,5273,98,220,5,Worth the Money,Value for money. Will buy again.,2024-08-27
2855,5277,4190,225,3,Average Product,Product is okay.,2025-08-10
2856,5279,2656,400,3,Satisfied,Delivery was on time.,2025-03-07
2857,5282,6307,121,3,Highly Recommended,Product is okay.,2025-09-01
2858,5291,4084,155,5,Satisfied,Exactly as described.,2025-03-11
2859,5292,3144,30,4,Poor Quality,Loved the product. Highly recommended.,2025-08-09
2860,5297,4981,142,4,Average Product,Packaging was good and product is amazing.,2025-02-04
2861,5298,11370,467,4,Very Good,Great experience with this product.,2025-09-23
2862,5300,16011,103,5,Not Worth It,Loved the product. Highly recommended.,2025-05-20
2863,5301,17908,181,2,Amazing Purchase,Bad packaging.,2026-03-06
2864,5302,9052,205,5,Excellent Product,Value for money. Will buy again.,2024-11-12
2865,5303,7151,298,3,Very Good,Product is okay.,2025-03-13
2866,5304,7790,5,4,Worth the Money,Very satisfied with the purchase.,2024-12-20
2867,5306,13320,5,1,Amazing Purchase,Very disappointed.,2025-08-08
2868,5307,3228,419,4,Worth the Money,Superb quality and easy to use.,2024-10-19
2869,5309,17405,12,5,Highly Recommended,Exactly as described.,2025-08-08
2870,5311,13313,447,5,Could Be Better,Packaging was good and product is amazing.,2025-07-16
2871,5312,11328,206,4,Highly Recommended,Superb quality and easy to use.,2025-12-30
2872,5314,2573,404,4,Not Worth It,Superb quality and easy to use.,2025-05-22
2873,5315,8361,467,5,Amazing Purchase,Great experience with this product.,2024-12-04
2874,5317,5872,340,4,Highly Recommended,Packaging was good and product is amazing.,2025-07-03
2875,5318,13857,323,4,Highly Recommended,Packaging was good and product is amazing.,2025-12-13
2876,5320,11836,154,5,Average Product,Superb quality and easy to use.,2025-11-21
2877,5321,14185,493,3,Not Worth It,Average quality.,2026-07-29
2878,5322,17572,75,2,Amazing Purchase,Will not recommend.,2025-06-16
2879,5323,13913,365,2,Satisfied,Will not recommend.,2026-04-28
2880,5324,13889,167,2,Excellent Product,Will not recommend.,2025-05-13
2881,5325,5277,335,3,Excellent Product,Works as intended.,2025-06-09
2882,5326,415,421,5,Very Good,Excellent quality and fast delivery.,2026-06-09
2883,5329,4294,361,2,Excellent Product,Bad packaging.,2026-03-22
2884,5330,8780,47,1,Average Product,Received a defective item.,2025-05-20
2885,5333,18832,199,5,Poor Quality,Very satisfied with the purchase.,2024-09-22
2886,5337,17443,258,4,Worth the Money,Packaging was good and product is amazing.,2026-05-15
2887,5340,1990,283,3,Worth the Money,Works as intended.,2025-07-16
2888,5341,16285,380,4,Satisfied,Loved the product. Highly recommended.,2026-02-14
2889,5344,9736,274,5,Worth the Money,Great experience with this product.,2025-04-14
2890,5345,10938,463,3,Not Worth It,Works as intended.,2026-03-03
2891,5346,17288,65,4,Excellent Product,Value for money. Will buy again.,2025-05-01
2892,5347,16940,108,2,Satisfied,Very disappointed.,2025-07-01
2893,5351,16710,14,4,Could Be Better,Very satisfied with the purchase.,2025-06-05
2894,5352,10955,24,2,Not Worth It,Poor quality product.,2024-10-03
2895,5355,17415,47,2,Amazing Purchase,Bad packaging.,2025-04-04
2896,5358,12958,91,3,Average Product,Delivery was on time.,2025-05-04
2897,5359,6236,236,4,Could Be Better,Value for money. Will buy again.,2025-07-17
2898,5360,9087,52,4,Not Worth It,Very satisfied with the purchase.,2025-04-28
2899,5364,12436,43,3,Worth the Money,Product is okay.,2026-04-22
2900,5365,12062,417,3,Worth the Money,Works as intended.,2026-05-13
2901,5368,17433,168,4,Excellent Product,Very satisfied with the purchase.,2025-04-20
2902,5373,3706,469,4,Not Worth It,Very satisfied with the purchase.,2025-10-12
2903,5374,7260,390,4,Not Worth It,Great experience with this product.,2026-06-01
2904,5376,7666,340,4,Not Worth It,Packaging was good and product is amazing.,2025-05-21
2905,5378,395,349,2,Amazing Purchase,Very disappointed.,2025-11-16
2906,5379,6962,486,3,Average Product,Average quality.,2026-06-02
2907,5383,5328,116,4,Satisfied,Packaging was good and product is amazing.,2025-06-26
2908,5384,13004,187,4,Satisfied,Very satisfied with the purchase.,2025-01-18
2909,5385,11552,323,4,Not Worth It,Loved the product. Highly recommended.,2024-09-12
2910,5386,12250,418,5,Average Product,Very satisfied with the purchase.,2026-04-18
2911,5387,12340,295,5,Not Worth It,Very satisfied with the purchase.,2024-07-24
2912,5388,1350,308,2,Average Product,Very disappointed.,2026-07-24
2913,5392,12487,345,5,Very Good,Great experience with this product.,2026-01-23
2914,5393,9762,436,5,Could Be Better,Great experience with this product.,2024-11-30
2915,5394,17967,499,1,Average Product,Very disappointed.,2025-05-08
2916,5397,8209,185,4,Amazing Purchase,Great experience with this product.,2025-08-29
2917,5398,10776,238,5,Could Be Better,Superb quality and easy to use.,2026-07-09
2918,5399,7900,139,2,Could Be Better,Very disappointed.,2025-08-13
2919,5400,11440,496,5,Not Worth It,Superb quality and easy to use.,2026-05-19
2920,5401,12367,263,4,Could Be Better,Exactly as described.,2024-08-04
2921,5403,7201,257,5,Highly Recommended,Exactly as described.,2026-06-07
2922,5405,13769,467,5,Amazing Purchase,Exactly as described.,2025-10-31
2923,5406,19740,489,2,Poor Quality,Poor quality product.,2025-10-26
2924,5408,10491,390,4,Highly Recommended,Packaging was good and product is amazing.,2025-10-05
2925,5410,512,355,4,Could Be Better,Excellent quality and fast delivery.,2025-03-20
2926,5411,19471,67,4,Satisfied,Packaging was good and product is amazing.,2026-05-11
2927,5414,13337,91,4,Poor Quality,Exactly as described.,2025-04-20
2928,5415,41,67,4,Worth the Money,Loved the product. Highly recommended.,2025-04-05
2929,5416,3209,402,2,Poor Quality,Will not recommend.,2025-12-27
2930,5418,19826,195,3,Worth the Money,Average quality.,2026-05-31
2931,5422,15106,300,1,Very Good,Poor quality product.,2024-10-03
2932,5426,12367,73,5,Highly Recommended,Excellent quality and fast delivery.,2025-04-25
2933,5427,15949,402,5,Satisfied,Exactly as described.,2024-12-21
2934,5430,10221,227,3,Very Good,Delivery was on time.,2025-05-09
2935,5431,653,478,3,Highly Recommended,Average quality.,2026-01-22
2936,5432,3149,82,3,Excellent Product,Delivery was on time.,2026-06-08
2937,5434,12272,230,1,Satisfied,Very disappointed.,2024-11-26
2938,5436,17024,165,3,Not Worth It,Works as intended.,2025-11-04
2939,5438,12044,276,3,Poor Quality,Delivery was on time.,2024-08-21
2940,5440,13631,271,4,Worth the Money,Great experience with this product.,2024-12-14
2941,5441,4517,110,4,Poor Quality,Exactly as described.,2025-12-14
2942,5442,15731,84,5,Worth the Money,Loved the product. Highly recommended.,2026-01-02
2943,5445,5577,69,3,Average Product,Delivery was on time.,2026-04-04
2944,5448,396,7,4,Not Worth It,Packaging was good and product is amazing.,2025-07-29
2945,5450,8904,378,3,Very Good,Expected a little better.,2024-09-22
2946,5454,10289,67,5,Very Good,Superb quality and easy to use.,2025-01-31
2947,5455,9024,146,4,Worth the Money,Value for money. Will buy again.,2026-04-05
2948,5456,14342,18,5,Highly Recommended,Great experience with this product.,2026-05-19
2949,5457,7729,270,5,Average Product,Great experience with this product.,2025-07-19
2950,5460,11886,370,4,Poor Quality,Value for money. Will buy again.,2025-04-20
2951,5461,16097,413,2,Average Product,Will not recommend.,2025-03-16
2952,5465,8819,42,5,Satisfied,Packaging was good and product is amazing.,2025-08-18
2953,5469,13175,231,5,Not Worth It,Very satisfied with the purchase.,2024-09-25
2954,5470,8907,133,4,Worth the Money,Exactly as described.,2025-06-04
2955,5471,4581,220,2,Excellent Product,Very disappointed.,2025-11-09
2956,5473,17994,453,4,Satisfied,Excellent quality and fast delivery.,2025-02-28
2957,5474,12013,350,3,Not Worth It,Expected a little better.,2025-11-16
2958,5479,16084,204,4,Highly Recommended,Great experience with this product.,2024-10-24
2959,5480,19299,150,4,Average Product,Packaging was good and product is amazing.,2025-06-07
2960,5481,6310,266,4,Average Product,Superb quality and easy to use.,2024-12-31
2961,5482,17871,40,2,Poor Quality,Not worth the price.,2025-11-17
2962,5483,17242,398,5,Worth the Money,Loved the product. Highly recommended.,2026-03-18
2963,5484,6732,207,5,Highly Recommended,Exactly as described.,2025-02-24
2964,5487,18334,85,5,Worth the Money,Very satisfied with the purchase.,2024-11-08
2965,5488,9678,6,4,Could Be Better,Excellent quality and fast delivery.,2026-03-06
2966,5489,4316,475,5,Excellent Product,Value for money. Will buy again.,2026-02-05
2967,5491,19838,483,5,Not Worth It,Loved the product. Highly recommended.,2024-08-10
2968,5493,12393,249,4,Satisfied,Loved the product. Highly recommended.,2025-05-13
2969,5494,10001,436,2,Satisfied,Very disappointed.,2025-11-19
2970,5495,6203,69,3,Satisfied,Works as intended.,2024-10-21
2971,5496,14081,345,5,Excellent Product,Great experience with this product.,2026-04-01
2972,5498,14306,416,3,Amazing Purchase,Expected a little better.,2025-09-22
2973,5499,15506,27,5,Excellent Product,Very satisfied with the purchase.,2024-11-28
2974,5500,12250,495,5,Not Worth It,Loved the product. Highly recommended.,2026-05-29
2975,5501,11817,339,3,Worth the Money,Average quality.,2026-03-24
2976,5504,14557,446,5,Could Be Better,Superb quality and easy to use.,2025-06-06
2977,5506,6927,333,3,Excellent Product,Expected a little better.,2025-09-01
2978,5508,11348,191,3,Average Product,Average quality.,2025-06-22
2979,5509,18007,391,2,Not Worth It,Will not recommend.,2025-02-28
2980,5510,17704,89,5,Average Product,Exactly as described.,2026-01-31
2981,5511,17760,241,4,Amazing Purchase,Excellent quality and fast delivery.,2025-08-07
2982,5512,1728,24,5,Satisfied,Value for money. Will buy again.,2025-03-10
2983,5514,12009,319,4,Satisfied,Packaging was good and product is amazing.,2026-02-22
2984,5518,15975,88,4,Satisfied,Loved the product. Highly recommended.,2026-04-01
2985,5519,2968,228,3,Worth the Money,Delivery was on time.,2025-10-15
2986,5522,14640,29,1,Worth the Money,Will not recommend.,2025-08-08
2987,5524,15099,239,2,Amazing Purchase,Poor quality product.,2026-04-27
2988,5525,5360,169,3,Very Good,Delivery was on time.,2026-04-23
2989,5526,5569,171,4,Amazing Purchase,Great experience with this product.,2025-06-12
2990,5527,10293,239,3,Very Good,Works as intended.,2025-11-08
2991,5528,7007,174,5,Very Good,Superb quality and easy to use.,2026-07-06
2992,5529,197,256,5,Not Worth It,Exactly as described.,2025-06-22
2993,5532,16609,289,2,Poor Quality,Will not recommend.,2026-06-16
2994,5533,12263,459,3,Amazing Purchase,Works as intended.,2026-01-30
2995,5534,17855,385,4,Average Product,Loved the product. Highly recommended.,2024-09-24
2996,5537,12772,430,5,Very Good,Loved the product. Highly recommended.,2025-01-08
2997,5538,8275,29,4,Amazing Purchase,Excellent quality and fast delivery.,2024-10-25
2998,5539,15828,231,5,Worth the Money,Loved the product. Highly recommended.,2026-06-08
2999,5540,800,136,4,Satisfied,Value for money. Will buy again.,2026-04-26
3000,5541,9915,456,4,Not Worth It,Very satisfied with the purchase.,2026-07-14
3001,5542,6191,73,5,Average Product,Value for money. Will buy again.,2026-02-16
3002,5543,4605,263,5,Worth the Money,Loved the product. Highly recommended.,2025-03-04
3003,5546,19190,148,5,Average Product,Very satisfied with the purchase.,2025-04-03
3004,5549,4792,285,4,Excellent Product,Superb quality and easy to use.,2024-11-07
3005,5550,19586,258,5,Average Product,Superb quality and easy to use.,2025-12-25
3006,5552,11690,55,5,Average Product,Very satisfied with the purchase.,2025-05-09
3007,5554,17608,420,5,Average Product,Exactly as described.,2024-09-26
3008,5556,10519,416,4,Excellent Product,Great experience with this product.,2025-10-01
3009,5559,8844,31,5,Satisfied,Superb quality and easy to use.,2026-06-05
3010,5560,5295,267,4,Highly Recommended,Very satisfied with the purchase.,2025-10-02
3011,5562,6986,133,5,Amazing Purchase,Very satisfied with the purchase.,2025-10-29
3012,5564,3449,212,4,Amazing Purchase,Loved the product. Highly recommended.,2024-07-28
3013,5565,6539,405,4,Amazing Purchase,Loved the product. Highly recommended.,2024-09-09
3014,5566,16249,210,4,Average Product,Superb quality and easy to use.,2025-04-10
3015,5567,2587,268,4,Very Good,Packaging was good and product is amazing.,2026-07-21
3016,5568,13582,298,3,Excellent Product,Works as intended.,2025-03-19
3017,5570,16572,129,5,Poor Quality,Exactly as described.,2025-07-31
3018,5571,759,162,5,Amazing Purchase,Great experience with this product.,2026-04-12
3019,5574,1476,211,5,Poor Quality,Value for money. Will buy again.,2025-02-08
3020,5580,6811,210,3,Satisfied,Product is okay.,2026-05-14
3021,5581,8342,173,5,Poor Quality,Great experience with this product.,2025-05-16
3022,5583,402,388,5,Excellent Product,Exactly as described.,2025-05-21
3023,5584,17988,152,2,Average Product,Not worth the price.,2025-06-19
3024,5586,13515,345,4,Could Be Better,Loved the product. Highly recommended.,2026-06-23
3025,5587,8944,208,4,Worth the Money,Value for money. Will buy again.,2026-04-17
3026,5590,2353,334,5,Amazing Purchase,Great experience with this product.,2025-10-11
3027,5593,1531,398,5,Excellent Product,Great experience with this product.,2025-10-22
3028,5595,14150,373,5,Worth the Money,Loved the product. Highly recommended.,2025-12-08
3029,5596,12683,210,3,Average Product,Works as intended.,2025-06-08
3030,5597,4110,266,1,Very Good,Very disappointed.,2026-06-29
3031,5601,1810,286,5,Could Be Better,Very satisfied with the purchase.,2025-07-28
3032,5605,17364,93,4,Satisfied,Value for money. Will buy again.,2026-01-26
3033,5606,6527,221,4,Poor Quality,Superb quality and easy to use.,2024-08-10
3034,5607,18173,171,3,Amazing Purchase,Delivery was on time.,2024-09-09
3035,5608,13985,364,4,Very Good,Value for money. Will buy again.,2026-04-12
3036,5609,12762,240,4,Not Worth It,Exactly as described.,2025-07-23
3037,5613,1215,137,4,Could Be Better,Loved the product. Highly recommended.,2025-08-08
3038,5615,14444,437,4,Excellent Product,Exactly as described.,2024-11-17
3039,5616,17299,342,5,Highly Recommended,Exactly as described.,2025-03-28
3040,5617,18444,340,1,Highly Recommended,Not worth the price.,2024-12-16
3041,5619,10101,183,4,Very Good,Great experience with this product.,2025-09-11
3042,5620,6579,166,2,Could Be Better,Bad packaging.,2025-11-14
3043,5622,4078,327,4,Very Good,Great experience with this product.,2026-03-06
3044,5626,19159,443,4,Not Worth It,Exactly as described.,2026-06-25
3045,5627,11321,209,1,Could Be Better,Received a defective item.,2026-07-06
3046,5628,4471,332,4,Average Product,Great experience with this product.,2024-12-28
3047,5629,2073,93,5,Amazing Purchase,Value for money. Will buy again.,2025-07-22
3048,5631,12357,407,5,Amazing Purchase,Value for money. Will buy again.,2025-07-06
3049,5632,10012,171,4,Satisfied,Great experience with this product.,2024-11-22
3050,5633,17971,293,4,Not Worth It,Exactly as described.,2025-05-26
3051,5634,669,101,5,Satisfied,Packaging was good and product is amazing.,2025-06-12
3052,5635,14580,446,5,Very Good,Great experience with this product.,2025-12-05
3053,5638,5977,201,3,Excellent Product,Expected a little better.,2025-05-24
3054,5639,15927,194,4,Could Be Better,Excellent quality and fast delivery.,2026-02-07
3055,5640,7451,387,2,Satisfied,Poor quality product.,2024-10-18
3056,5642,15892,273,4,Worth the Money,Exactly as described.,2025-02-20
3057,5646,3326,223,5,Excellent Product,Exactly as described.,2025-12-01
3058,5647,19551,129,4,Amazing Purchase,Excellent quality and fast delivery.,2026-07-04
3059,5648,15351,249,5,Excellent Product,Excellent quality and fast delivery.,2024-12-30
3060,5650,10867,478,4,Average Product,Packaging was good and product is amazing.,2025-08-02
3061,5651,18561,400,3,Highly Recommended,Average quality.,2026-04-02
3062,5652,17443,39,4,Average Product,Packaging was good and product is amazing.,2025-11-11
3063,5654,7305,439,4,Could Be Better,Excellent quality and fast delivery.,2026-01-14
3064,5658,14680,376,5,Excellent Product,Superb quality and easy to use.,2025-12-06
3065,5660,18892,189,4,Amazing Purchase,Great experience with this product.,2025-07-13
3066,5661,13421,55,4,Not Worth It,Value for money. Will buy again.,2025-03-09
3067,5662,5385,230,3,Amazing Purchase,Works as intended.,2024-08-15
3068,5663,1144,419,4,Poor Quality,Excellent quality and fast delivery.,2024-12-24
3069,5664,7005,490,5,Very Good,Packaging was good and product is amazing.,2025-09-10
3070,5667,15927,311,5,Excellent Product,Great experience with this product.,2025-12-24
3071,5669,17218,292,4,Poor Quality,Excellent quality and fast delivery.,2025-10-30
3072,5670,2895,441,2,Average Product,Will not recommend.,2024-09-14
3073,5671,3737,54,2,Satisfied,Received a defective item.,2025-02-03
3074,5672,13067,123,5,Average Product,Loved the product. Highly recommended.,2025-09-16
3075,5673,16936,320,3,Could Be Better,Delivery was on time.,2025-08-28
3076,5674,2207,328,4,Could Be Better,Very satisfied with the purchase.,2025-07-24
3077,5675,13385,36,3,Satisfied,Works as intended.,2025-05-19
3078,5677,7853,11,3,Highly Recommended,Works as intended.,2025-05-27
3079,5678,3980,162,4,Could Be Better,Very satisfied with the purchase.,2025-05-29
3080,5681,8069,305,4,Very Good,Superb quality and easy to use.,2025-05-29
3081,5684,3641,221,5,Highly Recommended,Excellent quality and fast delivery.,2024-11-29
3082,5688,19965,317,5,Amazing Purchase,Superb quality and easy to use.,2025-08-05
3083,5689,4142,423,3,Not Worth It,Product is okay.,2026-07-04
3084,5690,8463,47,5,Amazing Purchase,Very satisfied with the purchase.,2024-09-05
3085,5693,15539,450,3,Very Good,Works as intended.,2024-07-31
3086,5694,13239,425,4,Poor Quality,Excellent quality and fast delivery.,2024-09-17
3087,5695,14933,206,5,Highly Recommended,Value for money. Will buy again.,2025-05-14
3088,5696,15589,341,5,Average Product,Excellent quality and fast delivery.,2026-05-18
3089,5698,5445,318,3,Satisfied,Works as intended.,2024-09-04
3090,5701,19720,490,2,Not Worth It,Not worth the price.,2025-10-05
3091,5702,4640,26,4,Highly Recommended,Great experience with this product.,2026-01-02
3092,5703,14189,228,1,Satisfied,Bad packaging.,2024-11-16
3093,5704,13983,439,4,Not Worth It,Great experience with this product.,2026-04-12
3094,5705,16066,345,4,Excellent Product,Very satisfied with the purchase.,2025-02-13
3095,5707,355,391,3,Satisfied,Expected a little better.,2024-11-19
3096,5714,3976,209,5,Not Worth It,Excellent quality and fast delivery.,2025-10-28
3097,5715,11692,97,5,Amazing Purchase,Loved the product. Highly recommended.,2026-05-21
3098,5717,15563,456,4,Very Good,Superb quality and easy to use.,2026-06-04
3099,5719,11248,310,2,Highly Recommended,Received a defective item.,2024-12-16
3100,5721,365,376,5,Very Good,Exactly as described.,2026-04-13
3101,5723,10661,68,4,Worth the Money,Exactly as described.,2025-11-05
3102,5724,17064,321,5,Poor Quality,Great experience with this product.,2024-10-07
3103,5725,18050,478,4,Could Be Better,Superb quality and easy to use.,2025-12-08
3104,5726,11783,386,5,Satisfied,Great experience with this product.,2026-05-31
3105,5727,979,153,2,Satisfied,Stopped working after few days.,2025-03-22
3106,5732,8765,129,3,Highly Recommended,Average quality.,2024-07-28
3107,5734,18443,136,4,Satisfied,Value for money. Will buy again.,2026-04-17
3108,5735,4690,49,5,Poor Quality,Exactly as described.,2025-07-10
3109,5736,14550,459,4,Amazing Purchase,Loved the product. Highly recommended.,2024-10-16
3110,5737,8407,472,5,Highly Recommended,Value for money. Will buy again.,2025-11-14
3111,5738,8517,213,2,Amazing Purchase,Not worth the price.,2025-03-09
3112,5739,3016,129,5,Highly Recommended,Great experience with this product.,2026-03-16
3113,5741,5378,451,5,Average Product,Value for money. Will buy again.,2024-10-31
3114,5742,17797,36,4,Poor Quality,Excellent quality and fast delivery.,2024-08-12
3115,5743,5734,471,3,Average Product,Delivery was on time.,2026-03-12
3116,5744,4957,210,3,Excellent Product,Product is okay.,2025-01-26
3117,5746,18298,59,5,Poor Quality,Superb quality and easy to use.,2026-04-04
3118,5747,1354,31,5,Not Worth It,Very satisfied with the purchase.,2024-09-01
3119,5750,4355,218,5,Poor Quality,Superb quality and easy to use.,2025-01-21
3120,5752,18671,135,4,Highly Recommended,Value for money. Will buy again.,2025-07-05
3121,5753,13460,36,5,Excellent Product,Packaging was good and product is amazing.,2025-07-09
3122,5754,13409,348,5,Highly Recommended,Loved the product. Highly recommended.,2024-10-01
3123,5755,15504,303,3,Highly Recommended,Delivery was on time.,2024-10-09
3124,5758,18991,164,4,Poor Quality,Superb quality and easy to use.,2025-11-27
3125,5759,9587,380,4,Excellent Product,Great experience with this product.,2025-12-19
3126,5760,15330,412,4,Amazing Purchase,Loved the product. Highly recommended.,2025-10-13
3127,5761,12854,306,3,Highly Recommended,Average quality.,2025-12-31
3128,5763,18851,105,3,Satisfied,Average quality.,2026-05-08
3129,5765,4289,43,5,Average Product,Loved the product. Highly recommended.,2025-11-28
3130,5768,12917,402,5,Could Be Better,Excellent quality and fast delivery.,2025-09-12
3131,5771,2493,203,3,Excellent Product,Works as intended.,2026-04-06
3132,5772,3459,93,5,Highly Recommended,Value for money. Will buy again.,2025-04-25
3133,5778,5293,72,3,Very Good,Works as intended.,2026-05-28
3134,5780,1497,40,3,Amazing Purchase,Product is okay.,2025-11-11
3135,5784,6310,121,4,Very Good,Very satisfied with the purchase.,2026-06-04
3136,5785,11502,366,4,Worth the Money,Very satisfied with the purchase.,2024-09-03
3137,5787,5639,355,4,Satisfied,Superb quality and easy to use.,2026-07-09
3138,5789,14787,371,3,Poor Quality,Delivery was on time.,2026-05-11
3139,5790,15317,133,5,Not Worth It,Loved the product. Highly recommended.,2024-08-26
3140,5791,15643,489,4,Excellent Product,Very satisfied with the purchase.,2025-02-22
3141,5792,17033,20,5,Worth the Money,Excellent quality and fast delivery.,2026-01-31
3142,5794,12881,359,4,Satisfied,Value for money. Will buy again.,2026-02-01
3143,5795,10255,100,5,Worth the Money,Great experience with this product.,2026-06-29
3144,5796,1228,382,5,Could Be Better,Superb quality and easy to use.,2026-03-19
3145,5797,429,379,3,Very Good,Product is okay.,2026-02-13
3146,5798,9427,146,5,Highly Recommended,Packaging was good and product is amazing.,2025-06-01
3147,5801,11708,323,4,Average Product,Value for money. Will buy again.,2025-02-13
3148,5802,11330,101,5,Excellent Product,Packaging was good and product is amazing.,2026-02-11
3149,5805,13253,16,4,Could Be Better,Loved the product. Highly recommended.,2025-03-14
3150,5807,4349,380,5,Could Be Better,Superb quality and easy to use.,2025-06-19
3151,5808,19740,382,3,Worth the Money,Product is okay.,2026-05-06
3152,5809,458,383,2,Average Product,Not worth the price.,2026-03-09
3153,5810,7024,203,5,Could Be Better,Packaging was good and product is amazing.,2026-03-11
3154,5813,12827,55,5,Average Product,Value for money. Will buy again.,2025-05-22
3155,5814,5664,343,5,Amazing Purchase,Great experience with this product.,2025-04-27
3156,5816,5850,97,2,Excellent Product,Will not recommend.,2025-06-17
3157,5817,4561,44,4,Average Product,Excellent quality and fast delivery.,2025-05-14
3158,5819,10432,258,5,Amazing Purchase,Very satisfied with the purchase.,2026-07-03
3159,5820,16162,415,5,Worth the Money,Superb quality and easy to use.,2025-02-16
3160,5823,16242,430,4,Highly Recommended,Packaging was good and product is amazing.,2026-04-26
3161,5825,19413,37,3,Very Good,Delivery was on time.,2026-05-03
3162,5826,10551,417,5,Satisfied,Value for money. Will buy again.,2026-03-19
3163,5827,10443,305,4,Satisfied,Exactly as described.,2024-09-13
3164,5828,18696,489,3,Average Product,Product is okay.,2025-08-13
3165,5829,5566,171,5,Could Be Better,Loved the product. Highly recommended.,2026-03-29
3166,5830,9017,30,5,Excellent Product,Superb quality and easy to use.,2024-11-28
3167,5831,13968,36,5,Not Worth It,Packaging was good and product is amazing.,2024-11-29
3168,5833,19330,475,5,Average Product,Exactly as described.,2025-10-30
3169,5837,9311,381,2,Very Good,Will not recommend.,2024-10-11
3170,5841,5227,171,5,Very Good,Exactly as described.,2026-06-21
3171,5842,19050,490,4,Excellent Product,Value for money. Will buy again.,2024-08-30
3172,5843,13143,452,2,Could Be Better,Poor quality product.,2026-03-27
3173,5844,14865,93,5,Very Good,Packaging was good and product is amazing.,2025-11-12
3174,5845,18575,103,5,Amazing Purchase,Value for money. Will buy again.,2026-02-13
3175,5852,15638,107,5,Satisfied,Loved the product. Highly recommended.,2025-08-04
3176,5853,9944,10,5,Worth the Money,Packaging was good and product is amazing.,2024-08-22
3177,5854,2424,106,5,Highly Recommended,Great experience with this product.,2026-01-04
3178,5859,14312,321,1,Poor Quality,Will not recommend.,2026-02-19
3179,5860,13571,270,3,Worth the Money,Average quality.,2025-05-27
3180,5861,6353,73,3,Highly Recommended,Works as intended.,2025-11-07
3181,5862,4608,171,5,Satisfied,Superb quality and easy to use.,2026-03-26
3182,5864,15376,459,5,Average Product,Very satisfied with the purchase.,2025-06-04
3183,5866,7394,125,2,Poor Quality,Will not recommend.,2025-10-20
3184,5867,10822,59,3,Average Product,Average quality.,2025-11-02
3185,5870,9359,63,4,Amazing Purchase,Exactly as described.,2025-05-08
3186,5876,1562,315,4,Amazing Purchase,Very satisfied with the purchase.,2025-06-13
3187,5877,9520,290,4,Not Worth It,Packaging was good and product is amazing.,2025-01-03
3188,5882,4071,45,4,Average Product,Loved the product. Highly recommended.,2025-05-29
3189,5885,3829,183,2,Very Good,Will not recommend.,2024-07-26
3190,5886,2252,499,5,Average Product,Loved the product. Highly recommended.,2024-08-27
3191,5887,3165,111,3,Poor Quality,Delivery was on time.,2025-05-21
3192,5889,11016,153,4,Highly Recommended,Great experience with this product.,2026-01-08
3193,5891,120,292,4,Very Good,Great experience with this product.,2024-08-13
3194,5893,3147,269,4,Amazing Purchase,Value for money. Will buy again.,2025-03-19
3195,5897,9655,268,3,Worth the Money,Average quality.,2025-06-23
3196,5901,15404,375,4,Amazing Purchase,Exactly as described.,2026-06-08
3197,5907,13538,84,5,Average Product,Very satisfied with the purchase.,2025-05-19
3198,5908,12566,472,3,Excellent Product,Expected a little better.,2025-06-14
3199,5909,1401,222,3,Amazing Purchase,Average quality.,2026-01-22
3200,5911,18138,374,5,Worth the Money,Great experience with this product.,2026-07-10
3201,5912,5316,25,4,Not Worth It,Excellent quality and fast delivery.,2026-07-28
3202,5913,10505,137,4,Poor Quality,Exactly as described.,2024-11-18
3203,5920,16636,458,2,Amazing Purchase,Will not recommend.,2026-03-30
3204,5921,3977,151,3,Average Product,Product is okay.,2025-10-09
3205,5923,9703,80,3,Highly Recommended,Expected a little better.,2025-08-03
3206,5924,671,447,4,Average Product,Great experience with this product.,2026-06-28
3207,5925,5123,52,3,Very Good,Expected a little better.,2026-04-23
3208,5926,7096,428,4,Amazing Purchase,Loved the product. Highly recommended.,2025-05-07
3209,5927,16983,396,5,Not Worth It,Packaging was good and product is amazing.,2025-01-21
3210,5929,11112,153,5,Could Be Better,Superb quality and easy to use.,2025-07-19
3211,5930,18457,267,5,Satisfied,Loved the product. Highly recommended.,2026-04-07
3212,5932,15831,459,5,Poor Quality,Very satisfied with the purchase.,2026-03-14
3213,5933,3611,414,4,Not Worth It,Packaging was good and product is amazing.,2025-05-28
3214,5935,5195,375,3,Satisfied,Average quality.,2024-09-30
3215,5937,18105,123,4,Highly Recommended,Exactly as described.,2025-10-29
3216,5938,18220,343,5,Satisfied,Very satisfied with the purchase.,2025-10-19
3217,5939,11389,388,3,Highly Recommended,Works as intended.,2026-04-14
3218,5942,8438,319,3,Amazing Purchase,Product is okay.,2025-10-10
3219,5943,11628,21,4,Very Good,Superb quality and easy to use.,2025-06-21
3220,5944,10833,110,1,Could Be Better,Bad packaging.,2026-04-23
3221,5947,14358,143,3,Very Good,Works as intended.,2025-01-31
3222,5949,19255,8,4,Satisfied,Superb quality and easy to use.,2025-07-02
3223,5952,13959,210,5,Not Worth It,Very satisfied with the purchase.,2024-11-26
3224,5953,8088,422,1,Poor Quality,Bad packaging.,2025-12-09
3225,5954,809,152,5,Amazing Purchase,Excellent quality and fast delivery.,2025-01-19
3226,5955,3040,337,2,Amazing Purchase,Not worth the price.,2025-07-30
3227,5956,11645,50,4,Could Be Better,Superb quality and easy to use.,2025-05-16
3228,5957,4449,324,3,Poor Quality,Works as intended.,2026-02-04
3229,5960,5547,260,3,Poor Quality,Expected a little better.,2026-02-25
3230,5962,14104,4,5,Amazing Purchase,Superb quality and easy to use.,2026-02-10
3231,5963,19581,431,4,Poor Quality,Packaging was good and product is amazing.,2025-06-13
3232,5964,13432,150,4,Poor Quality,Packaging was good and product is amazing.,2025-08-07
3233,5966,1250,495,1,Satisfied,Poor quality product.,2025-02-16
3234,5968,16730,246,4,Worth the Money,Packaging was good and product is amazing.,2024-12-10
3235,5969,16487,163,5,Not Worth It,Value for money. Will buy again.,2026-02-17
3236,5970,7366,276,1,Average Product,Received a defective item.,2024-10-19
3237,5971,6320,106,4,Amazing Purchase,Exactly as described.,2025-10-28
3238,5973,18778,429,3,Highly Recommended,Works as intended.,2024-10-10
3239,5975,12679,436,3,Worth the Money,Works as intended.,2025-12-06
3240,5976,10779,251,2,Satisfied,Stopped working after few days.,2025-09-05
3241,5977,3434,478,5,Highly Recommended,Packaging was good and product is amazing.,2025-12-25
3242,5978,3101,362,2,Very Good,Bad packaging.,2024-12-29
3243,5979,2352,428,3,Poor Quality,Product is okay.,2025-07-16
3244,5980,16636,68,5,Could Be Better,Excellent quality and fast delivery.,2025-12-16
3245,5982,6253,428,3,Poor Quality,Average quality.,2024-10-19
3246,5985,1474,314,4,Worth the Money,Loved the product. Highly recommended.,2025-01-06
3247,5986,12295,131,5,Excellent Product,Great experience with this product.,2024-11-03
3248,5987,15752,416,4,Could Be Better,Loved the product. Highly recommended.,2025-02-25
3249,5989,7713,387,2,Poor Quality,Poor quality product.,2024-11-27
3250,5990,18750,465,2,Average Product,Poor quality product.,2025-08-26
3251,5991,5311,242,5,Amazing Purchase,Excellent quality and fast delivery.,2024-07-28
3252,5992,4478,207,4,Highly Recommended,Value for money. Will buy again.,2025-08-28
3253,5993,9864,249,5,Poor Quality,Very satisfied with the purchase.,2025-01-24
3254,5995,3980,3,3,Very Good,Delivery was on time.,2026-06-24
3255,5997,19539,206,5,Worth the Money,Very satisfied with the purchase.,2026-04-11
3256,6003,8370,392,5,Excellent Product,Exactly as described.,2025-05-04
3257,6005,6945,307,4,Highly Recommended,Superb quality and easy to use.,2026-01-06
3258,6007,19081,89,4,Highly Recommended,Very satisfied with the purchase.,2026-05-26
3259,6011,1791,426,1,Worth the Money,Not worth the price.,2024-08-14
3260,6014,18307,477,4,Highly Recommended,Packaging was good and product is amazing.,2024-12-13
3261,6018,5069,16,4,Highly Recommended,Great experience with this product.,2025-08-20
3262,6019,8210,42,2,Worth the Money,Poor quality product.,2024-07-22
3263,6020,641,478,4,Worth the Money,Great experience with this product.,2025-08-09
3264,6021,720,491,4,Very Good,Loved the product. Highly recommended.,2026-07-03
3265,6022,3439,251,4,Average Product,Value for money. Will buy again.,2025-08-12
3266,6025,19632,88,3,Satisfied,Works as intended.,2024-11-30
3267,6028,16385,382,4,Excellent Product,Very satisfied with the purchase.,2026-04-01
3268,6032,19781,56,4,Could Be Better,Loved the product. Highly recommended.,2026-04-24
3269,6033,3469,400,2,Worth the Money,Bad packaging.,2026-04-10
3270,6034,16318,311,4,Worth the Money,Very satisfied with the purchase.,2025-10-30
3271,6035,11588,174,4,Excellent Product,Superb quality and easy to use.,2024-11-11
3272,6036,10530,255,3,Highly Recommended,Works as intended.,2025-04-09
3273,6037,3152,203,4,Worth the Money,Packaging was good and product is amazing.,2025-02-02
3274,6041,14537,328,4,Could Be Better,Great experience with this product.,2024-12-30
3275,6045,10649,480,3,Average Product,Delivery was on time.,2025-08-29
3276,6049,9186,157,5,Amazing Purchase,Excellent quality and fast delivery.,2025-09-04
3277,6050,10191,130,2,Very Good,Will not recommend.,2024-11-11
3278,6052,15547,317,1,Satisfied,Poor quality product.,2025-12-07
3279,6056,3626,67,5,Excellent Product,Superb quality and easy to use.,2024-12-18
3280,6058,13713,83,4,Excellent Product,Exactly as described.,2025-09-01
3281,6064,11186,10,3,Average Product,Product is okay.,2026-05-06
3282,6070,6216,420,4,Worth the Money,Exactly as described.,2025-07-03
3283,6073,17659,234,5,Could Be Better,Very satisfied with the purchase.,2025-11-29
3284,6075,19928,480,1,Could Be Better,Poor quality product.,2025-04-15
3285,6076,18908,145,4,Amazing Purchase,Packaging was good and product is amazing.,2025-05-03
3286,6077,12155,450,5,Could Be Better,Excellent quality and fast delivery.,2025-02-07
3287,6078,17736,271,4,Could Be Better,Packaging was good and product is amazing.,2024-10-22
3288,6079,15591,110,5,Poor Quality,Packaging was good and product is amazing.,2024-09-15
3289,6081,3941,290,4,Average Product,Superb quality and easy to use.,2025-06-06
3290,6083,728,448,4,Highly Recommended,Superb quality and easy to use.,2025-11-06
3291,6084,18133,418,4,Average Product,Great experience with this product.,2026-05-01
3292,6089,16203,53,5,Not Worth It,Superb quality and easy to use.,2025-01-03
3293,6091,17706,359,4,Not Worth It,Great experience with this product.,2026-07-02
3294,6092,8783,61,5,Not Worth It,Very satisfied with the purchase.,2025-06-24
3295,6093,6876,181,5,Average Product,Superb quality and easy to use.,2026-06-07
3296,6096,918,56,3,Not Worth It,Works as intended.,2024-11-29
3297,6098,14899,227,5,Not Worth It,Great experience with this product.,2025-10-07
3298,6099,7990,205,4,Not Worth It,Loved the product. Highly recommended.,2025-03-16
3299,6100,594,324,5,Highly Recommended,Loved the product. Highly recommended.,2024-12-01
3300,6102,11825,268,4,Could Be Better,Excellent quality and fast delivery.,2025-02-12
3301,6106,17102,310,1,Excellent Product,Will not recommend.,2025-05-28
3302,6108,14826,86,5,Very Good,Superb quality and easy to use.,2025-09-14
3303,6109,168,139,5,Not Worth It,Superb quality and easy to use.,2025-03-09
3304,6111,8060,459,3,Highly Recommended,Average quality.,2026-07-22
3305,6115,16962,60,4,Not Worth It,Very satisfied with the purchase.,2025-08-16
3306,6117,14219,30,2,Very Good,Very disappointed.,2025-10-26
3307,6118,12781,206,1,Average Product,Bad packaging.,2026-03-02
3308,6119,11207,298,5,Highly Recommended,Value for money. Will buy again.,2026-07-19
3309,6121,14486,75,5,Average Product,Very satisfied with the purchase.,2025-06-05
3310,6126,16123,419,5,Excellent Product,Excellent quality and fast delivery.,2026-04-28
3311,6127,17077,320,4,Could Be Better,Value for money. Will buy again.,2025-05-13
3312,6129,2281,34,1,Highly Recommended,Will not recommend.,2025-01-03
3313,6130,18643,259,3,Excellent Product,Product is okay.,2026-07-19
3314,6131,7093,293,1,Not Worth It,Will not recommend.,2024-08-15
3315,6132,10501,370,5,Very Good,Excellent quality and fast delivery.,2025-10-16
3316,6133,17655,363,4,Highly Recommended,Very satisfied with the purchase.,2025-12-03
3317,6136,6546,315,4,Excellent Product,Packaging was good and product is amazing.,2025-11-05
3318,6137,6183,90,4,Poor Quality,Loved the product. Highly recommended.,2025-04-06
3319,6138,10846,131,4,Worth the Money,Packaging was good and product is amazing.,2026-03-25
3320,6140,2321,465,4,Worth the Money,Excellent quality and fast delivery.,2025-06-22
3321,6141,358,101,3,Average Product,Expected a little better.,2026-01-10
3322,6142,14315,247,4,Not Worth It,Very satisfied with the purchase.,2025-09-23
3323,6144,13542,276,3,Excellent Product,Delivery was on time.,2024-10-25
3324,6145,15034,457,5,Satisfied,Packaging was good and product is amazing.,2024-12-04
3325,6146,19799,428,5,Very Good,Packaging was good and product is amazing.,2026-07-15
3326,6147,4662,308,5,Poor Quality,Very satisfied with the purchase.,2024-10-15
3327,6148,9778,157,5,Average Product,Superb quality and easy to use.,2024-09-27
3328,6150,1013,133,5,Average Product,Loved the product. Highly recommended.,2026-05-02
3329,6151,10903,145,4,Could Be Better,Packaging was good and product is amazing.,2025-10-31
3330,6152,11652,333,4,Worth the Money,Loved the product. Highly recommended.,2024-12-09
3331,6154,350,479,5,Poor Quality,Superb quality and easy to use.,2024-10-01
3332,6155,17745,89,4,Average Product,Exactly as described.,2025-02-19
3333,6157,8637,36,5,Not Worth It,Superb quality and easy to use.,2026-05-15
3334,6159,1737,73,3,Satisfied,Works as intended.,2024-11-11
3335,6164,19969,65,5,Could Be Better,Exactly as described.,2025-05-02
3336,6165,11975,42,1,Satisfied,Received a defective item.,2024-09-07
3337,6167,2701,231,3,Not Worth It,Delivery was on time.,2026-06-28
3338,6171,5137,209,3,Very Good,Expected a little better.,2026-04-01
3339,6172,13068,262,4,Satisfied,Great experience with this product.,2024-12-08
3340,6173,8252,184,5,Not Worth It,Loved the product. Highly recommended.,2026-03-13
3341,6174,3236,340,5,Satisfied,Packaging was good and product is amazing.,2025-04-25
3342,6175,17549,319,2,Amazing Purchase,Will not recommend.,2025-05-04
3343,6176,18582,494,4,Average Product,Superb quality and easy to use.,2026-06-11
3344,6184,5206,353,3,Very Good,Average quality.,2026-01-02
3345,6185,10350,11,4,Poor Quality,Value for money. Will buy again.,2025-12-25
3346,6186,18547,104,1,Satisfied,Bad packaging.,2026-07-30
3347,6188,10474,351,4,Average Product,Loved the product. Highly recommended.,2026-02-19
3348,6189,6250,379,5,Worth the Money,Loved the product. Highly recommended.,2025-05-19
3349,6190,5417,229,3,Could Be Better,Expected a little better.,2026-04-01
3350,6192,14866,145,4,Satisfied,Loved the product. Highly recommended.,2025-07-13
3351,6193,14257,174,4,Average Product,Superb quality and easy to use.,2026-06-12
3352,6194,5367,467,2,Amazing Purchase,Very disappointed.,2025-04-16
3353,6196,3653,90,1,Satisfied,Not worth the price.,2026-02-16
3354,6201,11618,387,2,Not Worth It,Stopped working after few days.,2025-12-10
3355,6203,10597,450,4,Could Be Better,Excellent quality and fast delivery.,2026-03-03
3356,6205,7132,163,5,Highly Recommended,Value for money. Will buy again.,2026-04-11
3357,6206,13314,456,3,Average Product,Product is okay.,2024-09-13
3358,6207,7328,166,5,Could Be Better,Great experience with this product.,2024-10-14
3359,6208,18460,389,5,Poor Quality,Excellent quality and fast delivery.,2025-12-25
3360,6210,5659,386,3,Poor Quality,Expected a little better.,2025-10-21
3361,6213,12431,411,3,Amazing Purchase,Average quality.,2025-07-19
3362,6215,14792,458,5,Could Be Better,Packaging was good and product is amazing.,2025-02-19
3363,6217,18669,330,4,Excellent Product,Excellent quality and fast delivery.,2025-05-03
3364,6218,17510,174,4,Worth the Money,Packaging was good and product is amazing.,2025-02-14
3365,6219,9753,344,3,Average Product,Average quality.,2026-03-08
3366,6222,7329,397,5,Could Be Better,Exactly as described.,2026-05-05
3367,6223,11531,439,4,Excellent Product,Value for money. Will buy again.,2026-02-28
3368,6226,6652,83,5,Excellent Product,Very satisfied with the purchase.,2026-01-04
3369,6229,13309,327,4,Very Good,Great experience with this product.,2025-09-10
3370,6230,12553,336,4,Highly Recommended,Excellent quality and fast delivery.,2025-12-26
3371,6231,13447,355,3,Average Product,Product is okay.,2025-03-26
3372,6233,7917,30,2,Amazing Purchase,Poor quality product.,2024-09-09
3373,6234,4623,55,3,Satisfied,Expected a little better.,2025-11-19
3374,6235,4995,204,2,Average Product,Bad packaging.,2025-01-28
3375,6236,14194,194,5,Worth the Money,Excellent quality and fast delivery.,2024-11-20
3376,6238,16869,146,4,Average Product,Exactly as described.,2025-09-11
3377,6239,16236,129,4,Satisfied,Excellent quality and fast delivery.,2025-04-16
3378,6240,6755,384,3,Very Good,Average quality.,2026-06-20
3379,6243,17904,260,4,Not Worth It,Superb quality and easy to use.,2026-06-04
3380,6244,18030,404,3,Poor Quality,Works as intended.,2025-08-25
3381,6245,6737,264,5,Poor Quality,Excellent quality and fast delivery.,2024-11-04
3382,6246,6881,119,2,Amazing Purchase,Bad packaging.,2026-02-05
3383,6247,10870,106,4,Poor Quality,Exactly as described.,2025-12-05
3384,6248,4721,232,4,Excellent Product,Value for money. Will buy again.,2025-06-12
3385,6249,18045,114,3,Not Worth It,Delivery was on time.,2024-12-04
3386,6254,7933,339,4,Very Good,Loved the product. Highly recommended.,2025-04-03
3387,6255,2192,7,5,Could Be Better,Excellent quality and fast delivery.,2024-11-30
3388,6256,960,316,5,Worth the Money,Very satisfied with the purchase.,2025-12-08
3389,6257,9673,52,2,Average Product,Very disappointed.,2024-08-17
3390,6265,7288,278,5,Very Good,Packaging was good and product is amazing.,2025-10-22
3391,6267,13843,184,5,Could Be Better,Superb quality and easy to use.,2026-01-01
3392,6268,10693,479,5,Satisfied,Great experience with this product.,2024-10-01
3393,6270,12749,78,3,Excellent Product,Works as intended.,2025-11-25
3394,6271,10095,383,5,Very Good,Superb quality and easy to use.,2025-05-21
3395,6274,2391,259,5,Not Worth It,Superb quality and easy to use.,2025-01-22
3396,6275,4409,440,5,Worth the Money,Value for money. Will buy again.,2025-12-04
3397,6279,4873,453,5,Satisfied,Exactly as described.,2025-11-21
3398,6283,10138,60,5,Not Worth It,Value for money. Will buy again.,2025-08-30
3399,6284,15742,448,4,Worth the Money,Superb quality and easy to use.,2025-02-23
3400,6285,8848,167,3,Amazing Purchase,Delivery was on time.,2024-11-15
3401,6286,18701,475,2,Amazing Purchase,Stopped working after few days.,2025-10-08
3402,6287,4342,237,4,Excellent Product,Very satisfied with the purchase.,2025-10-20
3403,6289,6534,175,5,Amazing Purchase,Excellent quality and fast delivery.,2024-10-19
3404,6292,16792,49,4,Amazing Purchase,Packaging was good and product is amazing.,2026-07-15
3405,6295,8059,456,1,Amazing Purchase,Received a defective item.,2024-12-16
3406,6296,19309,309,2,Worth the Money,Will not recommend.,2026-01-02
3407,6299,7643,154,5,Worth the Money,Very satisfied with the purchase.,2024-11-25
3408,6301,12980,147,5,Poor Quality,Exactly as described.,2025-02-22
3409,6302,13261,311,4,Very Good,Loved the product. Highly recommended.,2026-01-02
3410,6303,9599,386,5,Could Be Better,Loved the product. Highly recommended.,2024-12-20
3411,6307,4342,101,3,Worth the Money,Works as intended.,2025-02-15
3412,6308,16268,211,3,Highly Recommended,Delivery was on time.,2026-05-08
3413,6314,11466,497,2,Could Be Better,Poor quality product.,2025-11-14
3414,6315,5157,145,3,Not Worth It,Delivery was on time.,2025-01-25
3415,6316,750,421,2,Amazing Purchase,Received a defective item.,2025-07-16
3416,6317,524,330,5,Amazing Purchase,Very satisfied with the purchase.,2024-07-30
3417,6318,13113,34,5,Could Be Better,Excellent quality and fast delivery.,2026-03-06
3418,6320,6653,377,4,Highly Recommended,Packaging was good and product is amazing.,2024-10-08
3419,6325,10956,87,5,Very Good,Exactly as described.,2025-07-12
3420,6327,19617,41,5,Average Product,Superb quality and easy to use.,2024-12-27
3421,6328,3378,222,4,Very Good,Loved the product. Highly recommended.,2025-02-12
3422,6329,1561,185,3,Very Good,Delivery was on time.,2025-04-27
3423,6330,7749,198,2,Not Worth It,Poor quality product.,2024-09-15
3424,6331,884,151,2,Not Worth It,Bad packaging.,2025-12-05
3425,6332,9676,190,2,Highly Recommended,Will not recommend.,2025-05-08
3426,6334,16346,163,4,Could Be Better,Great experience with this product.,2025-09-14
3427,6335,303,20,5,Not Worth It,Exactly as described.,2025-03-06
3428,6336,17702,476,2,Highly Recommended,Received a defective item.,2024-08-14
3429,6338,17836,339,5,Amazing Purchase,Very satisfied with the purchase.,2024-08-15
3430,6340,8281,121,5,Satisfied,Excellent quality and fast delivery.,2025-09-12
3431,6341,4776,32,4,Worth the Money,Excellent quality and fast delivery.,2024-11-03
3432,6353,14564,102,3,Excellent Product,Product is okay.,2025-03-12
3433,6354,15862,233,3,Not Worth It,Works as intended.,2024-09-22
3434,6355,15914,156,2,Satisfied,Very disappointed.,2025-01-05
3435,6356,5549,322,4,Average Product,Loved the product. Highly recommended.,2024-09-05
3436,6357,15655,118,5,Average Product,Loved the product. Highly recommended.,2024-11-22
3437,6359,8885,122,2,Satisfied,Very disappointed.,2025-02-08
3438,6360,3882,499,4,Excellent Product,Excellent quality and fast delivery.,2025-03-09
3439,6361,10907,152,5,Highly Recommended,Packaging was good and product is amazing.,2026-04-25
3440,6363,2371,406,3,Poor Quality,Works as intended.,2025-09-08
3441,6365,19156,40,5,Satisfied,Very satisfied with the purchase.,2025-05-17
3442,6366,5292,87,4,Highly Recommended,Exactly as described.,2024-07-25
3443,6370,8288,398,5,Highly Recommended,Value for money. Will buy again.,2024-07-31
3444,6372,12491,391,3,Could Be Better,Works as intended.,2025-06-06
3445,6374,15379,253,2,Satisfied,Will not recommend.,2025-12-22
3446,6376,18346,101,4,Poor Quality,Packaging was good and product is amazing.,2026-06-22
3447,6377,17437,237,2,Satisfied,Will not recommend.,2025-04-04
3448,6379,16164,342,5,Average Product,Packaging was good and product is amazing.,2026-03-10
3449,6380,9271,481,3,Not Worth It,Delivery was on time.,2026-06-02
3450,6381,10416,89,5,Satisfied,Excellent quality and fast delivery.,2025-07-25
3451,6386,378,256,2,Amazing Purchase,Poor quality product.,2024-12-13
3452,6387,14219,55,5,Excellent Product,Great experience with this product.,2025-03-08
3453,6390,11304,478,5,Excellent Product,Loved the product. Highly recommended.,2025-02-19
3454,6391,12181,339,3,Highly Recommended,Works as intended.,2026-05-14
3455,6393,15845,57,4,Highly Recommended,Value for money. Will buy again.,2026-05-15
3456,6399,19708,1,1,Average Product,Will not recommend.,2024-12-04
3457,6401,8482,60,4,Excellent Product,Excellent quality and fast delivery.,2025-01-31
3458,6403,18263,72,4,Highly Recommended,Superb quality and easy to use.,2025-11-04
3459,6404,12599,229,4,Poor Quality,Packaging was good and product is amazing.,2024-09-24
3460,6407,14619,110,3,Amazing Purchase,Expected a little better.,2025-04-14
3461,6409,11383,209,5,Amazing Purchase,Excellent quality and fast delivery.,2025-01-01
3462,6411,11079,46,3,Not Worth It,Delivery was on time.,2026-04-25
3463,6412,19031,216,5,Very Good,Very satisfied with the purchase.,2026-07-07
3464,6413,14440,108,4,Highly Recommended,Exactly as described.,2025-04-22
3465,6415,14511,498,4,Amazing Purchase,Excellent quality and fast delivery.,2024-08-11
3466,6418,17703,413,3,Not Worth It,Average quality.,2025-02-09
3467,6419,10380,75,4,Satisfied,Excellent quality and fast delivery.,2026-02-25
3468,6420,8464,354,5,Worth the Money,Value for money. Will buy again.,2025-11-15
3469,6421,8009,498,4,Could Be Better,Great experience with this product.,2025-01-25
3470,6422,19473,341,5,Could Be Better,Very satisfied with the purchase.,2024-11-30
3471,6424,9354,472,5,Very Good,Excellent quality and fast delivery.,2026-02-28
3472,6427,19188,35,2,Average Product,Not worth the price.,2026-04-07
3473,6428,17102,38,2,Very Good,Poor quality product.,2025-04-03
3474,6430,2189,156,4,Highly Recommended,Superb quality and easy to use.,2025-11-20
3475,6431,7161,4,5,Satisfied,Great experience with this product.,2026-04-28
3476,6435,6506,381,5,Not Worth It,Excellent quality and fast delivery.,2026-05-20
3477,6436,12858,478,5,Excellent Product,Great experience with this product.,2026-04-21
3478,6441,19447,336,4,Excellent Product,Loved the product. Highly recommended.,2025-01-14
3479,6442,4409,33,4,Poor Quality,Excellent quality and fast delivery.,2025-12-15
3480,6443,18792,257,2,Amazing Purchase,Poor quality product.,2026-04-27
3481,6445,9007,324,4,Satisfied,Exactly as described.,2024-11-25
3482,6446,8137,392,2,Could Be Better,Stopped working after few days.,2025-10-04
3483,6447,14861,385,5,Average Product,Excellent quality and fast delivery.,2024-08-10
3484,6448,12011,451,5,Average Product,Packaging was good and product is amazing.,2026-03-20
3485,6450,720,238,1,Satisfied,Received a defective item.,2024-10-24
3486,6451,4366,7,3,Satisfied,Average quality.,2025-02-14
3487,6452,11758,47,5,Very Good,Exactly as described.,2026-04-19
3488,6455,810,267,4,Excellent Product,Value for money. Will buy again.,2026-06-16
3489,6457,2919,121,5,Could Be Better,Excellent quality and fast delivery.,2025-12-03
3490,6459,11972,4,3,Satisfied,Average quality.,2025-10-25
3491,6461,8656,250,3,Worth the Money,Works as intended.,2025-09-17
3492,6463,12065,230,2,Very Good,Not worth the price.,2024-12-05
3493,6464,10010,187,5,Average Product,Packaging was good and product is amazing.,2024-11-22
3494,6465,565,417,4,Amazing Purchase,Great experience with this product.,2026-04-17
3495,6466,1503,418,4,Highly Recommended,Value for money. Will buy again.,2025-10-07
3496,6467,12952,379,4,Satisfied,Exactly as described.,2025-01-03
3497,6469,12082,130,5,Very Good,Exactly as described.,2026-05-31
3498,6470,14474,241,5,Could Be Better,Very satisfied with the purchase.,2025-11-28
3499,6472,3549,356,3,Satisfied,Average quality.,2026-05-09
3500,6473,18907,359,4,Could Be Better,Superb quality and easy to use.,2025-06-14
3501,6475,14084,238,5,Average Product,Packaging was good and product is amazing.,2025-04-15
3502,6476,19251,73,4,Excellent Product,Excellent quality and fast delivery.,2025-08-28
3503,6480,253,207,3,Amazing Purchase,Product is okay.,2026-03-15
3504,6481,11587,299,4,Satisfied,Value for money. Will buy again.,2025-01-09
3505,6483,19235,406,3,Highly Recommended,Product is okay.,2024-12-25
3506,6485,2501,494,2,Very Good,Bad packaging.,2026-05-27
3507,6486,13406,100,4,Average Product,Great experience with this product.,2025-09-21
3508,6488,13854,34,4,Worth the Money,Exactly as described.,2026-04-16
3509,6490,15771,243,4,Highly Recommended,Packaging was good and product is amazing.,2026-02-06
3510,6491,8617,369,3,Could Be Better,Expected a little better.,2025-10-31
3511,6492,466,169,3,Excellent Product,Product is okay.,2025-11-06
3512,6493,2038,222,4,Excellent Product,Value for money. Will buy again.,2025-10-02
3513,6497,6707,304,3,Excellent Product,Average quality.,2024-10-06
3514,6498,18897,230,1,Amazing Purchase,Received a defective item.,2025-12-15
3515,6499,2618,430,3,Very Good,Product is okay.,2025-10-24
3516,6501,7337,234,5,Not Worth It,Loved the product. Highly recommended.,2025-04-09
3517,6503,136,214,5,Could Be Better,Packaging was good and product is amazing.,2026-02-17
3518,6504,16694,354,3,Satisfied,Delivery was on time.,2024-08-03
3519,6506,4600,364,3,Poor Quality,Product is okay.,2026-06-06
3520,6507,10472,260,5,Not Worth It,Loved the product. Highly recommended.,2024-09-13
3521,6509,4204,50,5,Satisfied,Value for money. Will buy again.,2024-08-12
3522,6511,12908,326,5,Worth the Money,Loved the product. Highly recommended.,2026-04-01
3523,6513,4964,193,4,Average Product,Very satisfied with the purchase.,2026-05-02
3524,6514,17085,138,5,Worth the Money,Great experience with this product.,2025-06-21
3525,6515,18229,163,3,Highly Recommended,Works as intended.,2025-06-13
3526,6516,5254,419,2,Very Good,Stopped working after few days.,2025-07-30
3527,6518,119,312,4,Worth the Money,Great experience with this product.,2024-12-16
3528,6520,5221,325,5,Highly Recommended,Excellent quality and fast delivery.,2025-07-09
3529,6523,6690,435,5,Could Be Better,Value for money. Will buy again.,2025-12-06
3530,6524,13937,439,4,Worth the Money,Superb quality and easy to use.,2025-04-08
3531,6526,19400,462,5,Satisfied,Great experience with this product.,2025-01-03
3532,6529,18238,211,4,Highly Recommended,Value for money. Will buy again.,2026-07-07
3533,6530,13003,358,2,Not Worth It,Very disappointed.,2025-10-01
3534,6531,16413,433,3,Highly Recommended,Delivery was on time.,2026-01-16
3535,6532,4016,82,5,Excellent Product,Value for money. Will buy again.,2025-07-22
3536,6533,13748,223,5,Worth the Money,Very satisfied with the purchase.,2026-02-08
3537,6534,14068,140,4,Average Product,Excellent quality and fast delivery.,2025-07-23
3538,6535,5302,323,3,Very Good,Delivery was on time.,2024-11-16
3539,6536,3431,417,5,Amazing Purchase,Packaging was good and product is amazing.,2025-01-09
3540,6540,1730,266,4,Average Product,Great experience with this product.,2025-12-25
3541,6541,9357,459,3,Highly Recommended,Product is okay.,2025-12-05
3542,6542,2753,385,3,Poor Quality,Product is okay.,2025-11-28
3543,6543,12549,229,4,Poor Quality,Very satisfied with the purchase.,2026-01-14
3544,6546,4115,120,2,Poor Quality,Received a defective item.,2024-11-18
3545,6547,403,113,3,Could Be Better,Expected a little better.,2024-09-18
3546,6549,1590,481,5,Excellent Product,Exactly as described.,2025-04-17
3547,6551,1800,303,4,Very Good,Very satisfied with the purchase.,2025-11-24
3548,6555,9244,228,4,Satisfied,Packaging was good and product is amazing.,2024-12-30
3549,6556,2083,85,4,Average Product,Exactly as described.,2025-12-01
3550,6557,18211,150,5,Not Worth It,Superb quality and easy to use.,2025-07-01
3551,6558,13783,32,5,Highly Recommended,Superb quality and easy to use.,2025-02-08
3552,6559,10186,201,1,Not Worth It,Received a defective item.,2025-05-29
3553,6560,19540,351,5,Average Product,Very satisfied with the purchase.,2024-09-20
3554,6561,9061,207,2,Could Be Better,Bad packaging.,2026-01-18
3555,6563,15084,207,2,Highly Recommended,Bad packaging.,2026-01-09
3556,6564,19623,361,3,Not Worth It,Delivery was on time.,2025-08-21
3557,6565,19101,458,4,Highly Recommended,Great experience with this product.,2026-02-11
3558,6566,6362,260,5,Not Worth It,Exactly as described.,2026-01-06
3559,6568,11305,443,3,Excellent Product,Expected a little better.,2026-07-16
3560,6569,10743,401,3,Amazing Purchase,Average quality.,2025-10-08
3561,6570,9433,484,4,Average Product,Great experience with this product.,2026-04-11
3562,6571,13306,127,5,Could Be Better,Exactly as described.,2025-12-14
3563,6572,13472,172,5,Highly Recommended,Excellent quality and fast delivery.,2025-07-10
3564,6573,14722,82,5,Amazing Purchase,Excellent quality and fast delivery.,2025-09-21
3565,6575,11526,147,2,Very Good,Received a defective item.,2026-05-31
3566,6576,8349,11,5,Not Worth It,Loved the product. Highly recommended.,2025-03-17
3567,6579,11377,46,5,Amazing Purchase,Great experience with this product.,2025-05-23
3568,6581,1448,86,4,Poor Quality,Very satisfied with the purchase.,2024-08-03
3569,6585,11323,136,4,Excellent Product,Superb quality and easy to use.,2026-01-25
3570,6587,14301,79,5,Highly Recommended,Loved the product. Highly recommended.,2026-01-17
3571,6589,3815,230,1,Average Product,Very disappointed.,2026-01-15
3572,6590,14379,445,5,Could Be Better,Exactly as described.,2026-01-31
3573,6591,18810,499,5,Very Good,Very satisfied with the purchase.,2025-02-07
3574,6592,1716,272,3,Satisfied,Expected a little better.,2025-05-21
3575,6594,17641,303,5,Could Be Better,Exactly as described.,2025-11-25
3576,6596,10036,496,4,Average Product,Superb quality and easy to use.,2024-09-09
3577,6597,16992,97,5,Poor Quality,Value for money. Will buy again.,2025-01-08
3578,6598,18383,481,4,Very Good,Superb quality and easy to use.,2026-04-09
3579,6600,13312,88,4,Very Good,Value for money. Will buy again.,2025-06-19
3580,6601,19878,487,3,Poor Quality,Delivery was on time.,2025-07-20
3581,6603,675,313,4,Very Good,Packaging was good and product is amazing.,2026-02-16
3582,6605,1810,428,4,Very Good,Packaging was good and product is amazing.,2025-02-14
3583,6607,14409,204,5,Satisfied,Packaging was good and product is amazing.,2024-08-20
3584,6608,9847,38,3,Amazing Purchase,Expected a little better.,2024-10-15
3585,6609,8456,384,3,Very Good,Delivery was on time.,2024-11-17
3586,6610,19815,17,5,Excellent Product,Great experience with this product.,2025-01-13
3587,6613,8721,361,3,Poor Quality,Expected a little better.,2025-06-28
3588,6614,4035,211,3,Poor Quality,Works as intended.,2025-01-20
3589,6615,3381,495,4,Highly Recommended,Value for money. Will buy again.,2025-05-12
3590,6617,1553,431,4,Amazing Purchase,Packaging was good and product is amazing.,2025-12-23
3591,6619,19733,141,1,Worth the Money,Received a defective item.,2026-01-23
3592,6621,18362,155,3,Satisfied,Average quality.,2026-04-16
3593,6626,17991,466,1,Amazing Purchase,Will not recommend.,2025-10-21
3594,6627,16100,359,4,Very Good,Packaging was good and product is amazing.,2025-09-28
3595,6629,3129,143,5,Not Worth It,Exactly as described.,2024-08-11
3596,6631,13457,382,4,Very Good,Very satisfied with the purchase.,2026-05-05
3597,6635,14823,484,4,Could Be Better,Exactly as described.,2024-10-03
3598,6638,7463,430,5,Not Worth It,Exactly as described.,2026-03-31
3599,6641,15525,119,5,Not Worth It,Exactly as described.,2025-02-28
3600,6642,18685,261,5,Excellent Product,Superb quality and easy to use.,2024-08-25
3601,6644,17623,227,4,Very Good,Exactly as described.,2026-04-19
3602,6645,6330,300,5,Highly Recommended,Value for money. Will buy again.,2025-01-15
3603,6647,5551,317,5,Amazing Purchase,Excellent quality and fast delivery.,2024-08-09
3604,6651,17063,175,5,Highly Recommended,Exactly as described.,2025-08-19
3605,6652,16028,238,4,Not Worth It,Great experience with this product.,2024-10-05
3606,6653,16753,245,5,Very Good,Excellent quality and fast delivery.,2025-07-18
3607,6654,17102,409,3,Not Worth It,Delivery was on time.,2024-11-02
3608,6655,10156,142,5,Very Good,Great experience with this product.,2025-02-12
3609,6656,9170,4,5,Average Product,Great experience with this product.,2026-06-28
3610,6658,17803,282,3,Amazing Purchase,Expected a little better.,2025-08-25
3611,6660,17464,227,4,Satisfied,Superb quality and easy to use.,2026-04-22
3612,6663,13513,393,5,Excellent Product,Very satisfied with the purchase.,2026-05-12
3613,6665,13815,65,5,Average Product,Superb quality and easy to use.,2026-07-19
3614,6668,15859,69,2,Very Good,Bad packaging.,2024-12-28
3615,6670,212,200,5,Worth the Money,Loved the product. Highly recommended.,2026-06-04
3616,6672,4892,334,5,Could Be Better,Very satisfied with the purchase.,2026-01-06
3617,6674,5750,83,4,Could Be Better,Very satisfied with the purchase.,2024-10-23
3618,6675,15657,137,4,Satisfied,Very satisfied with the purchase.,2026-06-13
3619,6681,18916,112,4,Poor Quality,Exactly as described.,2024-09-11
3620,6682,3136,366,3,Poor Quality,Product is okay.,2026-07-08
3621,6683,1849,184,5,Not Worth It,Loved the product. Highly recommended.,2025-06-18
3622,6685,14639,184,5,Worth the Money,Superb quality and easy to use.,2026-06-13
3623,6686,1776,277,5,Excellent Product,Exactly as described.,2025-07-14
3624,6687,2336,459,2,Could Be Better,Will not recommend.,2025-03-08
3625,6688,18214,32,5,Excellent Product,Superb quality and easy to use.,2025-08-25
3626,6689,2279,241,5,Worth the Money,Exactly as described.,2026-05-26
3627,6690,14086,370,3,Not Worth It,Average quality.,2025-11-22
3628,6691,15262,123,3,Not Worth It,Product is okay.,2025-02-04
3629,6692,16104,155,4,Amazing Purchase,Superb quality and easy to use.,2025-04-10
3630,6694,10700,85,3,Worth the Money,Works as intended.,2024-12-03
3631,6695,17640,172,5,Not Worth It,Very satisfied with the purchase.,2024-08-05
3632,6696,4807,129,4,Worth the Money,Packaging was good and product is amazing.,2025-02-09
3633,6697,12554,120,2,Satisfied,Not worth the price.,2025-08-23
3634,6698,3825,136,4,Satisfied,Great experience with this product.,2025-10-25
3635,6699,12065,404,3,Poor Quality,Works as intended.,2025-02-03
3636,6702,18963,177,5,Worth the Money,Superb quality and easy to use.,2025-11-11
3637,6706,2250,271,3,Amazing Purchase,Delivery was on time.,2026-05-07
3638,6707,3640,441,5,Could Be Better,Very satisfied with the purchase.,2024-10-10
3639,6709,14440,210,3,Not Worth It,Delivery was on time.,2025-09-16
3640,6714,4884,221,2,Very Good,Very disappointed.,2025-08-16
3641,6716,18434,314,3,Could Be Better,Expected a little better.,2026-05-20
3642,6719,8181,53,3,Satisfied,Expected a little better.,2026-06-18
3643,6720,12245,162,5,Highly Recommended,Packaging was good and product is amazing.,2024-08-19
3644,6723,14484,66,3,Excellent Product,Works as intended.,2024-11-19
3645,6724,1195,157,5,Average Product,Exactly as described.,2026-03-29
3646,6726,16379,474,5,Satisfied,Superb quality and easy to use.,2024-09-28
3647,6728,7,202,4,Could Be Better,Superb quality and easy to use.,2025-01-09
3648,6729,10557,253,3,Satisfied,Expected a little better.,2025-12-02
3649,6730,18264,228,3,Amazing Purchase,Average quality.,2025-12-01
3650,6731,9133,374,5,Average Product,Excellent quality and fast delivery.,2025-01-21
3651,6734,7643,110,4,Satisfied,Packaging was good and product is amazing.,2025-08-19
3652,6735,10138,93,3,Not Worth It,Product is okay.,2024-12-04
3653,6739,3308,361,4,Satisfied,Great experience with this product.,2025-11-17
3654,6740,8597,72,4,Satisfied,Exactly as described.,2025-09-17
3655,6743,9742,320,5,Average Product,Great experience with this product.,2025-04-08
3656,6744,2802,149,5,Worth the Money,Value for money. Will buy again.,2026-01-09
3657,6750,6886,207,4,Average Product,Loved the product. Highly recommended.,2025-02-19
3658,6751,17025,141,5,Could Be Better,Packaging was good and product is amazing.,2025-01-17
3659,6752,16182,61,5,Could Be Better,Exactly as described.,2024-12-04
3660,6753,14413,171,5,Amazing Purchase,Great experience with this product.,2025-02-03
3661,6754,3145,92,5,Worth the Money,Value for money. Will buy again.,2026-01-15
3662,6757,13544,269,3,Could Be Better,Expected a little better.,2026-06-11
3663,6760,14390,459,4,Excellent Product,Exactly as described.,2025-07-06
3664,6763,11230,207,5,Average Product,Loved the product. Highly recommended.,2024-12-16
3665,6766,4232,422,3,Excellent Product,Expected a little better.,2024-08-27
3666,6769,1249,410,3,Could Be Better,Delivery was on time.,2025-02-02
3667,6770,7735,13,2,Poor Quality,Will not recommend.,2025-04-14
3668,6771,668,418,2,Worth the Money,Very disappointed.,2024-10-30
3669,6777,3011,57,5,Poor Quality,Value for money. Will buy again.,2025-11-20
3670,6778,4216,218,3,Poor Quality,Expected a little better.,2025-09-03
3671,6782,17044,120,2,Not Worth It,Stopped working after few days.,2025-02-04
3672,6784,13555,274,2,Satisfied,Poor quality product.,2024-09-29
3673,6785,3796,448,5,Highly Recommended,Very satisfied with the purchase.,2026-07-27
3674,6788,575,52,2,Could Be Better,Poor quality product.,2026-04-09
3675,6789,16113,3,5,Highly Recommended,Exactly as described.,2024-08-21
3676,6790,8059,388,4,Average Product,Packaging was good and product is amazing.,2024-11-14
3677,6792,5130,443,4,Amazing Purchase,Loved the product. Highly recommended.,2026-05-09
3678,6796,12653,400,3,Highly Recommended,Delivery was on time.,2025-03-08
3679,6800,19062,392,4,Worth the Money,Great experience with this product.,2025-12-23
3680,6802,15634,132,1,Worth the Money,Will not recommend.,2025-07-02
3681,6804,13870,378,3,Could Be Better,Works as intended.,2026-02-27
3682,6805,13727,229,3,Poor Quality,Delivery was on time.,2025-12-23
3683,6807,13879,483,2,Highly Recommended,Bad packaging.,2025-01-11
3684,6809,8867,186,5,Highly Recommended,Packaging was good and product is amazing.,2026-02-04
3685,6810,11627,408,4,Very Good,Great experience with this product.,2025-11-30
3686,6811,13135,454,5,Average Product,Superb quality and easy to use.,2025-09-01
3687,6812,8783,238,4,Satisfied,Excellent quality and fast delivery.,2025-03-14
3688,6813,13425,232,3,Amazing Purchase,Product is okay.,2025-07-09
3689,6815,18731,361,5,Excellent Product,Packaging was good and product is amazing.,2025-03-25
3690,6816,17893,186,5,Excellent Product,Packaging was good and product is amazing.,2025-08-03
3691,6818,5904,72,2,Worth the Money,Not worth the price.,2026-01-03
3692,6819,17674,415,4,Not Worth It,Excellent quality and fast delivery.,2025-03-01
3693,6820,2286,118,2,Not Worth It,Will not recommend.,2025-09-14
3694,6822,10958,188,5,Not Worth It,Packaging was good and product is amazing.,2025-03-20
3695,6825,4754,127,1,Average Product,Poor quality product.,2024-12-11
3696,6828,9148,497,5,Average Product,Excellent quality and fast delivery.,2024-08-26
3697,6832,18524,32,3,Could Be Better,Works as intended.,2024-08-08
3698,6833,12959,282,2,Worth the Money,Poor quality product.,2024-08-30
3699,6836,1046,62,4,Highly Recommended,Excellent quality and fast delivery.,2025-05-20
3700,6837,4273,144,4,Satisfied,Exactly as described.,2024-08-14
3701,6843,12797,188,5,Poor Quality,Excellent quality and fast delivery.,2024-08-22
3702,6844,5282,420,5,Amazing Purchase,Packaging was good and product is amazing.,2025-09-15
3703,6847,4423,164,5,Could Be Better,Superb quality and easy to use.,2025-12-15
3704,6848,7638,485,3,Poor Quality,Average quality.,2024-10-05
3705,6849,4899,60,2,Poor Quality,Received a defective item.,2025-12-31
3706,6850,12417,358,4,Satisfied,Excellent quality and fast delivery.,2025-09-01
3707,6855,8895,494,4,Worth the Money,Packaging was good and product is amazing.,2025-06-12
3708,6858,4544,251,2,Could Be Better,Received a defective item.,2025-09-20
3709,6859,3734,286,3,Poor Quality,Product is okay.,2026-03-20
3710,6861,16403,35,5,Not Worth It,Very satisfied with the purchase.,2026-04-23
3711,6865,12888,156,2,Very Good,Not worth the price.,2024-08-16
3712,6866,6607,18,4,Poor Quality,Great experience with this product.,2026-07-06
3713,6867,12177,111,4,Excellent Product,Packaging was good and product is amazing.,2026-04-02
3714,6869,3274,367,4,Poor Quality,Great experience with this product.,2025-02-13
3715,6872,17442,459,5,Average Product,Exactly as described.,2026-06-05
3716,6873,6143,162,3,Highly Recommended,Product is okay.,2024-12-21
3717,6874,13195,233,5,Not Worth It,Loved the product. Highly recommended.,2024-12-07
3718,6875,4079,407,5,Amazing Purchase,Very satisfied with the purchase.,2025-08-31
3719,6877,16437,94,4,Highly Recommended,Great experience with this product.,2026-07-22
3720,6878,8304,131,5,Worth the Money,Packaging was good and product is amazing.,2025-01-30
3721,6879,11319,269,5,Excellent Product,Loved the product. Highly recommended.,2024-10-04
3722,6882,6908,169,2,Poor Quality,Received a defective item.,2024-12-16
3723,6884,8459,48,2,Worth the Money,Not worth the price.,2025-09-21
3724,6885,13687,239,3,Average Product,Average quality.,2026-03-09
3725,6886,7345,234,5,Highly Recommended,Very satisfied with the purchase.,2024-09-23
3726,6888,15177,73,3,Highly Recommended,Average quality.,2026-07-02
3727,6890,7086,472,4,Not Worth It,Loved the product. Highly recommended.,2025-02-02
3728,6895,8197,467,3,Highly Recommended,Expected a little better.,2025-12-19
3729,6897,571,229,5,Excellent Product,Packaging was good and product is amazing.,2025-04-20
3730,6910,18370,412,4,Satisfied,Great experience with this product.,2025-06-09
3731,6911,8612,91,4,Highly Recommended,Exactly as described.,2025-08-08
3732,6913,16334,164,5,Amazing Purchase,Great experience with this product.,2025-06-20
3733,6915,2544,310,5,Very Good,Exactly as described.,2024-10-25
3734,6918,18817,193,5,Excellent Product,Exactly as described.,2026-03-19
3735,6919,5816,78,5,Poor Quality,Very satisfied with the purchase.,2026-06-14
3736,6920,1744,18,4,Could Be Better,Loved the product. Highly recommended.,2024-09-28
3737,6926,9845,242,5,Excellent Product,Exactly as described.,2026-03-23
3738,6928,16691,430,5,Amazing Purchase,Excellent quality and fast delivery.,2025-07-11
3739,6935,6170,233,5,Highly Recommended,Excellent quality and fast delivery.,2026-01-21
3740,6937,14263,353,5,Amazing Purchase,Very satisfied with the purchase.,2026-01-30
3741,6939,5897,385,4,Could Be Better,Loved the product. Highly recommended.,2026-05-20
3742,6943,10500,216,4,Could Be Better,Value for money. Will buy again.,2026-03-18
3743,6944,15811,234,5,Amazing Purchase,Superb quality and easy to use.,2025-05-06
3744,6945,19306,443,5,Very Good,Excellent quality and fast delivery.,2025-08-05
3745,6952,7493,101,2,Satisfied,Poor quality product.,2025-04-18
3746,6955,1216,313,3,Very Good,Average quality.,2025-09-01
3747,6956,17274,162,5,Not Worth It,Very satisfied with the purchase.,2025-08-28
3748,6957,8173,340,5,Not Worth It,Packaging was good and product is amazing.,2026-04-16
3749,6959,6102,4,2,Poor Quality,Not worth the price.,2026-05-27
3750,6960,11481,72,2,Very Good,Stopped working after few days.,2025-11-07
3751,6963,9562,172,5,Not Worth It,Superb quality and easy to use.,2025-07-27
3752,6964,2668,209,5,Satisfied,Value for money. Will buy again.,2025-12-30
3753,6965,15478,420,2,Highly Recommended,Received a defective item.,2024-12-19
3754,6966,2158,143,5,Could Be Better,Superb quality and easy to use.,2025-01-16
3755,6967,15774,300,4,Average Product,Superb quality and easy to use.,2024-10-20
3756,6968,6399,24,3,Highly Recommended,Average quality.,2026-07-29
3757,6970,6440,109,4,Not Worth It,Very satisfied with the purchase.,2025-12-13
3758,6972,6364,307,3,Highly Recommended,Expected a little better.,2024-09-29
3759,6973,12497,69,5,Not Worth It,Excellent quality and fast delivery.,2025-03-23
3760,6974,2225,373,3,Highly Recommended,Works as intended.,2026-07-18
3761,6975,9902,445,5,Average Product,Great experience with this product.,2024-11-03
3762,6976,2226,109,2,Could Be Better,Poor quality product.,2026-03-06
3763,6979,8171,11,4,Amazing Purchase,Excellent quality and fast delivery.,2025-02-06
3764,6981,10494,347,3,Very Good,Product is okay.,2025-09-11
3765,6985,3197,198,4,Highly Recommended,Exactly as described.,2026-04-05
3766,6986,6863,101,1,Could Be Better,Very disappointed.,2025-08-14
3767,6987,11362,290,3,Not Worth It,Works as intended.,2025-02-26
3768,6991,8049,176,5,Satisfied,Superb quality and easy to use.,2026-01-09
3769,6992,6190,198,5,Average Product,Loved the product. Highly recommended.,2026-01-06
3770,6994,15145,10,4,Excellent Product,Very satisfied with the purchase.,2025-04-19
3771,6995,18599,152,3,Average Product,Works as intended.,2025-01-30
3772,6996,17664,458,5,Excellent Product,Great experience with this product.,2025-12-10
3773,6997,18026,7,5,Very Good,Value for money. Will buy again.,2025-06-01
3774,6999,9495,46,5,Highly Recommended,Superb quality and easy to use.,2026-01-03
3775,7002,6569,98,3,Highly Recommended,Average quality.,2025-11-07
3776,7004,615,112,5,Average Product,Value for money. Will buy again.,2026-01-19
3777,7006,15735,264,5,Not Worth It,Excellent quality and fast delivery.,2025-02-17
3778,7007,1485,220,5,Not Worth It,Loved the product. Highly recommended.,2025-01-07
3779,7008,1610,133,4,Excellent Product,Very satisfied with the purchase.,2026-01-03
3780,7009,12625,37,4,Poor Quality,Value for money. Will buy again.,2024-12-24
3781,7010,13210,478,4,Amazing Purchase,Packaging was good and product is amazing.,2024-11-22
3782,7012,14357,43,5,Excellent Product,Packaging was good and product is amazing.,2025-05-10
3783,7015,9067,416,4,Amazing Purchase,Exactly as described.,2025-08-20
3784,7020,3313,72,3,Not Worth It,Average quality.,2024-07-30
3785,7022,10334,151,4,Excellent Product,Value for money. Will buy again.,2026-07-12
3786,7023,7303,312,4,Poor Quality,Very satisfied with the purchase.,2026-05-10
3787,7026,13602,228,4,Poor Quality,Excellent quality and fast delivery.,2024-08-16
3788,7027,15373,375,4,Could Be Better,Excellent quality and fast delivery.,2026-01-05
3789,7028,5172,132,3,Worth the Money,Product is okay.,2025-06-17
3790,7029,9429,392,4,Not Worth It,Very satisfied with the purchase.,2025-08-09
3791,7030,10288,288,5,Not Worth It,Great experience with this product.,2025-03-10
3792,7031,11471,362,5,Excellent Product,Value for money. Will buy again.,2025-12-28
3793,7033,12240,13,3,Very Good,Expected a little better.,2024-09-11
3794,7035,7142,410,3,Worth the Money,Expected a little better.,2025-11-07
3795,7036,11589,112,3,Excellent Product,Delivery was on time.,2025-07-16
3796,7037,18861,300,5,Amazing Purchase,Superb quality and easy to use.,2025-01-30
3797,7041,4175,148,3,Amazing Purchase,Works as intended.,2025-08-14
3798,7043,5910,345,4,Could Be Better,Exactly as described.,2026-04-21
3799,7046,13913,473,4,Could Be Better,Packaging was good and product is amazing.,2025-02-15
3800,7047,12653,208,2,Very Good,Bad packaging.,2026-07-22
3801,7050,118,103,5,Amazing Purchase,Value for money. Will buy again.,2026-04-26
3802,7052,4578,357,4,Amazing Purchase,Very satisfied with the purchase.,2025-06-14
3803,7055,11213,203,5,Worth the Money,Value for money. Will buy again.,2026-04-09
3804,7057,14048,196,5,Could Be Better,Superb quality and easy to use.,2025-04-22
3805,7058,11570,354,1,Excellent Product,Received a defective item.,2025-08-17
3806,7059,17844,180,4,Excellent Product,Great experience with this product.,2024-12-29
3807,7060,8747,499,5,Excellent Product,Packaging was good and product is amazing.,2024-12-20
3808,7061,3334,303,3,Not Worth It,Expected a little better.,2024-12-20
3809,7066,8218,437,5,Amazing Purchase,Exactly as described.,2024-08-15
3810,7068,16466,12,4,Highly Recommended,Superb quality and easy to use.,2024-11-20
3811,7069,4473,459,4,Worth the Money,Superb quality and easy to use.,2024-11-26
3812,7071,18364,9,5,Excellent Product,Value for money. Will buy again.,2026-05-15
3813,7072,8717,433,4,Not Worth It,Great experience with this product.,2025-07-11
3814,7074,17494,414,4,Poor Quality,Superb quality and easy to use.,2025-06-26
3815,7077,9722,45,5,Not Worth It,Superb quality and easy to use.,2025-01-21
3816,7078,14526,372,4,Excellent Product,Very satisfied with the purchase.,2026-01-30
3817,7079,10467,110,4,Very Good,Great experience with this product.,2024-11-18
3818,7081,790,297,3,Not Worth It,Expected a little better.,2025-05-28
3819,7086,11191,451,4,Could Be Better,Very satisfied with the purchase.,2026-02-11
3820,7087,5546,293,4,Not Worth It,Exactly as described.,2026-06-08
3821,7089,9197,477,4,Satisfied,Value for money. Will buy again.,2025-02-25
3822,7090,8053,350,4,Worth the Money,Excellent quality and fast delivery.,2025-09-26
3823,7092,8165,271,5,Excellent Product,Loved the product. Highly recommended.,2025-07-08
3824,7096,17056,198,4,Satisfied,Exactly as described.,2026-06-02
3825,7102,7048,494,3,Very Good,Product is okay.,2025-10-22
3826,7103,16882,398,4,Could Be Better,Exactly as described.,2025-09-16
3827,7104,12698,301,5,Poor Quality,Excellent quality and fast delivery.,2025-12-29
3828,7105,10063,49,3,Excellent Product,Average quality.,2025-08-02
3829,7107,4370,332,3,Poor Quality,Works as intended.,2026-04-11
3830,7112,9598,362,4,Poor Quality,Value for money. Will buy again.,2024-08-04
3831,7119,8255,233,4,Very Good,Great experience with this product.,2025-01-19
3832,7120,14341,175,5,Very Good,Superb quality and easy to use.,2025-06-22
3833,7121,17994,275,3,Satisfied,Product is okay.,2025-10-19
3834,7123,2818,360,5,Worth the Money,Very satisfied with the purchase.,2025-12-28
3835,7124,14431,196,3,Highly Recommended,Works as intended.,2025-10-13
3836,7126,3082,393,4,Satisfied,Packaging was good and product is amazing.,2025-06-12
3837,7131,8847,293,4,Highly Recommended,Packaging was good and product is amazing.,2025-01-04
3838,7133,9994,82,4,Satisfied,Value for money. Will buy again.,2026-06-18
3839,7134,112,336,2,Amazing Purchase,Poor quality product.,2025-10-31
3840,7135,15424,51,5,Highly Recommended,Superb quality and easy to use.,2025-08-23
3841,7139,10995,120,4,Excellent Product,Loved the product. Highly recommended.,2026-07-16
3842,7140,1690,192,3,Could Be Better,Delivery was on time.,2025-10-28
3843,7141,4621,156,1,Excellent Product,Very disappointed.,2026-05-29
3844,7142,12812,339,3,Excellent Product,Product is okay.,2024-12-13
3845,7143,1697,357,3,Worth the Money,Average quality.,2025-05-30
3846,7144,2091,96,4,Excellent Product,Superb quality and easy to use.,2026-02-04
3847,7145,3561,175,5,Could Be Better,Loved the product. Highly recommended.,2024-12-31
3848,7148,16482,310,5,Worth the Money,Loved the product. Highly recommended.,2025-04-20
3849,7149,5939,484,4,Excellent Product,Loved the product. Highly recommended.,2026-07-25
3850,7150,18877,237,4,Excellent Product,Exactly as described.,2025-03-25
3851,7151,7824,284,2,Excellent Product,Received a defective item.,2025-08-07
3852,7152,10450,292,3,Average Product,Product is okay.,2026-04-12
3853,7153,2711,110,5,Amazing Purchase,Superb quality and easy to use.,2025-07-12
3854,7154,1363,57,4,Highly Recommended,Exactly as described.,2025-04-19
3855,7156,3785,13,1,Not Worth It,Bad packaging.,2025-10-20
3856,7158,16259,268,2,Very Good,Very disappointed.,2025-05-13
3857,7160,12661,455,5,Average Product,Superb quality and easy to use.,2024-12-09
3858,7161,6117,68,5,Excellent Product,Value for money. Will buy again.,2025-02-16
3859,7162,12137,294,5,Excellent Product,Great experience with this product.,2026-05-17
3860,7163,5146,243,2,Average Product,Stopped working after few days.,2024-08-13
3861,7164,15970,138,4,Not Worth It,Exactly as described.,2025-04-12
3862,7165,3012,110,2,Excellent Product,Very disappointed.,2026-02-20
3863,7166,5995,344,4,Excellent Product,Packaging was good and product is amazing.,2025-02-05
3864,7167,17062,426,2,Poor Quality,Not worth the price.,2025-10-23
3865,7170,13212,250,3,Excellent Product,Average quality.,2026-02-09
3866,7171,18646,102,4,Could Be Better,Exactly as described.,2024-10-25
3867,7172,16486,75,5,Average Product,Superb quality and easy to use.,2026-03-30
3868,7176,1085,387,4,Amazing Purchase,Very satisfied with the purchase.,2025-08-09
3869,7177,9344,452,4,Could Be Better,Excellent quality and fast delivery.,2026-06-11
3870,7178,8244,154,4,Amazing Purchase,Excellent quality and fast delivery.,2024-09-04
3871,7179,14163,185,3,Worth the Money,Product is okay.,2026-01-17
3872,7180,4884,129,5,Highly Recommended,Great experience with this product.,2025-11-26
3873,7181,16753,81,5,Satisfied,Great experience with this product.,2025-11-25
3874,7182,9119,359,5,Satisfied,Packaging was good and product is amazing.,2026-01-16
3875,7183,17701,98,4,Satisfied,Very satisfied with the purchase.,2026-06-23
3876,7184,13845,454,5,Very Good,Very satisfied with the purchase.,2025-01-11
3877,7185,6946,201,4,Could Be Better,Packaging was good and product is amazing.,2025-08-24
3878,7186,16907,202,1,Average Product,Poor quality product.,2024-11-23
3879,7189,6247,103,3,Worth the Money,Expected a little better.,2025-05-07
3880,7191,3964,114,5,Poor Quality,Superb quality and easy to use.,2025-02-27
3881,7192,16613,306,2,Average Product,Not worth the price.,2024-10-02
3882,7194,6247,305,5,Average Product,Value for money. Will buy again.,2025-03-25
3883,7195,3847,87,4,Excellent Product,Superb quality and easy to use.,2024-08-26
3884,7196,6551,350,5,Highly Recommended,Very satisfied with the purchase.,2024-08-10
3885,7197,925,416,4,Highly Recommended,Superb quality and easy to use.,2025-12-07
3886,7199,12276,458,5,Satisfied,Excellent quality and fast delivery.,2025-06-14
3887,7200,4275,332,4,Average Product,Value for money. Will buy again.,2025-10-06
3888,7202,1964,176,4,Highly Recommended,Value for money. Will buy again.,2026-05-04
3889,7203,17088,310,3,Could Be Better,Works as intended.,2026-04-14
3890,7204,11097,455,5,Excellent Product,Loved the product. Highly recommended.,2025-06-09
3891,7205,9734,90,4,Highly Recommended,Value for money. Will buy again.,2025-03-07
3892,7206,5884,372,3,Average Product,Expected a little better.,2025-12-04
3893,7208,15456,290,3,Worth the Money,Product is okay.,2026-03-01
3894,7212,4375,348,5,Poor Quality,Value for money. Will buy again.,2026-07-08
3895,7215,13999,481,4,Excellent Product,Excellent quality and fast delivery.,2024-12-31
3896,7216,11020,62,4,Average Product,Value for money. Will buy again.,2026-02-23
3897,7218,16483,198,4,Not Worth It,Superb quality and easy to use.,2024-12-27
3898,7220,16579,466,3,Worth the Money,Delivery was on time.,2026-06-03
3899,7222,3260,444,4,Amazing Purchase,Loved the product. Highly recommended.,2025-12-25
3900,7223,982,470,4,Poor Quality,Exactly as described.,2026-03-25
3901,7224,11925,203,2,Not Worth It,Received a defective item.,2026-01-14
3902,7227,3962,332,4,Could Be Better,Value for money. Will buy again.,2024-11-11
3903,7228,3313,20,5,Not Worth It,Great experience with this product.,2025-09-26
3904,7229,10780,495,5,Amazing Purchase,Loved the product. Highly recommended.,2025-03-12
3905,7230,18851,218,3,Very Good,Delivery was on time.,2025-07-31
3906,7231,8017,207,4,Worth the Money,Very satisfied with the purchase.,2024-08-18
3907,7234,17762,432,4,Poor Quality,Packaging was good and product is amazing.,2025-02-07
3908,7235,13496,13,4,Could Be Better,Value for money. Will buy again.,2024-12-22
3909,7236,4005,248,2,Satisfied,Will not recommend.,2026-05-14
3910,7239,7224,372,3,Average Product,Average quality.,2025-06-29
3911,7242,10563,70,4,Excellent Product,Very satisfied with the purchase.,2025-09-14
3912,7246,5994,410,5,Amazing Purchase,Great experience with this product.,2025-10-04
3913,7247,7098,155,3,Worth the Money,Works as intended.,2025-10-15
3914,7249,15496,202,5,Average Product,Very satisfied with the purchase.,2025-08-21
3915,7252,19057,450,5,Amazing Purchase,Very satisfied with the purchase.,2025-03-11
3916,7253,16920,160,4,Poor Quality,Exactly as described.,2024-11-16
3917,7254,10665,457,5,Could Be Better,Packaging was good and product is amazing.,2025-08-03
3918,7255,17953,207,3,Worth the Money,Delivery was on time.,2025-09-12
3919,7259,6847,487,4,Excellent Product,Loved the product. Highly recommended.,2025-04-30
3920,7266,13546,34,5,Very Good,Very satisfied with the purchase.,2024-09-09
3921,7267,9492,273,3,Highly Recommended,Expected a little better.,2025-05-02
3922,7269,7901,13,5,Highly Recommended,Excellent quality and fast delivery.,2025-11-25
3923,7270,16648,348,3,Average Product,Delivery was on time.,2025-05-31
3924,7272,12003,474,2,Satisfied,Will not recommend.,2025-03-21
3925,7274,17027,175,4,Satisfied,Very satisfied with the purchase.,2024-10-11
3926,7275,9567,38,4,Could Be Better,Superb quality and easy to use.,2025-05-07
3927,7276,8140,399,5,Not Worth It,Packaging was good and product is amazing.,2026-03-22
3928,7277,18125,164,2,Average Product,Will not recommend.,2025-03-03
3929,7278,4706,338,3,Very Good,Average quality.,2026-05-01
3930,7279,17278,258,1,Amazing Purchase,Bad packaging.,2024-12-09
3931,7284,3182,162,3,Amazing Purchase,Average quality.,2026-05-01
3932,7287,17049,187,4,Could Be Better,Great experience with this product.,2024-09-17
3933,7288,18531,207,5,Worth the Money,Superb quality and easy to use.,2026-05-02
3934,7289,2650,360,4,Poor Quality,Excellent quality and fast delivery.,2026-01-16
3935,7293,7492,119,4,Not Worth It,Very satisfied with the purchase.,2026-04-04
3936,7294,2661,122,2,Excellent Product,Very disappointed.,2025-04-16
3937,7295,10903,181,5,Could Be Better,Very satisfied with the purchase.,2026-03-06
3938,7297,5840,86,3,Very Good,Product is okay.,2025-11-23
3939,7299,9423,435,4,Poor Quality,Excellent quality and fast delivery.,2024-11-03
3940,7300,12450,138,4,Worth the Money,Exactly as described.,2026-05-08
3941,7302,15365,292,4,Not Worth It,Great experience with this product.,2026-01-16
3942,7303,12968,378,1,Not Worth It,Very disappointed.,2026-03-23
3943,7306,4566,212,3,Very Good,Delivery was on time.,2026-01-16
3944,7307,11398,114,4,Could Be Better,Loved the product. Highly recommended.,2024-12-06
3945,7311,207,115,4,Average Product,Very satisfied with the purchase.,2024-10-28
3946,7312,5526,407,4,Highly Recommended,Packaging was good and product is amazing.,2024-10-22
3947,7316,16024,175,5,Not Worth It,Very satisfied with the purchase.,2026-02-19
3948,7317,17951,338,1,Excellent Product,Not worth the price.,2024-10-11
3949,7318,8819,361,5,Poor Quality,Exactly as described.,2025-08-03
3950,7320,7295,366,4,Excellent Product,Great experience with this product.,2024-08-05
3951,7321,7901,371,3,Average Product,Delivery was on time.,2025-01-27
3952,7326,12005,290,1,Amazing Purchase,Stopped working after few days.,2025-12-21
3953,7329,9014,173,3,Very Good,Expected a little better.,2025-07-24
3954,7330,7158,241,4,Average Product,Superb quality and easy to use.,2026-01-16
3955,7332,164,426,4,Not Worth It,Exactly as described.,2024-11-07
3956,7333,184,432,4,Not Worth It,Superb quality and easy to use.,2025-08-17
3957,7334,16093,46,1,Excellent Product,Not worth the price.,2024-11-29
3958,7340,1299,398,3,Very Good,Delivery was on time.,2025-02-20
3959,7342,614,47,4,Highly Recommended,Excellent quality and fast delivery.,2025-08-20
3960,7344,15311,368,3,Excellent Product,Delivery was on time.,2026-03-06
3961,7346,14816,156,3,Worth the Money,Average quality.,2025-05-30
3962,7348,4206,382,5,Worth the Money,Superb quality and easy to use.,2024-10-31
3963,7351,13135,486,5,Worth the Money,Loved the product. Highly recommended.,2024-11-14
3964,7353,9836,131,4,Worth the Money,Very satisfied with the purchase.,2024-11-09
3965,7354,5472,163,3,Satisfied,Expected a little better.,2025-07-13
3966,7356,17033,137,3,Satisfied,Works as intended.,2024-08-04
3967,7357,9345,202,5,Worth the Money,Very satisfied with the purchase.,2025-09-11
3968,7358,6308,162,5,Excellent Product,Exactly as described.,2025-11-21
3969,7359,19384,95,4,Poor Quality,Very satisfied with the purchase.,2024-09-28
3970,7362,10619,132,4,Worth the Money,Value for money. Will buy again.,2024-12-19
3971,7363,18460,231,3,Worth the Money,Average quality.,2026-01-12
3972,7364,19430,234,2,Could Be Better,Will not recommend.,2025-10-18
3973,7366,4142,248,4,Average Product,Value for money. Will buy again.,2025-02-03
3974,7367,2971,230,5,Satisfied,Loved the product. Highly recommended.,2024-11-17
3975,7368,3897,194,4,Not Worth It,Loved the product. Highly recommended.,2026-05-27
3976,7369,19227,135,3,Not Worth It,Expected a little better.,2026-02-14
3977,7371,16909,147,3,Not Worth It,Works as intended.,2025-05-14
3978,7373,9718,177,3,Very Good,Delivery was on time.,2026-06-30
3979,7376,7290,86,2,Satisfied,Stopped working after few days.,2025-03-26
3980,7377,4307,166,2,Poor Quality,Very disappointed.,2026-03-01
3981,7378,4250,309,5,Highly Recommended,Excellent quality and fast delivery.,2026-03-28
3982,7379,8459,69,4,Excellent Product,Very satisfied with the purchase.,2025-03-09
3983,7380,3149,408,2,Very Good,Stopped working after few days.,2024-10-12
3984,7381,1960,4,4,Not Worth It,Exactly as described.,2026-06-21
3985,7383,16255,402,2,Poor Quality,Will not recommend.,2024-12-10
3986,7384,852,29,5,Highly Recommended,Superb quality and easy to use.,2026-04-28
3987,7385,14283,3,4,Could Be Better,Value for money. Will buy again.,2025-01-09
3988,7387,3209,93,4,Could Be Better,Packaging was good and product is amazing.,2026-06-18
3989,7389,8773,342,3,Highly Recommended,Works as intended.,2025-10-29
3990,7397,14627,129,5,Amazing Purchase,Exactly as described.,2025-03-03
3991,7399,5595,470,2,Poor Quality,Will not recommend.,2024-12-25
3992,7400,1099,433,3,Average Product,Expected a little better.,2026-05-17
3993,7403,1350,64,5,Worth the Money,Very satisfied with the purchase.,2026-03-31
3994,7407,19119,260,4,Poor Quality,Great experience with this product.,2026-01-15
3995,7408,11625,381,3,Average Product,Expected a little better.,2024-08-30
3996,7409,5510,287,4,Amazing Purchase,Great experience with this product.,2025-07-22
3997,7413,19110,338,5,Very Good,Superb quality and easy to use.,2025-03-25
3998,7414,19114,21,4,Amazing Purchase,Excellent quality and fast delivery.,2026-01-21
3999,7415,13011,248,5,Highly Recommended,Loved the product. Highly recommended.,2025-05-13
4000,7416,2409,8,4,Highly Recommended,Excellent quality and fast delivery.,2025-08-04
4001,7418,6868,311,3,Average Product,Average quality.,2026-01-28
4002,7421,8603,259,5,Satisfied,Superb quality and easy to use.,2026-01-21
4003,7422,6471,414,4,Not Worth It,Excellent quality and fast delivery.,2026-05-17
4004,7423,5503,458,5,Highly Recommended,Very satisfied with the purchase.,2026-03-13
4005,7425,14901,14,4,Excellent Product,Packaging was good and product is amazing.,2025-06-15
4006,7430,9952,385,5,Worth the Money,Value for money. Will buy again.,2024-11-05
4007,7431,5140,347,3,Highly Recommended,Delivery was on time.,2024-12-27
4008,7434,1284,86,5,Highly Recommended,Loved the product. Highly recommended.,2025-03-28
4009,7436,5042,105,5,Excellent Product,Superb quality and easy to use.,2025-08-26
4010,7437,16562,467,4,Average Product,Value for money. Will buy again.,2026-02-20
4011,7438,2169,325,5,Excellent Product,Superb quality and easy to use.,2024-11-30
4012,7439,2392,219,5,Satisfied,Exactly as described.,2024-10-10
4013,7440,513,452,1,Could Be Better,Not worth the price.,2026-05-21
4014,7441,393,461,3,Excellent Product,Delivery was on time.,2026-03-12
4015,7444,11823,339,2,Highly Recommended,Bad packaging.,2024-08-17
4016,7445,15711,211,5,Poor Quality,Packaging was good and product is amazing.,2026-04-25
4017,7446,5951,400,2,Satisfied,Stopped working after few days.,2025-11-12
4018,7447,17825,3,5,Very Good,Value for money. Will buy again.,2025-05-30
4019,7449,13173,186,4,Amazing Purchase,Great experience with this product.,2025-10-11
4020,7451,16773,283,2,Average Product,Received a defective item.,2025-03-12
4021,7453,12865,466,1,Excellent Product,Stopped working after few days.,2024-09-09
4022,7457,19716,402,2,Excellent Product,Poor quality product.,2026-05-17
4023,7458,2870,155,5,Satisfied,Superb quality and easy to use.,2024-09-16
4024,7461,19908,226,4,Amazing Purchase,Very satisfied with the purchase.,2025-01-21
4025,7462,2041,4,5,Amazing Purchase,Excellent quality and fast delivery.,2025-07-30
4026,7463,19701,89,2,Not Worth It,Received a defective item.,2025-10-30
4027,7465,6046,337,4,Not Worth It,Loved the product. Highly recommended.,2025-06-20
4028,7466,6235,456,5,Excellent Product,Great experience with this product.,2025-06-06
4029,7467,7642,130,4,Highly Recommended,Superb quality and easy to use.,2026-01-17
4030,7468,10729,21,5,Amazing Purchase,Very satisfied with the purchase.,2026-01-27
4031,7469,13277,423,5,Amazing Purchase,Superb quality and easy to use.,2024-11-25
4032,7470,2820,484,5,Average Product,Very satisfied with the purchase.,2025-02-19
4033,7471,15097,83,4,Highly Recommended,Exactly as described.,2024-09-05
4034,7472,11142,500,4,Could Be Better,Superb quality and easy to use.,2025-11-11
4035,7476,50,487,2,Satisfied,Bad packaging.,2024-12-30
4036,7477,14425,100,4,Worth the Money,Exactly as described.,2026-06-28
4037,7478,3162,344,5,Highly Recommended,Packaging was good and product is amazing.,2025-11-28
4038,7479,15923,162,4,Very Good,Superb quality and easy to use.,2025-08-10
4039,7481,18216,95,4,Very Good,Great experience with this product.,2025-06-06
4040,7482,8809,403,5,Very Good,Value for money. Will buy again.,2025-04-10
4041,7484,4522,444,2,Average Product,Will not recommend.,2025-01-28
4042,7485,2983,333,3,Very Good,Average quality.,2026-01-20
4043,7486,4622,156,3,Not Worth It,Expected a little better.,2025-06-18
4044,7489,5040,236,5,Excellent Product,Great experience with this product.,2024-09-02
4045,7490,12140,225,5,Amazing Purchase,Packaging was good and product is amazing.,2025-10-03
4046,7491,9762,59,4,Not Worth It,Very satisfied with the purchase.,2024-08-25
4047,7492,15113,421,3,Not Worth It,Works as intended.,2025-04-05
4048,7493,14223,245,5,Highly Recommended,Excellent quality and fast delivery.,2024-12-24
4049,7495,2213,84,2,Average Product,Will not recommend.,2025-06-12
4050,7496,11548,47,1,Highly Recommended,Poor quality product.,2025-05-20
4051,7497,16620,116,3,Highly Recommended,Expected a little better.,2025-09-11
4052,7498,1983,188,5,Worth the Money,Packaging was good and product is amazing.,2025-10-18
4053,7503,18962,466,4,Average Product,Value for money. Will buy again.,2025-06-02
4054,7504,17757,298,5,Satisfied,Value for money. Will buy again.,2026-06-26
4055,7507,15929,489,4,Average Product,Exactly as described.,2025-05-08
4056,7508,12793,325,4,Very Good,Value for money. Will buy again.,2024-08-08
4057,7509,14193,179,1,Very Good,Not worth the price.,2025-06-07
4058,7510,19106,474,4,Could Be Better,Loved the product. Highly recommended.,2026-07-21
4059,7511,2206,66,4,Excellent Product,Loved the product. Highly recommended.,2024-11-18
4060,7516,11365,110,3,Very Good,Expected a little better.,2026-02-17
4061,7518,17111,493,4,Amazing Purchase,Packaging was good and product is amazing.,2024-12-21
4062,7523,6518,254,4,Average Product,Exactly as described.,2025-08-22
4063,7524,14947,438,4,Very Good,Packaging was good and product is amazing.,2025-11-20
4064,7527,11836,446,3,Highly Recommended,Average quality.,2025-03-09
4065,7529,18070,22,5,Could Be Better,Superb quality and easy to use.,2024-07-28
4066,7530,19040,274,5,Amazing Purchase,Packaging was good and product is amazing.,2026-01-23
4067,7537,6381,152,4,Satisfied,Excellent quality and fast delivery.,2025-08-08
4068,7539,11436,101,5,Could Be Better,Loved the product. Highly recommended.,2025-02-26
4069,7540,11791,411,5,Amazing Purchase,Excellent quality and fast delivery.,2025-04-09
4070,7541,11498,303,5,Highly Recommended,Very satisfied with the purchase.,2026-04-22
4071,7546,13892,150,2,Poor Quality,Bad packaging.,2025-01-12
4072,7547,19339,394,4,Highly Recommended,Loved the product. Highly recommended.,2025-08-24
4073,7548,12530,212,4,Worth the Money,Very satisfied with the purchase.,2025-10-12
4074,7549,10223,117,5,Amazing Purchase,Exactly as described.,2026-05-14
4075,7550,9120,124,1,Highly Recommended,Not worth the price.,2024-09-12
4076,7551,6356,491,4,Worth the Money,Great experience with this product.,2025-08-17
4077,7552,11291,186,4,Not Worth It,Excellent quality and fast delivery.,2025-05-29
4078,7553,11584,166,4,Poor Quality,Packaging was good and product is amazing.,2025-02-11
4079,7558,19302,235,3,Not Worth It,Delivery was on time.,2025-09-28
4080,7559,13583,494,3,Average Product,Expected a little better.,2026-04-12
4081,7560,19568,278,5,Excellent Product,Superb quality and easy to use.,2026-04-15
4082,7561,5186,351,3,Satisfied,Works as intended.,2026-03-16
4083,7563,9554,264,4,Satisfied,Excellent quality and fast delivery.,2025-07-22
4084,7564,19852,264,4,Very Good,Exactly as described.,2024-12-26
4085,7565,11719,345,5,Average Product,Excellent quality and fast delivery.,2026-01-21
4086,7566,12834,46,5,Poor Quality,Great experience with this product.,2025-08-18
4087,7567,3360,314,3,Worth the Money,Delivery was on time.,2025-01-23
4088,7568,6222,254,5,Very Good,Great experience with this product.,2025-03-28
4089,7569,3088,25,3,Worth the Money,Works as intended.,2025-07-11
4090,7571,6071,474,4,Not Worth It,Loved the product. Highly recommended.,2026-01-04
4091,7574,776,107,2,Highly Recommended,Poor quality product.,2025-01-05
4092,7575,2138,29,5,Amazing Purchase,Packaging was good and product is amazing.,2025-09-20
4093,7578,5201,497,3,Worth the Money,Expected a little better.,2025-02-25
4094,7579,12828,311,5,Excellent Product,Very satisfied with the purchase.,2026-06-18
4095,7580,10626,462,4,Not Worth It,Very satisfied with the purchase.,2026-02-10
4096,7585,18071,281,2,Highly Recommended,Not worth the price.,2025-05-14
4097,7587,16378,491,5,Not Worth It,Very satisfied with the purchase.,2026-05-16
4098,7588,10091,429,4,Excellent Product,Very satisfied with the purchase.,2025-07-06
4099,7592,14456,62,3,Satisfied,Average quality.,2026-05-25
4100,7593,5368,213,4,Worth the Money,Exactly as described.,2024-12-02
4101,7594,3619,361,4,Average Product,Exactly as described.,2024-10-25
4102,7596,11746,451,4,Amazing Purchase,Great experience with this product.,2026-01-21
4103,7599,16564,490,5,Highly Recommended,Very satisfied with the purchase.,2025-07-09
4104,7600,11987,333,5,Poor Quality,Very satisfied with the purchase.,2025-03-22
4105,7602,10009,179,4,Average Product,Value for money. Will buy again.,2025-05-03
4106,7603,12017,406,4,Satisfied,Value for money. Will buy again.,2026-07-30
4107,7610,14379,447,5,Satisfied,Superb quality and easy to use.,2026-06-16
4108,7611,9499,158,5,Average Product,Loved the product. Highly recommended.,2025-10-05
4109,7612,14627,356,4,Amazing Purchase,Excellent quality and fast delivery.,2025-01-04
4110,7618,12041,19,3,Excellent Product,Product is okay.,2025-04-08
4111,7620,6148,454,3,Could Be Better,Expected a little better.,2024-08-04
4112,7621,8408,44,3,Very Good,Works as intended.,2026-06-05
4113,7624,1025,182,2,Average Product,Very disappointed.,2025-07-12
4114,7626,17774,124,3,Average Product,Delivery was on time.,2024-09-11
4115,7627,920,158,4,Excellent Product,Value for money. Will buy again.,2025-07-17
4116,7630,17402,242,4,Amazing Purchase,Value for money. Will buy again.,2026-02-11
4117,7631,990,84,5,Average Product,Superb quality and easy to use.,2026-03-21
4118,7634,19780,378,4,Not Worth It,Great experience with this product.,2025-08-17
4119,7636,1381,375,5,Average Product,Exactly as described.,2025-11-09
4120,7637,2555,234,4,Amazing Purchase,Superb quality and easy to use.,2026-01-29
4121,7638,10843,291,4,Average Product,Packaging was good and product is amazing.,2025-11-10
4122,7641,12962,240,4,Highly Recommended,Value for money. Will buy again.,2024-11-08
4123,7643,987,118,1,Worth the Money,Will not recommend.,2025-07-26
4124,7650,12759,277,1,Highly Recommended,Bad packaging.,2024-11-29
4125,7655,14802,239,5,Average Product,Excellent quality and fast delivery.,2025-10-14
4126,7657,1663,403,2,Amazing Purchase,Not worth the price.,2025-01-29
4127,7659,11696,461,4,Amazing Purchase,Very satisfied with the purchase.,2026-04-24
4128,7662,262,497,3,Excellent Product,Delivery was on time.,2024-11-21
4129,7663,13047,119,4,Poor Quality,Very satisfied with the purchase.,2025-01-05
4130,7664,180,449,3,Satisfied,Average quality.,2026-06-05
4131,7665,11202,199,3,Amazing Purchase,Average quality.,2026-03-07
4132,7666,1228,455,3,Could Be Better,Works as intended.,2024-08-24
4133,7668,12671,455,2,Average Product,Not worth the price.,2025-11-19
4134,7671,14631,467,4,Satisfied,Exactly as described.,2025-01-17
4135,7672,10839,13,4,Amazing Purchase,Very satisfied with the purchase.,2025-08-08
4136,7673,1269,175,5,Could Be Better,Great experience with this product.,2025-03-12
4137,7676,12433,407,5,Worth the Money,Loved the product. Highly recommended.,2024-12-19
4138,7678,495,124,4,Average Product,Exactly as described.,2025-11-05
4139,7680,3838,116,4,Poor Quality,Packaging was good and product is amazing.,2026-02-11
4140,7681,16026,389,5,Average Product,Excellent quality and fast delivery.,2025-02-14
4141,7683,19376,229,3,Not Worth It,Delivery was on time.,2025-02-27
4142,7688,5359,254,3,Amazing Purchase,Delivery was on time.,2026-03-28
4143,7690,7983,475,1,Satisfied,Very disappointed.,2025-04-03
4144,7691,11509,120,5,Average Product,Value for money. Will buy again.,2025-04-14
4145,7692,19728,413,5,Amazing Purchase,Very satisfied with the purchase.,2025-07-01
4146,7693,2615,97,5,Satisfied,Loved the product. Highly recommended.,2025-02-18
4147,7698,748,13,4,Could Be Better,Excellent quality and fast delivery.,2026-02-16
4148,7699,8532,396,4,Excellent Product,Great experience with this product.,2025-05-16
4149,7701,5221,236,5,Very Good,Value for money. Will buy again.,2025-03-14
4150,7703,15081,127,5,Poor Quality,Superb quality and easy to use.,2025-12-02
4151,7704,2771,175,3,Satisfied,Delivery was on time.,2024-12-07
4152,7705,13095,472,2,Satisfied,Bad packaging.,2024-12-23
4153,7706,1528,60,3,Average Product,Product is okay.,2026-06-14
4154,7709,18236,206,4,Excellent Product,Great experience with this product.,2025-05-04
4155,7710,3459,436,4,Amazing Purchase,Great experience with this product.,2026-07-10
4156,7711,15182,51,3,Not Worth It,Delivery was on time.,2025-07-12
4157,7713,1636,166,5,Worth the Money,Exactly as described.,2025-11-13
4158,7714,4376,176,4,Poor Quality,Loved the product. Highly recommended.,2025-05-12
4159,7715,17763,138,4,Excellent Product,Value for money. Will buy again.,2024-10-20
4160,7716,1079,22,5,Poor Quality,Loved the product. Highly recommended.,2025-11-27
4161,7717,11049,234,4,Not Worth It,Very satisfied with the purchase.,2025-11-21
4162,7718,7763,214,3,Worth the Money,Works as intended.,2025-09-06
4163,7720,16183,14,4,Worth the Money,Loved the product. Highly recommended.,2025-11-11
4164,7721,9624,438,5,Highly Recommended,Superb quality and easy to use.,2026-06-26
4165,7725,17357,293,5,Very Good,Very satisfied with the purchase.,2025-02-22
4166,7727,14584,199,4,Excellent Product,Packaging was good and product is amazing.,2024-09-05
4167,7728,2532,476,4,Average Product,Value for money. Will buy again.,2026-03-15
4168,7729,14071,460,5,Could Be Better,Great experience with this product.,2025-04-11
4169,7730,9702,470,2,Excellent Product,Bad packaging.,2024-09-21
4170,7737,12882,139,4,Not Worth It,Very satisfied with the purchase.,2025-05-24
4171,7738,8171,478,3,Amazing Purchase,Delivery was on time.,2026-07-18
4172,7740,381,185,4,Could Be Better,Excellent quality and fast delivery.,2025-09-03
4173,7741,3954,473,5,Poor Quality,Loved the product. Highly recommended.,2025-03-12
4174,7742,8558,437,4,Average Product,Packaging was good and product is amazing.,2026-05-16
4175,7746,12223,34,5,Very Good,Superb quality and easy to use.,2026-03-28
4176,7749,5424,91,4,Worth the Money,Very satisfied with the purchase.,2026-05-12
4177,7750,3681,280,2,Could Be Better,Not worth the price.,2026-07-04
4178,7751,13312,117,5,Very Good,Value for money. Will buy again.,2024-08-15
4179,7752,9662,425,4,Average Product,Packaging was good and product is amazing.,2024-12-13
4180,7754,12346,346,3,Satisfied,Expected a little better.,2026-03-28
4181,7757,13084,407,2,Not Worth It,Bad packaging.,2025-03-30
4182,7758,4857,322,4,Worth the Money,Loved the product. Highly recommended.,2025-12-30
4183,7761,1172,115,4,Excellent Product,Great experience with this product.,2026-03-16
4184,7763,5507,234,4,Amazing Purchase,Very satisfied with the purchase.,2025-12-25
4185,7765,3816,300,5,Excellent Product,Superb quality and easy to use.,2025-03-19
4186,7766,13580,135,4,Excellent Product,Very satisfied with the purchase.,2025-05-08
4187,7768,17432,190,5,Satisfied,Very satisfied with the purchase.,2026-06-02
4188,7769,1547,409,5,Satisfied,Very satisfied with the purchase.,2025-03-19
4189,7770,5109,277,3,Could Be Better,Works as intended.,2024-10-06
4190,7771,2960,354,4,Very Good,Value for money. Will buy again.,2026-02-05
4191,7772,15804,120,4,Poor Quality,Packaging was good and product is amazing.,2025-05-17
4192,7773,18685,359,5,Satisfied,Exactly as described.,2025-04-08
4193,7774,8316,298,3,Not Worth It,Expected a little better.,2024-10-09
4194,7775,13261,429,3,Highly Recommended,Delivery was on time.,2026-03-19
4195,7777,8015,238,3,Amazing Purchase,Delivery was on time.,2025-03-08
4196,7778,7789,495,5,Satisfied,Excellent quality and fast delivery.,2025-10-13
4197,7779,2195,314,5,Worth the Money,Superb quality and easy to use.,2025-02-02
4198,7780,10181,349,3,Satisfied,Product is okay.,2024-12-18
4199,7782,1361,241,3,Worth the Money,Expected a little better.,2026-01-15
4200,7783,19387,421,5,Poor Quality,Packaging was good and product is amazing.,2025-06-14
4201,7786,13681,118,3,Amazing Purchase,Average quality.,2025-10-17
4202,7788,10536,314,3,Not Worth It,Expected a little better.,2025-06-05
4203,7789,19360,418,2,Satisfied,Poor quality product.,2025-08-01
4204,7790,17399,409,5,Not Worth It,Excellent quality and fast delivery.,2025-05-05
4205,7791,19307,98,5,Very Good,Superb quality and easy to use.,2025-01-20
4206,7794,19411,491,5,Very Good,Value for money. Will buy again.,2025-12-18
4207,7795,2381,211,5,Could Be Better,Superb quality and easy to use.,2025-02-06
4208,7798,15597,71,4,Amazing Purchase,Exactly as described.,2026-06-02
4209,7800,3988,197,3,Amazing Purchase,Delivery was on time.,2025-05-26
4210,7801,1013,441,3,Excellent Product,Expected a little better.,2024-08-01
4211,7803,1721,386,3,Average Product,Product is okay.,2025-08-20
4212,7807,18916,180,2,Worth the Money,Will not recommend.,2024-11-23
4213,7809,19680,241,5,Not Worth It,Excellent quality and fast delivery.,2025-10-26
4214,7810,5049,391,5,Poor Quality,Excellent quality and fast delivery.,2025-04-18
4215,7811,5856,486,3,Not Worth It,Works as intended.,2025-09-27
4216,7816,14270,77,1,Worth the Money,Stopped working after few days.,2025-11-15
4217,7817,273,379,4,Satisfied,Exactly as described.,2024-11-06
4218,7819,6400,56,3,Not Worth It,Works as intended.,2024-09-16
4219,7820,16910,273,4,Could Be Better,Loved the product. Highly recommended.,2026-02-01
4220,7821,8661,94,3,Average Product,Average quality.,2024-10-29
4221,7822,14066,470,1,Very Good,Not worth the price.,2025-03-01
4222,7823,11876,140,5,Average Product,Very satisfied with the purchase.,2025-01-05
4223,7824,9262,214,5,Satisfied,Packaging was good and product is amazing.,2026-05-27
4224,7825,11107,309,5,Amazing Purchase,Very satisfied with the purchase.,2024-09-25
4225,7826,5154,480,2,Average Product,Not worth the price.,2026-01-13
4226,7829,17800,211,5,Satisfied,Loved the product. Highly recommended.,2025-03-12
4227,7831,6843,157,4,Poor Quality,Great experience with this product.,2025-09-23
4228,7833,15820,424,2,Could Be Better,Not worth the price.,2025-01-20
4229,7834,14564,500,3,Highly Recommended,Works as intended.,2024-08-04
4230,7835,19340,166,5,Satisfied,Exactly as described.,2024-09-29
4231,7837,14848,323,5,Worth the Money,Excellent quality and fast delivery.,2025-09-29
4232,7838,18161,4,3,Excellent Product,Average quality.,2025-05-02
4233,7839,2667,11,3,Worth the Money,Expected a little better.,2025-03-12
4234,7842,18393,82,3,Average Product,Works as intended.,2024-10-05
4235,7845,13601,362,2,Excellent Product,Received a defective item.,2024-12-13
4236,7846,8499,221,5,Highly Recommended,Excellent quality and fast delivery.,2025-05-14
4237,7848,12181,130,4,Average Product,Great experience with this product.,2026-02-16
4238,7849,7228,147,4,Amazing Purchase,Superb quality and easy to use.,2025-01-04
4239,7850,11696,256,5,Highly Recommended,Value for money. Will buy again.,2026-06-25
4240,7852,9444,101,5,Very Good,Great experience with this product.,2025-06-23
4241,7853,14418,103,1,Very Good,Bad packaging.,2025-08-26
4242,7855,7379,66,5,Average Product,Packaging was good and product is amazing.,2026-02-05
4243,7856,862,98,5,Poor Quality,Excellent quality and fast delivery.,2024-11-27
4244,7857,12057,320,4,Could Be Better,Value for money. Will buy again.,2025-11-24
4245,7858,6785,195,3,Excellent Product,Expected a little better.,2024-08-28
4246,7861,19379,391,4,Highly Recommended,Great experience with this product.,2024-12-22
4247,7864,15613,90,5,Could Be Better,Excellent quality and fast delivery.,2025-08-30
4248,7865,15773,421,3,Excellent Product,Average quality.,2025-01-14
4249,7870,9859,180,5,Not Worth It,Superb quality and easy to use.,2025-10-15
4250,7871,2644,105,4,Excellent Product,Superb quality and easy to use.,2025-09-23
4251,7872,5410,75,5,Poor Quality,Loved the product. Highly recommended.,2026-07-05
4252,7874,8945,5,5,Amazing Purchase,Great experience with this product.,2025-05-12
4253,7875,2765,76,4,Satisfied,Great experience with this product.,2024-12-12
4254,7876,5622,497,4,Worth the Money,Excellent quality and fast delivery.,2024-10-18
4255,7877,8282,471,3,Average Product,Works as intended.,2025-12-16
4256,7880,11960,46,5,Poor Quality,Value for money. Will buy again.,2026-03-26
4257,7881,17888,393,3,Worth the Money,Delivery was on time.,2026-02-07
4258,7882,19367,43,2,Amazing Purchase,Not worth the price.,2025-12-23
4259,7883,14688,86,4,Not Worth It,Great experience with this product.,2025-11-02
4260,7884,19809,461,4,Amazing Purchase,Superb quality and easy to use.,2025-10-28
4261,7887,5086,444,4,Average Product,Great experience with this product.,2025-03-18
4262,7888,15005,375,3,Highly Recommended,Product is okay.,2026-01-21
4263,7890,15440,48,4,Satisfied,Very satisfied with the purchase.,2025-09-27
4264,7891,14149,334,3,Poor Quality,Average quality.,2025-09-21
4265,7892,4615,50,4,Average Product,Excellent quality and fast delivery.,2025-10-25
4266,7894,9338,250,4,Worth the Money,Great experience with this product.,2025-06-09
4267,7896,2617,245,4,Amazing Purchase,Great experience with this product.,2026-01-16
4268,7897,659,84,4,Excellent Product,Great experience with this product.,2024-11-14
4269,7899,10320,434,5,Poor Quality,Exactly as described.,2026-03-21
4270,7900,10293,255,4,Excellent Product,Packaging was good and product is amazing.,2026-01-07
4271,7902,13946,335,2,Not Worth It,Not worth the price.,2024-12-12
4272,7903,18499,345,5,Poor Quality,Value for money. Will buy again.,2024-12-30
4273,7904,10053,133,3,Could Be Better,Delivery was on time.,2026-07-05
4274,7906,8876,160,3,Worth the Money,Average quality.,2024-09-04
4275,7908,16774,9,4,Worth the Money,Excellent quality and fast delivery.,2024-12-25
4276,7909,7864,284,4,Highly Recommended,Loved the product. Highly recommended.,2025-09-29
4277,7912,3567,120,5,Poor Quality,Exactly as described.,2025-12-12
4278,7914,737,376,4,Not Worth It,Packaging was good and product is amazing.,2025-04-19
4279,7917,6782,321,3,Excellent Product,Works as intended.,2026-05-01
4280,7918,13209,252,2,Poor Quality,Will not recommend.,2025-02-27
4281,7922,3555,226,3,Satisfied,Expected a little better.,2025-07-16
4282,7927,8103,249,5,Average Product,Very satisfied with the purchase.,2024-08-07
4283,7928,16751,170,3,Not Worth It,Delivery was on time.,2025-08-07
4284,7930,9965,17,4,Satisfied,Very satisfied with the purchase.,2024-09-19
4285,7933,5439,196,4,Poor Quality,Packaging was good and product is amazing.,2024-09-12
4286,7934,12422,219,3,Very Good,Works as intended.,2025-11-28
4287,7935,1899,101,5,Excellent Product,Excellent quality and fast delivery.,2026-06-04
4288,7937,11283,455,2,Satisfied,Not worth the price.,2026-03-07
4289,7938,8194,239,5,Not Worth It,Loved the product. Highly recommended.,2025-06-23
4290,7939,7211,143,5,Satisfied,Very satisfied with the purchase.,2025-05-23
4291,7940,6275,203,4,Amazing Purchase,Loved the product. Highly recommended.,2025-02-14
4292,7941,4526,109,5,Could Be Better,Exactly as described.,2025-09-03
4293,7943,12191,462,4,Could Be Better,Exactly as described.,2024-12-05
4294,7944,8861,42,3,Satisfied,Delivery was on time.,2025-12-07
4295,7945,19468,59,4,Excellent Product,Value for money. Will buy again.,2025-08-20
4296,7948,14415,267,4,Excellent Product,Very satisfied with the purchase.,2025-08-06
4297,7949,1084,137,4,Excellent Product,Excellent quality and fast delivery.,2024-10-24
4298,7951,9786,2,5,Not Worth It,Superb quality and easy to use.,2025-02-13
4299,7953,7127,461,3,Not Worth It,Delivery was on time.,2025-12-14
4300,7956,15497,379,5,Not Worth It,Packaging was good and product is amazing.,2025-05-16
4301,7957,19913,23,3,Not Worth It,Expected a little better.,2025-12-25
4302,7958,6539,112,3,Poor Quality,Product is okay.,2025-08-01
4303,7959,86,145,4,Amazing Purchase,Value for money. Will buy again.,2026-05-05
4304,7961,2680,197,5,Satisfied,Superb quality and easy to use.,2026-01-29
4305,7964,13998,420,4,Worth the Money,Excellent quality and fast delivery.,2025-12-27
4306,7965,18148,434,4,Not Worth It,Superb quality and easy to use.,2025-10-30
4307,7967,5241,477,4,Satisfied,Packaging was good and product is amazing.,2025-04-22
4308,7968,17003,462,5,Worth the Money,Excellent quality and fast delivery.,2025-10-07
4309,7969,10129,457,4,Not Worth It,Packaging was good and product is amazing.,2026-05-31
4310,7971,11859,364,5,Poor Quality,Excellent quality and fast delivery.,2026-02-16
4311,7972,7184,176,5,Satisfied,Packaging was good and product is amazing.,2024-10-15
4312,7974,8317,193,5,Average Product,Value for money. Will buy again.,2025-12-23
4313,7975,2413,141,4,Excellent Product,Very satisfied with the purchase.,2025-04-03
4314,7976,17635,32,4,Worth the Money,Very satisfied with the purchase.,2025-04-30
4315,7979,6006,162,2,Satisfied,Bad packaging.,2025-02-02
4316,7981,12178,346,5,Satisfied,Excellent quality and fast delivery.,2025-08-10
4317,7984,15012,205,2,Amazing Purchase,Not worth the price.,2024-08-19
4318,7986,252,417,4,Excellent Product,Very satisfied with the purchase.,2025-08-15
4319,7987,4021,360,2,Very Good,Stopped working after few days.,2025-03-16
4320,7992,18105,228,4,Could Be Better,Excellent quality and fast delivery.,2026-02-08
4321,7996,1873,153,1,Poor Quality,Received a defective item.,2025-02-16
4322,7998,9070,492,5,Worth the Money,Exactly as described.,2025-08-18
4323,7999,6897,412,4,Poor Quality,Value for money. Will buy again.,2024-09-23
4324,8000,5019,223,2,Poor Quality,Stopped working after few days.,2025-12-15
4325,8001,15823,460,5,Worth the Money,Very satisfied with the purchase.,2025-11-02
4326,8003,19624,472,4,Could Be Better,Excellent quality and fast delivery.,2026-02-06
4327,8004,19967,135,3,Poor Quality,Product is okay.,2025-07-27
4328,8007,2164,216,5,Worth the Money,Excellent quality and fast delivery.,2024-10-13
4329,8009,15010,127,3,Average Product,Average quality.,2025-09-26
4330,8011,8651,281,5,Very Good,Great experience with this product.,2026-05-13
4331,8012,9968,91,4,Amazing Purchase,Exactly as described.,2026-03-12
4332,8013,3947,265,1,Worth the Money,Stopped working after few days.,2026-03-30
4333,8016,16253,76,2,Satisfied,Stopped working after few days.,2025-09-05
4334,8018,7011,250,4,Not Worth It,Loved the product. Highly recommended.,2025-04-03
4335,8021,10957,17,5,Highly Recommended,Excellent quality and fast delivery.,2024-11-28
4336,8022,7904,62,5,Poor Quality,Packaging was good and product is amazing.,2025-04-10
4337,8024,9426,342,5,Amazing Purchase,Value for money. Will buy again.,2025-09-13
4338,8025,11774,68,5,Worth the Money,Loved the product. Highly recommended.,2026-04-13
4339,8026,3618,256,1,Average Product,Poor quality product.,2026-03-24
4340,8027,13643,37,1,Could Be Better,Very disappointed.,2026-02-15
4341,8033,8090,284,5,Excellent Product,Great experience with this product.,2024-09-09
4342,8035,3716,417,5,Worth the Money,Superb quality and easy to use.,2025-11-27
4343,8036,794,484,3,Excellent Product,Product is okay.,2026-07-13
4344,8038,2315,48,4,Poor Quality,Superb quality and easy to use.,2025-01-10
4345,8042,11867,260,3,Satisfied,Expected a little better.,2024-09-11
4346,8043,12966,441,4,Worth the Money,Value for money. Will buy again.,2024-12-02
4347,8045,5991,484,2,Very Good,Will not recommend.,2026-04-11
4348,8046,7277,117,3,Amazing Purchase,Expected a little better.,2026-01-10
4349,8047,16680,347,4,Average Product,Value for money. Will buy again.,2025-12-27
4350,8048,17237,229,4,Very Good,Exactly as described.,2025-02-18
4351,8049,1635,330,4,Very Good,Packaging was good and product is amazing.,2026-06-09
4352,8051,13469,99,5,Very Good,Loved the product. Highly recommended.,2025-12-10
4353,8052,17502,223,5,Average Product,Very satisfied with the purchase.,2025-10-13
4354,8053,19389,109,4,Worth the Money,Value for money. Will buy again.,2025-01-04
4355,8054,16974,64,1,Highly Recommended,Very disappointed.,2024-10-17
4356,8056,1482,454,4,Average Product,Loved the product. Highly recommended.,2025-10-19
4357,8057,16422,337,1,Very Good,Stopped working after few days.,2025-09-09
4358,8058,4993,174,2,Could Be Better,Will not recommend.,2025-05-12
4359,8059,6158,37,4,Excellent Product,Very satisfied with the purchase.,2024-11-27
4360,8060,18094,251,3,Very Good,Works as intended.,2025-12-14
4361,8061,12693,228,5,Highly Recommended,Value for money. Will buy again.,2025-10-13
4362,8062,8325,463,5,Not Worth It,Excellent quality and fast delivery.,2025-06-03
4363,8063,578,114,5,Worth the Money,Superb quality and easy to use.,2024-10-07
4364,8064,15282,75,5,Poor Quality,Excellent quality and fast delivery.,2026-03-05
4365,8065,17335,329,4,Satisfied,Superb quality and easy to use.,2024-12-11
4366,8068,17112,113,4,Highly Recommended,Value for money. Will buy again.,2026-02-28
4367,8069,13685,453,4,Very Good,Great experience with this product.,2026-04-01
4368,8073,18765,429,5,Poor Quality,Superb quality and easy to use.,2025-09-28
4369,8074,14220,122,4,Worth the Money,Great experience with this product.,2026-04-11
4370,8075,12937,116,5,Very Good,Value for money. Will buy again.,2024-07-21
4371,8076,9922,24,5,Highly Recommended,Packaging was good and product is amazing.,2026-01-03
4372,8077,7204,29,5,Not Worth It,Packaging was good and product is amazing.,2026-03-21
4373,8079,10355,71,4,Could Be Better,Excellent quality and fast delivery.,2025-12-11
4374,8080,6179,110,4,Average Product,Superb quality and easy to use.,2026-05-19
4375,8081,18782,410,5,Poor Quality,Excellent quality and fast delivery.,2025-05-10
4376,8083,4218,341,4,Could Be Better,Value for money. Will buy again.,2026-06-25
4377,8084,13315,450,4,Could Be Better,Packaging was good and product is amazing.,2025-09-09
4378,8085,7191,479,4,Poor Quality,Excellent quality and fast delivery.,2025-12-11
4379,8088,15982,252,2,Highly Recommended,Bad packaging.,2025-06-29
4380,8090,10945,282,5,Very Good,Great experience with this product.,2024-10-11
4381,8091,16419,201,3,Poor Quality,Average quality.,2025-08-10
4382,8092,15112,469,5,Worth the Money,Loved the product. Highly recommended.,2024-09-05
4383,8095,12068,469,5,Could Be Better,Packaging was good and product is amazing.,2025-12-26
4384,8096,11330,364,4,Excellent Product,Packaging was good and product is amazing.,2025-06-13
4385,8097,15270,85,5,Very Good,Value for money. Will buy again.,2024-09-14
4386,8101,7301,11,4,Not Worth It,Very satisfied with the purchase.,2026-03-20
4387,8102,1432,8,3,Satisfied,Expected a little better.,2025-04-24
4388,8104,1017,245,5,Could Be Better,Excellent quality and fast delivery.,2026-01-06
4389,8105,17685,393,4,Amazing Purchase,Value for money. Will buy again.,2025-01-29
4390,8106,8084,267,3,Excellent Product,Product is okay.,2025-10-23
4391,8107,16198,347,3,Could Be Better,Expected a little better.,2025-02-16
4392,8108,2763,315,4,Amazing Purchase,Great experience with this product.,2024-08-12
4393,8111,1991,454,4,Poor Quality,Very satisfied with the purchase.,2024-11-25
4394,8112,6521,83,5,Highly Recommended,Loved the product. Highly recommended.,2025-03-21
4395,8113,11010,273,4,Worth the Money,Superb quality and easy to use.,2024-12-13
4396,8114,12255,415,4,Satisfied,Exactly as described.,2026-02-10
4397,8117,714,478,5,Poor Quality,Value for money. Will buy again.,2025-04-29
4398,8118,13964,137,4,Amazing Purchase,Very satisfied with the purchase.,2025-08-07
4399,8119,4733,62,5,Amazing Purchase,Very satisfied with the purchase.,2025-07-30
4400,8120,15529,487,1,Worth the Money,Received a defective item.,2024-12-22
4401,8121,15960,13,3,Worth the Money,Average quality.,2024-10-16
4402,8122,15519,71,4,Poor Quality,Excellent quality and fast delivery.,2025-09-13
4403,8124,13324,421,4,Satisfied,Excellent quality and fast delivery.,2026-07-23
4404,8125,17592,333,5,Could Be Better,Value for money. Will buy again.,2026-01-01
4405,8126,6832,313,5,Not Worth It,Very satisfied with the purchase.,2025-02-28
4406,8127,17764,83,3,Worth the Money,Product is okay.,2025-09-16
4407,8128,19156,264,4,Amazing Purchase,Superb quality and easy to use.,2026-04-29
4408,8130,7124,481,3,Amazing Purchase,Product is okay.,2025-11-30
4409,8131,17323,304,3,Very Good,Average quality.,2026-07-01
4410,8132,8221,499,2,Average Product,Not worth the price.,2025-05-22
4411,8134,12394,37,4,Poor Quality,Very satisfied with the purchase.,2025-04-13
4412,8139,78,256,4,Satisfied,Excellent quality and fast delivery.,2025-06-30
4413,8140,14336,422,3,Highly Recommended,Expected a little better.,2024-12-21
4414,8141,17350,60,5,Amazing Purchase,Very satisfied with the purchase.,2024-09-25
4415,8143,293,172,2,Could Be Better,Not worth the price.,2025-07-30
4416,8145,1672,342,4,Highly Recommended,Loved the product. Highly recommended.,2025-12-17
4417,8147,6260,22,2,Average Product,Will not recommend.,2024-10-23
4418,8148,2351,269,4,Excellent Product,Very satisfied with the purchase.,2026-04-02
4419,8149,16622,325,5,Worth the Money,Loved the product. Highly recommended.,2024-10-13
4420,8150,1995,338,4,Highly Recommended,Exactly as described.,2025-11-16
4421,8154,12687,337,3,Worth the Money,Works as intended.,2026-01-15
4422,8155,7818,474,4,Satisfied,Superb quality and easy to use.,2024-10-23
4423,8156,11396,420,4,Highly Recommended,Great experience with this product.,2024-12-09
4424,8157,3762,411,5,Highly Recommended,Superb quality and easy to use.,2026-03-28
4425,8159,18450,151,4,Very Good,Packaging was good and product is amazing.,2025-02-17
4426,8163,13944,385,4,Worth the Money,Exactly as described.,2025-03-03
4427,8165,11972,213,4,Highly Recommended,Packaging was good and product is amazing.,2025-09-03
4428,8168,8628,458,3,Highly Recommended,Product is okay.,2025-10-24
4429,8169,5513,419,3,Excellent Product,Expected a little better.,2026-04-19
4430,8171,11620,170,5,Average Product,Value for money. Will buy again.,2026-01-10
4431,8172,10649,294,5,Poor Quality,Exactly as described.,2025-04-04
4432,8174,19194,251,4,Highly Recommended,Great experience with this product.,2025-11-03
4433,8176,4757,465,3,Amazing Purchase,Delivery was on time.,2026-03-22
4434,8178,15629,129,4,Highly Recommended,Exactly as described.,2026-05-11
4435,8179,7066,202,4,Poor Quality,Packaging was good and product is amazing.,2025-06-17
4436,8181,11943,111,3,Average Product,Average quality.,2026-01-19
4437,8186,2000,125,5,Average Product,Very satisfied with the purchase.,2025-09-18
4438,8187,16066,301,4,Poor Quality,Exactly as described.,2026-06-10
4439,8190,2117,265,5,Amazing Purchase,Packaging was good and product is amazing.,2025-09-30
4440,8192,14537,323,5,Poor Quality,Great experience with this product.,2025-09-12
4441,8193,16578,469,5,Satisfied,Excellent quality and fast delivery.,2024-12-24
4442,8195,10416,225,4,Could Be Better,Great experience with this product.,2025-02-12
4443,8196,805,474,3,Excellent Product,Average quality.,2025-07-15
4444,8197,14726,100,5,Very Good,Very satisfied with the purchase.,2024-11-10
4445,8198,7665,213,4,Could Be Better,Packaging was good and product is amazing.,2024-09-06
4446,8200,9246,308,5,Average Product,Exactly as described.,2025-06-27
4447,8205,18285,214,3,Very Good,Expected a little better.,2025-06-03
4448,8206,18736,175,3,Amazing Purchase,Expected a little better.,2026-01-06
4449,8208,8377,57,3,Excellent Product,Average quality.,2025-04-21
4450,8209,1119,466,5,Amazing Purchase,Exactly as described.,2026-06-07
4451,8210,12501,113,3,Poor Quality,Expected a little better.,2025-12-19
4452,8211,8527,333,4,Not Worth It,Packaging was good and product is amazing.,2025-05-18
4453,8212,10375,215,4,Not Worth It,Packaging was good and product is amazing.,2025-07-24
4454,8214,16877,194,5,Average Product,Loved the product. Highly recommended.,2025-10-16
4455,8215,3249,450,5,Average Product,Loved the product. Highly recommended.,2024-09-30
4456,8216,8418,63,4,Poor Quality,Superb quality and easy to use.,2024-09-17
4457,8218,3220,174,2,Very Good,Received a defective item.,2024-10-30
4458,8223,9013,112,5,Highly Recommended,Excellent quality and fast delivery.,2024-09-04
4459,8225,3043,59,3,Amazing Purchase,Average quality.,2024-12-22
4460,8227,9953,79,4,Not Worth It,Value for money. Will buy again.,2024-11-17
4461,8229,5724,223,4,Excellent Product,Value for money. Will buy again.,2025-11-22
4462,8231,9107,184,3,Highly Recommended,Expected a little better.,2025-09-03
4463,8236,9716,138,4,Poor Quality,Loved the product. Highly recommended.,2025-05-25
4464,8237,3323,399,2,Not Worth It,Bad packaging.,2025-11-08
4465,8238,19180,23,1,Satisfied,Poor quality product.,2025-02-12
4466,8240,351,322,3,Average Product,Average quality.,2024-10-09
4467,8241,13693,153,5,Could Be Better,Very satisfied with the purchase.,2025-08-28
4468,8244,1752,187,4,Worth the Money,Superb quality and easy to use.,2025-04-21
4469,8245,16153,189,5,Could Be Better,Exactly as described.,2025-04-12
4470,8246,19126,136,4,Worth the Money,Great experience with this product.,2025-04-27
4471,8247,17160,269,1,Average Product,Bad packaging.,2024-11-09
4472,8248,18679,423,4,Could Be Better,Packaging was good and product is amazing.,2025-01-25
4473,8252,16435,37,3,Poor Quality,Average quality.,2024-09-19
4474,8253,5678,310,5,Average Product,Exactly as described.,2024-12-30
4475,8256,16098,91,2,Could Be Better,Very disappointed.,2024-11-20
4476,8258,17028,481,5,Poor Quality,Superb quality and easy to use.,2024-08-20
4477,8260,307,183,2,Worth the Money,Bad packaging.,2025-07-30
4478,8262,18206,331,4,Could Be Better,Value for money. Will buy again.,2025-05-01
4479,8264,11984,480,3,Could Be Better,Expected a little better.,2026-05-15
4480,8265,3115,372,5,Very Good,Very satisfied with the purchase.,2025-04-28
4481,8266,15899,240,4,Could Be Better,Superb quality and easy to use.,2024-12-27
4482,8267,3035,472,4,Very Good,Superb quality and easy to use.,2026-06-19
4483,8268,2680,323,3,Very Good,Delivery was on time.,2025-04-09
4484,8269,7286,368,1,Satisfied,Will not recommend.,2025-04-03
4485,8270,2221,58,2,Not Worth It,Will not recommend.,2025-03-12
4486,8271,4433,314,3,Excellent Product,Delivery was on time.,2026-05-02
4487,8272,12627,261,5,Not Worth It,Great experience with this product.,2026-06-14
4488,8273,10368,410,4,Not Worth It,Excellent quality and fast delivery.,2025-10-25
4489,8276,4136,46,5,Highly Recommended,Excellent quality and fast delivery.,2025-08-25
4490,8278,9202,489,4,Amazing Purchase,Packaging was good and product is amazing.,2024-10-10
4491,8280,5064,322,3,Amazing Purchase,Works as intended.,2025-06-19
4492,8286,8408,182,5,Could Be Better,Exactly as described.,2026-03-30
4493,8291,7612,391,2,Excellent Product,Received a defective item.,2024-09-28
4494,8293,13457,270,3,Could Be Better,Product is okay.,2025-07-27
4495,8294,16114,399,5,Not Worth It,Great experience with this product.,2025-04-03
4496,8295,17300,288,5,Highly Recommended,Great experience with this product.,2025-05-03
4497,8296,11089,173,4,Excellent Product,Loved the product. Highly recommended.,2025-03-04
4498,8297,3743,248,4,Could Be Better,Excellent quality and fast delivery.,2026-06-27
4499,8303,11823,190,4,Very Good,Packaging was good and product is amazing.,2026-02-12
4500,8305,18805,51,5,Excellent Product,Very satisfied with the purchase.,2025-07-11
4501,8306,990,438,4,Highly Recommended,Very satisfied with the purchase.,2026-01-14
4502,8307,18865,334,4,Highly Recommended,Great experience with this product.,2026-01-26
4503,8308,12359,301,4,Average Product,Great experience with this product.,2025-09-23
4504,8309,11782,241,2,Highly Recommended,Not worth the price.,2024-11-06
4505,8311,6528,142,4,Could Be Better,Exactly as described.,2026-07-05
4506,8312,16381,277,5,Average Product,Excellent quality and fast delivery.,2025-04-05
4507,8313,10172,336,4,Very Good,Superb quality and easy to use.,2025-09-29
4508,8314,11576,214,5,Poor Quality,Value for money. Will buy again.,2024-12-26
4509,8316,11696,443,3,Average Product,Product is okay.,2025-08-23
4510,8318,17601,433,4,Highly Recommended,Exactly as described.,2025-11-02
4511,8320,7279,53,4,Very Good,Superb quality and easy to use.,2026-02-09
4512,8321,18309,305,3,Satisfied,Works as intended.,2025-03-04
4513,8325,11709,340,5,Satisfied,Packaging was good and product is amazing.,2024-11-07
4514,8327,17271,374,5,Very Good,Loved the product. Highly recommended.,2026-04-04
4515,8329,17895,200,2,Highly Recommended,Bad packaging.,2025-02-24
4516,8330,11847,19,4,Excellent Product,Excellent quality and fast delivery.,2025-11-24
4517,8331,18034,118,5,Worth the Money,Very satisfied with the purchase.,2025-02-16
4518,8332,13438,269,3,Satisfied,Average quality.,2026-01-27
4519,8333,6442,77,4,Poor Quality,Superb quality and easy to use.,2025-10-12
4520,8334,565,369,4,Not Worth It,Loved the product. Highly recommended.,2026-02-10
4521,8337,19776,75,4,Average Product,Packaging was good and product is amazing.,2025-01-19
4522,8338,11462,309,2,Very Good,Will not recommend.,2024-11-04
4523,8339,17792,477,2,Satisfied,Poor quality product.,2025-04-01
4524,8347,13913,342,5,Amazing Purchase,Packaging was good and product is amazing.,2024-12-25
4525,8349,14465,141,4,Very Good,Very satisfied with the purchase.,2026-05-18
4526,8350,5218,241,2,Could Be Better,Will not recommend.,2024-12-18
4527,8358,12649,326,5,Highly Recommended,Value for money. Will buy again.,2024-10-06
4528,8360,10314,447,5,Excellent Product,Very satisfied with the purchase.,2025-04-23
4529,8361,7228,37,2,Poor Quality,Will not recommend.,2024-12-13
4530,8362,742,44,5,Amazing Purchase,Value for money. Will buy again.,2025-05-22
4531,8363,7539,242,4,Poor Quality,Superb quality and easy to use.,2026-01-17
4532,8366,19256,396,3,Worth the Money,Delivery was on time.,2025-10-10
4533,8367,15874,76,3,Excellent Product,Average quality.,2024-11-21
4534,8372,16746,126,4,Poor Quality,Packaging was good and product is amazing.,2024-12-19
4535,8373,5341,353,4,Not Worth It,Packaging was good and product is amazing.,2026-01-22
4536,8375,3738,183,4,Excellent Product,Value for money. Will buy again.,2025-11-09
4537,8377,2141,290,2,Worth the Money,Poor quality product.,2026-07-26
4538,8378,19056,403,4,Highly Recommended,Loved the product. Highly recommended.,2025-12-02
4539,8379,7568,126,3,Poor Quality,Average quality.,2026-05-15
4540,8380,4307,448,5,Excellent Product,Superb quality and easy to use.,2025-06-25
4541,8381,2724,253,4,Worth the Money,Exactly as described.,2026-03-24
4542,8382,2232,204,3,Amazing Purchase,Product is okay.,2024-11-06
4543,8383,6266,435,3,Could Be Better,Delivery was on time.,2026-02-03
4544,8384,10605,280,2,Worth the Money,Received a defective item.,2026-03-02
4545,8385,13369,202,5,Worth the Money,Value for money. Will buy again.,2026-07-08
4546,8386,17727,117,5,Average Product,Packaging was good and product is amazing.,2025-01-10
4547,8387,1781,428,4,Very Good,Great experience with this product.,2025-01-26
4548,8389,5137,321,4,Highly Recommended,Great experience with this product.,2025-09-19
4549,8397,8936,190,5,Very Good,Packaging was good and product is amazing.,2025-07-30
4550,8399,1936,239,2,Excellent Product,Stopped working after few days.,2025-02-11
4551,8401,284,217,4,Amazing Purchase,Excellent quality and fast delivery.,2026-05-17
4552,8403,18450,380,3,Highly Recommended,Delivery was on time.,2025-09-15
4553,8405,19566,58,4,Not Worth It,Loved the product. Highly recommended.,2026-03-19
4554,8406,18028,473,4,Worth the Money,Great experience with this product.,2024-09-06
4555,8407,1866,24,4,Poor Quality,Superb quality and easy to use.,2024-12-15
4556,8409,11703,371,4,Highly Recommended,Value for money. Will buy again.,2025-10-27
4557,8413,17181,277,4,Very Good,Packaging was good and product is amazing.,2025-10-23
4558,8418,12398,200,2,Worth the Money,Very disappointed.,2026-02-22
4559,8420,17556,211,3,Worth the Money,Expected a little better.,2025-01-17
4560,8422,11089,76,4,Not Worth It,Superb quality and easy to use.,2026-04-20
4561,8426,17091,141,3,Poor Quality,Delivery was on time.,2026-02-06
4562,8428,3147,136,4,Average Product,Loved the product. Highly recommended.,2025-08-16
4563,8429,14664,50,4,Satisfied,Very satisfied with the purchase.,2024-10-25
4564,8430,6408,30,3,Poor Quality,Works as intended.,2025-01-08
4565,8431,17053,136,4,Very Good,Excellent quality and fast delivery.,2025-01-26
4566,8432,17581,86,5,Worth the Money,Value for money. Will buy again.,2025-05-13
4567,8435,9656,388,3,Excellent Product,Expected a little better.,2025-02-05
4568,8437,11006,402,4,Could Be Better,Exactly as described.,2024-09-16
4569,8439,9101,81,5,Could Be Better,Very satisfied with the purchase.,2025-07-08
4570,8440,16079,431,5,Could Be Better,Superb quality and easy to use.,2025-12-29
4571,8441,2476,268,3,Amazing Purchase,Average quality.,2024-11-30
4572,8442,12317,404,5,Very Good,Packaging was good and product is amazing.,2025-06-08
4573,8448,3387,274,3,Not Worth It,Product is okay.,2025-03-10
4574,8450,11490,413,3,Highly Recommended,Expected a little better.,2025-05-21
4575,8452,5234,375,4,Could Be Better,Exactly as described.,2025-12-06
4576,8453,19238,266,3,Could Be Better,Delivery was on time.,2025-08-24
4577,8455,10711,192,3,Amazing Purchase,Expected a little better.,2026-05-19
4578,8456,7581,354,5,Poor Quality,Very satisfied with the purchase.,2024-10-29
4579,8457,16633,145,5,Very Good,Loved the product. Highly recommended.,2025-07-30
4580,8458,409,225,3,Amazing Purchase,Works as intended.,2025-07-28
4581,8459,2405,183,5,Very Good,Great experience with this product.,2024-09-09
4582,8460,17841,27,4,Average Product,Loved the product. Highly recommended.,2026-04-08
4583,8462,4439,22,1,Worth the Money,Will not recommend.,2025-06-30
4584,8464,15494,93,1,Average Product,Not worth the price.,2025-11-16
4585,8465,6211,480,4,Very Good,Exactly as described.,2026-06-19
4586,8467,1125,34,1,Average Product,Bad packaging.,2026-01-22
4587,8468,7414,310,5,Highly Recommended,Excellent quality and fast delivery.,2026-06-24
4588,8469,12495,204,4,Not Worth It,Very satisfied with the purchase.,2025-03-02
4589,8471,5217,408,4,Highly Recommended,Packaging was good and product is amazing.,2026-02-13
4590,8473,9249,348,4,Not Worth It,Exactly as described.,2024-08-18
4591,8478,16663,112,3,Worth the Money,Product is okay.,2024-08-01
4592,8479,6188,412,5,Could Be Better,Excellent quality and fast delivery.,2026-07-22
4593,8480,15771,366,3,Poor Quality,Product is okay.,2026-01-24
4594,8481,10577,128,5,Satisfied,Superb quality and easy to use.,2025-05-14
4595,8482,17379,323,5,Satisfied,Excellent quality and fast delivery.,2025-07-19
4596,8483,3710,65,3,Not Worth It,Expected a little better.,2025-05-10
4597,8485,1844,266,4,Amazing Purchase,Packaging was good and product is amazing.,2025-01-13
4598,8487,16704,36,2,Highly Recommended,Stopped working after few days.,2025-02-25
4599,8488,4485,415,3,Not Worth It,Works as intended.,2025-09-08
4600,8491,13285,9,2,Very Good,Not worth the price.,2025-04-08
4601,8492,14863,196,5,Worth the Money,Very satisfied with the purchase.,2024-11-17
4602,8493,2559,4,3,Poor Quality,Expected a little better.,2026-01-06
4603,8494,1746,155,4,Very Good,Loved the product. Highly recommended.,2026-04-23
4604,8495,15031,236,5,Very Good,Very satisfied with the purchase.,2024-07-30
4605,8496,4709,140,5,Average Product,Very satisfied with the purchase.,2025-06-22
4606,8497,7970,240,4,Very Good,Very satisfied with the purchase.,2025-01-21
4607,8498,17945,269,4,Very Good,Value for money. Will buy again.,2025-09-17
4608,8499,243,213,5,Highly Recommended,Excellent quality and fast delivery.,2025-07-11
4609,8500,3060,225,4,Satisfied,Packaging was good and product is amazing.,2025-01-06
4610,8503,13147,164,4,Poor Quality,Very satisfied with the purchase.,2024-10-09
4611,8505,5536,288,5,Satisfied,Value for money. Will buy again.,2026-01-21
4612,8512,11944,387,5,Very Good,Superb quality and easy to use.,2025-01-28
4613,8517,16934,5,5,Poor Quality,Great experience with this product.,2025-11-24
4614,8518,16462,11,3,Could Be Better,Delivery was on time.,2025-09-12
4615,8520,3397,415,4,Very Good,Excellent quality and fast delivery.,2024-10-12
4616,8522,12543,104,3,Amazing Purchase,Delivery was on time.,2026-05-05
4617,8524,14442,60,2,Worth the Money,Received a defective item.,2025-05-07
4618,8528,6566,169,2,Amazing Purchase,Not worth the price.,2026-04-28
4619,8529,9609,334,2,Very Good,Poor quality product.,2024-09-08
4620,8530,15346,42,5,Worth the Money,Excellent quality and fast delivery.,2026-07-22
4621,8531,10678,150,5,Worth the Money,Exactly as described.,2025-01-05
4622,8533,6271,164,3,Very Good,Delivery was on time.,2025-03-27
4623,8534,9916,377,5,Very Good,Great experience with this product.,2024-12-08
4624,8538,10939,374,5,Poor Quality,Superb quality and easy to use.,2025-05-27
4625,8540,18354,414,4,Very Good,Very satisfied with the purchase.,2024-09-19
4626,8542,12450,23,5,Worth the Money,Exactly as described.,2026-04-26
4627,8546,11090,141,4,Worth the Money,Excellent quality and fast delivery.,2024-10-08
4628,8547,6679,178,5,Very Good,Great experience with this product.,2025-09-08
4629,8548,19167,193,4,Satisfied,Loved the product. Highly recommended.,2024-12-14
4630,8549,1225,386,2,Amazing Purchase,Stopped working after few days.,2024-10-04
4631,8552,17132,395,5,Worth the Money,Great experience with this product.,2025-03-06
4632,8553,18910,161,3,Highly Recommended,Delivery was on time.,2024-08-19
4633,8559,4647,29,4,Could Be Better,Very satisfied with the purchase.,2026-07-07
4634,8560,6569,244,4,Poor Quality,Great experience with this product.,2024-10-01
4635,8561,4863,115,2,Amazing Purchase,Received a defective item.,2025-09-17
4636,8566,15164,304,3,Excellent Product,Works as intended.,2024-10-02
4637,8568,16971,366,5,Highly Recommended,Exactly as described.,2025-08-09
4638,8569,4874,33,5,Could Be Better,Excellent quality and fast delivery.,2025-02-18
4639,8571,2892,472,3,Highly Recommended,Delivery was on time.,2026-01-30
4640,8572,16829,428,4,Satisfied,Very satisfied with the purchase.,2025-06-30
4641,8573,13306,316,3,Not Worth It,Average quality.,2025-04-16
4642,8575,10019,455,2,Not Worth It,Received a defective item.,2026-02-09
4643,8576,9550,490,5,Not Worth It,Value for money. Will buy again.,2026-06-02
4644,8577,3460,461,5,Average Product,Packaging was good and product is amazing.,2025-11-03
4645,8578,11976,137,3,Not Worth It,Product is okay.,2024-09-28
4646,8579,17376,304,3,Average Product,Average quality.,2025-01-15
4647,8582,3444,383,5,Satisfied,Exactly as described.,2024-08-30
4648,8584,10925,292,5,Satisfied,Great experience with this product.,2025-05-06
4649,8588,11114,455,5,Very Good,Excellent quality and fast delivery.,2025-11-10
4650,8589,10933,402,3,Poor Quality,Works as intended.,2025-07-09
4651,8591,18897,391,2,Not Worth It,Bad packaging.,2025-09-20
4652,8592,10018,86,4,Very Good,Superb quality and easy to use.,2026-03-14
4653,8593,18503,329,4,Could Be Better,Packaging was good and product is amazing.,2025-06-26
4654,8594,11182,429,1,Amazing Purchase,Not worth the price.,2025-12-20
4655,8595,3246,495,5,Amazing Purchase,Exactly as described.,2024-10-21
4656,8598,7033,72,5,Excellent Product,Exactly as described.,2024-08-24
4657,8599,6407,369,4,Satisfied,Exactly as described.,2026-05-16
4658,8602,11207,196,3,Satisfied,Average quality.,2024-09-16
4659,8603,6244,115,4,Highly Recommended,Excellent quality and fast delivery.,2025-11-15
4660,8606,18573,60,1,Amazing Purchase,Will not recommend.,2025-06-16
4661,8608,9346,337,2,Worth the Money,Will not recommend.,2024-09-26
4662,8609,14509,126,5,Highly Recommended,Great experience with this product.,2025-03-08
4663,8614,7865,6,4,Poor Quality,Very satisfied with the purchase.,2024-08-01
4664,8616,9794,119,5,Average Product,Exactly as described.,2025-01-30
4665,8617,6851,198,4,Very Good,Superb quality and easy to use.,2025-10-05
4666,8618,17265,39,4,Amazing Purchase,Loved the product. Highly recommended.,2025-12-18
4667,8620,9927,193,5,Amazing Purchase,Very satisfied with the purchase.,2026-06-09
4668,8622,9079,342,3,Very Good,Average quality.,2024-09-20
4669,8623,7333,193,5,Amazing Purchase,Packaging was good and product is amazing.,2025-04-07
4670,8624,12089,250,5,Average Product,Packaging was good and product is amazing.,2025-09-16
4671,8625,14297,22,4,Worth the Money,Great experience with this product.,2026-03-23
4672,8626,15707,288,5,Average Product,Packaging was good and product is amazing.,2024-09-14
4673,8627,3971,445,3,Satisfied,Delivery was on time.,2025-09-06
4674,8630,19703,235,4,Amazing Purchase,Very satisfied with the purchase.,2024-10-07
4675,8631,7235,454,5,Could Be Better,Value for money. Will buy again.,2024-11-24
4676,8632,1958,121,4,Average Product,Packaging was good and product is amazing.,2025-10-06
4677,8633,14170,383,5,Highly Recommended,Exactly as described.,2025-01-05
4678,8636,8778,31,4,Excellent Product,Loved the product. Highly recommended.,2026-04-19
4679,8639,6831,485,4,Excellent Product,Packaging was good and product is amazing.,2025-07-01
4680,8640,7766,500,2,Very Good,Bad packaging.,2026-04-23
4681,8642,19363,193,2,Very Good,Stopped working after few days.,2025-06-23
4682,8644,18805,498,3,Excellent Product,Expected a little better.,2026-04-03
4683,8647,17885,238,5,Could Be Better,Packaging was good and product is amazing.,2024-11-12
4684,8650,13637,175,5,Worth the Money,Excellent quality and fast delivery.,2026-04-27
4685,8651,12214,98,5,Very Good,Great experience with this product.,2026-04-10
4686,8652,19362,351,1,Very Good,Received a defective item.,2024-12-26
4687,8654,15530,292,1,Worth the Money,Poor quality product.,2024-11-25
4688,8655,118,252,5,Amazing Purchase,Great experience with this product.,2026-05-22
4689,8656,990,107,3,Poor Quality,Expected a little better.,2026-03-11
4690,8657,19072,405,5,Not Worth It,Very satisfied with the purchase.,2025-09-01
4691,8658,9260,365,4,Not Worth It,Excellent quality and fast delivery.,2025-09-16
4692,8659,8256,386,2,Not Worth It,Very disappointed.,2024-07-27
4693,8662,12187,40,5,Satisfied,Value for money. Will buy again.,2025-08-04
4694,8664,11608,226,2,Excellent Product,Bad packaging.,2025-02-15
4695,8666,3659,279,4,Poor Quality,Value for money. Will buy again.,2026-06-25
4696,8668,15231,33,5,Poor Quality,Value for money. Will buy again.,2026-02-03
4697,8670,1122,73,2,Satisfied,Stopped working after few days.,2025-04-30
4698,8671,9868,214,5,Average Product,Great experience with this product.,2025-02-10
4699,8672,2412,252,5,Could Be Better,Exactly as described.,2026-02-24
4700,8674,5182,95,4,Highly Recommended,Very satisfied with the purchase.,2026-07-25
4701,8677,5192,350,4,Not Worth It,Great experience with this product.,2025-06-26
4702,8678,19109,275,5,Worth the Money,Superb quality and easy to use.,2025-09-01
4703,8679,19691,353,4,Could Be Better,Loved the product. Highly recommended.,2024-07-31
4704,8684,8006,415,4,Not Worth It,Value for money. Will buy again.,2024-09-18
4705,8686,1933,459,4,Satisfied,Excellent quality and fast delivery.,2025-05-06
4706,8688,322,152,4,Highly Recommended,Packaging was good and product is amazing.,2026-02-13
4707,8690,907,374,4,Average Product,Very satisfied with the purchase.,2024-12-08
4708,8691,7388,401,2,Excellent Product,Poor quality product.,2025-09-23
4709,8692,1707,361,4,Excellent Product,Value for money. Will buy again.,2026-03-03
4710,8693,14833,444,5,Poor Quality,Value for money. Will buy again.,2026-01-10
4711,8697,3480,309,3,Worth the Money,Product is okay.,2026-02-06
4712,8700,14662,57,5,Very Good,Exactly as described.,2026-01-18
4713,8701,16500,119,5,Worth the Money,Value for money. Will buy again.,2026-02-09
4714,8704,13073,467,3,Average Product,Delivery was on time.,2025-04-10
4715,8705,18561,232,5,Very Good,Packaging was good and product is amazing.,2026-02-02
4716,8706,6930,223,4,Could Be Better,Loved the product. Highly recommended.,2026-02-26
4717,8707,6497,384,5,Highly Recommended,Excellent quality and fast delivery.,2026-02-14
4718,8708,6980,500,5,Satisfied,Excellent quality and fast delivery.,2026-01-16
4719,8709,1740,90,5,Not Worth It,Great experience with this product.,2025-08-26
4720,8712,18789,492,5,Not Worth It,Exactly as described.,2025-11-09
4721,8713,11055,239,5,Very Good,Excellent quality and fast delivery.,2025-12-25
4722,8719,9351,132,3,Worth the Money,Product is okay.,2024-12-27
4723,8720,12584,169,5,Could Be Better,Exactly as described.,2024-12-01
4724,8722,8709,468,5,Amazing Purchase,Excellent quality and fast delivery.,2025-02-11
4725,8724,9563,336,5,Satisfied,Very satisfied with the purchase.,2025-03-28
4726,8726,4890,72,4,Poor Quality,Great experience with this product.,2025-06-26
4727,8728,4647,306,3,Highly Recommended,Works as intended.,2025-11-08
4728,8729,10233,440,4,Not Worth It,Superb quality and easy to use.,2026-04-24
4729,8730,14043,416,4,Satisfied,Loved the product. Highly recommended.,2024-10-06
4730,8732,5430,209,5,Very Good,Excellent quality and fast delivery.,2025-06-19
4731,8735,13713,417,3,Highly Recommended,Product is okay.,2026-01-26
4732,8737,13944,395,4,Very Good,Value for money. Will buy again.,2025-07-30
4733,8738,11149,314,4,Highly Recommended,Value for money. Will buy again.,2024-10-05
4734,8744,4033,122,2,Highly Recommended,Poor quality product.,2025-05-04
4735,8746,17672,389,4,Excellent Product,Value for money. Will buy again.,2025-04-02
4736,8747,212,241,3,Worth the Money,Expected a little better.,2026-07-08
4737,8748,2264,359,3,Very Good,Product is okay.,2025-12-04
4738,8749,6385,205,5,Amazing Purchase,Exactly as described.,2025-02-28
4739,8750,1021,233,5,Average Product,Very satisfied with the purchase.,2025-10-13
4740,8752,15320,193,4,Not Worth It,Loved the product. Highly recommended.,2025-09-17
4741,8753,17206,430,5,Excellent Product,Superb quality and easy to use.,2025-03-09
4742,8754,12821,481,2,Worth the Money,Stopped working after few days.,2026-06-04
4743,8755,67,9,5,Worth the Money,Loved the product. Highly recommended.,2025-04-15
4744,8757,19550,470,3,Highly Recommended,Expected a little better.,2026-01-01
4745,8760,17470,48,3,Amazing Purchase,Product is okay.,2025-01-27
4746,8761,9015,241,5,Average Product,Great experience with this product.,2024-09-16
4747,8762,11468,18,5,Worth the Money,Excellent quality and fast delivery.,2024-12-16
4748,8763,13305,128,5,Not Worth It,Loved the product. Highly recommended.,2025-12-26
4749,8766,5807,336,5,Very Good,Superb quality and easy to use.,2026-02-19
4750,8767,16391,372,2,Satisfied,Not worth the price.,2026-06-22
4751,8768,10468,202,3,Very Good,Product is okay.,2025-06-15
4752,8769,14260,35,4,Amazing Purchase,Very satisfied with the purchase.,2026-06-09
4753,8771,14342,468,5,Excellent Product,Exactly as described.,2024-09-21
4754,8772,13039,268,2,Poor Quality,Poor quality product.,2024-12-16
4755,8773,2991,449,3,Could Be Better,Expected a little better.,2024-12-12
4756,8775,5861,110,1,Satisfied,Stopped working after few days.,2024-12-29
4757,8776,15088,213,4,Highly Recommended,Value for money. Will buy again.,2025-12-05
4758,8779,217,217,5,Worth the Money,Exactly as described.,2025-06-16
4759,8780,9217,110,5,Poor Quality,Value for money. Will buy again.,2025-07-07
4760,8781,7381,53,3,Very Good,Average quality.,2024-09-26
4761,8784,19767,355,4,Very Good,Great experience with this product.,2026-05-20
4762,8785,1061,313,5,Poor Quality,Value for money. Will buy again.,2025-01-22
4763,8787,5487,384,3,Satisfied,Average quality.,2026-02-12
4764,8789,13301,269,5,Could Be Better,Loved the product. Highly recommended.,2025-02-14
4765,8790,8976,6,5,Poor Quality,Exactly as described.,2024-12-01
4766,8793,1578,276,5,Amazing Purchase,Value for money. Will buy again.,2024-10-19
4767,8794,12907,326,4,Average Product,Very satisfied with the purchase.,2025-07-22
4768,8795,1825,176,2,Highly Recommended,Poor quality product.,2024-11-22
4769,8797,9540,383,5,Average Product,Great experience with this product.,2025-09-02
4770,8798,16003,61,5,Average Product,Superb quality and easy to use.,2025-01-14
4771,8803,7364,415,5,Could Be Better,Packaging was good and product is amazing.,2025-07-24
4772,8804,6775,66,4,Average Product,Exactly as described.,2025-09-18
4773,8805,12269,39,5,Could Be Better,Superb quality and easy to use.,2025-01-10
4774,8806,6989,114,5,Amazing Purchase,Excellent quality and fast delivery.,2025-09-14
4775,8808,15420,44,5,Highly Recommended,Excellent quality and fast delivery.,2024-11-02
4776,8811,3239,243,5,Highly Recommended,Excellent quality and fast delivery.,2026-02-28
4777,8812,3620,468,4,Not Worth It,Great experience with this product.,2025-07-03
4778,8813,19147,463,5,Excellent Product,Superb quality and easy to use.,2025-08-06
4779,8814,13639,74,4,Highly Recommended,Loved the product. Highly recommended.,2026-06-18
4780,8817,7051,455,5,Satisfied,Great experience with this product.,2025-05-08
4781,8818,12604,216,4,Could Be Better,Great experience with this product.,2025-11-04
4782,8821,3009,318,5,Highly Recommended,Value for money. Will buy again.,2025-10-20
4783,8822,7664,92,2,Very Good,Very disappointed.,2026-05-02
4784,8824,14371,316,2,Amazing Purchase,Bad packaging.,2024-09-28
4785,8825,10565,280,4,Could Be Better,Very satisfied with the purchase.,2025-11-16
4786,8826,14388,443,1,Poor Quality,Bad packaging.,2025-03-16
4787,8827,19983,399,4,Could Be Better,Excellent quality and fast delivery.,2026-05-27
4788,8830,2477,112,3,Could Be Better,Expected a little better.,2026-05-06
4789,8831,18285,54,1,Average Product,Bad packaging.,2025-04-27
4790,8832,5156,173,5,Amazing Purchase,Packaging was good and product is amazing.,2025-01-21
4791,8833,3617,409,5,Satisfied,Superb quality and easy to use.,2025-03-23
4792,8834,15468,484,5,Satisfied,Packaging was good and product is amazing.,2025-06-25
4793,8835,15991,218,4,Average Product,Value for money. Will buy again.,2024-11-25
4794,8837,16496,422,5,Excellent Product,Value for money. Will buy again.,2026-07-16
4795,8840,7994,95,4,Amazing Purchase,Great experience with this product.,2026-01-22
4796,8841,12421,483,3,Could Be Better,Expected a little better.,2025-08-16
4797,8842,4004,290,5,Amazing Purchase,Loved the product. Highly recommended.,2024-09-13
4798,8843,11424,386,4,Average Product,Superb quality and easy to use.,2025-10-06
4799,8845,14128,374,2,Amazing Purchase,Received a defective item.,2026-05-03
4800,8846,9899,304,3,Excellent Product,Delivery was on time.,2024-08-31
4801,8850,12345,24,5,Satisfied,Value for money. Will buy again.,2024-11-25
4802,8851,12994,231,5,Poor Quality,Great experience with this product.,2025-03-04
4803,8852,19618,76,3,Poor Quality,Average quality.,2025-04-10
4804,8853,8428,116,4,Poor Quality,Loved the product. Highly recommended.,2024-11-16
4805,8855,19635,370,5,Satisfied,Loved the product. Highly recommended.,2025-12-24
4806,8857,3337,414,4,Highly Recommended,Superb quality and easy to use.,2025-06-13
4807,8858,5956,322,5,Satisfied,Packaging was good and product is amazing.,2025-01-25
4808,8860,17206,260,4,Highly Recommended,Excellent quality and fast delivery.,2025-09-03
4809,8861,340,471,5,Worth the Money,Packaging was good and product is amazing.,2025-06-01
4810,8862,11975,296,4,Could Be Better,Exactly as described.,2025-04-07
4811,8863,14460,397,4,Satisfied,Superb quality and easy to use.,2026-06-21
4812,8864,14488,143,5,Excellent Product,Great experience with this product.,2024-08-01
4813,8866,15341,96,2,Average Product,Bad packaging.,2025-06-30
4814,8868,19838,135,1,Worth the Money,Received a defective item.,2025-10-09
4815,8869,701,198,5,Satisfied,Great experience with this product.,2026-05-26
4816,8870,5196,13,1,Could Be Better,Received a defective item.,2026-06-29
4817,8871,2581,281,3,Highly Recommended,Works as intended.,2025-01-04
4818,8873,16280,134,4,Highly Recommended,Exactly as described.,2025-05-07
4819,8874,4047,4,3,Excellent Product,Delivery was on time.,2024-10-15
4820,8875,5993,385,2,Not Worth It,Not worth the price.,2025-08-24
4821,8876,9269,431,4,Worth the Money,Exactly as described.,2026-01-20
4822,8879,19471,40,4,Excellent Product,Great experience with this product.,2025-03-22
4823,8884,11976,355,4,Amazing Purchase,Very satisfied with the purchase.,2025-08-25
4824,8885,14413,496,4,Worth the Money,Superb quality and easy to use.,2026-04-22
4825,8886,19746,195,5,Not Worth It,Loved the product. Highly recommended.,2026-05-13
4826,8887,14222,453,4,Excellent Product,Packaging was good and product is amazing.,2025-10-29
4827,8888,11038,412,5,Very Good,Loved the product. Highly recommended.,2025-04-18
4828,8889,2425,206,2,Very Good,Will not recommend.,2024-08-16
4829,8892,12605,10,4,Average Product,Value for money. Will buy again.,2026-05-29
4830,8893,8362,6,5,Average Product,Loved the product. Highly recommended.,2025-07-05
4831,8894,7921,475,5,Amazing Purchase,Loved the product. Highly recommended.,2025-09-24
4832,8896,6086,295,5,Excellent Product,Very satisfied with the purchase.,2025-01-10
4833,8897,2374,82,2,Poor Quality,Poor quality product.,2025-07-01
4834,8898,16823,292,2,Poor Quality,Not worth the price.,2025-10-10
4835,8899,9722,95,2,Poor Quality,Received a defective item.,2025-01-08
4836,8901,13132,3,2,Highly Recommended,Not worth the price.,2024-10-07
4837,8902,10413,230,1,Satisfied,Bad packaging.,2026-01-27
4838,8903,8784,477,5,Amazing Purchase,Great experience with this product.,2025-04-14
4839,8905,19777,141,2,Not Worth It,Very disappointed.,2025-09-03
4840,8907,11529,236,5,Poor Quality,Loved the product. Highly recommended.,2024-08-19
4841,8909,15861,288,2,Worth the Money,Very disappointed.,2025-07-09
4842,8911,6411,311,4,Excellent Product,Exactly as described.,2025-08-14
4843,8912,12802,324,1,Not Worth It,Received a defective item.,2026-04-13
4844,8913,9249,255,4,Highly Recommended,Superb quality and easy to use.,2025-05-31
4845,8914,3419,441,5,Excellent Product,Excellent quality and fast delivery.,2025-09-27
4846,8918,833,48,5,Poor Quality,Excellent quality and fast delivery.,2024-11-10
4847,8920,8464,374,4,Not Worth It,Very satisfied with the purchase.,2025-01-25
4848,8921,9267,341,5,Could Be Better,Superb quality and easy to use.,2026-05-01
4849,8922,1826,218,2,Highly Recommended,Very disappointed.,2025-01-30
4850,8926,12187,433,5,Very Good,Very satisfied with the purchase.,2025-01-19
4851,8927,13918,483,5,Poor Quality,Very satisfied with the purchase.,2026-04-26
4852,8931,215,52,1,Excellent Product,Stopped working after few days.,2026-01-02
4853,8934,7009,74,4,Excellent Product,Loved the product. Highly recommended.,2026-05-26
4854,8938,16545,223,3,Highly Recommended,Average quality.,2024-08-28
4855,8943,14876,158,4,Poor Quality,Excellent quality and fast delivery.,2025-07-07
4856,8946,3497,406,4,Not Worth It,Excellent quality and fast delivery.,2026-02-21
4857,8950,8815,158,5,Poor Quality,Very satisfied with the purchase.,2026-01-26
4858,8951,11800,138,5,Could Be Better,Value for money. Will buy again.,2026-04-18
4859,8956,3958,422,4,Satisfied,Value for money. Will buy again.,2025-12-30
4860,8958,1549,380,5,Poor Quality,Very satisfied with the purchase.,2025-05-10
4861,8960,10016,269,3,Very Good,Expected a little better.,2025-04-18
4862,8961,400,392,2,Highly Recommended,Poor quality product.,2025-07-19
4863,8964,4651,440,4,Worth the Money,Packaging was good and product is amazing.,2025-08-15
4864,8967,10338,148,5,Satisfied,Excellent quality and fast delivery.,2024-10-10
4865,8968,2142,289,4,Excellent Product,Loved the product. Highly recommended.,2024-11-12
4866,8969,5049,308,2,Amazing Purchase,Bad packaging.,2025-09-14
4867,8970,9720,326,5,Satisfied,Superb quality and easy to use.,2025-05-09
4868,8972,6640,308,5,Very Good,Superb quality and easy to use.,2026-01-21
4869,8973,16606,1,3,Very Good,Works as intended.,2025-12-11
4870,8976,13769,469,3,Average Product,Expected a little better.,2024-11-13
4871,8977,3881,163,5,Excellent Product,Packaging was good and product is amazing.,2025-06-03
4872,8980,2178,106,5,Could Be Better,Very satisfied with the purchase.,2024-08-08
4873,8982,15146,127,5,Poor Quality,Very satisfied with the purchase.,2026-05-31
4874,8983,6496,176,2,Average Product,Not worth the price.,2025-02-18
4875,8984,4760,198,3,Amazing Purchase,Delivery was on time.,2025-03-03
4876,8986,11220,435,5,Poor Quality,Packaging was good and product is amazing.,2025-09-24
4877,8987,5603,498,3,Worth the Money,Average quality.,2024-09-16
4878,8988,18514,398,4,Not Worth It,Very satisfied with the purchase.,2025-09-15
4879,8992,3959,161,5,Very Good,Exactly as described.,2025-01-27
4880,8993,3454,64,3,Worth the Money,Works as intended.,2025-05-17
4881,9000,17521,365,5,Not Worth It,Superb quality and easy to use.,2025-08-27
4882,9001,2253,364,3,Poor Quality,Delivery was on time.,2024-12-06
4883,9002,6915,177,5,Very Good,Excellent quality and fast delivery.,2026-06-24
4884,9003,7709,194,1,Could Be Better,Received a defective item.,2025-03-28
4885,9004,15489,395,3,Not Worth It,Delivery was on time.,2025-10-09
4886,9007,12735,378,1,Not Worth It,Poor quality product.,2025-08-09
4887,9011,7355,345,1,Could Be Better,Not worth the price.,2026-06-26
4888,9013,12818,301,4,Highly Recommended,Very satisfied with the purchase.,2025-05-27
4889,9015,16393,339,5,Very Good,Great experience with this product.,2026-03-08
4890,9017,7344,177,3,Could Be Better,Works as intended.,2025-07-29
4891,9019,19652,380,5,Poor Quality,Very satisfied with the purchase.,2026-06-03
4892,9022,4679,143,5,Not Worth It,Loved the product. Highly recommended.,2026-02-27
4893,9023,2165,215,3,Very Good,Expected a little better.,2025-02-26
4894,9024,12956,449,1,Very Good,Very disappointed.,2025-06-02
4895,9026,17498,372,3,Satisfied,Works as intended.,2025-12-14
4896,9027,14133,22,3,Very Good,Works as intended.,2026-07-19
4897,9030,15071,132,4,Very Good,Loved the product. Highly recommended.,2024-11-20
4898,9031,6565,118,5,Worth the Money,Exactly as described.,2026-01-01
4899,9032,4715,133,4,Not Worth It,Loved the product. Highly recommended.,2025-03-20
4900,9033,18188,270,4,Very Good,Loved the product. Highly recommended.,2025-12-25
4901,9036,8302,453,4,Not Worth It,Excellent quality and fast delivery.,2026-02-01
4902,9037,13298,138,5,Highly Recommended,Very satisfied with the purchase.,2025-08-25
4903,9038,17494,491,4,Average Product,Packaging was good and product is amazing.,2025-06-28
4904,9040,15989,424,2,Poor Quality,Bad packaging.,2026-04-01
4905,9041,2523,120,5,Average Product,Excellent quality and fast delivery.,2026-06-06
4906,9046,13109,372,3,Poor Quality,Works as intended.,2026-06-05
4907,9048,18780,189,4,Very Good,Loved the product. Highly recommended.,2025-10-04
4908,9049,15556,70,1,Highly Recommended,Poor quality product.,2025-01-15
4909,9050,4547,467,5,Satisfied,Value for money. Will buy again.,2025-07-20
4910,9051,2459,180,3,Worth the Money,Average quality.,2025-11-11
4911,9053,668,220,5,Highly Recommended,Value for money. Will buy again.,2024-08-23
4912,9057,9232,244,4,Poor Quality,Great experience with this product.,2025-05-26
4913,9059,1645,490,3,Excellent Product,Product is okay.,2025-08-20
4914,9060,11859,161,5,Highly Recommended,Exactly as described.,2026-06-10
4915,9061,14076,239,3,Amazing Purchase,Delivery was on time.,2025-07-10
4916,9062,13011,435,4,Very Good,Value for money. Will buy again.,2026-07-23
4917,9063,5512,217,4,Amazing Purchase,Excellent quality and fast delivery.,2025-10-18
4918,9065,11634,184,5,Very Good,Value for money. Will buy again.,2024-12-02
4919,9066,19693,397,4,Excellent Product,Superb quality and easy to use.,2026-02-12
4920,9068,16150,173,3,Very Good,Works as intended.,2025-01-13
4921,9070,13312,148,4,Amazing Purchase,Excellent quality and fast delivery.,2025-02-01
4922,9071,10609,376,4,Amazing Purchase,Excellent quality and fast delivery.,2024-11-02
4923,9072,10786,497,5,Worth the Money,Loved the product. Highly recommended.,2025-04-16
4924,9074,16666,9,2,Very Good,Poor quality product.,2026-05-27
4925,9076,404,399,5,Could Be Better,Exactly as described.,2025-04-19
4926,9079,7747,452,5,Amazing Purchase,Excellent quality and fast delivery.,2025-01-09
4927,9080,13351,135,3,Not Worth It,Expected a little better.,2025-12-24
4928,9084,17503,177,5,Excellent Product,Very satisfied with the purchase.,2025-08-21
4929,9085,10514,128,5,Excellent Product,Great experience with this product.,2024-10-18
4930,9087,14373,16,2,Satisfied,Will not recommend.,2026-05-03
4931,9088,19602,181,3,Poor Quality,Average quality.,2025-06-13
4932,9089,17944,15,3,Very Good,Product is okay.,2025-05-13
4933,9092,8067,313,4,Excellent Product,Exactly as described.,2025-09-22
4934,9093,6890,174,3,Satisfied,Delivery was on time.,2025-02-03
4935,9095,13919,253,2,Average Product,Received a defective item.,2024-11-14
4936,9097,16878,401,5,Amazing Purchase,Very satisfied with the purchase.,2025-06-12
4937,9100,9992,231,4,Excellent Product,Very satisfied with the purchase.,2026-02-11
4938,9101,916,352,4,Worth the Money,Packaging was good and product is amazing.,2025-03-27
4939,9104,16096,405,4,Not Worth It,Great experience with this product.,2026-02-25
4940,9105,9257,126,5,Poor Quality,Exactly as described.,2026-05-02
4941,9106,3356,121,3,Amazing Purchase,Expected a little better.,2026-06-19
4942,9108,1479,145,4,Average Product,Superb quality and easy to use.,2025-07-08
4943,9110,2054,165,5,Very Good,Value for money. Will buy again.,2026-01-30
4944,9111,2814,338,2,Excellent Product,Will not recommend.,2026-03-28
4945,9112,9047,396,2,Amazing Purchase,Will not recommend.,2025-10-09
4946,9113,18633,494,2,Poor Quality,Bad packaging.,2026-05-11
4947,9115,142,172,4,Not Worth It,Excellent quality and fast delivery.,2025-09-07
4948,9116,14884,213,4,Poor Quality,Packaging was good and product is amazing.,2026-04-07
4949,9117,9205,487,3,Highly Recommended,Delivery was on time.,2026-04-07
4950,9119,10836,38,5,Highly Recommended,Excellent quality and fast delivery.,2025-04-02
4951,9120,2903,48,2,Very Good,Stopped working after few days.,2026-04-16
4952,9123,13668,486,3,Satisfied,Works as intended.,2025-01-18
4953,9124,4755,136,2,Worth the Money,Will not recommend.,2024-11-22
4954,9125,8655,392,4,Very Good,Excellent quality and fast delivery.,2025-01-28
4955,9126,14778,14,2,Excellent Product,Poor quality product.,2025-09-30
4956,9135,4339,422,5,Worth the Money,Value for money. Will buy again.,2025-02-26
4957,9136,17282,329,5,Satisfied,Exactly as described.,2025-03-16
4958,9144,14974,41,5,Satisfied,Superb quality and easy to use.,2025-06-16
4959,9145,3929,343,4,Excellent Product,Excellent quality and fast delivery.,2026-02-23
4960,9146,11566,306,3,Excellent Product,Product is okay.,2024-09-23
4961,9148,3472,35,5,Could Be Better,Excellent quality and fast delivery.,2024-10-28
4962,9149,2969,129,5,Excellent Product,Packaging was good and product is amazing.,2025-03-26
4963,9150,17794,167,3,Satisfied,Product is okay.,2025-10-17
4964,9153,18194,236,4,Very Good,Very satisfied with the purchase.,2026-05-10
4965,9155,5110,393,5,Average Product,Loved the product. Highly recommended.,2025-10-12
4966,9156,15267,8,3,Worth the Money,Delivery was on time.,2024-09-28
4967,9157,13344,12,1,Could Be Better,Bad packaging.,2025-11-07
4968,9164,16665,107,2,Not Worth It,Bad packaging.,2025-10-22
4969,9166,16018,63,5,Not Worth It,Great experience with this product.,2026-06-09
4970,9167,19243,487,5,Highly Recommended,Loved the product. Highly recommended.,2026-04-20
4971,9169,7038,323,3,Worth the Money,Expected a little better.,2025-06-09
4972,9170,13696,442,5,Satisfied,Packaging was good and product is amazing.,2026-03-22
4973,9171,18982,116,5,Poor Quality,Great experience with this product.,2025-06-15
4974,9173,4459,486,4,Worth the Money,Superb quality and easy to use.,2025-05-20
4975,9175,14684,215,5,Poor Quality,Superb quality and easy to use.,2025-04-07
4976,9176,13463,110,3,Amazing Purchase,Delivery was on time.,2026-04-05
4977,9177,17423,178,3,Very Good,Average quality.,2025-05-09
4978,9178,8584,63,2,Amazing Purchase,Stopped working after few days.,2025-07-29
4979,9180,471,106,3,Worth the Money,Delivery was on time.,2026-01-17
4980,9182,19371,241,4,Satisfied,Very satisfied with the purchase.,2026-01-03
4981,9187,3949,243,2,Worth the Money,Received a defective item.,2025-10-29
4982,9190,11691,241,5,Highly Recommended,Exactly as described.,2026-04-23
4983,9191,14342,70,5,Highly Recommended,Very satisfied with the purchase.,2025-05-05
4984,9192,7704,400,4,Poor Quality,Value for money. Will buy again.,2025-03-11
4985,9193,1104,212,4,Average Product,Great experience with this product.,2025-07-15
4986,9194,11842,238,4,Worth the Money,Very satisfied with the purchase.,2025-07-17
4987,9195,16440,172,5,Satisfied,Superb quality and easy to use.,2024-10-09
4988,9202,9427,112,2,Worth the Money,Poor quality product.,2025-09-17
4989,9207,10085,295,1,Satisfied,Will not recommend.,2025-02-17
4990,9208,13051,248,5,Worth the Money,Exactly as described.,2024-10-02
4991,9209,2311,77,4,Amazing Purchase,Value for money. Will buy again.,2025-02-23
4992,9215,16969,363,3,Highly Recommended,Delivery was on time.,2025-11-07
4993,9218,17517,33,5,Satisfied,Very satisfied with the purchase.,2025-02-16
4994,9219,14600,25,5,Worth the Money,Great experience with this product.,2025-05-06
4995,9220,9800,471,3,Not Worth It,Expected a little better.,2024-12-04
4996,9224,7204,31,3,Very Good,Expected a little better.,2026-03-21
4997,9227,12012,245,4,Excellent Product,Superb quality and easy to use.,2026-02-01
4998,9229,7376,390,3,Poor Quality,Works as intended.,2025-08-18
4999,9230,9176,110,3,Could Be Better,Product is okay.,2025-11-16
5000,9231,7362,416,5,Worth the Money,Packaging was good and product is amazing.,2025-11-07
5001,9233,10278,415,3,Worth the Money,Expected a little better.,2026-07-08
5002,9234,16459,207,5,Very Good,Exactly as described.,2025-01-09
5003,9235,10743,75,5,Excellent Product,Value for money. Will buy again.,2025-09-18
5004,9237,5790,21,5,Worth the Money,Great experience with this product.,2025-03-10
5005,9238,3358,42,5,Amazing Purchase,Value for money. Will buy again.,2025-02-21
5006,9240,15494,73,3,Average Product,Delivery was on time.,2025-09-27
5007,9241,8250,336,1,Highly Recommended,Not worth the price.,2026-02-04
5008,9242,19129,61,4,Poor Quality,Excellent quality and fast delivery.,2024-09-24
5009,9243,7129,84,4,Amazing Purchase,Exactly as described.,2025-11-22
5010,9246,15203,268,5,Poor Quality,Value for money. Will buy again.,2026-01-17
5011,9251,14811,246,3,Poor Quality,Average quality.,2024-08-12
5012,9252,1632,353,3,Satisfied,Average quality.,2025-10-20
5013,9253,16982,264,1,Very Good,Received a defective item.,2024-12-09
5014,9254,14828,291,5,Average Product,Loved the product. Highly recommended.,2025-05-25
5015,9255,15699,168,5,Could Be Better,Packaging was good and product is amazing.,2024-09-03
5016,9256,13563,19,3,Not Worth It,Average quality.,2024-09-15
5017,9258,15281,170,4,Could Be Better,Great experience with this product.,2026-03-20
5018,9259,13988,156,2,Excellent Product,Bad packaging.,2025-08-04
5019,9265,12906,440,4,Worth the Money,Value for money. Will buy again.,2025-11-21
5020,9266,19838,189,3,Poor Quality,Product is okay.,2026-05-21
5021,9267,11572,151,4,Excellent Product,Packaging was good and product is amazing.,2025-08-09
5022,9269,12565,28,4,Worth the Money,Superb quality and easy to use.,2025-06-15
5023,9270,15518,423,4,Average Product,Exactly as described.,2025-06-01
5024,9272,3984,331,3,Average Product,Product is okay.,2025-12-19
5025,9273,13961,153,2,Average Product,Not worth the price.,2026-02-05
5026,9274,194,444,5,Excellent Product,Loved the product. Highly recommended.,2024-10-29
5027,9276,2169,158,1,Poor Quality,Received a defective item.,2025-06-08
5028,9277,15797,222,2,Not Worth It,Received a defective item.,2026-06-04
5029,9279,1047,237,3,Very Good,Average quality.,2026-02-08
5030,9281,6967,3,4,Poor Quality,Very satisfied with the purchase.,2026-03-30
5031,9283,9063,74,5,Could Be Better,Great experience with this product.,2026-07-08
5032,9284,18332,250,4,Highly Recommended,Exactly as described.,2025-11-13
5033,9285,3427,369,3,Very Good,Product is okay.,2025-02-05
5034,9286,596,97,4,Worth the Money,Packaging was good and product is amazing.,2025-02-11
5035,9287,15511,325,4,Amazing Purchase,Value for money. Will buy again.,2025-08-27
5036,9289,8984,342,3,Amazing Purchase,Product is okay.,2025-07-02
5037,9290,12008,347,5,Excellent Product,Value for money. Will buy again.,2025-01-13
5038,9292,17220,297,4,Amazing Purchase,Packaging was good and product is amazing.,2025-11-04
5039,9293,4203,468,5,Not Worth It,Superb quality and easy to use.,2026-06-24
5040,9294,15904,372,4,Not Worth It,Loved the product. Highly recommended.,2024-08-04
5041,9297,7914,221,3,Amazing Purchase,Product is okay.,2024-09-18
5042,9301,2966,468,3,Could Be Better,Works as intended.,2025-02-03
5043,9302,2963,431,4,Satisfied,Packaging was good and product is amazing.,2025-07-06
5044,9308,8690,333,2,Worth the Money,Bad packaging.,2025-02-28
5045,9310,5425,281,5,Could Be Better,Very satisfied with the purchase.,2025-12-06
5046,9311,18448,200,5,Not Worth It,Excellent quality and fast delivery.,2025-01-19
5047,9313,256,205,3,Amazing Purchase,Average quality.,2026-01-20
5048,9314,14491,58,4,Highly Recommended,Exactly as described.,2024-09-19
5049,9315,907,83,5,Excellent Product,Superb quality and easy to use.,2025-10-13
5050,9317,10024,316,5,Amazing Purchase,Value for money. Will buy again.,2024-11-20
5051,9318,3748,27,5,Average Product,Excellent quality and fast delivery.,2026-07-12
5052,9319,1581,151,5,Very Good,Very satisfied with the purchase.,2024-12-12
5053,9324,16763,86,4,Could Be Better,Packaging was good and product is amazing.,2024-11-26
5054,9326,19103,444,4,Could Be Better,Superb quality and easy to use.,2026-05-07
5055,9327,1644,31,5,Very Good,Very satisfied with the purchase.,2025-03-15
5056,9331,3625,48,5,Could Be Better,Packaging was good and product is amazing.,2025-10-25
5057,9332,5324,409,1,Very Good,Stopped working after few days.,2025-10-18
5058,9335,15290,287,5,Poor Quality,Value for money. Will buy again.,2024-10-24
5059,9339,13117,42,2,Highly Recommended,Bad packaging.,2024-10-21
5060,9340,6998,286,1,Could Be Better,Poor quality product.,2025-06-27
5061,9342,12935,40,4,Poor Quality,Excellent quality and fast delivery.,2025-02-06
5062,9343,4001,277,5,Highly Recommended,Superb quality and easy to use.,2024-11-13
5063,9344,15276,264,2,Very Good,Will not recommend.,2024-11-25
5064,9345,4491,274,5,Average Product,Great experience with this product.,2024-08-24
5065,9348,16728,399,4,Average Product,Very satisfied with the purchase.,2025-06-07
5066,9349,16502,337,5,Satisfied,Loved the product. Highly recommended.,2025-01-27
5067,9350,10146,315,4,Could Be Better,Very satisfied with the purchase.,2024-11-16
5068,9351,6817,74,4,Average Product,Excellent quality and fast delivery.,2025-08-24
5069,9353,7938,115,4,Very Good,Loved the product. Highly recommended.,2025-05-30
5070,9354,7932,313,5,Amazing Purchase,Superb quality and easy to use.,2026-05-31
5071,9355,18044,481,5,Satisfied,Exactly as described.,2025-02-24
5072,9356,2064,288,5,Not Worth It,Great experience with this product.,2024-09-16
5073,9357,13178,12,1,Amazing Purchase,Stopped working after few days.,2025-05-01
5074,9358,8690,254,4,Average Product,Very satisfied with the purchase.,2025-10-13
5075,9359,17793,129,2,Excellent Product,Will not recommend.,2026-04-24
5076,9361,923,110,2,Amazing Purchase,Will not recommend.,2026-04-02
5077,9363,2919,64,2,Worth the Money,Poor quality product.,2024-10-29
5078,9364,5363,110,5,Could Be Better,Very satisfied with the purchase.,2026-03-01
5079,9367,19538,284,3,Satisfied,Works as intended.,2024-10-09
5080,9368,208,292,5,Average Product,Great experience with this product.,2025-09-15
5081,9369,8981,465,5,Worth the Money,Superb quality and easy to use.,2024-11-07
5082,9373,322,236,5,Very Good,Superb quality and easy to use.,2026-06-01
5083,9374,880,219,5,Satisfied,Very satisfied with the purchase.,2025-03-11
5084,9378,14325,127,5,Worth the Money,Great experience with this product.,2026-07-01
5085,9379,1887,149,4,Satisfied,Packaging was good and product is amazing.,2026-01-27
5086,9380,13645,371,5,Could Be Better,Packaging was good and product is amazing.,2025-02-22
5087,9382,16047,258,1,Amazing Purchase,Stopped working after few days.,2025-03-26
5088,9383,10593,207,4,Not Worth It,Excellent quality and fast delivery.,2025-05-09
5089,9384,4039,484,5,Not Worth It,Packaging was good and product is amazing.,2024-08-10
5090,9385,17676,45,4,Satisfied,Superb quality and easy to use.,2026-04-01
5091,9389,529,81,5,Average Product,Exactly as described.,2026-01-04
5092,9390,568,370,4,Worth the Money,Value for money. Will buy again.,2026-01-18
5093,9392,1276,224,4,Could Be Better,Packaging was good and product is amazing.,2024-10-21
5094,9393,13524,324,5,Not Worth It,Great experience with this product.,2025-09-17
5095,9394,171,458,4,Very Good,Value for money. Will buy again.,2024-08-27
5096,9396,18468,46,3,Worth the Money,Expected a little better.,2025-11-28
5097,9397,17311,129,5,Average Product,Loved the product. Highly recommended.,2026-07-10
5098,9400,13201,441,5,Highly Recommended,Value for money. Will buy again.,2026-01-28
5099,9403,509,233,4,Highly Recommended,Exactly as described.,2026-01-16
5100,9404,1165,225,4,Satisfied,Packaging was good and product is amazing.,2025-10-05
5101,9405,6819,56,5,Worth the Money,Exactly as described.,2024-09-04
5102,9407,4364,402,4,Excellent Product,Excellent quality and fast delivery.,2026-07-04
5103,9412,3373,73,5,Amazing Purchase,Exactly as described.,2026-05-18
5104,9418,3484,471,4,Could Be Better,Loved the product. Highly recommended.,2025-12-02
5105,9420,13039,301,3,Average Product,Delivery was on time.,2025-06-09
5106,9421,6039,112,4,Average Product,Value for money. Will buy again.,2025-07-29
5107,9423,3193,310,4,Poor Quality,Exactly as described.,2025-08-26
5108,9427,2911,56,5,Average Product,Loved the product. Highly recommended.,2025-04-14
5109,9428,8608,68,5,Poor Quality,Value for money. Will buy again.,2026-01-16
5110,9429,18150,355,4,Highly Recommended,Excellent quality and fast delivery.,2025-07-12
5111,9433,11555,395,4,Excellent Product,Loved the product. Highly recommended.,2024-09-25
5112,9434,747,215,4,Highly Recommended,Value for money. Will buy again.,2024-07-26
5113,9435,1695,402,4,Poor Quality,Packaging was good and product is amazing.,2025-01-03
5114,9436,15038,396,5,Not Worth It,Superb quality and easy to use.,2024-09-27
5115,9439,17865,407,5,Highly Recommended,Exactly as described.,2025-09-29
5116,9440,9616,215,4,Not Worth It,Excellent quality and fast delivery.,2025-03-27
5117,9442,9308,93,4,Worth the Money,Loved the product. Highly recommended.,2026-07-03
5118,9443,2531,222,2,Could Be Better,Poor quality product.,2025-04-16
5119,9444,14079,467,4,Could Be Better,Great experience with this product.,2026-07-14
5120,9445,10162,267,4,Excellent Product,Packaging was good and product is amazing.,2024-09-13
5121,9446,10189,203,5,Poor Quality,Packaging was good and product is amazing.,2025-01-08
5122,9449,17590,398,4,Poor Quality,Great experience with this product.,2026-02-15
5123,9451,8440,299,5,Satisfied,Loved the product. Highly recommended.,2025-02-23
5124,9455,19447,278,2,Worth the Money,Stopped working after few days.,2024-12-14
5125,9456,6606,296,4,Excellent Product,Loved the product. Highly recommended.,2025-09-05
5126,9457,12086,287,4,Amazing Purchase,Packaging was good and product is amazing.,2026-06-15
5127,9458,12561,25,4,Satisfied,Value for money. Will buy again.,2025-02-26
5128,9461,17465,22,3,Very Good,Expected a little better.,2026-07-02
5129,9464,13428,290,4,Satisfied,Great experience with this product.,2024-12-03
5130,9465,12003,444,5,Excellent Product,Very satisfied with the purchase.,2026-07-11
5131,9470,16238,374,4,Not Worth It,Packaging was good and product is amazing.,2025-11-06
5132,9471,3937,458,5,Could Be Better,Exactly as described.,2025-03-14
5133,9472,7175,155,5,Highly Recommended,Loved the product. Highly recommended.,2025-05-24
5134,9473,18020,347,4,Poor Quality,Very satisfied with the purchase.,2025-02-07
5135,9474,10073,261,1,Average Product,Very disappointed.,2024-10-05
5136,9475,18648,359,5,Amazing Purchase,Value for money. Will buy again.,2025-03-21
5137,9480,6671,356,5,Poor Quality,Exactly as described.,2025-07-14
5138,9481,9722,68,4,Could Be Better,Excellent quality and fast delivery.,2026-01-28
5139,9482,17908,183,2,Poor Quality,Bad packaging.,2025-01-30
5140,9483,3069,329,4,Average Product,Exactly as described.,2025-01-17
5141,9484,5094,312,1,Worth the Money,Stopped working after few days.,2025-08-01
5142,9485,1829,343,1,Worth the Money,Very disappointed.,2025-05-28
5143,9486,13757,262,4,Highly Recommended,Great experience with this product.,2025-09-17
5144,9495,3867,294,4,Not Worth It,Value for money. Will buy again.,2024-10-18
5145,9502,443,389,4,Worth the Money,Very satisfied with the purchase.,2026-02-20
5146,9505,18371,15,5,Excellent Product,Excellent quality and fast delivery.,2024-11-13
5147,9507,3396,35,4,Satisfied,Loved the product. Highly recommended.,2026-07-14
5148,9509,6513,436,3,Poor Quality,Expected a little better.,2026-06-04
5149,9510,3574,178,3,Not Worth It,Works as intended.,2025-08-06
5150,9511,2622,160,3,Poor Quality,Works as intended.,2024-12-19
5151,9512,16233,230,5,Worth the Money,Packaging was good and product is amazing.,2025-05-21
5152,9515,9928,31,5,Not Worth It,Great experience with this product.,2026-02-08
5153,9518,9491,153,3,Not Worth It,Works as intended.,2026-05-10
5154,9520,6955,304,5,Very Good,Very satisfied with the purchase.,2025-01-25
5155,9521,1065,475,1,Worth the Money,Stopped working after few days.,2024-10-28
5156,9523,12750,176,3,Average Product,Product is okay.,2025-12-29
5157,9524,19090,404,3,Satisfied,Average quality.,2024-11-04
5158,9527,5512,18,5,Excellent Product,Value for money. Will buy again.,2025-06-11
5159,9534,4717,337,4,Satisfied,Excellent quality and fast delivery.,2026-06-10
5160,9536,3453,133,1,Not Worth It,Not worth the price.,2025-10-04
5161,9537,5810,18,5,Not Worth It,Superb quality and easy to use.,2025-04-14
5162,9540,10206,219,2,Poor Quality,Bad packaging.,2026-06-08
5163,9543,16599,488,3,Not Worth It,Product is okay.,2025-02-22
5164,9544,5805,297,3,Worth the Money,Average quality.,2026-07-15
5165,9547,14846,350,5,Could Be Better,Great experience with this product.,2025-12-06
5166,9548,5691,437,2,Amazing Purchase,Will not recommend.,2024-08-07
5167,9549,15392,253,4,Satisfied,Packaging was good and product is amazing.,2025-09-14
5168,9550,16958,63,3,Not Worth It,Expected a little better.,2025-04-10
5169,9551,594,120,3,Satisfied,Product is okay.,2025-11-16
5170,9552,19131,263,3,Worth the Money,Expected a little better.,2026-05-11
5171,9553,14236,45,5,Worth the Money,Great experience with this product.,2025-11-21
5172,9554,13750,91,1,Could Be Better,Bad packaging.,2025-04-04
5173,9558,5789,189,5,Excellent Product,Value for money. Will buy again.,2026-02-22
5174,9560,535,31,2,Poor Quality,Stopped working after few days.,2025-11-24
5175,9561,4773,13,4,Satisfied,Superb quality and easy to use.,2024-11-26
5176,9563,5965,364,5,Very Good,Value for money. Will buy again.,2026-04-01
5177,9564,6152,197,3,Could Be Better,Delivery was on time.,2025-04-26
5178,9565,15109,29,3,Not Worth It,Product is okay.,2026-01-21
5179,9567,16960,450,3,Excellent Product,Product is okay.,2025-04-16
5180,9571,6037,275,5,Average Product,Superb quality and easy to use.,2026-04-01
5181,9572,19964,383,2,Excellent Product,Not worth the price.,2026-04-08
5182,9573,10859,207,5,Poor Quality,Great experience with this product.,2026-06-04
5183,9574,8458,312,5,Not Worth It,Very satisfied with the purchase.,2025-08-25
5184,9576,12179,43,3,Average Product,Works as intended.,2024-10-31
5185,9577,1403,334,5,Amazing Purchase,Loved the product. Highly recommended.,2025-09-21
5186,9578,15065,402,5,Excellent Product,Exactly as described.,2024-11-14
5187,9579,15267,443,3,Highly Recommended,Expected a little better.,2025-11-21
5188,9581,2781,381,2,Worth the Money,Will not recommend.,2026-04-25
5189,9582,5228,311,5,Excellent Product,Loved the product. Highly recommended.,2026-01-12
5190,9583,14919,286,3,Excellent Product,Product is okay.,2026-06-14
5191,9584,13172,383,3,Not Worth It,Works as intended.,2026-03-03
5192,9585,5750,488,2,Very Good,Bad packaging.,2026-05-01
5193,9587,6585,83,5,Highly Recommended,Loved the product. Highly recommended.,2024-08-06
5194,9588,9937,360,5,Excellent Product,Excellent quality and fast delivery.,2025-09-28
5195,9592,371,54,5,Very Good,Packaging was good and product is amazing.,2026-07-15
5196,9595,2715,230,3,Average Product,Average quality.,2026-06-11
5197,9596,14059,39,4,Very Good,Exactly as described.,2026-06-12
5198,9599,6209,176,3,Highly Recommended,Average quality.,2024-09-10
5199,9601,12549,15,3,Average Product,Delivery was on time.,2025-06-28
5200,9602,13000,371,1,Very Good,Received a defective item.,2024-12-09
5201,9603,14117,149,3,Highly Recommended,Delivery was on time.,2026-06-16
5202,9604,1521,214,3,Worth the Money,Average quality.,2026-04-06
5203,9605,9831,377,4,Not Worth It,Loved the product. Highly recommended.,2024-09-19
5204,9606,8664,340,5,Very Good,Excellent quality and fast delivery.,2026-03-21
5205,9608,11201,417,4,Amazing Purchase,Very satisfied with the purchase.,2026-05-13
5206,9609,18725,5,5,Very Good,Great experience with this product.,2026-05-30
5207,9610,1951,274,4,Worth the Money,Exactly as described.,2025-11-24
5208,9611,13707,158,5,Highly Recommended,Great experience with this product.,2025-02-19
5209,9612,3303,90,4,Not Worth It,Exactly as described.,2024-12-21
5210,9613,13026,124,5,Worth the Money,Very satisfied with the purchase.,2024-10-23
5211,9615,5206,63,5,Not Worth It,Value for money. Will buy again.,2025-08-24
5212,9616,13845,106,5,Excellent Product,Value for money. Will buy again.,2024-10-20
5213,9617,6777,136,3,Excellent Product,Average quality.,2025-09-23
5214,9621,5837,373,2,Average Product,Will not recommend.,2025-12-22
5215,9624,15223,5,3,Highly Recommended,Works as intended.,2025-01-01
5216,9626,7475,104,1,Worth the Money,Very disappointed.,2025-02-15
5217,9627,4628,361,5,Amazing Purchase,Exactly as described.,2025-02-17
5218,9636,975,350,1,Not Worth It,Not worth the price.,2026-04-25
5219,9637,6879,172,3,Could Be Better,Delivery was on time.,2025-01-22
5220,9638,5421,63,4,Very Good,Superb quality and easy to use.,2025-10-28
5221,9639,2400,205,4,Amazing Purchase,Great experience with this product.,2025-05-22
5222,9641,11186,193,3,Very Good,Delivery was on time.,2025-05-29
5223,9642,2519,491,4,Average Product,Very satisfied with the purchase.,2026-03-23
5224,9645,18339,314,4,Worth the Money,Excellent quality and fast delivery.,2024-12-17
5225,9646,6435,466,4,Excellent Product,Packaging was good and product is amazing.,2025-11-12
5226,9647,5200,260,2,Very Good,Bad packaging.,2025-06-25
5227,9648,18637,387,5,Average Product,Excellent quality and fast delivery.,2024-11-21
5228,9649,3139,486,5,Not Worth It,Packaging was good and product is amazing.,2025-12-03
5229,9650,10820,305,3,Not Worth It,Expected a little better.,2024-11-07
5230,9651,13064,117,5,Very Good,Exactly as described.,2025-08-26
5231,9654,14907,55,4,Could Be Better,Excellent quality and fast delivery.,2024-11-28
5232,9656,8447,111,2,Very Good,Bad packaging.,2025-07-07
5233,9659,16300,409,4,Worth the Money,Great experience with this product.,2024-10-31
5234,9660,15355,404,5,Excellent Product,Great experience with this product.,2026-06-17
5235,9661,18335,56,5,Worth the Money,Great experience with this product.,2025-05-16
5236,9666,11908,205,1,Amazing Purchase,Will not recommend.,2024-09-05
5237,9667,6933,272,1,Worth the Money,Stopped working after few days.,2025-10-13
5238,9669,18981,361,4,Could Be Better,Exactly as described.,2024-12-18
5239,9671,6927,146,3,Not Worth It,Expected a little better.,2026-01-07
5240,9672,18955,262,5,Average Product,Superb quality and easy to use.,2025-01-29
5241,9675,14352,234,4,Poor Quality,Superb quality and easy to use.,2026-01-29
5242,9676,7744,39,5,Highly Recommended,Very satisfied with the purchase.,2025-04-27
5243,9678,10822,279,5,Very Good,Packaging was good and product is amazing.,2026-06-19
5244,9679,19839,65,1,Excellent Product,Very disappointed.,2026-01-05
5245,9680,9063,445,4,Highly Recommended,Exactly as described.,2026-03-07
5246,9681,10611,247,4,Very Good,Value for money. Will buy again.,2026-04-20
5247,9683,4803,252,4,Could Be Better,Value for money. Will buy again.,2025-07-27
5248,9684,13770,411,2,Very Good,Not worth the price.,2026-02-20
5249,9689,14301,201,3,Very Good,Works as intended.,2024-10-06
5250,9690,1084,373,4,Excellent Product,Value for money. Will buy again.,2025-05-08
5251,9692,4922,67,4,Very Good,Great experience with this product.,2025-05-27
5252,9693,2862,279,4,Not Worth It,Exactly as described.,2025-09-07
5253,9695,1669,225,4,Poor Quality,Packaging was good and product is amazing.,2024-12-12
5254,9696,10431,38,4,Satisfied,Packaging was good and product is amazing.,2025-12-11
5255,9698,10592,148,5,Satisfied,Excellent quality and fast delivery.,2026-04-05
5256,9699,1606,396,5,Amazing Purchase,Great experience with this product.,2025-08-01
5257,9701,11345,415,4,Highly Recommended,Excellent quality and fast delivery.,2026-06-20
5258,9702,13025,136,4,Worth the Money,Exactly as described.,2026-03-11
5259,9703,4759,442,3,Could Be Better,Average quality.,2026-04-13
5260,9704,17612,98,5,Not Worth It,Packaging was good and product is amazing.,2026-03-31
5261,9705,18816,322,4,Average Product,Loved the product. Highly recommended.,2024-09-26
5262,9706,16608,317,4,Poor Quality,Loved the product. Highly recommended.,2025-01-27
5263,9708,12650,397,4,Average Product,Excellent quality and fast delivery.,2025-04-01
5264,9710,4358,198,5,Average Product,Great experience with this product.,2024-08-13
5265,9711,1963,496,3,Amazing Purchase,Average quality.,2025-11-19
5266,9712,3389,429,3,Satisfied,Works as intended.,2025-07-11
5267,9714,14916,158,5,Poor Quality,Value for money. Will buy again.,2026-03-17
5268,9717,12055,191,4,Not Worth It,Packaging was good and product is amazing.,2026-03-20
5269,9718,11103,328,5,Very Good,Excellent quality and fast delivery.,2026-07-26
5270,9720,18770,74,4,Very Good,Great experience with this product.,2026-04-12
5271,9721,2240,329,4,Excellent Product,Loved the product. Highly recommended.,2025-08-11
5272,9724,8895,123,5,Could Be Better,Excellent quality and fast delivery.,2024-11-27
5273,9725,13047,97,5,Not Worth It,Exactly as described.,2025-12-14
5274,9726,6978,475,5,Excellent Product,Excellent quality and fast delivery.,2026-06-13
5275,9727,11366,24,4,Satisfied,Exactly as described.,2025-10-27
5276,9728,15514,496,5,Not Worth It,Great experience with this product.,2025-06-08
5277,9729,5911,161,5,Satisfied,Exactly as described.,2025-10-05
5278,9730,15487,474,4,Not Worth It,Superb quality and easy to use.,2025-08-16
5279,9731,13688,495,4,Satisfied,Exactly as described.,2025-10-10
5280,9732,4691,70,3,Could Be Better,Delivery was on time.,2025-05-29
5281,9733,18922,429,4,Highly Recommended,Packaging was good and product is amazing.,2026-07-10
5282,9736,16282,396,3,Average Product,Delivery was on time.,2026-05-18
5283,9741,14493,99,3,Could Be Better,Product is okay.,2025-07-21
5284,9742,8269,121,3,Satisfied,Works as intended.,2025-10-03
5285,9743,7847,124,2,Worth the Money,Very disappointed.,2026-06-18
5286,9744,6670,282,5,Highly Recommended,Superb quality and easy to use.,2025-08-12
5287,9745,16339,112,5,Amazing Purchase,Excellent quality and fast delivery.,2026-05-25
5288,9747,18078,80,3,Worth the Money,Average quality.,2024-08-19
5289,9748,16496,264,3,Highly Recommended,Average quality.,2026-05-15
5290,9749,5174,432,3,Worth the Money,Works as intended.,2025-04-11
5291,9750,15328,141,5,Not Worth It,Loved the product. Highly recommended.,2025-07-04
5292,9753,14944,271,3,Worth the Money,Expected a little better.,2026-05-16
5293,9755,8323,178,3,Highly Recommended,Works as intended.,2025-12-20
5294,9756,19115,415,3,Average Product,Average quality.,2025-02-10
5295,9757,11644,316,5,Not Worth It,Very satisfied with the purchase.,2025-05-22
5296,9760,303,49,3,Very Good,Average quality.,2025-05-26
5297,9761,18348,56,4,Could Be Better,Exactly as described.,2024-09-06
5298,9763,2625,297,3,Highly Recommended,Product is okay.,2025-08-12
5299,9764,14440,242,4,Highly Recommended,Superb quality and easy to use.,2025-04-27
5300,9766,7325,194,5,Amazing Purchase,Value for money. Will buy again.,2025-04-28
5301,9770,9336,162,5,Could Be Better,Excellent quality and fast delivery.,2025-06-03
5302,9771,18586,1,2,Excellent Product,Will not recommend.,2026-07-02
5303,9772,9410,323,3,Excellent Product,Average quality.,2025-06-26
5304,9773,9844,72,5,Highly Recommended,Exactly as described.,2025-10-07
5305,9776,10095,495,3,Satisfied,Average quality.,2025-03-16
5306,9777,2524,190,4,Excellent Product,Great experience with this product.,2025-03-11
5307,9778,341,336,4,Very Good,Exactly as described.,2026-02-08
5308,9782,14344,313,3,Worth the Money,Works as intended.,2025-10-15
5309,9783,15542,69,1,Not Worth It,Not worth the price.,2024-12-07
5310,9784,17760,32,5,Poor Quality,Exactly as described.,2024-08-05
5311,9785,15301,404,4,Excellent Product,Very satisfied with the purchase.,2025-09-10
5312,9788,11788,349,4,Amazing Purchase,Superb quality and easy to use.,2025-10-22
5313,9789,9589,198,5,Worth the Money,Exactly as described.,2025-01-18
5314,9790,18447,12,5,Highly Recommended,Very satisfied with the purchase.,2024-09-27
5315,9791,4702,215,3,Excellent Product,Works as intended.,2025-10-19
5316,9792,13973,124,4,Excellent Product,Exactly as described.,2024-12-28
5317,9795,3254,115,1,Amazing Purchase,Received a defective item.,2024-08-04
5318,9796,5995,387,4,Not Worth It,Great experience with this product.,2024-12-16
5319,9798,9885,483,4,Not Worth It,Excellent quality and fast delivery.,2026-02-18
5320,9799,14116,437,5,Not Worth It,Loved the product. Highly recommended.,2024-11-09
5321,9800,17284,101,4,Could Be Better,Great experience with this product.,2025-11-25
5322,9801,15291,65,5,Worth the Money,Exactly as described.,2025-02-16
5323,9803,18070,322,4,Poor Quality,Exactly as described.,2026-01-02
5324,9807,3483,312,2,Satisfied,Very disappointed.,2024-09-24
5325,9809,15456,477,5,Average Product,Packaging was good and product is amazing.,2025-05-18
5326,9815,14247,170,2,Very Good,Very disappointed.,2025-07-08
5327,9816,492,472,5,Could Be Better,Loved the product. Highly recommended.,2026-06-30
5328,9821,10970,95,1,Excellent Product,Stopped working after few days.,2025-08-27
5329,9822,2132,193,3,Worth the Money,Average quality.,2026-05-13
5330,9823,3206,71,3,Average Product,Average quality.,2025-11-05
5331,9825,1551,22,5,Could Be Better,Great experience with this product.,2024-10-12
5332,9827,11015,228,3,Excellent Product,Delivery was on time.,2025-01-17
5333,9828,9409,458,4,Not Worth It,Packaging was good and product is amazing.,2024-11-22
5334,9831,1613,283,3,Not Worth It,Works as intended.,2025-08-20
5335,9832,11138,199,4,Satisfied,Very satisfied with the purchase.,2024-10-12
5336,9834,1996,448,5,Highly Recommended,Packaging was good and product is amazing.,2024-09-06
5337,9836,2784,272,3,Not Worth It,Works as intended.,2025-08-10
5338,9845,18189,407,4,Worth the Money,Loved the product. Highly recommended.,2026-06-02
5339,9848,4209,438,3,Worth the Money,Works as intended.,2025-07-02
5340,9849,8243,63,4,Average Product,Superb quality and easy to use.,2026-04-13
5341,9850,1636,24,5,Very Good,Great experience with this product.,2025-08-04
5342,9853,16654,62,4,Very Good,Great experience with this product.,2024-08-08
5343,9855,13333,384,5,Very Good,Loved the product. Highly recommended.,2025-10-25
5344,9858,4438,117,4,Could Be Better,Great experience with this product.,2026-02-11
5345,9859,8144,274,3,Could Be Better,Works as intended.,2024-08-02
5346,9860,12933,338,3,Could Be Better,Works as intended.,2025-10-16
5347,9863,5894,77,5,Average Product,Loved the product. Highly recommended.,2026-02-19
5348,9864,532,338,3,Amazing Purchase,Product is okay.,2026-02-13
5349,9865,19270,235,4,Satisfied,Superb quality and easy to use.,2025-07-28
5350,9866,10442,369,2,Satisfied,Will not recommend.,2025-12-29
5351,9871,4024,69,3,Average Product,Delivery was on time.,2026-03-27
5352,9872,4891,52,4,Excellent Product,Loved the product. Highly recommended.,2024-08-19
5353,9873,19157,129,5,Average Product,Great experience with this product.,2025-04-23
5354,9875,18051,406,4,Very Good,Very satisfied with the purchase.,2026-07-05
5355,9876,14804,356,3,Excellent Product,Delivery was on time.,2025-12-12
5356,9880,17274,247,5,Poor Quality,Excellent quality and fast delivery.,2025-09-18
5357,9881,12948,51,5,Could Be Better,Loved the product. Highly recommended.,2025-09-23
5358,9883,8334,352,5,Not Worth It,Great experience with this product.,2024-11-07
5359,9885,1763,97,2,Could Be Better,Not worth the price.,2025-06-22
5360,9887,10253,412,5,Amazing Purchase,Packaging was good and product is amazing.,2025-08-13
5361,9890,17535,333,3,Amazing Purchase,Works as intended.,2026-06-03
5362,9891,1360,83,5,Average Product,Great experience with this product.,2025-04-18
5363,9892,8377,349,1,Poor Quality,Will not recommend.,2025-07-12
5364,9893,6040,385,4,Not Worth It,Value for money. Will buy again.,2025-03-09
5365,9897,14825,33,5,Not Worth It,Value for money. Will buy again.,2024-12-14
5366,9901,816,121,5,Average Product,Packaging was good and product is amazing.,2026-06-12
5367,9904,4124,326,5,Excellent Product,Great experience with this product.,2025-12-18
5368,9905,18327,405,4,Worth the Money,Excellent quality and fast delivery.,2024-10-12
5369,9906,16694,15,1,Could Be Better,Received a defective item.,2026-04-17
5370,9907,1273,432,2,Satisfied,Bad packaging.,2025-08-13
5371,9910,3115,174,2,Amazing Purchase,Very disappointed.,2025-03-12
5372,9916,17390,222,4,Worth the Money,Superb quality and easy to use.,2025-01-16
5373,9917,15725,294,5,Worth the Money,Loved the product. Highly recommended.,2025-03-04
5374,9918,14373,63,5,Very Good,Packaging was good and product is amazing.,2026-04-21
5375,9920,17750,327,5,Not Worth It,Value for money. Will buy again.,2025-03-13
5376,9924,7505,272,4,Very Good,Packaging was good and product is amazing.,2025-12-11
5377,9925,7120,430,2,Highly Recommended,Poor quality product.,2025-09-26
5378,9928,11314,184,5,Highly Recommended,Exactly as described.,2024-11-11
5379,9929,6011,63,5,Amazing Purchase,Loved the product. Highly recommended.,2026-03-07
5380,9933,13994,294,5,Very Good,Very satisfied with the purchase.,2024-08-21
5381,9934,2499,285,4,Poor Quality,Value for money. Will buy again.,2024-08-08
5382,9939,4433,444,3,Satisfied,Works as intended.,2025-05-15
5383,9944,8698,265,5,Poor Quality,Value for money. Will buy again.,2026-01-09
5384,9946,3153,271,4,Excellent Product,Very satisfied with the purchase.,2024-07-26
5385,9947,15551,458,5,Satisfied,Very satisfied with the purchase.,2026-06-02
5386,9948,5559,436,5,Amazing Purchase,Loved the product. Highly recommended.,2024-09-15
5387,9949,1397,147,1,Not Worth It,Bad packaging.,2025-08-18
5388,9950,19448,359,4,Average Product,Value for money. Will buy again.,2025-11-26
5389,9954,1307,29,5,Excellent Product,Superb quality and easy to use.,2025-01-09
5390,9956,1140,293,5,Worth the Money,Exactly as described.,2025-05-01
5391,9959,3225,120,5,Worth the Money,Loved the product. Highly recommended.,2026-03-01
5392,9960,6508,153,5,Highly Recommended,Very satisfied with the purchase.,2025-12-28
5393,9964,4018,135,4,Amazing Purchase,Loved the product. Highly recommended.,2025-07-25
5394,9967,4169,251,4,Excellent Product,Exactly as described.,2025-07-30
5395,9969,17455,30,5,Average Product,Value for money. Will buy again.,2026-07-18
5396,9970,14952,308,4,Amazing Purchase,Loved the product. Highly recommended.,2025-06-29
5397,9973,9507,237,5,Amazing Purchase,Packaging was good and product is amazing.,2025-06-01
5398,9974,16670,46,3,Worth the Money,Average quality.,2024-12-19
5399,9975,5467,98,2,Excellent Product,Stopped working after few days.,2024-08-04
5400,9978,11831,424,5,Poor Quality,Excellent quality and fast delivery.,2025-12-19
5401,9980,8267,248,5,Amazing Purchase,Great experience with this product.,2024-12-13
5402,9981,8491,376,5,Could Be Better,Packaging was good and product is amazing.,2024-12-30
5403,9983,7042,461,3,Worth the Money,Average quality.,2024-08-25
5404,9985,6437,450,5,Average Product,Excellent quality and fast delivery.,2025-08-22
5405,9986,12997,368,4,Very Good,Superb quality and easy to use.,2024-11-23
5406,9989,4020,193,4,Highly Recommended,Exactly as described.,2024-08-03
5407,9990,12075,71,5,Average Product,Loved the product. Highly recommended.,2024-10-04
5408,9991,2177,429,4,Could Be Better,Loved the product. Highly recommended.,2026-03-25
5409,9992,18016,438,4,Poor Quality,Very satisfied with the purchase.,2024-08-17
5410,9993,2345,413,3,Amazing Purchase,Average quality.,2025-09-29
5411,9995,15171,244,5,Highly Recommended,Exactly as described.,2025-11-18
5412,9999,15840,444,1,Very Good,Will not recommend.,2026-04-26
